comparison_type,iteration,mean_proba_diff,pooled_sd,norm_proba_diff,discrepancy_ratio,pearson_r,spearman_r,ccc,icc,mean_proba_diff_test,pooled_sd_test,norm_proba_diff_test,discrepancy_ratio_test,pearson_r_test,spearman_r_test,ccc_test,icc_test
within,0,0.026769006041537747,0.10020784625617361,0.2671348306708923,0.08,0.9383613485370963,0.887902197554939,0.9300693536727893,0.9350584587251024,0.05519816645952452,0.09558008279485888,0.577506995657191,0.175,0.7295765873090592,0.565116627915698,0.6459269977316253,0.6506161794349973
within,1,0.025089559258340013,0.10129756524598131,0.24768176014314786,0.08,0.9509232306174871,0.8979944498612468,0.9439389588285177,0.9489229541912624,0.047107522486021194,0.08111535328936853,0.5807473009205939,0.21,0.640949262711064,0.5378774469361736,0.6326254480719554,0.6371818818696896
within,2,0.026769006041537754,0.10020784625617359,0.26713483067089244,0.08,0.9383613485370961,0.887902197554939,0.9300693536727896,0.9350584587251023,0.04374578566102203,0.08519105881766129,0.513502077191614,0.195,0.7462929214645864,0.6718847971199281,0.7300094012131392,0.7348157639063956
within,3,0.02744328312425007,0.07991117773138408,0.343422333437492,0.065,0.8951639124863756,0.8142128553213832,0.8895428805691644,0.8944855663037538,0.045605642715465376,0.07652206003992912,0.5959803315758673,0.17,0.6430796722942003,0.5745113627840697,0.587818675762949,0.5917958396322042
within,4,0.022443323670887826,0.08480755079451929,0.26463827171787907,0.05,0.9376251913143113,0.8939353483837097,0.93274731709027,0.937737365965612,0.04963318946412561,0.086466949508329,0.5740134206925462,0.205,0.6858085039625301,0.5551068776719419,0.6423638023325017,0.6469324961479682
within,5,0.022443323670887826,0.08480755079451928,0.26463827171787907,0.05,0.9376251913143111,0.8939353483837097,0.9327473170902701,0.9377373659656117,0.04140023754359601,0.07296013765225626,0.5674363957606339,0.12,0.6911453638150314,0.6098297457436436,0.6482917986052145,0.6525936747965944
within,6,0.022443323670887826,0.08480755079451929,0.26463827171787907,0.05,0.9376251913143112,0.8939353483837097,0.9327473170902699,0.9377373659656117,0.041400237543596,0.07296013765225626,0.5674363957606338,0.12,0.6911453638150313,0.6098297457436436,0.6482917986052145,0.6525936747965944
within,7,0.024802350579530303,0.08459408444017968,0.29319249382111545,0.06,0.9382452074894033,0.8643291082277058,0.9215512266316293,0.92640643600498,0.04924716053277334,0.0805702669020873,0.6112324363107889,0.23,0.6232336803639269,0.5453281332033302,0.611267090309126,0.6151911549908909
within,8,0.02744328312425007,0.07991117773138408,0.343422333437492,0.065,0.895163912486376,0.8142128553213832,0.8895428805691646,0.8944855663037538,0.045605642715465376,0.07652206003992912,0.5959803315758673,0.17,0.6430796722942003,0.5745113627840697,0.5878186757629491,0.5917958396322042
within,9,0.024802350579530282,0.08459408444017967,0.2931924938211153,0.06,0.9382452074894034,0.8643291082277058,0.9215512266316295,0.92640643600498,0.04803897987427692,0.08108279510894364,0.5924682271958098,0.135,0.7297952095208197,0.647134178354459,0.6426168950746909,0.6462415083293568
within,10,0.02530723547815998,0.10290797964209066,0.24592102153960668,0.1,0.9538803967702494,0.8641251031275783,0.944413432886678,0.9493304221559877,0.04829615849334477,0.0806012120628936,0.5991989109997377,0.235,0.6449301238642744,0.5613125328133204,0.6315097129692079,0.6352209091006632
within,11,0.026769006041537754,0.1002078462561736,0.2671348306708924,0.08,0.938361348537096,0.887902197554939,0.9300693536727895,0.9350584587251024,0.043745785661022045,0.0851910588176613,0.513502077191614,0.195,0.7462929214645861,0.6718847971199281,0.7300094012131388,0.7348157639063954
within,12,0.02744328312425007,0.07991117773138408,0.343422333437492,0.065,0.8951639124863755,0.8142128553213832,0.8895428805691644,0.8944855663037538,0.045605642715465376,0.07652206003992912,0.5959803315758673,0.17,0.6430796722942003,0.5745113627840697,0.587818675762949,0.5917958396322044
within,13,0.02530723547815998,0.10290797964209066,0.24592102153960668,0.1,0.9538803967702494,0.8641251031275783,0.944413432886678,0.9493304221559877,0.04829615849334477,0.0806012120628936,0.5991989109997377,0.235,0.6449301238642743,0.5613125328133204,0.6315097129692079,0.6352209091006632
within,14,0.027119525544071422,0.1085819839774927,0.24976082173717568,0.055,0.9494840578931816,0.8923858096452413,0.9438761859156344,0.9488695313240885,0.050695064129301956,0.08532577281591337,0.5941354230529425,0.21,0.6689555494087895,0.5881092027300684,0.6461734412757185,0.6508076175066178
within,15,0.025307235478159988,0.10290797964209066,0.24592102153960674,0.1,0.9538803967702494,0.8641251031275783,0.944413432886678,0.9493304221559877,0.04829615849334478,0.0806012120628936,0.5991989109997379,0.235,0.6449301238642743,0.5613125328133204,0.6315097129692078,0.6352209091006632
within,16,0.027571684578249777,0.11433875408251855,0.2411403272625415,0.04,0.9496906160501934,0.8944783619590491,0.9397125345865719,0.9447035709295889,0.04770478206249509,0.08910054554951759,0.5354039278691417,0.21,0.7432779701151182,0.6621930548263707,0.7144326149901863,0.7190027714129291
within,17,0.026769006041537757,0.1002078462561736,0.26713483067089244,0.08,0.9383613485370962,0.887902197554939,0.9300693536727893,0.9350584587251024,0.04374578566102204,0.0851910588176613,0.513502077191614,0.195,0.7462929214645865,0.6718847971199281,0.7300094012131392,0.7348157639063956
within,18,0.023547128887282828,0.10127303815600035,0.23251133091327802,0.06,0.9612297505549896,0.9228980724518114,0.9468256550856414,0.9517744501008217,0.04606571269023451,0.07824787792288689,0.5887151691913252,0.15,0.7181767663296491,0.6055261381534539,0.6451381933879149,0.6484814245862877
within,19,0.026769006041537757,0.10020784625617361,0.2671348306708924,0.08,0.9383613485370962,0.887902197554939,0.9300693536727893,0.9350584587251024,0.04374578566102204,0.0851910588176613,0.513502077191614,0.195,0.7462929214645861,0.6718847971199281,0.7300094012131391,0.7348157639063954
within,20,0.027571684578249763,0.11433875408251855,0.2411403272625414,0.04,0.9496906160501934,0.8944783619590491,0.9397125345865719,0.9447035709295889,0.04770478206249507,0.08910054554951759,0.5354039278691415,0.21,0.7432779701151182,0.6621930548263707,0.7144326149901863,0.7190027714129292
within,21,0.024802350579530296,0.08459408444017968,0.2931924938211154,0.06,0.9382452074894033,0.8643291082277058,0.9215512266316293,0.92640643600498,0.04803897987427692,0.08108279510894364,0.5924682271958098,0.135,0.7297952095208194,0.647134178354459,0.6426168950746909,0.6462415083293568
within,22,0.025307235478159988,0.10290797964209064,0.24592102153960677,0.1,0.9538803967702496,0.8641251031275783,0.9444134328866782,0.9493304221559877,0.05779690696290885,0.09334538381492764,0.619172631798275,0.21,0.678441241352313,0.5449876246906173,0.6094484296783185,0.6140704284902262
within,23,0.02530723547815998,0.10290797964209066,0.24592102153960668,0.1,0.9538803967702496,0.8641251031275783,0.944413432886678,0.9493304221559877,0.05779690696290886,0.09334538381492764,0.6191726317982751,0.21,0.6784412413523131,0.5449876246906173,0.6094484296783186,0.6140704284902263
within,24,0.027119525544071422,0.1085819839774927,0.24976082173717568,0.055,0.9494840578931816,0.8923858096452413,0.9438761859156344,0.9488695313240885,0.050695064129301956,0.08532577281591337,0.5941354230529425,0.21,0.6689555494087894,0.5881092027300684,0.6461734412757185,0.6508076175066178
within,25,0.02354712888728282,0.10127303815600036,0.2325113309132779,0.06,0.9612297505549896,0.9228980724518114,0.9468256550856415,0.9517744501008217,0.04447106677750352,0.08398011104581414,0.5295428432244269,0.21,0.7268336382668714,0.6577394434860873,0.7140170193764535,0.7188145822798897
within,26,0.023308049583560985,0.10181054321337404,0.22893551932742454,0.055,0.9556030899887691,0.8929588239705994,0.9504687746571587,0.9554557823932469,0.044331904458035074,0.08520668978056639,0.5202866649579212,0.17,0.7308142489843013,0.6319942998574966,0.7057862897302122,0.7104167719432709
within,27,0.02354712888728282,0.10127303815600036,0.2325113309132779,0.06,0.9612297505549897,0.9228980724518114,0.9468256550856411,0.9517744501008217,0.04606571269023451,0.07824787792288689,0.5887151691913252,0.15,0.718176766329649,0.6055261381534539,0.6451381933879149,0.6484814245862875
within,28,0.027571684578249767,0.11433875408251855,0.24114032726254142,0.04,0.9496906160501934,0.8944783619590491,0.939712534586572,0.9447035709295889,0.04853145217370731,0.08503169864499567,0.570745415498806,0.18,0.6954646247729451,0.5960759018975476,0.6744966127347837,0.6784058781551582
within,29,0.025089559258340017,0.10129756524598132,0.24768176014314786,0.08,0.9509232306174871,0.8979944498612468,0.9439389588285175,0.9489229541912624,0.0544703820853738,0.09274353882642088,0.5873226617686086,0.21,0.7183105249644962,0.5606060151503788,0.6471146739631377,0.6516279602177116
within,30,0.024802350579530282,0.08459408444017967,0.2931924938211153,0.06,0.9382452074894035,0.8643291082277058,0.9215512266316294,0.92640643600498,0.04803897987427691,0.08108279510894364,0.5924682271958097,0.135,0.7297952095208196,0.647134178354459,0.6426168950746907,0.6462415083293567
within,31,0.02711952554407143,0.1085819839774927,0.24976082173717576,0.055,0.9494840578931816,0.8923858096452413,0.9438761859156344,0.9488695313240885,0.050736553136006626,0.08596941655591686,0.5901697972209243,0.205,0.6661957820904211,0.5936728418210456,0.6450197734751735,0.6491831377584328
within,32,0.025307235478159988,0.10290797964209066,0.24592102153960674,0.1,0.9538803967702495,0.8641251031275783,0.944413432886678,0.9493304221559877,0.05779690696290886,0.09334538381492764,0.6191726317982751,0.21,0.678441241352313,0.5449876246906173,0.6094484296783187,0.6140704284902264
within,33,0.025089559258340013,0.10129756524598132,0.24768176014314783,0.08,0.9509232306174871,0.8979944498612468,0.9439389588285177,0.9489229541912624,0.0544703820853738,0.09274353882642086,0.5873226617686086,0.21,0.7183105249644962,0.5606060151503788,0.6471146739631378,0.6516279602177116
within,34,0.027119525544071425,0.1085819839774927,0.2497608217371757,0.055,0.9494840578931816,0.8923858096452413,0.9438761859156344,0.9488695313240885,0.050736553136006626,0.08596941655591686,0.5901697972209243,0.205,0.666195782090421,0.5936728418210456,0.6450197734751733,0.6491831377584326
within,35,0.024802350579530296,0.08459408444017968,0.2931924938211154,0.06,0.9382452074894034,0.8643291082277058,0.9215512266316293,0.92640643600498,0.04924716053277333,0.08057026690208731,0.6112324363107887,0.23,0.6232336803639269,0.5453281332033302,0.611267090309126,0.615191154990891
within,36,0.022443323670887826,0.08480755079451929,0.26463827171787907,0.05,0.9376251913143111,0.8939353483837097,0.9327473170902699,0.937737365965612,0.041400237543596,0.07296013765225626,0.5674363957606338,0.12,0.6911453638150316,0.6098297457436436,0.6482917986052145,0.6525936747965944
within,37,0.027119525544071425,0.1085819839774927,0.2497608217371757,0.055,0.9494840578931816,0.8923858096452413,0.9438761859156345,0.9488695313240885,0.050736553136006605,0.08596941655591686,0.5901697972209241,0.205,0.6661957820904209,0.5936728418210456,0.6450197734751734,0.6491831377584325
within,38,0.023308049583560978,0.10181054321337404,0.22893551932742448,0.055,0.955603089988769,0.8929588239705994,0.9504687746571587,0.9554557823932469,0.044331904458035074,0.08520668978056639,0.5202866649579212,0.17,0.7308142489843011,0.6319942998574966,0.7057862897302123,0.710416771943271
within,39,0.023547128887282817,0.10127303815600036,0.23251133091327789,0.06,0.9612297505549896,0.9228980724518114,0.9468256550856413,0.9517744501008217,0.0460657126902345,0.07824787792288689,0.588715169191325,0.15,0.718176766329649,0.6055261381534539,0.6451381933879149,0.6484814245862877
within,40,0.022443323670887826,0.08480755079451928,0.26463827171787907,0.05,0.9376251913143112,0.8939353483837097,0.9327473170902704,0.9377373659656117,0.04140023754359601,0.07296013765225626,0.5674363957606339,0.12,0.6911453638150313,0.6098297457436436,0.6482917986052144,0.6525936747965944
within,41,0.02711952554407143,0.1085819839774927,0.24976082173717576,0.055,0.9494840578931816,0.8923858096452413,0.9438761859156344,0.9488695313240885,0.050695064129301956,0.08532577281591336,0.5941354230529426,0.21,0.6689555494087894,0.5881092027300684,0.6461734412757185,0.6508076175066178
within,42,0.027443283124250067,0.07991117773138408,0.343422333437492,0.065,0.895163912486376,0.8142128553213832,0.8895428805691644,0.8944855663037539,0.04711240247031391,0.0806466556879825,0.5841829654113522,0.2,0.6269337723288704,0.541371034275857,0.6199055025277062,0.6245474719053691
within,43,0.02508955925834001,0.10129756524598131,0.24768176014314783,0.08,0.9509232306174871,0.8979944498612468,0.9439389588285179,0.9489229541912624,0.0544703820853738,0.09274353882642086,0.5873226617686086,0.21,0.7183105249644961,0.5606060151503788,0.6471146739631378,0.6516279602177116
within,44,0.02354712888728282,0.10127303815600036,0.2325113309132779,0.06,0.9612297505549897,0.9228980724518114,0.9468256550856411,0.9517744501008217,0.04447106677750351,0.08398011104581414,0.5295428432244268,0.21,0.7268336382668716,0.6577394434860873,0.7140170193764536,0.7188145822798897
within,45,0.02330804958356098,0.10181054321337404,0.2289355193274245,0.055,0.9556030899887692,0.8929588239705994,0.9504687746571588,0.9554557823932469,0.049257636345160324,0.08979003808437552,0.5485868744021806,0.21,0.7330537820333496,0.6580199504987626,0.7028609640056187,0.7075085533563205
within,46,0.023547128887282828,0.10127303815600036,0.232511330913278,0.06,0.9612297505549896,0.9228980724518114,0.9468256550856411,0.9517744501008217,0.0460657126902345,0.07824787792288687,0.5887151691913252,0.15,0.718176766329649,0.6055261381534539,0.645138193387915,0.6484814245862875
within,47,0.027571684578249763,0.11433875408251855,0.2411403272625414,0.04,0.9496906160501934,0.8944783619590491,0.9397125345865719,0.9447035709295889,0.048531452173707315,0.08503169864499567,0.570745415498806,0.18,0.6954646247729452,0.5960759018975476,0.6744966127347835,0.6784058781551581
within,48,0.026769006041537747,0.1002078462561736,0.26713483067089233,0.08,0.9383613485370961,0.887902197554939,0.9300693536727893,0.9350584587251024,0.05519816645952452,0.09558008279485888,0.577506995657191,0.175,0.7295765873090592,0.565116627915698,0.6459269977316254,0.6506161794349974
within,49,0.02530723547815999,0.10290797964209066,0.24592102153960677,0.1,0.9538803967702496,0.8641251031275783,0.944413432886678,0.9493304221559877,0.04829615849334479,0.0806012120628936,0.599198910999738,0.235,0.6449301238642741,0.5613125328133204,0.6315097129692077,0.6352209091006632
within,50,0.023547128887282828,0.10127303815600036,0.232511330913278,0.06,0.9612297505549896,0.9228980724518114,0.9468256550856413,0.9517744501008217,0.04606571269023451,0.07824787792288689,0.5887151691913252,0.15,0.718176766329649,0.6055261381534539,0.645138193387915,0.6484814245862877
within,51,0.022443323670887833,0.08480755079451929,0.2646382717178791,0.05,0.9376251913143112,0.8939353483837097,0.9327473170902699,0.9377373659656117,0.04140023754359601,0.07296013765225626,0.5674363957606339,0.12,0.6911453638150313,0.6098297457436436,0.6482917986052144,0.6525936747965944
within,52,0.027571684578249763,0.11433875408251855,0.2411403272625414,0.04,0.9496906160501934,0.8944783619590491,0.9397125345865719,0.9447035709295889,0.0485314521737073,0.08503169864499567,0.5707454154988059,0.18,0.6954646247729454,0.5960759018975476,0.6744966127347837,0.6784058781551582
within,53,0.02744328312425008,0.07991117773138408,0.3434223334374922,0.065,0.8951639124863757,0.8142128553213832,0.8895428805691644,0.8944855663037539,0.047112402470313924,0.0806466556879825,0.5841829654113524,0.2,0.6269337723288703,0.541371034275857,0.6199055025277059,0.6245474719053687
within,54,0.025089559258340017,0.10129756524598132,0.24768176014314786,0.08,0.9509232306174868,0.8979944498612468,0.9439389588285175,0.9489229541912624,0.0544703820853738,0.09274353882642086,0.5873226617686086,0.21,0.7183105249644963,0.5606060151503788,0.6471146739631378,0.6516279602177116
within,55,0.02744328312425007,0.07991117773138408,0.343422333437492,0.065,0.8951639124863757,0.8142128553213832,0.8895428805691646,0.8944855663037539,0.047112402470313924,0.0806466556879825,0.5841829654113524,0.2,0.6269337723288703,0.541371034275857,0.6199055025277059,0.624547471905369
within,56,0.025089559258340017,0.10129756524598132,0.24768176014314786,0.08,0.9509232306174871,0.8979944498612468,0.9439389588285177,0.9489229541912624,0.0544703820853738,0.09274353882642085,0.5873226617686087,0.21,0.7183105249644963,0.5606060151503788,0.6471146739631379,0.6516279602177116
within,57,0.02330804958356098,0.10181054321337403,0.22893551932742454,0.055,0.955603089988769,0.8929588239705994,0.9504687746571591,0.9554557823932469,0.049257636345160324,0.08979003808437552,0.5485868744021806,0.21,0.7330537820333495,0.6580199504987626,0.7028609640056189,0.7075085533563205
within,58,0.02530723547815998,0.10290797964209066,0.24592102153960668,0.1,0.9538803967702495,0.8641251031275783,0.944413432886678,0.9493304221559877,0.05779690696290886,0.09334538381492764,0.6191726317982751,0.21,0.6784412413523131,0.5449876246906173,0.6094484296783187,0.6140704284902263
within,59,0.026769006041537747,0.1002078462561736,0.26713483067089233,0.08,0.9383613485370961,0.887902197554939,0.9300693536727895,0.9350584587251024,0.05519816645952451,0.09558008279485888,0.5775069956571908,0.175,0.7295765873090593,0.565116627915698,0.6459269977316253,0.6506161794349974
within,60,0.02711952554407143,0.1085819839774927,0.24976082173717576,0.055,0.9494840578931816,0.8923858096452413,0.9438761859156345,0.9488695313240885,0.05069506412930194,0.08532577281591337,0.5941354230529424,0.21,0.6689555494087894,0.5881092027300684,0.6461734412757186,0.6508076175066178
within,61,0.027443283124250054,0.07991117773138408,0.3434223334374918,0.065,0.8951639124863757,0.8142128553213832,0.8895428805691645,0.8944855663037538,0.047112402470313924,0.0806466556879825,0.5841829654113524,0.2,0.6269337723288705,0.541371034275857,0.6199055025277062,0.6245474719053691
within,62,0.027119525544071436,0.1085819839774927,0.24976082173717581,0.055,0.9494840578931816,0.8923858096452413,0.9438761859156346,0.9488695313240885,0.050736553136006626,0.08596941655591686,0.5901697972209243,0.205,0.666195782090421,0.5936728418210456,0.6450197734751731,0.6491831377584326
within,63,0.02354712888728282,0.10127303815600036,0.2325113309132779,0.06,0.9612297505549896,0.9228980724518114,0.9468256550856411,0.9517744501008217,0.044471066777503516,0.08398011104581413,0.5295428432244269,0.21,0.7268336382668716,0.6577394434860873,0.7140170193764537,0.7188145822798897
within,64,0.025307235478159988,0.10290797964209066,0.24592102153960674,0.1,0.9538803967702496,0.8641251031275783,0.944413432886678,0.9493304221559877,0.05779690696290886,0.09334538381492764,0.6191726317982751,0.21,0.6784412413523129,0.5449876246906173,0.6094484296783185,0.6140704284902262
within,65,0.02711952554407142,0.1085819839774927,0.24976082173717565,0.055,0.9494840578931818,0.8923858096452413,0.9438761859156344,0.9488695313240885,0.05073655313600663,0.08596941655591686,0.5901697972209243,0.205,0.666195782090421,0.5936728418210456,0.6450197734751733,0.6491831377584326
within,66,0.026769006041537768,0.1002078462561736,0.26713483067089255,0.08,0.9383613485370962,0.887902197554939,0.9300693536727895,0.9350584587251024,0.05519816645952453,0.09558008279485888,0.577506995657191,0.175,0.729576587309059,0.565116627915698,0.6459269977316254,0.6506161794349973
within,67,0.02744328312425006,0.07991117773138408,0.3434223334374919,0.065,0.8951639124863757,0.8142128553213832,0.8895428805691646,0.8944855663037539,0.045605642715465376,0.07652206003992912,0.5959803315758673,0.17,0.6430796722942004,0.5745113627840697,0.587818675762949,0.5917958396322042
within,68,0.026769006041537754,0.1002078462561736,0.2671348306708924,0.08,0.9383613485370962,0.887902197554939,0.9300693536727895,0.9350584587251024,0.043745785661022045,0.08519105881766129,0.5135020771916141,0.195,0.7462929214645864,0.6718847971199281,0.7300094012131393,0.7348157639063954
within,69,0.02330804958356097,0.10181054321337404,0.2289355193274244,0.055,0.9556030899887693,0.8929588239705994,0.9504687746571587,0.9554557823932469,0.044331904458035074,0.08520668978056639,0.5202866649579212,0.17,0.7308142489843015,0.6319942998574966,0.7057862897302123,0.7104167719432712
within,70,0.025089559258340013,0.10129756524598132,0.24768176014314783,0.08,0.9509232306174871,0.8979944498612468,0.9439389588285177,0.9489229541912624,0.047107522486021194,0.08111535328936854,0.5807473009205938,0.21,0.640949262711064,0.5378774469361736,0.6326254480719552,0.6371818818696898
within,71,0.027571684578249763,0.11433875408251855,0.2411403272625414,0.04,0.9496906160501937,0.8944783619590491,0.9397125345865719,0.9447035709295889,0.04853145217370733,0.08503169864499567,0.5707454154988062,0.18,0.6954646247729451,0.5960759018975476,0.6744966127347836,0.6784058781551582
within,72,0.02354712888728283,0.10127303815600036,0.23251133091327802,0.06,0.9612297505549896,0.9228980724518114,0.9468256550856413,0.9517744501008217,0.0460657126902345,0.07824787792288689,0.588715169191325,0.15,0.7181767663296491,0.6055261381534539,0.645138193387915,0.648481424586288
within,73,0.02744328312425007,0.07991117773138408,0.343422333437492,0.065,0.8951639124863756,0.8142128553213832,0.8895428805691644,0.8944855663037538,0.045605642715465355,0.07652206003992912,0.5959803315758669,0.17,0.6430796722942004,0.5745113627840697,0.5878186757629491,0.5917958396322044
within,74,0.024802350579530296,0.08459408444017967,0.29319249382111545,0.06,0.9382452074894034,0.8643291082277058,0.9215512266316294,0.92640643600498,0.04924716053277334,0.08057026690208731,0.6112324363107888,0.23,0.6232336803639269,0.5453281332033302,0.611267090309126,0.615191154990891
within,75,0.023308049583560968,0.10181054321337404,0.22893551932742437,0.055,0.9556030899887689,0.8929588239705994,0.9504687746571587,0.9554557823932469,0.044331904458035074,0.08520668978056639,0.5202866649579212,0.17,0.7308142489843013,0.6319942998574966,0.7057862897302121,0.7104167719432709
within,76,0.025089559258340013,0.10129756524598132,0.24768176014314783,0.08,0.9509232306174873,0.8979944498612468,0.9439389588285177,0.9489229541912624,0.0544703820853738,0.09274353882642085,0.5873226617686087,0.21,0.718310524964496,0.5606060151503788,0.6471146739631379,0.6516279602177116
within,77,0.02330804958356099,0.10181054321337404,0.22893551932742456,0.055,0.9556030899887691,0.8929588239705994,0.9504687746571587,0.9554557823932469,0.044331904458035074,0.08520668978056639,0.5202866649579212,0.17,0.7308142489843013,0.6319942998574966,0.7057862897302124,0.7104167719432709
within,78,0.027119525544071436,0.1085819839774927,0.24976082173717581,0.055,0.9494840578931815,0.8923858096452413,0.9438761859156345,0.9488695313240885,0.050695064129301956,0.08532577281591339,0.5941354230529424,0.21,0.6689555494087895,0.5881092027300684,0.6461734412757186,0.6508076175066179
within,79,0.025089559258340027,0.10129756524598132,0.24768176014314797,0.08,0.9509232306174871,0.8979944498612468,0.9439389588285177,0.9489229541912624,0.04710752248602119,0.08111535328936853,0.5807473009205938,0.21,0.640949262711064,0.5378774469361736,0.6326254480719554,0.6371818818696897
within,80,0.02744328312425007,0.07991117773138408,0.343422333437492,0.065,0.8951639124863756,0.8142128553213832,0.8895428805691645,0.8944855663037538,0.047112402470313924,0.0806466556879825,0.5841829654113524,0.2,0.6269337723288702,0.541371034275857,0.619905502527706,0.624547471905369
within,81,0.025307235478159985,0.10290797964209066,0.2459210215396067,0.1,0.9538803967702494,0.8641251031275783,0.944413432886678,0.9493304221559877,0.04829615849334478,0.0806012120628936,0.5991989109997379,0.235,0.6449301238642741,0.5613125328133204,0.6315097129692079,0.6352209091006632
within,82,0.025307235478159985,0.10290797964209066,0.2459210215396067,0.1,0.9538803967702496,0.8641251031275783,0.944413432886678,0.9493304221559877,0.05779690696290885,0.09334538381492763,0.6191726317982751,0.21,0.6784412413523129,0.5449876246906173,0.6094484296783186,0.6140704284902263
within,83,0.022443323670887815,0.08480755079451929,0.2646382717178789,0.05,0.9376251913143113,0.8939353483837097,0.93274731709027,0.937737365965612,0.041400237543596,0.07296013765225626,0.5674363957606338,0.12,0.6911453638150313,0.6098297457436436,0.6482917986052144,0.6525936747965944
within,84,0.025089559258340034,0.10129756524598131,0.24768176014314805,0.08,0.9509232306174871,0.8979944498612468,0.9439389588285177,0.9489229541912624,0.0544703820853738,0.09274353882642086,0.5873226617686086,0.21,0.7183105249644963,0.5606060151503788,0.6471146739631378,0.6516279602177117
within,85,0.027571684578249763,0.11433875408251855,0.2411403272625414,0.04,0.9496906160501934,0.8944783619590491,0.9397125345865719,0.9447035709295889,0.04853145217370731,0.08503169864499567,0.570745415498806,0.18,0.6954646247729452,0.5960759018975476,0.6744966127347837,0.6784058781551582
within,86,0.023308049583560985,0.10181054321337404,0.22893551932742454,0.055,0.955603089988769,0.8929588239705994,0.9504687746571587,0.9554557823932469,0.049257636345160324,0.08979003808437552,0.5485868744021806,0.21,0.7330537820333495,0.6580199504987626,0.7028609640056189,0.7075085533563205
within,87,0.02744328312425007,0.07991117773138408,0.343422333437492,0.065,0.895163912486376,0.8142128553213832,0.8895428805691646,0.8944855663037539,0.045605642715465376,0.07652206003992912,0.5959803315758673,0.17,0.6430796722942003,0.5745113627840697,0.5878186757629488,0.5917958396322042
within,88,0.02330804958356098,0.10181054321337404,0.2289355193274245,0.055,0.9556030899887692,0.8929588239705994,0.9504687746571587,0.9554557823932469,0.04433190445803507,0.08520668978056638,0.5202866649579212,0.17,0.7308142489843013,0.6319942998574966,0.7057862897302123,0.7104167719432711
within,89,0.026769006041537754,0.1002078462561736,0.2671348306708924,0.08,0.9383613485370961,0.887902197554939,0.9300693536727893,0.9350584587251024,0.05519816645952453,0.09558008279485888,0.577506995657191,0.175,0.7295765873090589,0.565116627915698,0.6459269977316255,0.6506161794349974
within,90,0.025307235478159985,0.10290797964209066,0.2459210215396067,0.1,0.9538803967702494,0.8641251031275783,0.944413432886678,0.9493304221559877,0.04829615849334479,0.0806012120628936,0.599198910999738,0.235,0.6449301238642742,0.5613125328133204,0.6315097129692078,0.6352209091006632
within,91,0.025307235478159988,0.10290797964209066,0.24592102153960674,0.1,0.9538803967702496,0.8641251031275783,0.944413432886678,0.9493304221559877,0.05779690696290885,0.09334538381492764,0.619172631798275,0.21,0.678441241352313,0.5449876246906173,0.6094484296783186,0.6140704284902263
within,92,0.022443323670887826,0.08480755079451929,0.26463827171787907,0.05,0.9376251913143112,0.8939353483837097,0.9327473170902701,0.937737365965612,0.041400237543596,0.07296013765225626,0.5674363957606338,0.12,0.6911453638150314,0.6098297457436436,0.6482917986052144,0.6525936747965944
within,93,0.026769006041537754,0.1002078462561736,0.2671348306708924,0.08,0.9383613485370961,0.887902197554939,0.9300693536727893,0.9350584587251024,0.04374578566102203,0.08519105881766129,0.513502077191614,0.195,0.7462929214645864,0.6718847971199281,0.7300094012131392,0.7348157639063956
within,94,0.02757168457824977,0.11433875408251855,0.24114032726254145,0.04,0.9496906160501933,0.8944783619590491,0.9397125345865719,0.9447035709295889,0.04853145217370731,0.08503169864499567,0.570745415498806,0.18,0.695464624772945,0.5960759018975476,0.6744966127347836,0.6784058781551581
within,95,0.02330804958356097,0.10181054321337404,0.2289355193274244,0.055,0.9556030899887691,0.8929588239705994,0.9504687746571587,0.9554557823932469,0.04433190445803509,0.08520668978056638,0.5202866649579214,0.17,0.7308142489843013,0.6319942998574966,0.7057862897302123,0.7104167719432709
within,96,0.02354712888728283,0.10127303815600036,0.23251133091327802,0.06,0.9612297505549896,0.9228980724518114,0.9468256550856411,0.9517744501008217,0.04606571269023451,0.07824787792288689,0.5887151691913252,0.15,0.7181767663296491,0.6055261381534539,0.6451381933879149,0.6484814245862877
within,97,0.02530723547815998,0.10290797964209066,0.24592102153960668,0.1,0.9538803967702497,0.8641251031275783,0.944413432886678,0.9493304221559877,0.04829615849334479,0.0806012120628936,0.599198910999738,0.235,0.6449301238642742,0.5613125328133204,0.6315097129692079,0.6352209091006632
within,98,0.027571684578249763,0.11433875408251855,0.2411403272625414,0.04,0.9496906160501937,0.8944783619590491,0.939712534586572,0.9447035709295889,0.04853145217370731,0.08503169864499567,0.570745415498806,0.18,0.6954646247729452,0.5960759018975476,0.6744966127347835,0.6784058781551582
within,99,0.023547128887282828,0.10127303815600036,0.232511330913278,0.06,0.9612297505549897,0.9228980724518114,0.9468256550856411,0.9517744501008217,0.04606571269023451,0.07824787792288689,0.5887151691913252,0.15,0.7181767663296492,0.6055261381534539,0.6451381933879149,0.6484814245862877
within,100,0.02744328312425006,0.07991117773138408,0.3434223334374919,0.065,0.895163912486376,0.8142128553213832,0.8895428805691644,0.8944855663037538,0.04711240247031391,0.0806466556879825,0.5841829654113522,0.2,0.6269337723288703,0.541371034275857,0.619905502527706,0.624547471905369
within,101,0.023547128887282814,0.10127303815600036,0.23251133091327786,0.06,0.9612297505549897,0.9228980724518114,0.9468256550856413,0.9517744501008217,0.044471066777503516,0.08398011104581413,0.5295428432244269,0.21,0.7268336382668716,0.6577394434860873,0.7140170193764537,0.7188145822798897
within,102,0.027443283124250054,0.07991117773138408,0.3434223334374918,0.065,0.8951639124863756,0.8142128553213832,0.8895428805691644,0.8944855663037538,0.04711240247031391,0.0806466556879825,0.5841829654113522,0.2,0.6269337723288704,0.541371034275857,0.6199055025277059,0.6245474719053687
within,103,0.025307235478159988,0.10290797964209066,0.24592102153960674,0.1,0.9538803967702496,0.8641251031275783,0.944413432886678,0.9493304221559877,0.04829615849334479,0.08060121206289358,0.5991989109997381,0.235,0.6449301238642742,0.5613125328133204,0.6315097129692078,0.6352209091006632
within,104,0.02530723547815999,0.10290797964209066,0.24592102153960677,0.1,0.9538803967702495,0.8641251031275783,0.944413432886678,0.9493304221559877,0.05779690696290886,0.09334538381492763,0.6191726317982752,0.21,0.6784412413523131,0.5449876246906173,0.6094484296783186,0.6140704284902262
within,105,0.027119525544071425,0.1085819839774927,0.2497608217371757,0.055,0.9494840578931816,0.8923858096452413,0.9438761859156344,0.9488695313240885,0.050695064129301956,0.08532577281591339,0.5941354230529424,0.21,0.6689555494087895,0.5881092027300684,0.6461734412757184,0.6508076175066179
within,106,0.02330804958356098,0.10181054321337404,0.2289355193274245,0.055,0.955603089988769,0.8929588239705994,0.9504687746571587,0.9554557823932469,0.04925763634516033,0.08979003808437552,0.5485868744021807,0.21,0.7330537820333496,0.6580199504987626,0.7028609640056189,0.7075085533563203
within,107,0.027571684578249763,0.11433875408251855,0.2411403272625414,0.04,0.9496906160501934,0.8944783619590491,0.9397125345865719,0.9447035709295889,0.04770478206249508,0.0891005455495176,0.5354039278691415,0.21,0.7432779701151182,0.6621930548263707,0.7144326149901861,0.7190027714129292
within,108,0.025089559258340017,0.10129756524598131,0.24768176014314788,0.08,0.9509232306174871,0.8979944498612468,0.9439389588285179,0.9489229541912624,0.0544703820853738,0.09274353882642086,0.5873226617686086,0.21,0.7183105249644962,0.5606060151503788,0.6471146739631377,0.6516279602177116
within,109,0.02757168457824977,0.11433875408251855,0.24114032726254145,0.04,0.9496906160501934,0.8944783619590491,0.9397125345865719,0.9447035709295889,0.04770478206249509,0.08910054554951759,0.5354039278691417,0.21,0.7432779701151182,0.6621930548263707,0.7144326149901863,0.7190027714129292
within,110,0.02330804958356099,0.10181054321337404,0.22893551932742456,0.055,0.9556030899887689,0.8929588239705994,0.9504687746571587,0.9554557823932469,0.049257636345160345,0.08979003808437552,0.5485868744021808,0.21,0.7330537820333495,0.6580199504987626,0.7028609640056187,0.7075085533563202
within,111,0.02744328312425006,0.07991117773138408,0.3434223334374919,0.065,0.8951639124863757,0.8142128553213832,0.8895428805691646,0.8944855663037538,0.04711240247031392,0.0806466556879825,0.5841829654113523,0.2,0.6269337723288703,0.541371034275857,0.6199055025277062,0.6245474719053692
within,112,0.02508955925834001,0.10129756524598132,0.2476817601431478,0.08,0.9509232306174871,0.8979944498612468,0.9439389588285179,0.9489229541912624,0.054470382085373796,0.09274353882642086,0.5873226617686086,0.21,0.7183105249644962,0.5606060151503788,0.6471146739631378,0.6516279602177116
within,113,0.02530723547816,0.10290797964209066,0.24592102153960685,0.1,0.9538803967702494,0.8641251031275783,0.944413432886678,0.9493304221559877,0.04829615849334477,0.0806012120628936,0.5991989109997377,0.235,0.6449301238642744,0.5613125328133204,0.6315097129692079,0.6352209091006632
within,114,0.022443323670887833,0.08480755079451928,0.2646382717178792,0.05,0.937625191314311,0.8939353483837097,0.9327473170902701,0.9377373659656117,0.041400237543596,0.07296013765225626,0.5674363957606338,0.12,0.6911453638150313,0.6098297457436436,0.6482917986052145,0.6525936747965944
within,115,0.02508955925834001,0.10129756524598132,0.2476817601431478,0.08,0.9509232306174873,0.8979944498612468,0.9439389588285175,0.9489229541912624,0.047107522486021194,0.08111535328936854,0.5807473009205938,0.21,0.640949262711064,0.5378774469361736,0.6326254480719554,0.6371818818696898
within,116,0.02744328312425006,0.07991117773138408,0.3434223334374919,0.065,0.8951639124863757,0.8142128553213832,0.8895428805691644,0.8944855663037538,0.045605642715465376,0.07652206003992912,0.5959803315758673,0.17,0.6430796722942003,0.5745113627840697,0.5878186757629489,0.5917958396322044
within,117,0.027443283124250057,0.07991117773138408,0.34342233343749184,0.065,0.8951639124863757,0.8142128553213832,0.8895428805691645,0.8944855663037538,0.04711240247031391,0.0806466556879825,0.5841829654113522,0.2,0.6269337723288704,0.541371034275857,0.619905502527706,0.624547471905369
within,118,0.02530723547815999,0.10290797964209066,0.24592102153960677,0.1,0.9538803967702494,0.8641251031275783,0.944413432886678,0.9493304221559877,0.05779690696290886,0.09334538381492764,0.6191726317982751,0.21,0.6784412413523131,0.5449876246906173,0.6094484296783185,0.6140704284902263
within,119,0.025307235478159988,0.10290797964209066,0.24592102153960674,0.1,0.9538803967702495,0.8641251031275783,0.944413432886678,0.9493304221559877,0.04829615849334477,0.08060121206289358,0.5991989109997378,0.235,0.6449301238642742,0.5613125328133204,0.631509712969208,0.6352209091006633
within,120,0.024802350579530282,0.08459408444017968,0.29319249382111523,0.06,0.9382452074894033,0.8643291082277058,0.9215512266316293,0.92640643600498,0.049247160532773344,0.0805702669020873,0.611232436310789,0.23,0.6232336803639268,0.5453281332033302,0.6112670903091261,0.615191154990891
within,121,0.02530723547816,0.10290797964209066,0.24592102153960685,0.1,0.9538803967702494,0.8641251031275783,0.944413432886678,0.9493304221559877,0.05779690696290885,0.09334538381492764,0.619172631798275,0.21,0.6784412413523131,0.5449876246906173,0.6094484296783186,0.6140704284902264
within,122,0.02480235057953029,0.08459408444017968,0.2931924938211153,0.06,0.9382452074894032,0.8643291082277058,0.9215512266316291,0.92640643600498,0.04803897987427692,0.08108279510894364,0.5924682271958098,0.135,0.7297952095208196,0.647134178354459,0.642616895074691,0.6462415083293568
within,123,0.024802350579530296,0.08459408444017968,0.2931924938211154,0.06,0.9382452074894034,0.8643291082277058,0.9215512266316293,0.92640643600498,0.048038979874276924,0.08108279510894366,0.5924682271958097,0.135,0.7297952095208196,0.647134178354459,0.6426168950746909,0.6462415083293566
within,124,0.022443323670887815,0.08480755079451929,0.2646382717178789,0.05,0.9376251913143113,0.8939353483837097,0.93274731709027,0.937737365965612,0.041400237543596,0.07296013765225626,0.5674363957606338,0.12,0.6911453638150312,0.6098297457436436,0.6482917986052145,0.6525936747965944
within,125,0.024802350579530296,0.08459408444017968,0.2931924938211154,0.06,0.9382452074894031,0.8643291082277058,0.9215512266316293,0.92640643600498,0.04803897987427691,0.08108279510894364,0.5924682271958097,0.135,0.7297952095208194,0.647134178354459,0.6426168950746907,0.6462415083293567
within,126,0.025089559258340017,0.10129756524598132,0.24768176014314786,0.08,0.9509232306174873,0.8979944498612468,0.9439389588285177,0.9489229541912624,0.0544703820853738,0.09274353882642086,0.5873226617686086,0.21,0.7183105249644962,0.5606060151503788,0.6471146739631378,0.6516279602177116
within,127,0.026769006041537747,0.1002078462561736,0.26713483067089233,0.08,0.9383613485370962,0.887902197554939,0.9300693536727895,0.9350584587251024,0.04374578566102203,0.0851910588176613,0.5135020771916139,0.195,0.7462929214645864,0.6718847971199281,0.7300094012131392,0.7348157639063955
within,128,0.02354712888728283,0.10127303815600036,0.23251133091327802,0.06,0.9612297505549898,0.9228980724518114,0.9468256550856411,0.9517744501008217,0.044471066777503516,0.08398011104581414,0.5295428432244269,0.21,0.7268336382668716,0.6577394434860873,0.7140170193764533,0.7188145822798897
within,129,0.027443283124250067,0.07991117773138408,0.343422333437492,0.065,0.895163912486376,0.8142128553213832,0.8895428805691644,0.8944855663037538,0.04711240247031392,0.0806466556879825,0.5841829654113523,0.2,0.6269337723288702,0.541371034275857,0.6199055025277062,0.624547471905369
within,130,0.027571684578249763,0.11433875408251855,0.2411403272625414,0.04,0.9496906160501937,0.8944783619590491,0.939712534586572,0.9447035709295889,0.04853145217370731,0.08503169864499567,0.570745415498806,0.18,0.6954646247729452,0.5960759018975476,0.6744966127347838,0.6784058781551582
within,131,0.024802350579530296,0.08459408444017968,0.2931924938211154,0.06,0.9382452074894032,0.8643291082277058,0.9215512266316293,0.92640643600498,0.04924716053277334,0.0805702669020873,0.6112324363107889,0.23,0.6232336803639268,0.5453281332033302,0.6112670903091261,0.6151911549908909
within,132,0.025089559258340017,0.10129756524598131,0.24768176014314788,0.08,0.9509232306174872,0.8979944498612468,0.9439389588285179,0.9489229541912624,0.047107522486021215,0.08111535328936854,0.5807473009205941,0.21,0.6409492627110638,0.5378774469361736,0.6326254480719552,0.6371818818696896
within,133,0.026769006041537754,0.1002078462561736,0.2671348306708924,0.08,0.9383613485370961,0.887902197554939,0.9300693536727895,0.9350584587251024,0.05519816645952452,0.09558008279485888,0.577506995657191,0.175,0.7295765873090592,0.565116627915698,0.6459269977316253,0.6506161794349974
within,134,0.02508955925834002,0.10129756524598132,0.24768176014314788,0.08,0.9509232306174871,0.8979944498612468,0.9439389588285177,0.9489229541912624,0.05447038208537381,0.09274353882642086,0.5873226617686087,0.21,0.7183105249644961,0.5606060151503788,0.6471146739631378,0.6516279602177116
within,135,0.026769006041537747,0.1002078462561736,0.26713483067089233,0.08,0.9383613485370961,0.887902197554939,0.9300693536727895,0.9350584587251023,0.04374578566102203,0.0851910588176613,0.5135020771916139,0.195,0.7462929214645863,0.6718847971199281,0.7300094012131392,0.7348157639063954
within,136,0.02744328312425006,0.07991117773138408,0.3434223334374919,0.065,0.8951639124863761,0.8142128553213832,0.8895428805691644,0.8944855663037539,0.04560564271546539,0.07652206003992912,0.5959803315758674,0.17,0.6430796722942003,0.5745113627840697,0.5878186757629489,0.5917958396322042
within,137,0.025089559258340017,0.10129756524598132,0.24768176014314786,0.08,0.9509232306174873,0.8979944498612468,0.9439389588285175,0.9489229541912624,0.047107522486021194,0.08111535328936854,0.5807473009205938,0.21,0.640949262711064,0.5378774469361736,0.6326254480719554,0.6371818818696898
within,138,0.02530723547815997,0.10290797964209066,0.24592102153960657,0.1,0.9538803967702497,0.8641251031275783,0.944413432886678,0.9493304221559877,0.05779690696290885,0.09334538381492764,0.619172631798275,0.21,0.6784412413523131,0.5449876246906173,0.6094484296783187,0.6140704284902263
within,139,0.026769006041537747,0.1002078462561736,0.26713483067089233,0.08,0.9383613485370962,0.887902197554939,0.9300693536727895,0.9350584587251024,0.05519816645952452,0.09558008279485888,0.577506995657191,0.175,0.7295765873090592,0.565116627915698,0.6459269977316253,0.6506161794349974
within,140,0.02711952554407142,0.1085819839774927,0.24976082173717565,0.055,0.9494840578931815,0.8923858096452413,0.9438761859156344,0.9488695313240885,0.050736553136006626,0.08596941655591686,0.5901697972209243,0.205,0.666195782090421,0.5936728418210456,0.6450197734751733,0.6491831377584326
within,141,0.027119525544071436,0.1085819839774927,0.24976082173717581,0.055,0.9494840578931816,0.8923858096452413,0.9438761859156345,0.9488695313240885,0.05073655313600664,0.08596941655591686,0.5901697972209244,0.205,0.6661957820904209,0.5936728418210456,0.6450197734751731,0.6491831377584326
within,142,0.02480235057953029,0.08459408444017968,0.2931924938211153,0.06,0.9382452074894033,0.8643291082277058,0.9215512266316293,0.92640643600498,0.04803897987427691,0.08108279510894364,0.5924682271958097,0.135,0.7297952095208196,0.647134178354459,0.6426168950746907,0.6462415083293568
within,143,0.025089559258340027,0.10129756524598131,0.247681760143148,0.08,0.9509232306174871,0.8979944498612468,0.9439389588285177,0.9489229541912624,0.0544703820853738,0.09274353882642085,0.5873226617686087,0.21,0.7183105249644962,0.5606060151503788,0.6471146739631379,0.6516279602177116
within,144,0.025307235478160002,0.10290797964209066,0.24592102153960688,0.1,0.9538803967702496,0.8641251031275783,0.944413432886678,0.9493304221559877,0.04829615849334477,0.08060121206289358,0.5991989109997378,0.235,0.6449301238642744,0.5613125328133204,0.631509712969208,0.6352209091006632
within,145,0.023547128887282828,0.10127303815600036,0.232511330913278,0.06,0.9612297505549896,0.9228980724518114,0.9468256550856411,0.9517744501008217,0.0460657126902345,0.07824787792288689,0.588715169191325,0.15,0.7181767663296492,0.6055261381534539,0.645138193387915,0.6484814245862877
within,146,0.02744328312425006,0.07991117773138408,0.3434223334374919,0.065,0.8951639124863757,0.8142128553213832,0.8895428805691644,0.8944855663037539,0.04711240247031391,0.0806466556879825,0.5841829654113522,0.2,0.6269337723288703,0.541371034275857,0.619905502527706,0.624547471905369
within,147,0.02744328312425007,0.07991117773138408,0.343422333437492,0.065,0.895163912486376,0.8142128553213832,0.8895428805691644,0.8944855663037539,0.04560564271546538,0.07652206003992912,0.5959803315758673,0.17,0.6430796722942003,0.5745113627840697,0.587818675762949,0.5917958396322044
within,148,0.026769006041537757,0.1002078462561736,0.26713483067089244,0.08,0.9383613485370961,0.887902197554939,0.9300693536727895,0.9350584587251023,0.04374578566102204,0.0851910588176613,0.513502077191614,0.195,0.7462929214645864,0.6718847971199281,0.7300094012131392,0.7348157639063954
within,149,0.023308049583560978,0.10181054321337404,0.22893551932742448,0.055,0.9556030899887691,0.8929588239705994,0.9504687746571587,0.9554557823932469,0.044331904458035074,0.08520668978056639,0.5202866649579212,0.17,0.7308142489843013,0.6319942998574966,0.7057862897302121,0.7104167719432709
within,150,0.025307235478159988,0.10290797964209066,0.24592102153960674,0.1,0.9538803967702495,0.8641251031275783,0.944413432886678,0.9493304221559877,0.05779690696290885,0.09334538381492763,0.6191726317982751,0.21,0.678441241352313,0.5449876246906173,0.6094484296783188,0.6140704284902262
within,151,0.026769006041537747,0.1002078462561736,0.26713483067089233,0.08,0.9383613485370961,0.887902197554939,0.9300693536727895,0.9350584587251024,0.04374578566102203,0.0851910588176613,0.5135020771916139,0.195,0.7462929214645861,0.6718847971199281,0.7300094012131393,0.7348157639063956
within,152,0.02244332367088782,0.08480755079451928,0.264638271717879,0.05,0.9376251913143112,0.8939353483837097,0.9327473170902701,0.937737365965612,0.0496331894641256,0.086466949508329,0.5740134206925461,0.205,0.6858085039625303,0.5551068776719419,0.6423638023325017,0.6469324961479684
within,153,0.02508955925834001,0.10129756524598132,0.2476817601431478,0.08,0.9509232306174871,0.8979944498612468,0.9439389588285179,0.9489229541912624,0.0544703820853738,0.09274353882642085,0.5873226617686087,0.21,0.7183105249644962,0.5606060151503788,0.6471146739631379,0.6516279602177116
within,154,0.02757168457824977,0.11433875408251855,0.24114032726254145,0.04,0.9496906160501934,0.8944783619590491,0.9397125345865719,0.9447035709295889,0.04770478206249507,0.0891005455495176,0.5354039278691415,0.21,0.7432779701151183,0.6621930548263707,0.7144326149901861,0.7190027714129292
within,155,0.022443323670887826,0.08480755079451929,0.26463827171787907,0.05,0.9376251913143112,0.8939353483837097,0.9327473170902701,0.9377373659656117,0.0496331894641256,0.086466949508329,0.5740134206925461,0.205,0.6858085039625303,0.5551068776719419,0.6423638023325018,0.6469324961479684
within,156,0.024802350579530275,0.08459408444017967,0.2931924938211152,0.06,0.9382452074894034,0.8643291082277058,0.9215512266316295,0.92640643600498,0.049247160532773344,0.0805702669020873,0.611232436310789,0.23,0.6232336803639267,0.5453281332033302,0.611267090309126,0.6151911549908908
within,157,0.025089559258340013,0.10129756524598131,0.24768176014314786,0.08,0.9509232306174871,0.8979944498612468,0.9439389588285179,0.9489229541912624,0.0544703820853738,0.09274353882642086,0.5873226617686086,0.21,0.7183105249644961,0.5606060151503788,0.6471146739631378,0.6516279602177116
within,158,0.02354712888728282,0.10127303815600036,0.2325113309132779,0.06,0.9612297505549896,0.9228980724518114,0.9468256550856411,0.9517744501008217,0.044471066777503516,0.08398011104581414,0.5295428432244269,0.21,0.7268336382668718,0.6577394434860873,0.7140170193764535,0.7188145822798897
within,159,0.02480235057953029,0.08459408444017967,0.29319249382111534,0.06,0.9382452074894034,0.8643291082277058,0.9215512266316294,0.92640643600498,0.049247160532773344,0.08057026690208731,0.6112324363107889,0.23,0.6232336803639268,0.5453281332033302,0.611267090309126,0.615191154990891
within,160,0.025089559258340017,0.10129756524598132,0.24768176014314786,0.08,0.9509232306174871,0.8979944498612468,0.9439389588285177,0.9489229541912624,0.0544703820853738,0.09274353882642086,0.5873226617686086,0.21,0.7183105249644962,0.5606060151503788,0.6471146739631378,0.6516279602177116
within,161,0.023308049583560995,0.10181054321337404,0.22893551932742465,0.055,0.955603089988769,0.8929588239705994,0.9504687746571587,0.9554557823932469,0.044331904458035074,0.08520668978056639,0.5202866649579212,0.17,0.7308142489843011,0.6319942998574966,0.7057862897302122,0.7104167719432709
within,162,0.022443323670887826,0.08480755079451929,0.26463827171787907,0.05,0.9376251913143111,0.8939353483837097,0.9327473170902699,0.9377373659656117,0.041400237543596,0.07296013765225626,0.5674363957606338,0.12,0.6911453638150313,0.6098297457436436,0.6482917986052142,0.6525936747965944
within,163,0.02508955925834002,0.10129756524598131,0.24768176014314794,0.08,0.9509232306174871,0.8979944498612468,0.9439389588285179,0.9489229541912624,0.0544703820853738,0.09274353882642085,0.5873226617686087,0.21,0.7183105249644962,0.5606060151503788,0.6471146739631379,0.6516279602177114
within,164,0.02757168457824977,0.11433875408251855,0.24114032726254145,0.04,0.9496906160501934,0.8944783619590491,0.9397125345865719,0.9447035709295889,0.04853145217370731,0.08503169864499567,0.570745415498806,0.18,0.6954646247729452,0.5960759018975476,0.6744966127347837,0.6784058781551582
within,165,0.027571684578249756,0.11433875408251855,0.24114032726254134,0.04,0.9496906160501934,0.8944783619590491,0.9397125345865719,0.9447035709295889,0.04770478206249508,0.08910054554951759,0.5354039278691416,0.21,0.7432779701151181,0.6621930548263707,0.7144326149901863,0.7190027714129291
within,166,0.027119525544071425,0.1085819839774927,0.2497608217371757,0.055,0.9494840578931817,0.8923858096452413,0.9438761859156347,0.9488695313240885,0.050736553136006626,0.08596941655591686,0.5901697972209243,0.205,0.666195782090421,0.5936728418210456,0.6450197734751733,0.6491831377584326
within,167,0.025089559258340013,0.10129756524598131,0.24768176014314786,0.08,0.9509232306174871,0.8979944498612468,0.9439389588285179,0.9489229541912624,0.047107522486021194,0.08111535328936854,0.5807473009205938,0.21,0.6409492627110641,0.5378774469361736,0.6326254480719554,0.6371818818696898
within,168,0.02508955925834003,0.10129756524598132,0.247681760143148,0.08,0.950923230617487,0.8979944498612468,0.9439389588285177,0.9489229541912624,0.04710752248602121,0.08111535328936853,0.5807473009205941,0.21,0.6409492627110638,0.5378774469361736,0.6326254480719553,0.6371818818696896
within,169,0.02508955925834001,0.10129756524598131,0.24768176014314783,0.08,0.9509232306174873,0.8979944498612468,0.9439389588285179,0.9489229541912624,0.04710752248602121,0.08111535328936854,0.580747300920594,0.21,0.640949262711064,0.5378774469361736,0.6326254480719554,0.6371818818696897
within,170,0.02530723547815998,0.10290797964209066,0.24592102153960668,0.1,0.9538803967702495,0.8641251031275783,0.944413432886678,0.9493304221559877,0.057796906962908866,0.09334538381492764,0.6191726317982752,0.21,0.6784412413523129,0.5449876246906173,0.6094484296783186,0.6140704284902263
within,171,0.025089559258340017,0.10129756524598131,0.24768176014314788,0.08,0.9509232306174872,0.8979944498612468,0.9439389588285177,0.9489229541912624,0.04710752248602121,0.08111535328936854,0.580747300920594,0.21,0.6409492627110639,0.5378774469361736,0.6326254480719553,0.6371818818696896
within,172,0.027571684578249777,0.11433875408251856,0.24114032726254148,0.04,0.9496906160501934,0.8944783619590491,0.9397125345865718,0.9447035709295889,0.04770478206249508,0.08910054554951759,0.5354039278691416,0.21,0.7432779701151182,0.6621930548263707,0.7144326149901863,0.7190027714129292
within,173,0.022443323670887826,0.08480755079451929,0.26463827171787907,0.05,0.937625191314311,0.8939353483837097,0.93274731709027,0.9377373659656117,0.041400237543596,0.07296013765225626,0.5674363957606338,0.12,0.6911453638150314,0.6098297457436436,0.6482917986052144,0.6525936747965944
within,174,0.022443323670887826,0.08480755079451929,0.26463827171787907,0.05,0.9376251913143111,0.8939353483837097,0.93274731709027,0.9377373659656117,0.04140023754359601,0.07296013765225626,0.5674363957606339,0.12,0.6911453638150311,0.6098297457436436,0.6482917986052145,0.6525936747965942
within,175,0.023308049583560985,0.10181054321337404,0.22893551932742454,0.055,0.955603089988769,0.8929588239705994,0.9504687746571587,0.9554557823932469,0.049257636345160324,0.08979003808437552,0.5485868744021806,0.21,0.7330537820333495,0.6580199504987626,0.7028609640056189,0.7075085533563203
within,176,0.027443283124250054,0.07991117773138408,0.3434223334374918,0.065,0.8951639124863758,0.8142128553213832,0.8895428805691645,0.8944855663037538,0.04711240247031392,0.0806466556879825,0.5841829654113523,0.2,0.6269337723288704,0.541371034275857,0.6199055025277062,0.624547471905369
within,177,0.02330804958356099,0.10181054321337404,0.22893551932742456,0.055,0.9556030899887689,0.8929588239705994,0.9504687746571587,0.9554557823932469,0.044331904458035074,0.08520668978056638,0.5202866649579213,0.17,0.7308142489843014,0.6319942998574966,0.7057862897302124,0.7104167719432711
within,178,0.025089559258340013,0.10129756524598131,0.24768176014314786,0.08,0.9509232306174872,0.8979944498612468,0.9439389588285179,0.9489229541912624,0.047107522486021194,0.08111535328936854,0.5807473009205938,0.21,0.640949262711064,0.5378774469361736,0.6326254480719554,0.6371818818696897
within,179,0.02330804958356098,0.10181054321337404,0.2289355193274245,0.055,0.955603089988769,0.8929588239705994,0.9504687746571588,0.9554557823932469,0.044331904458035074,0.08520668978056638,0.5202866649579213,0.17,0.7308142489843014,0.6319942998574966,0.7057862897302124,0.7104167719432709
within,180,0.02744328312425006,0.07991117773138408,0.3434223334374919,0.065,0.8951639124863755,0.8142128553213832,0.8895428805691644,0.8944855663037539,0.045605642715465376,0.07652206003992912,0.5959803315758673,0.17,0.6430796722942005,0.5745113627840697,0.5878186757629491,0.5917958396322044
within,181,0.027443283124250067,0.07991117773138408,0.343422333437492,0.065,0.8951639124863757,0.8142128553213832,0.8895428805691646,0.8944855663037539,0.045605642715465376,0.07652206003992912,0.5959803315758673,0.17,0.6430796722942004,0.5745113627840697,0.587818675762949,0.5917958396322044
within,182,0.02530723547816,0.10290797964209066,0.24592102153960685,0.1,0.9538803967702496,0.8641251031275783,0.944413432886678,0.9493304221559877,0.04829615849334478,0.0806012120628936,0.5991989109997379,0.235,0.6449301238642743,0.5613125328133204,0.6315097129692077,0.6352209091006632
within,183,0.02711952554407142,0.1085819839774927,0.24976082173717565,0.055,0.9494840578931815,0.8923858096452413,0.9438761859156344,0.9488695313240885,0.05073655313600661,0.08596941655591686,0.5901697972209241,0.205,0.6661957820904211,0.5936728418210456,0.6450197734751734,0.6491831377584328
within,184,0.027443283124250057,0.07991117773138408,0.34342233343749184,0.065,0.8951639124863758,0.8142128553213832,0.8895428805691646,0.8944855663037539,0.04711240247031392,0.0806466556879825,0.5841829654113523,0.2,0.6269337723288704,0.541371034275857,0.6199055025277062,0.624547471905369
within,185,0.026769006041537757,0.1002078462561736,0.26713483067089244,0.08,0.9383613485370961,0.887902197554939,0.9300693536727895,0.9350584587251023,0.04374578566102203,0.0851910588176613,0.5135020771916139,0.195,0.7462929214645864,0.6718847971199281,0.7300094012131392,0.7348157639063954
within,186,0.02330804958356098,0.10181054321337404,0.2289355193274245,0.055,0.955603089988769,0.8929588239705994,0.9504687746571587,0.9554557823932469,0.04925763634516032,0.08979003808437552,0.5485868744021805,0.21,0.7330537820333496,0.6580199504987626,0.7028609640056189,0.7075085533563205
within,187,0.025089559258340003,0.10129756524598131,0.24768176014314774,0.08,0.9509232306174872,0.8979944498612468,0.9439389588285181,0.9489229541912624,0.04710752248602121,0.08111535328936853,0.5807473009205941,0.21,0.6409492627110639,0.5378774469361736,0.6326254480719554,0.6371818818696896
within,188,0.025307235478159985,0.10290797964209066,0.2459210215396067,0.1,0.9538803967702495,0.8641251031275783,0.944413432886678,0.9493304221559877,0.05779690696290886,0.09334538381492763,0.6191726317982752,0.21,0.678441241352313,0.5449876246906173,0.6094484296783186,0.6140704284902262
within,189,0.02354712888728282,0.10127303815600036,0.2325113309132779,0.06,0.9612297505549898,0.9228980724518114,0.9468256550856411,0.9517744501008217,0.04606571269023451,0.07824787792288689,0.5887151691913252,0.15,0.718176766329649,0.6055261381534539,0.6451381933879149,0.6484814245862877
within,190,0.02330804958356098,0.10181054321337404,0.2289355193274245,0.055,0.955603089988769,0.8929588239705994,0.9504687746571587,0.9554557823932469,0.04925763634516033,0.08979003808437552,0.5485868744021807,0.21,0.7330537820333496,0.6580199504987626,0.7028609640056189,0.7075085533563203
within,191,0.024802350579530286,0.08459408444017968,0.2931924938211153,0.06,0.9382452074894034,0.8643291082277058,0.9215512266316293,0.92640643600498,0.04803897987427691,0.08108279510894364,0.5924682271958097,0.135,0.7297952095208196,0.647134178354459,0.642616895074691,0.6462415083293568
within,192,0.027571684578249763,0.11433875408251855,0.2411403272625414,0.04,0.9496906160501937,0.8944783619590491,0.9397125345865719,0.9447035709295889,0.04770478206249508,0.0891005455495176,0.5354039278691415,0.21,0.7432779701151182,0.6621930548263707,0.7144326149901861,0.7190027714129292
within,193,0.026769006041537754,0.1002078462561736,0.2671348306708924,0.08,0.9383613485370962,0.887902197554939,0.9300693536727895,0.9350584587251024,0.04374578566102204,0.0851910588176613,0.513502077191614,0.195,0.7462929214645864,0.6718847971199281,0.7300094012131392,0.7348157639063956
within,194,0.026769006041537747,0.1002078462561736,0.26713483067089233,0.08,0.9383613485370963,0.887902197554939,0.9300693536727893,0.9350584587251024,0.05519816645952451,0.09558008279485888,0.5775069956571908,0.175,0.7295765873090592,0.565116627915698,0.6459269977316255,0.6506161794349976
within,195,0.023308049583560985,0.10181054321337404,0.22893551932742454,0.055,0.9556030899887691,0.8929588239705994,0.9504687746571587,0.9554557823932469,0.049257636345160324,0.08979003808437552,0.5485868744021806,0.21,0.7330537820333496,0.6580199504987626,0.7028609640056189,0.7075085533563205
within,196,0.027119525544071425,0.1085819839774927,0.2497608217371757,0.055,0.9494840578931815,0.8923858096452413,0.9438761859156344,0.9488695313240885,0.05069506412930196,0.08532577281591339,0.5941354230529425,0.21,0.6689555494087893,0.5881092027300684,0.6461734412757184,0.6508076175066178
within,197,0.026769006041537757,0.1002078462561736,0.26713483067089244,0.08,0.9383613485370961,0.887902197554939,0.9300693536727895,0.9350584587251024,0.04374578566102203,0.08519105881766129,0.513502077191614,0.195,0.7462929214645864,0.6718847971199281,0.7300094012131392,0.7348157639063956
within,198,0.025089559258340017,0.10129756524598132,0.24768176014314786,0.08,0.9509232306174871,0.8979944498612468,0.9439389588285175,0.9489229541912624,0.054470382085373824,0.09274353882642085,0.5873226617686089,0.21,0.7183105249644962,0.5606060151503788,0.6471146739631379,0.6516279602177116
within,199,0.026769006041537754,0.1002078462561736,0.2671348306708924,0.08,0.9383613485370961,0.887902197554939,0.9300693536727893,0.9350584587251024,0.05519816645952453,0.09558008279485888,0.577506995657191,0.175,0.7295765873090592,0.565116627915698,0.6459269977316254,0.6506161794349974
between,0,0.019621276394084012,0.025848785549214142,0.759079236304026,0.47,0.3035044987225651,0.13940448511212783,0.3005882306103565,0.3028219303096415,0.013563536819826649,0.016688343053728714,0.812755153471999,0.465,0.1296127820270724,0.12447311182779572,0.1281229168755547,0.13121599312764934
between,1,0.016047646550125548,0.01915861410129258,0.837620428350444,0.425,0.029820644619399587,0.12717317932948324,0.029179557189241253,0.03182635706155907,0.012773785442471182,0.01495998092100401,0.8538637522282277,0.37,0.24667294148034613,0.14208805220130505,0.24378023317980388,0.24611430709498874
between,2,0.01940886019287279,0.022171407454352823,0.875400455872382,0.49,-0.09020706070844578,-0.05428035700892523,-0.08923807823598418,-0.08916994082672323,0.012462666387671408,0.015745451941440915,0.7915089661459987,0.44,0.304374806496743,0.13067576689417237,0.30111187659948374,0.30297110137023314
between,3,0.0171027352764764,0.026421435689949233,0.6473052970010376,0.365,0.3786910109876175,0.2932033300832521,0.3733996044557107,0.37741651091794237,0.014290276259232524,0.015630159277713163,0.9142757924168335,0.47,0.10239583755848797,0.10980724518112953,0.09894991412905152,0.09889062930906878
between,4,0.020167151221525154,0.022630466466050686,0.8911504874094885,0.46,-0.008571258639849658,-0.004302107552688818,-0.0085170063831448,-0.006566896026226716,0.010184156566806818,0.011493278859939195,0.8860967084253533,0.34,0.18104374636377452,0.20546463661591544,0.17834548822309157,0.17904730569508887
between,5,0.01949674013912975,0.02148604715216009,0.9074140069160955,0.48,0.02415020201120887,0.026639165979149483,0.02399656022739563,0.02596326831643592,0.01196954382418884,0.014863791238832934,0.8052820193624206,0.425,0.38610101805999786,0.20287107177679445,0.3802775567650356,0.3840835854094853
between,6,0.018500812582542565,0.023792997396316327,0.7775738497498803,0.455,0.15584647173361962,0.15108227705692645,0.15238428193500972,0.15491688047407312,0.012455449247491712,0.013928459670342343,0.8942445569923938,0.475,0.1685036429489356,0.07506187654691368,0.16051635503496536,0.15429167722662004
between,7,0.019449518155329366,0.026518321445095604,0.7334370011163144,0.485,0.11892419670147791,0.013996849921248035,0.11714108655150769,0.11990113982672454,0.012037361908521676,0.014187277528613125,0.8484617210204378,0.435,0.1901781760819372,0.1282067051676292,0.17811678430773212,0.18015450800513808
between,8,0.018985819358914545,0.022734034078100797,0.8351276018013527,0.52,-0.05084847284439002,0.048364209105227644,-0.05003422832010694,-0.04952811651508511,0.010478571893579765,0.01311494491369577,0.7989794819982146,0.365,0.3285097019565595,0.20468611715292886,0.3265260235903249,0.3302814727757148
between,9,0.017474857938168657,0.022599282760411624,0.7732483425881242,0.42,0.053806699015589994,0.2508797719942999,0.05313732766069954,0.05407808238036526,0.010861522854687942,0.014856083443077253,0.7311161717894951,0.44,0.44923716100521094,0.12787969699242482,0.43870556924484855,0.4411710658864985
between,10,0.01899193346468012,0.023689970106273796,0.8016866791930016,0.48,0.1318346349263626,0.028191704792619822,0.13044335534884344,0.13322820346420297,0.013003343840530644,0.015932890556508355,0.8161321258319298,0.42,0.07203552010399589,0.13743793594839873,0.06871770504541268,0.06827619826274471
between,11,0.017905629885812457,0.020514717058663548,0.872818759069882,0.43,0.012457365647831883,0.12317857946448663,0.01222402195435538,0.01328051377096128,0.012977771530472693,0.014542457750401083,0.8924056547535621,0.435,0.17336772735343023,0.2018390459761494,0.16814260845862997,0.1616505017932034
between,12,0.020656631195475398,0.028397743756542963,0.7274039576019493,0.49,0.2793974352979838,0.17081677041926052,0.27313042542092464,0.2756088454517538,0.01166012970970081,0.013238553804237788,0.8807706553240197,0.425,0.11115888585093754,0.10996024900622518,0.10632976737270453,0.10905757072871644
between,13,0.019005721210865686,0.024117462230638025,0.7880481382788876,0.475,-0.05574857338276852,0.1154938873471837,-0.05470384733639988,-0.05407300522271437,0.013107163413454416,0.01608109194584485,0.815066754023575,0.445,0.2927111932621207,0.05410335258381461,0.2856853499023869,0.2828307451625213
between,14,0.02519265144198427,0.025299073949225922,0.9957934228163751,0.525,-0.22639075099329212,-0.1462116552913823,-0.21833216447518972,-0.23241347303754492,0.01436874410209617,0.016844777841698137,0.8530088219108055,0.4,0.26130947026625834,0.09339983499587491,0.25934611957097303,0.2629758300246277
between,15,0.020130817675267122,0.02451138825837156,0.821284272562232,0.515,-0.011378481652246766,-0.09037875946898674,-0.011199880634004886,-0.014109627634559299,0.014072987585020963,0.014729883640554914,0.9554038530402672,0.49,-0.0807584506913862,0.020882022050551268,-0.07952206807500535,-0.0806396020741239
between,16,0.019994304932822053,0.02447634489551147,0.8168827910448613,0.5,-0.012998088996091641,-0.04129753243831096,-0.012394194856547518,-0.012237582999825905,0.010888031207552227,0.012730687794762493,0.8552586775422809,0.42,0.20216259012823137,0.11093977349433737,0.20087962790584168,0.20428595346374787
between,17,0.01749063025885673,0.024072616128589606,0.7265778744373428,0.4,0.22940842015986107,0.13478586964674116,0.22507934251398382,0.2284202617805681,0.01030042428325327,0.012391227470815778,0.8312674678528148,0.45,0.23962362285676683,0.14801620040501015,0.23248397783431546,0.23165404457045358
between,18,0.01856359937180368,0.023675775095032766,0.7840756763945764,0.525,0.031692898460788876,0.04874821870546764,0.03149827311179261,0.033601919143078446,0.011420470340707367,0.01369481959758453,0.8339263076325366,0.39,0.2664583601352484,0.19001875046876174,0.2525745676915565,0.2529924355062692
between,19,0.01612235429774613,0.020691330409474833,0.7791840340224565,0.415,0.32921683371559685,0.21851046276156907,0.32512611277670506,0.32675693977722864,0.013654052088807357,0.017840231311076527,0.7653517407215409,0.365,0.4008159894801685,0.2047116177904448,0.3813144178528012,0.3810737297649254
between,20,0.018413295788244136,0.02434361494529833,0.7563911863385943,0.425,-0.024407753714978102,0.09449636240906024,-0.024001443019350588,-0.026342243733245223,0.01472567737616525,0.019416141288587485,0.758424506563556,0.45,0.36855708411476834,-0.01736593414835371,0.3644000013189731,0.366767841329074
between,21,0.020199263983387575,0.023256527350586486,0.8685417078349055,0.505,-0.1419532128097662,-0.027690692267306683,-0.140967980474171,-0.14029934693832338,0.0118329365250033,0.014687820855668053,0.8056291427626551,0.44,0.18550101491639553,0.052532813320333015,0.1835142937650017,0.18488254463909098
between,22,0.02146092140574366,0.02543939851908483,0.8436096234603783,0.395,0.15400463212781668,0.1566699167479187,0.15103105894225743,0.15194087652027485,0.013327749973640486,0.014532260448508994,0.917114720099027,0.395,0.121706966273956,0.05611940298507463,0.12038368254527336,0.12319686259297682
between,23,0.018554741748115257,0.023343259341764042,0.7948650818833374,0.43,-0.1027973680786023,0.06750468761719045,-0.10182504783033827,-0.09987396449704575,0.01340778827195177,0.016672570366095405,0.8041824372333884,0.46,0.21378905103777662,0.05615240381009526,0.2050311867729894,0.20747300606804256
between,24,0.017719212130884232,0.023156696615528456,0.765187385104059,0.465,0.29211057062081885,0.1217985449636241,0.2771750587847646,0.27710154091869416,0.01168815674324374,0.013395831214720374,0.8725219477534094,0.355,0.07785183854774125,0.18571364284107106,0.07727244733364062,0.07923880363736892
between,25,0.018221848631437044,0.023786675803709256,0.7660527591919993,0.47,0.07365774484944607,0.05693242331058278,0.07270495575993688,0.07222496798033845,0.01171089394492502,0.013730424253061233,0.8529156659026065,0.45,0.1866375990258135,0.07898147453686342,0.1853911645177457,0.18857546799394495
between,26,0.02116757120537411,0.02529942578317198,0.8366818830905566,0.425,0.14747907592383,0.09126678166954176,0.1450233022377747,0.14316114719311357,0.013040628800793668,0.016617310773078358,0.7847616849003475,0.42,0.3242574120184674,0.23656191404785123,0.3211832769128853,0.3248396886080379
between,27,0.018479717194214925,0.022922769719943288,0.806172963389201,0.46,0.1597775863520472,0.08996024900622518,0.15562548443339352,0.1513063653815967,0.013086140816399375,0.014698654009494232,0.8902951799495863,0.485,0.25816202134939853,0.030854271356783928,0.2552529197091009,0.2570131211816745
between,28,0.02132001846309197,0.02412881461637525,0.8835916227986987,0.535,-0.065748054001356,0.004575114377859447,-0.06527060746949927,-0.06370466342694094,0.011241615050441307,0.012843060007279089,0.8753065892450765,0.45,0.12080947379607154,0.14661966549163732,0.11900233120168839,0.11778075576800213
between,29,0.017777577761043523,0.022265150731290245,0.79844856994657,0.445,0.16516937644615498,0.1810470261756544,0.1641496510367403,0.16721593596395995,0.013084076908538474,0.014161157021646458,0.923941235065639,0.425,0.17376918008933515,0.1241326033150829,0.16719270279227483,0.1583515340043926
between,30,0.017994964999493566,0.02238104551213895,0.8040270053395638,0.39,-0.15163723270037077,0.09301132528313209,-0.1508345263269314,-0.14919970785143913,0.01530467790895818,0.0171444519846298,0.8926898289125254,0.52,-0.10845887324433001,-0.19507087677191937,-0.10768124478569645,-0.1068567506144527
between,31,0.016967497205920966,0.02152231956530718,0.7883674970272097,0.395,0.20563310500627782,0.22856671416785423,0.20422842410148473,0.2075983078449169,0.011179601204552782,0.013519209181044775,0.8269419501421468,0.46,0.07129463462732243,0.0817385434635866,0.07074052227959307,0.072654514689545
between,32,0.01522283303534392,0.02106678213877801,0.7225988731958725,0.42,0.17666661220001595,0.1358343958598965,0.1755508805596261,0.1788529177466888,0.009545364404146224,0.011060818463700087,0.8629889764010366,0.445,0.2564999712197288,0.12649816245406137,0.25246641995911023,0.2520679176592614
between,33,0.01910853727541479,0.02307085468794705,0.8282544159665528,0.465,0.12674456209937762,0.05916147903697593,0.12531360324849514,0.12718120075707273,0.012405213591674654,0.014710221750235565,0.8433056824229044,0.42,0.14037020639567122,0.1444521113027826,0.13387211031155122,0.13624257339288393
between,34,0.014393238731566317,0.019270237049325543,0.7469154995200269,0.44,0.20829892683834847,0.08384759618990476,0.20659472714756497,0.20882020955273148,0.011709375115365961,0.016169457981712203,0.7241662106799972,0.41,0.26838766510329326,0.1003270081752044,0.2226896529119408,0.20994203645758142
between,35,0.021130257059253595,0.025252403041289808,0.8367622291115757,0.45,0.06197076944418692,0.1306292657316433,0.06162177987778588,0.06424977073675234,0.011761335005431946,0.012770909075926882,0.9209473605604178,0.465,0.11056920670102893,0.03811295282382061,0.10953294520139863,0.11195620716266601
between,36,0.017841146688378724,0.021833461666764895,0.8171469536384461,0.5,0.14375256478140747,0.05866346658666467,0.14255408559431854,0.1450506417275999,0.012194967572272111,0.016068164274392862,0.7589521344206508,0.405,0.4220727938114234,0.26187954698867477,0.4186934735700664,0.42257515255109945
between,37,0.0168757577243312,0.02135371828478597,0.7902959802721939,0.37,-0.023097646026766457,0.21891547288682223,-0.021795307695609844,-0.019697561211820223,0.012083515980117244,0.015783723673376913,0.7655681403304742,0.515,0.07516730244855331,0.05332033300832522,0.07350150348858026,0.07599174283242885
between,38,0.016039277234472706,0.02159007001270069,0.7429006587304884,0.37,0.004541236433489838,0.18886522163054079,0.004469543079895284,0.001557819044739959,0.01151315394408619,0.016228975937281846,0.7094196201029368,0.43,0.44408378533158,0.16414610365259133,0.4404675282865134,0.4444416511911592
between,39,0.02090946516941739,0.023100227386703375,0.9051627423136535,0.455,-0.1787875387573689,0.0026385659641491037,-0.17112927453219798,-0.17948280376459,0.011999764750962094,0.013083182931364868,0.9171900151449042,0.465,0.034065871707516855,0.13431035775894398,0.033081137087512265,0.031650672524265726
between,40,0.020457227857656368,0.026579619960737905,0.7696584032380738,0.475,-0.13399126706216366,0.05922598064951625,-0.1324476036439835,-0.13080165652764872,0.013067871684895855,0.014795231952947054,0.8832488552024947,0.48,0.042016418530288244,0.04602865071626792,0.04177770542178529,0.04447856446997173
between,41,0.022528876839688617,0.024418328836018292,0.9226215680434839,0.435,-0.21768887523323133,0.056777919447986214,-0.21610157608312627,-0.21552808702561804,0.012982732695078398,0.01379871588275373,0.9408652808994215,0.415,0.19189499007017613,0.16769819245481138,0.18967428504977774,0.1921478633254261
between,42,0.01984489114794433,0.02142290992248639,0.9263396625270919,0.515,0.029855759161607646,-0.0718487962199055,0.029253913862137673,0.030809493224743835,0.011400383728784496,0.012721717624573805,0.8961355742374785,0.47,0.1873978883973038,0.12765769144228606,0.1836186170256457,0.18184367350243377
between,43,0.01874990760812563,0.0231759742635992,0.8090234910889909,0.465,-0.07977925105609811,-0.00025800645016125405,-0.07803463766614958,-0.07769640674778545,0.012183511532978251,0.015378679032316944,0.7922339433299617,0.49,-0.02848008853477019,0.03572489312232806,-0.028137477074561715,-0.027430495102927794
between,44,0.017729722653640118,0.022002075242750656,0.8058204718430725,0.445,0.17816193860323526,0.11793894847371186,0.17502045033702848,0.17714322679779657,0.012814103830583994,0.01333785791474118,0.9607317691112659,0.415,0.20047185132440626,0.09909847746193656,0.19591477437561808,0.19512673584722426
between,45,0.016232447589802322,0.018671407677551263,0.8693746004656459,0.47,0.06904538037709394,0.030960774019350486,0.06846077101156015,0.07077361263680618,0.013060259446704829,0.015351211968201517,0.8507640617403912,0.455,0.1477833937506895,-0.014485862146553665,0.13436601803182516,0.13308211594026506
between,46,0.022604819829978896,0.028118424794457048,0.8039148705952746,0.465,0.09749438818051423,0.055018375459386495,0.09600602317827743,0.094628149781581,0.014273205445532377,0.014677969038893884,0.9724237329913316,0.495,0.001146526118995017,-0.09973299332483312,0.0011407784223614404,0.003647949946440573
between,47,0.01802107220344724,0.024527365734837547,0.7347332933455196,0.455,0.18680725227415512,0.1007350183754594,0.18488029404109582,0.1863998215283192,0.01090675931863815,0.011972373574310226,0.9109939019979613,0.435,0.148592777176648,0.14866871671791798,0.1471527384098382,0.1498910722056253
between,48,0.020144810905982958,0.021966130875534104,0.917085080669362,0.44,-0.14435535724318563,0.023133578339458487,-0.14301382331104748,-0.1420720755236411,0.01337835198957417,0.015529357920875305,0.8614877741719347,0.465,-0.12944438826156485,0.10310807770194257,-0.1278690398395728,-0.1284155865716361
between,49,0.019376741639413043,0.023800908854902256,0.8141177195181784,0.41,-0.00909274732481943,0.02620115502887573,-0.00902821382287662,-0.006571368993283148,0.013815703573588113,0.014896978813949895,0.9274164745841452,0.465,0.1302287678131604,0.08208805220130504,0.12890837582851883,0.13170404512288864
between,50,0.019291675048675714,0.024168177364231314,0.7982263104882381,0.45,0.05573367186407635,0.14767269181729545,0.05461928790249363,0.050184370128627975,0.011988459702765903,0.014384020018942059,0.8334568282704359,0.415,0.2676073723230262,0.1167494187354684,0.2600093288693936,0.2609718413849315
between,51,0.023262849042387575,0.02969301316534022,0.7834452136215536,0.46,-0.2830632124858323,0.10574514362859072,-0.2776039820047957,-0.28046857017951987,0.011907153225392037,0.015688576016255073,0.7589696613035453,0.46,0.24709997084408036,0.16324158103952605,0.2347010030362617,0.23405163123111003
between,52,0.020483375369510913,0.024817355138834752,0.8253649615328295,0.425,-0.09155892934724986,0.03232280807020176,-0.09057158892914985,-0.09158562388481864,0.011197635053598512,0.012796398257331107,0.8750614687365911,0.455,0.2292121670595499,0.1140103502587565,0.22290387375316975,0.22200176553398449
between,53,0.02050016595915005,0.023173425646908843,0.884641151960397,0.505,-0.26858912696109083,-0.1166459161479037,-0.2635466275607106,-0.2661359451685032,0.012169437053513895,0.01472750543833537,0.8263067431526536,0.43,0.2916709858828368,0.10020850521263033,0.2872221289976568,0.29072752683514824
between,54,0.01897702146035931,0.022514066002243826,0.8428962346680514,0.42,0.17487562032650433,0.17594689867246682,0.17397182615285856,0.17721699993004802,0.012571376582005191,0.01429271495422877,0.8795653325672539,0.375,0.19600197912178588,0.17418885472136805,0.18169601393462997,0.18368726942774394
between,55,0.018627654174350677,0.019168144322784762,0.971802687869393,0.52,-0.27538910200165095,-0.15227480687017178,-0.2671884122676373,-0.2799476860245588,0.012029885808414647,0.012979867002399968,0.9268111765852708,0.455,0.026887014637660953,0.10897322433060828,0.02637856289467768,0.02890317769323523
between,56,0.016391319126732168,0.021637607344649153,0.7575384313823238,0.45,0.24381282190544024,0.19464336608415217,0.23914423542376986,0.241360894108344,0.012622072398418963,0.015718783360959977,0.8029929612598279,0.47,0.26035869256405625,0.09390384759618993,0.259038364095329,0.2626696218780982
between,57,0.020199263983387557,0.023256527350586476,0.868541707834905,0.505,-0.14195321280976575,-0.027690692267306683,-0.14096798047417058,-0.1402993469383229,0.011832936525003288,0.014687820855668053,0.8056291427626542,0.44,0.18550101491639726,0.052532813320333015,0.18351429376500344,0.1848825446390924
between,58,0.01857718777354023,0.02258789739319362,0.8224398867305848,0.435,0.21845081998614835,0.17095327383184583,0.21499498091416727,0.2173773946760069,0.011900529412703732,0.015886459790801364,0.7490988910943155,0.4,-0.015818488908192943,0.13614040351008777,-0.015729341065260662,-0.01342516628963289
between,59,0.019276999947014123,0.022068116652280905,0.8735226594436957,0.44,-0.07041509390787468,-0.03361734043351085,-0.0672729609695637,-0.06825130792210934,0.011741884023770563,0.01559278502315895,0.753033150032602,0.48,0.20735184232443726,0.05693692342308558,0.2027278088323813,0.20541553193649068
between,60,0.020492183963401852,0.023757603520703757,0.8625526537448852,0.485,-0.006940391386201256,0.030507762694067353,-0.006887418702418758,-0.0046017978869150105,0.013639270928018178,0.017335891415341694,0.7867649030120177,0.46,0.30794943731499497,0.07744243606090152,0.30636260984757335,0.31012151858350673
between,61,0.01759438595793672,0.02144689092156481,0.8203700024531573,0.48,-0.15013596690385977,0.048209705242631073,-0.14884984943136953,-0.14886917384846407,0.012243796936733598,0.01431432903340608,0.8553524868793797,0.48,0.14054817779495796,0.07275781894547365,0.13304902237695027,0.13501386455306869
between,62,0.017619710520709955,0.022461644148958154,0.784435476043601,0.43,-0.0761349883742782,0.1640201005025126,-0.07155436782106558,-0.08453819674632473,0.010667092353934876,0.014433497303325502,0.7390511204430793,0.415,0.34343144315532864,0.19351383784594617,0.33114702467146057,0.33420538625467655
between,63,0.01912780422789322,0.02209727754552019,0.865618137279134,0.465,0.1173888354852353,-0.017473936848421214,0.1167400912862362,0.11971674164835581,0.011840676124415594,0.013550482894297233,0.873819495347932,0.44,0.2020695956148626,0.02935873396834921,0.1968018655322038,0.1973543287207869
between,64,0.022208942691294486,0.028586343187712155,0.7769074395231148,0.455,-0.25328591004020906,0.08872721818045452,-0.24228793043449828,-0.24871444398484124,0.012609538018331696,0.014045242184941638,0.8977800348541367,0.41,0.10150428413609056,0.1411580289507238,0.10062642906677591,0.1019679896506404
between,65,0.017674377667638807,0.022625125810676702,0.7811836192883551,0.41,0.04500738097695484,0.08106052651316284,0.04439986845597386,0.04580941466430176,0.011712299633710423,0.01256611904897368,0.9320538495667848,0.465,0.15263169749681638,0.03507837695942399,0.14954940567000602,0.15273362453077055
between,66,0.014680757460399953,0.02112000075571877,0.6951115973054486,0.445,0.18283979730648883,0.13347633690842273,0.1800052015292453,0.1806795494394639,0.010991785459993226,0.01522163676959752,0.7221158687709156,0.425,0.5093771645366306,0.14764119102977577,0.5058937998876187,0.510269500526495
between,67,0.017213131307581873,0.019079262943002603,0.9021905803701321,0.44,-0.013584155796329777,0.08436210905272633,-0.01326289769014715,-0.01261271336867728,0.013296802061170556,0.01390818441126856,0.9560415412954508,0.445,0.11146956193805764,0.11369234230855774,0.11013947062677108,0.1101107617475945
between,68,0.02086469940604438,0.025912021919121078,0.8052130964989589,0.45,-0.1379284910096618,0.11216830420760521,-0.13484886328846032,-0.13525585530851866,0.011903584569275713,0.012877254432835956,0.9243883959396295,0.4,0.18954590877865485,0.09147978699467486,0.1883507679903238,0.19120574914743318
between,69,0.01763913317723088,0.023238311500952246,0.7590539948011314,0.435,0.16752155336190175,0.2094052351308783,0.15151364179297225,0.15465130007840436,0.01311212124991222,0.01574879309477202,0.8325794345640954,0.455,0.19331609075156608,0.07409135228380712,0.18783108712456753,0.18770214199383628
between,70,0.020005308627478208,0.024564875736693425,0.8143867219973586,0.385,-0.14234485293586147,0.09883897097427437,-0.14099782407629957,-0.13926248692810175,0.014213327272823699,0.01472701013518014,0.9651196775420595,0.49,-0.08903947728706776,-0.04687917197929949,-0.08688960752701846,-0.08532646655365857
between,71,0.019575186039069284,0.02606607367648295,0.7509833004396897,0.425,0.17759267334978118,0.10004650116252907,0.17575289825258572,0.17836944023128412,0.014386629876363997,0.017784393227240094,0.8089469060056661,0.45,0.29386344810036835,0.0880987024675617,0.2877052090799394,0.2914458395487914
between,72,0.019353450078469607,0.02673580978087527,0.7238774601214274,0.47,0.18714360897478266,0.0673906847671192,0.18233752799758174,0.18566632768380564,0.009447862302402731,0.011761601689818825,0.803280246310421,0.435,0.31590937827034177,0.18077551938798472,0.31339567652023986,0.31679360491263187
between,73,0.01775111805756818,0.023652916048909633,0.7504832816749664,0.465,0.06514751480041078,0.18703517587939703,0.06472611299997609,0.06750534911035605,0.011203459726140513,0.014183403486069664,0.7898992464780455,0.395,0.21314636646312282,0.23419935498387462,0.20578617507453004,0.20906105447195195
between,74,0.01601498482906211,0.021676505232522025,0.73881765797903,0.51,0.12262585889445157,0.06246456161404036,0.11898170552960312,0.1217355647633969,0.01197694866850493,0.0157666885246065,0.7596362831556505,0.465,0.3209044668949366,0.06926423160579016,0.3191676192505909,0.32292824072035337
between,75,0.016934073484467252,0.01943543008631965,0.8712991381851092,0.47,0.12104800724671089,0.04723018075451887,0.11983914608053464,0.12092156854038073,0.010895589966087194,0.01251850954782045,0.8703584020498817,0.465,0.29523317175669644,0.12975774394359862,0.2935484483986224,0.2971799993789423
between,76,0.01896046685789952,0.02274317913210422,0.8336770663312839,0.495,0.13644778926034423,0.01260631515787895,0.13419783931800688,0.13714637445310823,0.011475717662298988,0.013273120240269472,0.8645832671267963,0.465,0.1438785085075987,0.102929573239331,0.1426303109397083,0.1451423875758264
between,77,0.01941774218372353,0.02311331296284933,0.8401107281735946,0.39,0.05700872450792664,0.132004800120003,0.05644590044761005,0.0588783169532639,0.011788026655096942,0.012603375797476158,0.9353070831592206,0.49,0.12033082789206728,0.032766819170479265,0.11941934010827772,0.12248506681486904
between,78,0.020194993957403665,0.02555649865272182,0.7902097322417386,0.47,-0.14474219007638625,0.07801095027375686,-0.14367051582724247,-0.14263464359895803,0.009803522100467133,0.011905741916526682,0.8234280710266867,0.425,0.36548603649152733,0.23465986649666246,0.361201694979705,0.3646620025263228
between,79,0.018983879243929254,0.0248108589254296,0.7651439759093527,0.46,0.21052223187460253,0.0692537313432836,0.2085246322650644,0.21174209545362033,0.01270647696693112,0.014474621026251562,0.8778452260605865,0.47,0.1258291307333366,0.06426310657766446,0.12273923634209506,0.11813224909348652
between,80,0.016473807752731374,0.01970257838858815,0.8361244618761726,0.425,0.13385082263092762,0.14228755718892974,0.13114883403747143,0.13421079211662681,0.012879660004232072,0.01665691191457138,0.773232161536798,0.44,0.31239808031939853,0.1309922748068702,0.30869698064472867,0.3124697573768574
between,81,0.017211440455974537,0.021986053079501886,0.7828344811930418,0.44,-0.04512190625340397,0.1217220430510763,-0.044163362975682845,-0.04193143083540785,0.013052301658045527,0.016230896650396464,0.8041639312469349,0.43,0.3467083955632613,0.12903922598064954,0.3448378392576849,0.34877361376715493
between,82,0.01729267863574243,0.023751997999438276,0.7280515363865976,0.465,0.3389276703150769,0.15326933173329335,0.33717729181088596,0.3410561354947937,0.01123782251090569,0.013284686216048528,0.8459230672177918,0.425,0.17242963454339405,0.17469286732168307,0.16848938316201256,0.17166506622385644
between,83,0.016228241037555546,0.0204109815521945,0.7950740142534084,0.425,-0.055640966713350996,0.14912022800570018,-0.05314119995367872,-0.05168345615422636,0.011673717268862717,0.011958746315796449,0.9761656414972836,0.46,0.107814642706237,0.012753318832970826,0.10689007654230936,0.10986323057388694
between,84,0.020363488000129343,0.025063712471930132,0.8124689438140993,0.44,0.027318028926468563,0.10181804545113629,0.026678603694334748,0.028644299118830693,0.012214775974062562,0.012732675789064068,0.9593251392259337,0.44,0.07681688503296197,0.03338033450836271,0.07610978107934366,0.07702703482445658
between,85,0.018554741748115264,0.023343259341764042,0.7948650818833377,0.43,-0.10279736807860236,0.06750468761719045,-0.1018250478303384,-0.09987396449704607,0.01340778827195177,0.016672570366095412,0.8041824372333881,0.46,0.2137890510377768,0.05615240381009526,0.20503118677298973,0.20747300606804336
between,86,0.01869786052441878,0.02609003741213373,0.7166666811954413,0.435,0.2656875423539341,0.15942998574964376,0.26411609697246274,0.2676245379363886,0.010795246868939507,0.011453032606415225,0.9425666755626566,0.45,0.0948517500275806,0.056687917197929955,0.09411911548192467,0.09651662803513061
between,87,0.0184132659819462,0.02357712770773152,0.7809800332848873,0.445,0.0005660027993454608,0.043907597689942256,0.0005626618582191727,0.0030426755568892907,0.01206496219789872,0.012705997103367662,0.9495486343768299,0.485,0.13341079867544675,0.0816785419635491,0.1308998791184604,0.1282258085324477
between,88,0.02257306735152108,0.026746305743967674,0.8439695398536368,0.435,-0.30728991414404944,0.013359333983349587,-0.3039093277028119,-0.30653325141928844,0.013118330936364235,0.015194490460862341,0.8633610301151042,0.455,0.14953133927230294,0.05474236855921399,0.14806031094395775,0.14980895981297565
between,89,0.016283049132722893,0.022954184288679482,0.7093717175022136,0.435,0.018499062786693027,0.11448436210905275,0.01824605232214266,0.019698076857716143,0.012004000250490981,0.013451411399386244,0.8923970796877638,0.42,0.22110609146308452,0.16120453011325286,0.2184846797800288,0.22090435803204048
between,90,0.01885077610902992,0.020994617846041955,0.8978861271620523,0.495,-0.00404550980026859,0.05870096752418811,-0.0037542550732769346,-0.020999471344552306,0.012065177858311913,0.015868487298295337,0.7603231254190188,0.36,0.28964805176070607,0.27769594239856,0.2880199136081475,0.29155269357730385
between,91,0.017951285822858872,0.020338376182302952,0.882631221979208,0.48,-0.04653778302012572,0.024569114227855703,-0.044861643328179185,-0.04467886984521677,0.013159062492643701,0.015866980864168163,0.8293362552897724,0.4,0.24162376158524929,0.214694367359184,0.24022885549733508,0.2436157570286689
between,92,0.018989235118308398,0.022926104704968177,0.8282800485593768,0.46,-0.018188715973240788,0.09836345908647717,-0.018024658840105706,-0.015717374595235527,0.01193586787100915,0.015166754365068614,0.7869757486479312,0.375,0.18501898213165718,0.23490287257181433,0.18365280459194527,0.18616677151153038
between,93,0.01760074591892553,0.025702584267572826,0.6847850681353927,0.425,0.31894234318818593,0.22507912697817448,0.3132003634593033,0.3170293169617716,0.010380523714621961,0.011319804996362674,0.917023192356889,0.455,0.09736830619602915,0.09182779569489238,0.09646783716340063,0.09938030986764591
between,94,0.021643300143363558,0.024811395757981004,0.8723128821320593,0.485,-0.03055334336851767,-0.018619965499137484,-0.029413307865105546,-0.03553741685764722,0.012863739509727039,0.02193003986036902,0.5865807628090002,0.425,0.31031116547411874,0.10573314332858322,0.27633749322283907,0.2799931150357353
between,95,0.01635430598740825,0.020785332783127178,0.7868195403964913,0.425,0.24535932204651226,0.18676066901672547,0.2431176227714601,0.24633569617995127,0.012394095871856432,0.01702553183243098,0.7279711432125495,0.45,0.4787162523245286,0.06602715067876698,0.4360755805666541,0.44000957664944756
between,96,0.017368830258646314,0.02212396548541113,0.7850685841152473,0.485,0.14664292126321288,0.14318307957698945,0.14106883116515676,0.13727693204803754,0.01162221908027835,0.01370364049034348,0.8481117910578695,0.39,0.12468102439895035,0.142041551038776,0.11673674940638189,0.11635755070194222
between,97,0.017769745965411872,0.023059850366478805,0.7705924228911325,0.445,0.3392706382686114,0.08546913672841823,0.3364223190582034,0.33966272959436594,0.014401285749278991,0.015182490573632763,0.9485456736781724,0.455,0.032779000503122865,-0.03974349358733969,0.03046849443704308,0.030091931580530876
between,98,0.019379818964985463,0.023839812960237863,0.8129182471904804,0.55,0.027180372695729663,-0.03393984849621241,0.026941613155969678,0.028325337267566166,0.010749980831197947,0.01141336102699772,0.9418768762128367,0.445,0.10938153750547525,0.11277581939548491,0.10876952553610746,0.11174025294427367
between,99,0.01937373006977043,0.023128319360083003,0.83766268392192,0.465,-0.07064330585810022,0.11881047026175656,-0.0694452851613549,-0.06800244126354714,0.012180831628120533,0.013827958810621887,0.8808842863173616,0.47,0.22616404831988896,0.07449336233405836,0.21370238000429512,0.20723454128290364
between,100,0.01600209186706331,0.019914232090505014,0.8035505358347717,0.425,0.06537707065865264,0.23653941348533716,0.06343215373500931,0.06574617431341158,0.011517418988672125,0.014418246450624573,0.7988085810652245,0.375,0.13469689745365485,0.1874071851796295,0.1311453352109739,0.1322883440986265
between,101,0.020143112683760407,0.025784070415331217,0.7812231489944779,0.435,0.16416622337280254,0.13577889447236183,0.15753564132405404,0.1554628455907769,0.014185738551852173,0.014935564316243892,0.9497959535699492,0.475,-0.053798843855471956,-0.025727143178579468,-0.05108529524763992,-0.05407155391881472
between,102,0.016197537762769772,0.02439556793072367,0.6639541169431298,0.48,0.30820046333477136,0.12426910672766821,0.3013173783491477,0.3042513766287976,0.013117366297288418,0.013565696177780922,0.9669512073234533,0.435,0.018383589592049252,0.055954398859971506,0.01828921572365227,0.02086936250126451
between,103,0.020609643374593267,0.026051078659284528,0.7911243770034087,0.505,0.20827896333506973,0.05299782494562365,0.20397861230256628,0.20396049430523003,0.012537084966916759,0.015029764813349169,0.8341504423130789,0.41,0.1204642595102177,0.17150678766969177,0.1185317726182436,0.11960048450804456
between,104,0.019832154073623976,0.022070158156287142,0.8985959200285285,0.48,-0.1829587731550556,-0.06178204455111379,-0.1819121077940658,-0.1808090945818294,0.013332357119336065,0.015653841348991764,0.8516987506197499,0.485,0.2303517727398174,-0.004908122703067577,0.2277358560104108,0.22969007414164894
between,105,0.016302921197672557,0.023525989542069928,0.69297494026847,0.42,0.4144609427055298,0.17017175429385736,0.39847826858464563,0.39462948874041,0.011504034164991218,0.014699656480277639,0.7826056466303175,0.42,0.04760423840423388,0.03539488487212181,0.04017635494009609,0.03939930731346249
between,106,0.015142296137892291,0.019373283739533176,0.7816071008650372,0.395,0.17639296709075597,0.1780724518112953,0.1753318086986035,0.17854523506028375,0.012714083077830627,0.013844922126576228,0.918321024964461,0.49,0.1776996031366183,0.06419110477761945,0.17401254712657713,0.17549049284713428
between,107,0.020748589500418337,0.02548313358326559,0.8142087170175821,0.495,-0.16181702463886113,-0.007410185254631367,-0.15969892288632076,-0.1598136491478299,0.012901988370303947,0.014594848073526316,0.8840097755938235,0.47,0.17632352655318195,0.1161374034350859,0.17441413436459482,0.17768372352468786
between,108,0.017176207298569012,0.020802853179607898,0.8256659387187367,0.5,-0.09247447533193047,0.03279831995799896,-0.09168952549235387,-0.08985905224205508,0.01347982627879716,0.016451708384116574,0.8193572341588159,0.41,0.13632764456570978,0.16700067501687543,0.1352898910311365,0.13812432184316606
between,109,0.019473373955523048,0.0253771945183275,0.7673572404333074,0.475,0.16858870763276868,0.08558763969099227,0.16627470905587255,0.16754276701744297,0.013430568561511586,0.014807872293805745,0.9069884109636537,0.54,0.07835507667858224,-0.03997449936248407,0.0757078045176308,0.07551837161728005
between,110,0.016001285613325363,0.019073633917553602,0.838921711640867,0.43,-0.0436423971224159,0.025500637515937903,-0.041314335804797236,-0.040346697346278514,0.01327711219248035,0.014668584237816012,0.9051393084174811,0.47,-0.14820928448869367,-0.07484737118427962,-0.14580909775245876,-0.1441995191880094
between,111,0.023941024563004083,0.027745898562485567,0.8628671552693578,0.46,-0.08993099503481522,0.004327608190204756,-0.0889469358022879,-0.09008135947613752,0.01640279111636955,0.018129863838934144,0.9047387924196275,0.425,0.1179889829695044,0.0886462161554039,0.11669661637891017,0.11709061813148035
between,112,0.018134449996897273,0.023555954335708493,0.7698456932991776,0.475,0.005877352331896707,0.14420910522763072,0.005803919588576085,0.007806471983375975,0.012310722697317405,0.013871488570780698,0.8874838943564474,0.44,0.28545463257976844,0.08307807695192382,0.28271587540590465,0.2864383610759958
between,113,0.019959489167564674,0.025781531608147962,0.7741777901688627,0.505,0.1588816051038093,-0.042742068551713794,0.1578026827624869,0.16094895611447313,0.013389423152096142,0.01791832523991112,0.7472474672059561,0.46,0.30270622624246907,0.11402085052126305,0.2822765233090654,0.2854860980346314
between,114,0.017822131969128286,0.019788914471548517,0.9006119054560587,0.415,-0.12419248747114894,0.011550288757218932,-0.12246370732277682,-0.122660391227228,0.012375720941565346,0.015687241607966345,0.788903572141113,0.405,0.424774036770241,0.17633990849771247,0.4016360170707612,0.40444214853145405
between,115,0.020746541054373516,0.02451189416866614,0.8463866933994061,0.385,-0.08451407793001506,0.1656596414910373,-0.08294069103097422,-0.08342986448845292,0.014659701090117867,0.01572377110324353,0.9323273020105104,0.445,0.06812572741468557,0.09063076576914424,0.0670349168709123,0.06920081804288934
between,116,0.01904623788305935,0.02079939982049733,0.915710936249695,0.48,-0.13327519407090269,-0.036468911722793075,-0.12872100844936699,-0.14368159647174858,0.01473586553775808,0.017818872894874174,0.8269807874322421,0.485,-0.1589434905367925,-0.0003000075001875047,-0.15475651866340592,-0.1627575435048482
between,117,0.017651268833218877,0.023602506144236344,0.7478557033456915,0.44,-0.02798236124463828,0.11016425410635268,-0.027098243907064824,-0.030598454199781282,0.010633889627865562,0.014858504882677686,0.715676961567159,0.4,0.497180888601213,0.278222455561389,0.49203945111547315,0.4956002081163452
between,118,0.015415460345276043,0.02479806207538234,0.621639719201258,0.4,0.38401095507218735,0.22438310957773946,0.37599586423963455,0.3794696525559842,0.010023045528358105,0.013402638358494097,0.7478412279926862,0.41,0.14131591331810328,0.17750093752343812,0.11958026843942898,0.11694600432292035
between,119,0.017488762195690476,0.023982860501197405,0.7292191936327739,0.395,0.2523559584069904,0.20456311407785197,0.2506497243564849,0.2542492741905286,0.012334269336395351,0.015581014012353095,0.791621734414485,0.4,0.29992287528733597,0.21552838820970527,0.2964018018508955,0.30012269371478484
between,120,0.023709654726690052,0.024560945986492607,0.9653396387797634,0.485,-0.3907735585873995,-0.13362634065851647,-0.3832261481787934,-0.391631017816845,0.014824715614886448,0.015439088950510405,0.960206632814066,0.475,-0.040961718289142836,-0.04548263706592666,-0.0402891274012915,-0.043998184909173677
between,121,0.01942001717642262,0.02189334658092949,0.8870282624283079,0.525,-0.009913928693216247,-0.11632190804770122,-0.009683371144290414,-0.008326758220987768,0.010918855337704893,0.01375180814505131,0.7939941586251786,0.415,-0.11001527192695668,0.11737043426085654,-0.09876923245578771,-0.10786315857331721
between,122,0.016124797039407945,0.02047326831183325,0.7876024869995011,0.455,-0.03301588831465055,0.08724218105452637,-0.03232333718032469,-0.031831388089302026,0.012452863154989124,0.013825721724598122,0.9007025747403502,0.46,0.018305594823513863,0.056270906772669334,0.01750838010927142,0.01867981580689911
between,123,0.019436848737337004,0.025926203680046056,0.7496989909207747,0.47,0.24677096107545693,0.13018525463136582,0.2438796952316838,0.2460304860741184,0.013009095419186196,0.015563177872687605,0.8358894003271875,0.47,0.25090520716859566,0.13626040651016277,0.24880853280408796,0.2518221475591098
between,124,0.017985823586518693,0.02633390084442798,0.6829912398004769,0.48,0.3743733183556635,0.12422710567764196,0.3618719227843565,0.364817170147984,0.012600721318049235,0.014834321334405126,0.8494302525875909,0.42,0.2684378273756428,0.1387729693242331,0.26687995953747395,0.2703377871444204
between,125,0.018911067218053256,0.024761790646850634,0.7637196957102328,0.475,0.14935586779658427,0.07801845046126155,0.14736740359072228,0.14994868120865845,0.010587371505946108,0.014183195342743999,0.7464729385795646,0.435,0.40108129224514255,0.194094352358809,0.38213187972672846,0.38616198694263093
between,126,0.0165861731155287,0.022469244855136503,0.7381722537834678,0.44,0.1976174026468413,0.254118352958824,0.19577697678916184,0.1975007294826087,0.011091725558467193,0.012977963048825937,0.8546584326629452,0.48,0.26249226354594224,0.09561689042226056,0.2554848096310867,0.2589302170338215
between,127,0.015174244553435953,0.017749869461977662,0.8548933041981517,0.405,0.1235477638680199,0.09431185779644492,0.12215364357697575,0.12244934435067553,0.012223389940980973,0.014221333414216407,0.8595108197633435,0.43,0.22600513244274295,0.14629715742893573,0.22260758047438675,0.2246345550235149
between,128,0.015326185064547037,0.01753791537895597,0.8738886425998598,0.425,0.05152728301654731,0.05749193729843247,0.050089787236223135,0.046758748251178414,0.010785784602466352,0.013845739508230044,0.7789966434118724,0.37,0.3253529180867418,0.2877386934673367,0.3204733902287639,0.3238963963572353
between,129,0.01785710958187054,0.024559709818953508,0.7270895997349953,0.435,0.06774948040233617,0.15292132303307585,0.06653692446105629,0.06930207160418834,0.01200471229533012,0.01322730577744054,0.9075704831594972,0.43,0.05495811835949796,0.017893947348683718,0.05415877765272093,0.05681038185523689
between,130,0.017789455245679972,0.024591697200518205,0.7233927410795017,0.45,0.12585060960642383,0.0805715142878572,0.12140151990317151,0.12444814990241233,0.0137109877529584,0.01633657814264375,0.8392814966047444,0.495,-0.09283015809456152,-0.0019590489762244057,-0.0906525970126166,-0.08878769691656742
between,131,0.01778231966054272,0.02183014471274568,0.8145763527696813,0.51,0.05619618931345661,0.04311107777694443,0.05165661379283008,0.04748158520629974,0.011101715436244435,0.01414874560598862,0.7846430874794658,0.435,-0.047459138714214644,0.2331508287707193,-0.04240869437455171,-0.04254436149732499
between,132,0.016288469125035468,0.01980909739357134,0.8222721510936473,0.475,0.2405788730921833,0.13706592664816622,0.23828404986456894,0.2415473540242368,0.01067122664286768,0.01132965959490851,0.9418841363656921,0.45,-0.06965701051594075,0.0654286357158929,-0.06906562413197657,-0.0681069041705085
between,133,0.018211669546593933,0.023972277311360042,0.7596970996978973,0.42,0.23697167441019948,0.1216305407635191,0.2355887878309806,0.23902773618112683,0.013513087998319163,0.0173993685056288,0.7766424392901154,0.435,0.3205723270646576,0.10213455336383412,0.3176475958429395,0.32136187072690364
between,134,0.020268853402998933,0.02608087094874533,0.777154008500395,0.425,0.02096622668820212,0.11434185854646367,0.020471850021236797,0.022971887029881666,0.012057497386095526,0.014136197568244187,0.8529519574048475,0.435,0.19415445381154323,0.13292132303307586,0.19276536302772992,0.19614502157136784
between,135,0.017702748252900614,0.02483591594725728,0.7127882172936567,0.415,0.2829662603723666,0.2075136878421961,0.2813508026893374,0.28482011544285973,0.012218660833809363,0.01318483773019803,0.9267206077041226,0.435,0.07243215111552564,0.06227705692642317,0.07203075992875914,0.07485909794615919
between,136,0.015092179442918928,0.018094876605619217,0.8340581575578235,0.41,0.1594948068578811,0.17029025725643143,0.15850535452641307,0.16144742772852022,0.01278883203839195,0.013506065637975519,0.946895445438463,0.46,0.10116816919583696,-0.023012075301882554,0.09934824840034612,0.09702386422170442
between,137,0.02395014023564573,0.026459754073026046,0.9051535463839137,0.45,-0.16349613227463428,0.011796294907372686,-0.16245389000817295,-0.16163748998573732,0.01348115358223311,0.014596545848334391,0.9235851907916586,0.46,0.08361480194875007,0.061114527863196585,0.08247131352724242,0.08235920422446906
between,138,0.014877737950542196,0.020943329848715764,0.7103807301900701,0.48,0.2619002676769566,0.18988224705617643,0.25990779759590155,0.26319295221183486,0.013665262450600521,0.01546348880776549,0.8837114716142238,0.51,0.12080767325920516,0.005877146928673218,0.12007940371952329,0.12279753882958235
between,139,0.019904330195560215,0.025817374857147895,0.7709664636971961,0.425,0.1531688266006822,0.1413140328508213,0.15036461824820904,0.1513325207501842,0.01361596886402277,0.014650849879688052,0.9293637554023374,0.465,0.1293351609587385,0.08902272556813921,0.12661891984500057,0.12468567530502611
between,140,0.018219633367698995,0.022071948537482778,0.8254655603585815,0.465,-0.014388877641135223,-0.04871671791794795,-0.014153932870405821,-0.01214811179167192,0.013130852821572923,0.017007663544645484,0.7720550672409617,0.46,-0.3098338325384695,0.07542788569714245,-0.2830727712741303,-0.2911882834019302
between,141,0.01579847559321317,0.018346225363154094,0.861129484702737,0.455,0.08079423259926019,0.03681092027300683,0.07757934375913811,0.06569713697096188,0.012882930667541872,0.014217102744084486,0.9061572459200422,0.405,0.27979107249591884,0.15243831095777396,0.2247759060719757,0.18992685721862473
between,142,0.019885771888343336,0.026737337552144205,0.7437454028308288,0.465,-0.08096394052744811,0.09825995649891249,-0.07795232900068282,-0.07651077111218735,0.01150264422663835,0.013078760714869004,0.8794903796627461,0.405,0.35892817545340905,0.2045751143778595,0.32695359049832895,0.3195880000676433
between,143,0.019326161930106202,0.024753524118410787,0.7807438584363869,0.49,0.010141068868064172,0.07321083027075678,0.009986608145532302,0.009430752786687202,0.010761487125140624,0.014680323418823086,0.7330551799248689,0.4,0.2441320459675943,0.2042481062026551,0.24170600315009752,0.24476902923532903
between,144,0.01622351284710062,0.022995374735396302,0.7055120011646562,0.48,0.292368000296102,0.05871746793669842,0.27614956210676916,0.2784640819131559,0.01137908163652701,0.01420688009689245,0.8009557030762876,0.425,-0.26648611013064927,0.0628185704642616,-0.26373986361052243,-0.264105669514639
between,145,0.017456621991623872,0.021417300880290837,0.8150710534999412,0.515,0.06888398955130966,0.0290182254556364,0.06841360426438209,0.07039518369624356,0.01319189808683625,0.015071673495838375,0.8752775921319439,0.475,0.1358202019032884,0.03636390909772745,0.12446297024467445,0.12278557963239027
between,146,0.01866907730044389,0.021230750703994952,0.8793413648312947,0.455,-0.1627419581687576,0.044720618015450395,-0.15962167789979237,-0.1579887598396297,0.01081842346643047,0.014144705330362552,0.7648390838661024,0.375,0.3328509075478423,0.28927773194329864,0.33066993407498146,0.33452904240653075
between,147,0.017529077064141873,0.021098251719795357,0.8308307862160579,0.385,0.08847009612227655,0.07167479186979676,0.08763999003436271,0.08867429108275093,0.014600170072008615,0.016352360004146287,0.8928478866846505,0.525,0.15066871255561728,0.007978699467486689,0.14677448373384086,0.14798967484891015
between,148,0.02244680011528219,0.02519548222421091,0.8909057550687619,0.435,-0.20164669351431413,-0.021557038925973153,-0.2000282223211639,-0.19933145328232502,0.013383662533853874,0.014640280676665108,0.9141670729841855,0.45,0.016603822249122074,0.07475586889672242,0.016451702444997555,0.018184986617183034
between,149,0.020085245429562706,0.024004882070113743,0.8367150220066687,0.425,-0.08392956061089828,0.09719042976074402,-0.08290663016723263,-0.08466475021892182,0.014234518268961778,0.016782469290098224,0.848177823114519,0.43,0.2994605502145892,0.1011745293632341,0.2906416008183981,0.29419449576709356
between,150,0.017319947413430497,0.021223391814743173,0.8160782011006796,0.445,-0.25176995128016594,0.005460136503412587,-0.2421087097914355,-0.24278032910180125,0.011153752107714876,0.012324715488363386,0.9049906359498443,0.43,0.19614578970298271,0.09419335483387085,0.19144964395950972,0.19439936134614869
between,151,0.018879207680685312,0.025280754237683944,0.7467818207948728,0.415,0.07256700966346827,0.1345548638715968,0.07028475998957244,0.06884684292671367,0.012063388048255961,0.014343301375286987,0.8410468226680897,0.38,0.16011700838062368,0.15637890947273683,0.15808507490961957,0.15807583458447683
between,152,0.01821229294056159,0.02497601680532254,0.7291912510517065,0.44,0.3026004836301794,0.16269106727668195,0.29941504055703766,0.30283485101707613,0.012077912717815659,0.01536330338714052,0.7861533690680862,0.435,0.36441553847835817,0.21927848196204908,0.36235735025238236,0.366318057177789
between,153,0.01858686733202133,0.020012453252629243,0.9287650593052295,0.435,-0.04483904354951388,-0.03462386559663992,-0.04409871739329994,-0.0458892437064044,0.01201053994495005,0.015044551023095206,0.7983315638009015,0.38,0.21059616331350883,0.19179329483237084,0.20748641318077302,0.21084964259633912
between,154,0.014571140500839576,0.023476863996407547,0.6206595780028059,0.46,0.4583650427293172,0.14146703667591692,0.4537855815177324,0.45779099421334546,0.013884158694413395,0.01642440674237867,0.8453369982971218,0.445,0.1899123181782939,0.006903172579314484,0.18463909846340307,0.18289675659700314
between,155,0.01912099617545244,0.02171602808068128,0.8805015403559273,0.49,0.08691631835309913,0.01605940148503713,0.08622725955185355,0.08813608661545298,0.011759856272012672,0.012770672751747883,0.9208486115504867,0.465,0.13834992542463204,0.03628890722268057,0.1369725951790394,0.1398575702155185
between,156,0.021816219351303418,0.028732576352153438,0.7592851780473332,0.385,-0.2390350619220062,0.11966099152478812,-0.23301886622441734,-0.23891083342969907,0.01384533576220051,0.014976524538416136,0.9244692069035092,0.45,0.12910733646999162,0.06462761569039227,0.12575772543466315,0.1196215623689293
between,157,0.016923073430014292,0.021330466251193458,0.7933756923418133,0.4,-0.00484934106499206,0.1256596414910373,-0.004799566500729099,-0.00433381175712582,0.011710565401574651,0.014666838248136745,0.79843830029709,0.41,0.24940213857489293,0.15572939323483087,0.24628396843237893,0.248852948635026
between,158,0.021509370058375277,0.026255124681769007,0.8192446358219323,0.445,0.0941133593024337,0.03436885922148054,0.09278720867247378,0.09285531629404378,0.012857870114987615,0.013760528912844397,0.9344023181395144,0.45,0.11721373947109702,0.07845646141153528,0.11600220936140503,0.11905543545620857
between,159,0.017461266810295233,0.02066403800042116,0.8450074864331624,0.455,-0.09431534548297466,0.06873621840546014,-0.09374837592434368,-0.09227340701803585,0.012737837580361955,0.014539103613780762,0.8761088660437434,0.42,0.2024323930969001,0.23786994674866874,0.19795989054206875,0.20131049799358433
between,160,0.02317018961838337,0.02906821128230351,0.7970971929906534,0.465,-0.08496300294740464,0.071452786319658,-0.08430753650984557,-0.083683916419966,0.012853658644772854,0.015159119129579573,0.8479159333006271,0.47,0.21319222056104742,0.09176029400735018,0.2006326516327409,0.19742487498291666
between,161,0.019065395826858754,0.0259229818595231,0.7354630701890055,0.47,0.30508769285441817,0.20091652291307288,0.3003282758966269,0.3027976593577016,0.010794643741927363,0.013145515037588238,0.8211655238354068,0.435,0.309334994295756,0.15945398634965877,0.3077152407450136,0.3115106128784177
between,162,0.016989504076082507,0.020898251625851613,0.8129629396875528,0.47,0.13464617066807566,0.10137703442586066,0.12960572547467342,0.11888362698007285,0.012339996972580538,0.01706503904907604,0.7231156598641753,0.4,0.16443428816528435,0.20285607140178508,0.16179893818683952,0.1648670124977741
between,163,0.01967497527938428,0.022929642788210854,0.8580585167031062,0.44,-0.27198298561771217,0.02006900172504313,-0.2680284072138806,-0.2720764028340167,0.012164999059302519,0.014203176988727508,0.8564984488299618,0.425,0.22615294881400153,0.21099827495687395,0.22112921606648395,0.22391899679218363
between,164,0.018021072203447244,0.024527365734837547,0.7347332933455197,0.455,0.18680725227415482,0.1007350183754594,0.1848802940410956,0.18639982152831874,0.010906759318638144,0.011972373574310233,0.9109939019979602,0.435,0.14859277717664898,0.14866871671791798,0.1471527384098391,0.14989107220562656
between,165,0.020888642587603732,0.02485946149570069,0.8402693111922923,0.51,-0.06484613656642181,-0.04409510237755944,-0.06421053544500557,-0.06385873051125837,0.011693794105145856,0.012958506810813387,0.9024028984101644,0.435,0.1483149676432843,0.11814295357383936,0.1469896997565606,0.1493771604050069
between,166,0.015184542220711687,0.02147669788005155,0.7070240641982362,0.43,0.3558701468974568,0.20640516012900323,0.3479376589966403,0.3507926126083867,0.011462564199058112,0.01624742909900342,0.705500182780376,0.435,0.33487056358697004,0.2500637515937899,0.32362044392406514,0.3261332077233852
between,167,0.01760328934610782,0.02261221581480071,0.7784858189167678,0.42,0.1397191262737638,0.13990999774994375,0.13885693149241232,0.14182705239834623,0.012234528545771775,0.014785895349235967,0.827445904140257,0.44,0.06722211121546867,0.08340058501462538,0.0666436414394329,0.06945924846560501
between,168,0.01863702134986775,0.024346579532918265,0.7654882824369313,0.45,0.10111159814637904,0.09562439060976526,0.09939634281772451,0.10237499704560123,0.013770910058304943,0.015406357158378917,0.8938459570123287,0.45,0.06348408771128414,0.10644566114152855,0.06085684459533263,0.05863654309958902
between,169,0.018817714985498734,0.0228029647202582,0.8252310704485298,0.505,0.26224424011172087,0.06847221180529514,0.25669570715827533,0.25654885421146995,0.01456968490509021,0.01667551239260506,0.8737173744388987,0.425,0.11825552882884649,0.11767794194854873,0.1160561000354283,0.11818902233496087
between,170,0.020333538377461133,0.02226454841291071,0.913269741670133,0.445,-0.06990535111211671,-0.024290107252681322,-0.06900151108717965,-0.07066481180582665,0.010898362827353854,0.013179081714758666,0.8269440210807149,0.435,0.03622110086351733,0.02046651166279157,0.03511242435615396,0.03511417549275451
between,171,0.02002038411781635,0.024205544934545485,0.8270990870874305,0.435,0.21554289340815672,0.1582599564989125,0.2110393713580488,0.2118863096345162,0.013339933283363253,0.01615977318298969,0.8255025075107678,0.43,0.22395777011258497,0.18847971199279986,0.21923809472606626,0.22249386516650996
between,172,0.018627654174350677,0.019168144322784766,0.9718026878693927,0.52,-0.2753891020016507,-0.15227480687017178,-0.26718841226763707,-0.27994768602455816,0.01202988580841466,0.012979867002399977,0.9268111765852712,0.455,0.026887014637661237,0.10897322433060828,0.02637856289467795,0.02890317769323498
between,173,0.016544619463161922,0.021291753300034747,0.7770435449829733,0.415,0.13464015878774474,0.2615600390009751,0.13393143132196872,0.13695048049693473,0.012423438757514166,0.013256495041372928,0.9371586319567253,0.465,0.1523121167260333,0.043295582389559745,0.15061294978498802,0.15267199631808004
between,174,0.020333538377461133,0.022264548412910708,0.9132697416701331,0.445,-0.0699053511121166,-0.024290107252681322,-0.0690015110871795,-0.07066481180582654,0.010898362827353845,0.01317908171475867,0.826944021080714,0.435,0.036221100863517264,0.02046651166279157,0.03511242435615394,0.035114175492754564
between,175,0.01701340073783508,0.02310370691512748,0.7363926836647722,0.405,0.2925165613886169,0.18951173779344485,0.29046403642392105,0.29417160146496346,0.01397394977560241,0.01725115656123256,0.8100297348761641,0.47,0.28237748751362857,0.1589829745743644,0.2796874539796281,0.28317220999750853
between,176,0.016454072194209385,0.019007032415104326,0.8656833868044451,0.485,0.058827824985289566,0.04398259956498913,0.0574160402416732,0.05435474350090369,0.013135415947144109,0.01430023785802799,0.918545277187123,0.435,0.12473019975357941,0.03229730743268582,0.12268176195917306,0.1206748534960385
between,177,0.01716706865153573,0.024047303693475873,0.7138874640732891,0.405,0.12768042965775128,0.14997974949373738,0.12401982250583858,0.12705651556825256,0.01355170677653317,0.014022770108472409,0.9664072556067487,0.44,0.05674796967257262,0.0547468686717168,0.054802640432594786,0.05032465439913633
between,178,0.020232188199591675,0.028949664877863532,0.6988746945759048,0.42,0.20164415025424157,0.1356138903472587,0.19784460340748686,0.1959795462480478,0.013167527466493878,0.016495770592967186,0.7982365778115106,0.375,0.3797157816003119,0.24771919297982453,0.36514539015582564,0.3688780888585651
between,179,0.017988807321675522,0.023315130874732526,0.7715507761172664,0.47,0.0926464866117161,0.1269676741918548,0.09135717556436299,0.09290372149234613,0.011390686557006141,0.012762860508654909,0.8924869584903594,0.475,0.2117832285868359,0.07610740268506713,0.20240870638472733,0.20476492476945574
between,180,0.015232019026784336,0.020473895492888812,0.743972686198133,0.365,0.2098571517574105,0.259543988599715,0.20595344245657185,0.20756290398024013,0.013246612708289656,0.015433831913276267,0.8582841113420995,0.45,0.22404912716713388,0.12606165154128857,0.21719077096467865,0.2180165570557723
between,181,0.01878020573098154,0.02212113099573678,0.848971317723352,0.5,0.08565320135723223,0.1513852846321158,0.08383668591906326,0.08293330212102014,0.01254614492390534,0.014402111645253686,0.8711323195470442,0.45,0.23964654865539192,0.07914947873696843,0.23840227540023615,0.24194812277954342
between,182,0.017890576501073997,0.02279064557557808,0.7849964776884213,0.42,0.12006854564792614,0.014130353258831472,0.11939208503521737,0.12218668620242001,0.011069823013683564,0.013536205066489978,0.8177936843678476,0.395,0.3015476323407866,0.1554848871221781,0.2844525374614533,0.28813550601609195
between,183,0.015696445451158697,0.02160892057615035,0.7263872989788661,0.43,0.17854882852618134,0.15361434035850896,0.174361997912707,0.17757062241796168,0.009540341652330817,0.0108068513935986,0.8828049266951153,0.475,0.05813655713660572,0.02082202055051377,0.05510540214758918,0.053295005218937076
between,184,0.020442708862573884,0.020927868698698306,0.9768175229351186,0.45,-0.18609367729709633,-0.02966924173104328,-0.18152335879375936,-0.1835104374651554,0.015554424074468559,0.016282522071162802,0.9552834632428508,0.435,-0.025485145901795556,0.006682667066676667,-0.024767136733105467,-0.02608512324048403
between,185,0.019302660758999165,0.02155779711765371,0.8953911502948596,0.485,0.022670182199803858,0.02891322283057077,0.022223618897025416,0.024580690377193286,0.013911006388939672,0.015824632253569344,0.8790729646056678,0.39,0.12812156732625593,0.08517062926573166,0.1130100508658874,0.10773647741409537
between,186,0.01847595378789628,0.021006828104737498,0.8795213487622888,0.51,0.07145987694066273,-0.0850971274281857,0.07090820119230477,0.07371153913429532,0.013287206060813525,0.014309047293978786,0.9285877520584302,0.375,0.01552155530413206,0.10612315307882698,0.015361062455854085,0.015733025532317053
between,187,0.021964977895951768,0.025543840092411074,0.8598933369645324,0.4,-0.02919492428309515,0.12380259506487665,-0.02892188001554412,-0.02678691664633248,0.0130798375419638,0.01544114479935883,0.8470769306241414,0.415,0.22497729414784148,0.19413485337133432,0.2227332390378835,0.2256938106244497
between,188,0.01601450361730885,0.021657877558892202,0.7394308871569772,0.4,0.3561910995226657,0.23150678766969174,0.3477688450436088,0.3505922164495152,0.012026241875306844,0.014047325141398304,0.856123265764298,0.46,0.20046643766687344,0.13404935123378087,0.19906463001542013,0.2021556452629862
between,189,0.02001073655331165,0.025347390453369,0.7894594352868369,0.445,0.10601878493928792,0.12207905197629942,0.10345956031124397,0.10376312882321564,0.013568617741417772,0.015848181624435468,0.8561624332028757,0.445,0.1713223521365422,0.037443936098402464,0.17002826366297435,0.17278433030009568
between,190,0.01837671178344688,0.02289114002821202,0.8027870940808818,0.44,0.19294494577964616,0.13132978324458114,0.1863316425011061,0.1778589002281686,0.011188360486803548,0.011794504867146885,0.9486078994268147,0.42,0.11506594244965283,0.09128928223205582,0.11340359266403419,0.11618041618337943
between,191,0.02208698262663639,0.0251417379089876,0.8784986426392105,0.48,0.018367429848607366,0.07501387534688367,0.018228396395260454,0.020233023650483982,0.01428865996498482,0.014982964703211206,0.9536603901844887,0.435,-0.006622535219304726,0.0022125553138828474,-0.006572963316060234,-0.004105720715726601
between,192,0.015446547376854868,0.02055616241193465,0.7514314718532675,0.395,0.23078808475872314,0.22262356558913976,0.22741440583635456,0.23090917284956064,0.012058962836177668,0.013553117949798722,0.8897556179208753,0.46,0.170350713724168,0.06413110327758195,0.16338072300056067,0.16046877207237545
between,193,0.017316393433981666,0.02243936289754516,0.7716971962638056,0.38,0.12908445420086845,0.2107372684317108,0.12815490877933175,0.13107329959047986,0.011221226977349914,0.013334982513171938,0.8414879409302477,0.36,0.1425552656535048,0.19693992349808748,0.13941915841253363,0.14255809955805362
between,194,0.01724255097341566,0.026339116720100336,0.6546366439181782,0.43,0.4318465604721087,0.2120033000825021,0.42483189555974904,0.4290137282091978,0.013844587744277149,0.017492423410695724,0.7914619615148287,0.465,0.22907517015839277,0.13672991824795622,0.21665647972334948,0.21999195387084258
between,195,0.014797073670829088,0.022892528955591653,0.6463712986683721,0.45,0.4955174858568806,0.24872421810545267,0.4864221851401531,0.4892240569613268,0.013749655038455839,0.01594323052370174,0.8624133620858797,0.405,0.1910247911613221,0.17900997524938123,0.1860796477830817,0.18940086982699594
between,196,0.017800660126574084,0.021378387676168287,0.8326474566843738,0.455,-0.03521061470992738,-0.015802895072376814,-0.03481530641579012,-0.03402191035354106,0.009871025513277823,0.011224525043016655,0.8794158750992397,0.43,0.21561456274242746,0.17116927923198083,0.21161175824782122,0.21074245852661908
between,197,0.019974795371402784,0.029426615761077822,0.6788002920071825,0.39,0.15211318111351751,0.16568814220355513,0.1485913436970974,0.14860092949313158,0.010990067121185158,0.013755686977396068,0.7989471655791895,0.475,0.1352901479048213,0.058447461186529666,0.12069938808658806,0.1189153475986571
between,198,0.01548317172237098,0.023738351036714837,0.6522429337414375,0.43,-0.07478763183093101,0.22431410785269637,-0.07317064696420643,-0.07152982248576843,0.012286266584284375,0.014900213433955633,0.824569838461883,0.475,-0.10529504420370255,0.004630615765394135,-0.0976905902817281,-0.09746192311498757
between,199,0.017394288921778547,0.023553165681732362,0.7385117209645161,0.38,0.21105148837964685,0.2462791569789245,0.20564988952141738,0.20795944702548486,0.013214074893292085,0.014084476258558637,0.9382013679963684,0.48,0.22869828177477106,0.12154803870096753,0.22534310849697714,0.22884896453924017
