tn_proba,fp_proba,fn_proba,tp_proba,accuracy_proba,balanced_accuracy_proba,f1_weighted_proba,f1_macro_proba,precision_1_proba,recall_1_proba,precision_0_proba,recall_0_proba,roc_auc_proba,tn_ratio,fp_ratio,fn_ratio,tp_ratio,accuracy_ratio,balanced_accuracy_ratio,f1_weighted_ratio,f1_macro_ratio,precision_1_ratio,recall_1_ratio,precision_0_ratio,recall_0_ratio,roc_auc_ratio,best_thresh_proba,tn_proba_best,fp_proba_best,fn_proba_best,tp_proba_best,balanced_accuracy_proba_best,accuracy_proba_best,f1_weighted_proba_best,f1_macro_proba_best,precision_1_proba_best,recall_1_proba_best,precision_0_proba_best,recall_0_proba_best,best_thresh_ratio,tn_ratio_best,fp_ratio_best,fn_ratio_best,tp_ratio_best,balanced_accuracy_ratio_best,accuracy_ratio_best,f1_weighted_ratio_best,f1_macro_ratio_best,precision_1_ratio_best,recall_1_ratio_best,precision_0_ratio_best,recall_0_ratio_best,perm_or_obs,perm_id
881,25,2809,243,0.28398180899444164,0.5260130511892466,0.2006336786978935,0.26488119580148267,0.9067164179104478,0.07961992136304064,0.23875338753387534,0.9724061810154525,0.677066245417907,906,0,2864,188,0.2764022233451238,0.5307994757536042,0.17818782309669154,0.2517800378079819,1.0,0.061598951507208385,0.2403183023872679,1.0,0.7782898124922246,0.45,350,556,458,2594,0.6181239674920944,0.743810005053057,0.7385100948188861,0.6224528768338742,0.8234920634920635,0.8499344692005243,0.43316831683168316,0.38631346578366443,0.43,607,299,797,2255,0.7044188445169671,0.7230924709449217,0.7406416272080488,0.6650181546364208,0.8829287392325763,0.7388597640891219,0.4323361823361823,0.6699779249448123,obs,0
469,437,1567,1485,0.49368367862556845,0.5021131151287904,0.5334070069104581,0.4579678365570306,0.7726326742976066,0.4865661861074705,0.23035363457760313,0.5176600441501104,0.505571564551454,467,439,1533,1519,0.5017685699848409,0.5065794803248476,0.5411535697051034,0.46389560864506363,0.7757916241062308,0.49770642201834864,0.2335,0.5154525386313465,0.5052558449711982,0.49,238,668,776,2276,0.504216827383484,0.6351692774128348,0.6421444745376823,0.5035447242606181,0.7730978260869565,0.745740498034076,0.23471400394477318,0.26269315673289184,0.5,467,439,1533,1519,0.5065794803248476,0.5017685699848409,0.5411535697051034,0.46389560864506363,0.7757916241062308,0.49770642201834864,0.2335,0.5154525386313465,perm,0
475,431,1494,1558,0.5136432541687721,0.5173837443112612,0.5522765819347631,0.4742830528794321,0.783308195072901,0.5104849279161205,0.24123920771965465,0.5242825607064018,0.5208910163494281,479,427,1476,1576,0.5192016169782718,0.5225401358064339,0.5574581928718524,0.4791945018636315,0.7868197703444832,0.5163826998689384,0.24501278772378515,0.5286975717439294,0.5235518488943667,0.5,475,431,1494,1558,0.5173837443112612,0.5136432541687721,0.5522765819347631,0.4742830528794321,0.783308195072901,0.5104849279161205,0.24123920771965465,0.5242825607064018,0.51,707,199,2202,850,0.5294295493274775,0.3933804951995958,0.4044862746703494,0.3925876212783188,0.8102955195424214,0.27850589777195284,0.24303884496390513,0.7803532008830022,perm,1
488,418,1522,1530,0.5098534613441131,0.5199709812839408,0.5485262249504572,0.4733525377229081,0.7854209445585215,0.5013106159895151,0.2427860696517413,0.5386313465783664,0.5214060045307387,482,424,1497,1555,0.5146538655886812,0.5207553979730297,0.5531529928082835,0.4761547383690788,0.7857503789792825,0.5095019659239842,0.24355735219807984,0.5320088300220751,0.5235813232881706,0.5,488,418,1522,1530,0.5199709812839408,0.5098534613441131,0.5485262249504572,0.4733525377229081,0.7854209445585215,0.5013106159895151,0.2427860696517413,0.5386313465783664,0.5,482,424,1497,1555,0.5207553979730297,0.5146538655886812,0.5531529928082835,0.4761547383690788,0.7857503789792825,0.5095019659239842,0.24355735219807984,0.5320088300220751,perm,2
461,445,1497,1555,0.5093481556341587,0.5091659939995197,0.548375602578294,0.46876257867894566,0.7775,0.5095019659239842,0.23544433094994893,0.5088300220750552,0.505340470838071,450,456,1487,1565,0.5090955027791814,0.5047336238098131,0.5482236083331098,0.46677946234016077,0.7743691241959426,0.512778505897772,0.2323180175529169,0.4966887417218543,0.5036150434412783,0.5,461,445,1497,1555,0.5091659939995197,0.5093481556341587,0.548375602578294,0.46876257867894566,0.7775,0.5095019659239842,0.23544433094994893,0.5088300220750552,0.49,234,672,757,2295,0.5051220348398184,0.6389590702374937,0.6444984569152671,0.5046452356152451,0.7735085945399394,0.7519659239842726,0.23612512613521694,0.2582781456953642,perm,3
445,461,1559,1493,0.4896412329459323,0.4901786980057228,0.5299551843612226,0.4511630716679504,0.7640736949846468,0.4891874180865007,0.2220558882235529,0.4911699779249448,0.490500203970038,448,458,1533,1519,0.49696816574027286,0.4960938291107196,0.5368582529455374,0.4572265067664697,0.7683358624178047,0.49770642201834864,0.22614840989399293,0.49448123620309054,0.49073455252445464,0.47000000000000003,27,879,64,2988,0.504415734335535,0.7617483577564427,0.678400694179386,0.458935557938449,0.7726920093095423,0.9790301441677588,0.2967032967032967,0.029801324503311258,0.47000000000000003,32,874,86,2966,0.5035709222628234,0.7574532592218292,0.6779954576741215,0.4616040336622171,0.7723958333333333,0.971821756225426,0.2711864406779661,0.03532008830022075,perm,4
452,454,1471,1581,0.5136432541687721,0.5084586085482252,0.5524471342458304,0.47056598710191,0.7769041769041769,0.5180209698558322,0.23504940197607904,0.4988962472406181,0.5064930462129563,437,469,1452,1600,0.5146538655886812,0.5032931758279593,0.5534196181615287,0.4687896028804191,0.7733204446592556,0.5242463958060288,0.23133933298041293,0.48233995584988965,0.5012608892515024,0.5,452,454,1471,1581,0.5084586085482252,0.5136432541687721,0.5524471342458304,0.47056598710191,0.7769041769041769,0.5180209698558322,0.23504940197607904,0.4988962472406181,0.47000000000000003,37,869,95,2957,0.5048558611730737,0.7564426478019202,0.6793406677717891,0.46556696086654215,0.7728698379508625,0.968872870249017,0.2803030303030303,0.04083885209713024,perm,5
458,448,1538,1514,0.4982314300151592,0.5007934579141822,0.5379242662828,0.4597767189154997,0.7716615698267074,0.49606815203145477,0.22945891783567135,0.5055187637969095,0.49181696799261654,428,478,1522,1530,0.4946942900454775,0.4868583985024838,0.5349222101605503,0.45223148547956726,0.7619521912350598,0.5013106159895151,0.2194871794871795,0.47240618101545256,0.4897022254433094,0.52,832,74,2766,286,0.5060156695280336,0.28246589186457804,0.2138376545943788,0.268546494557918,0.7944444444444444,0.09370904325032765,0.2312395775430795,0.9183222958057395,0.52,820,86,2717,335,0.5074206759075219,0.29181404749873674,0.2332503082865194,0.28101837531404444,0.7957244655581948,0.10976408912188729,0.23183488832343793,0.9050772626931567,perm,6
481,425,1486,1566,0.5171803941384537,0.5220056185789219,0.5555427637309794,0.47795026123752016,0.7865394274234053,0.5131061598951507,0.24453482460599898,0.5309050772626932,0.5287868990478505,481,425,1455,1597,0.5250126326427489,0.5270842555382929,0.5628751026419898,0.4839888301969695,0.7898120672601385,0.5232634338138925,0.2484504132231405,0.5309050772626932,0.526671071551532,0.5,481,425,1486,1566,0.5220056185789219,0.5171803941384537,0.5555427637309794,0.47795026123752016,0.7865394274234053,0.5131061598951507,0.24453482460599898,0.5309050772626932,0.5,481,425,1455,1597,0.5270842555382929,0.5250126326427489,0.5628751026419898,0.4839888301969695,0.7898120672601385,0.5232634338138925,0.2484504132231405,0.5309050772626932,perm,7
469,437,1513,1539,0.5073269327943406,0.5109597730580171,0.5463896466752239,0.46848204073807176,0.7788461538461539,0.504259501965924,0.23662966700302723,0.5176600441501104,0.504442496361811,448,458,1518,1534,0.5007579585649318,0.4985512340910604,0.5404302538164671,0.46011256927892485,0.7700803212851406,0.5026212319790302,0.2278738555442523,0.49448123620309054,0.49794492953630815,0.5,469,437,1513,1539,0.5109597730580171,0.5073269327943406,0.5463896466752239,0.46848204073807176,0.7788461538461539,0.504259501965924,0.23662966700302723,0.5176600441501104,0.49,244,662,792,2260,0.5049068536825995,0.6326427488630622,0.6409414104144716,0.5039496589581285,0.7734428473648186,0.7404980340760158,0.23552123552123552,0.2693156732891832,perm,8
471,435,1498,1554,0.511622031328954,0.5145209307977399,0.5504159131843622,0.4720982551771129,0.7812971342383107,0.5091743119266054,0.23920771965464702,0.5198675496688742,0.5141032261984324,456,450,1503,1549,0.5065689742294088,0.5054236501089286,0.5458129493522049,0.46583424981419885,0.7748874437218609,0.5075360419397117,0.2327718223583461,0.5033112582781457,0.5171918895147828,0.5,471,435,1498,1554,0.5145209307977399,0.511622031328954,0.5504159131843622,0.4720982551771129,0.7812971342383107,0.5091743119266054,0.23920771965464702,0.5198675496688742,0.52,823,83,2713,339,0.5097316130413524,0.29358261748357756,0.23531139638497822,0.2828589402928087,0.8033175355450237,0.11107470511140236,0.23274886877828055,0.9083885209713024,perm,9
448,458,1565,1487,0.4888832743810005,0.49085136515265926,0.5291865010347304,0.4510557653536966,0.7645244215938304,0.48722149410222804,0.22255340288127173,0.49448123620309054,0.5037550016057215,463,443,1507,1545,0.5073269327943406,0.5086314767720077,0.5464567926135878,0.4675351016623618,0.7771629778672032,0.5062254259501966,0.2350253807106599,0.5110375275938189,0.5076465257103511,0.48,92,814,275,2777,0.5057202022919868,0.7248610409297626,0.6777749660413438,0.49030424858207355,0.773322194374826,0.9098951507208388,0.2506811989100817,0.10154525386313466,0.51,683,223,2245,807,0.5091399552712512,0.37645275391611926,0.38644233078259177,0.3758401389154058,0.7834951456310679,0.2644167758846658,0.23326502732240437,0.7538631346578366,perm,10
448,458,1563,1489,0.48938858009095504,0.49117901915003803,0.529668070296742,0.4514420196346434,0.7647663071391885,0.4878768020969856,0.2227747389358528,0.49448123620309054,0.48928108517846647,445,461,1521,1531,0.49924204143506823,0.4964041239559194,0.5390347991215778,0.4584732349751159,0.768574297188755,0.5016382699868939,0.22634791454730416,0.4911699779249448,0.492830489325568,0.0,0,906,0,3052,0.5,0.7710965133906014,0.6714369640137277,0.43537803138373754,0.7710965133906014,1.0,0.0,0.0,0.48,101,805,321,2731,0.5031510477694936,0.7155128852956039,0.6741213014225982,0.49059580763856886,0.772341628959276,0.8948230668414154,0.23933649289099526,0.11147902869757174,perm,11
463,443,1527,1525,0.5022738756947953,0.5053549367982201,0.5416870996022832,0.46366055116550375,0.7748983739837398,0.4996723460026212,0.2326633165829146,0.5110375275938189,0.505450050486201,445,461,1489,1563,0.5073269327943406,0.5016465879139796,0.5466053325845528,0.4646097625944794,0.7722332015810277,0.5121231979030144,0.23009307135470528,0.4911699779249448,0.5078700247946557,0.48,90,816,267,2785,0.5059270655221199,0.7263769580596261,0.6781973894906048,0.4898670540641569,0.7733962788114412,0.9125163826998689,0.25210084033613445,0.09933774834437085,0.52,821,85,2733,319,0.5053513203081827,0.28802425467407783,0.2266228503211641,0.27638395822953,0.7896039603960396,0.104521625163827,0.23100731570061903,0.9061810154525386,perm,12
473,433,1538,1514,0.5020212228398181,0.5090716036095464,0.5413041892898955,0.46501346892621587,0.7776065742167437,0.49606815203145477,0.23520636499254102,0.522075055187638,0.5140938233243355,471,435,1518,1534,0.5065689742294088,0.5112443908239521,0.5456485090169351,0.46821112983500385,0.7790756729304216,0.5026212319790302,0.2368024132730015,0.5198675496688742,0.5115404005335046,0.49,255,651,743,2309,0.5190050167949798,0.6478019201616978,0.6536161116972965,0.5179937743560498,0.7800675675675676,0.7565530799475754,0.25551102204408815,0.2814569536423841,0.5,471,435,1518,1534,0.5112443908239521,0.5065689742294088,0.5456485090169351,0.46821112983500385,0.7790756729304216,0.5026212319790302,0.2368024132730015,0.5198675496688742,perm,13
440,466,1553,1499,0.48989388580090953,0.4884022780994043,0.5302671363459066,0.4505606085910182,0.7628498727735369,0.49115334207077327,0.22077270446562972,0.4856512141280353,0.4860826613894844,445,461,1546,1506,0.4929257200606367,0.49230844898868475,0.5330725273948376,0.4536669527043352,0.7656329435688867,0.49344692005242463,0.22350577599196383,0.4911699779249448,0.4871354216393404,0.47000000000000003,27,879,78,2974,0.5021221563538837,0.758211217786761,0.6764525208051712,0.45740862102677926,0.7718660783804827,0.9744429882044561,0.2571428571428571,0.029801324503311258,0.47000000000000003,30,876,91,2961,0.5016480345099945,0.7556846892369884,0.6762318299181423,0.45902694316878734,0.7716966379984362,0.9701834862385321,0.24793388429752067,0.033112582781456956,perm,14
448,458,1524,1528,0.49924204143506823,0.49756827209892407,0.5390032766545326,0.4589586136329842,0.7693856998992951,0.5006553079947575,0.22718052738336714,0.49448123620309054,0.49091646197333055,443,463,1512,1540,0.501010611419909,0.4967748141847419,0.5407146247619067,0.4594898272100222,0.7688467299051422,0.5045871559633027,0.22659846547314577,0.488962472406181,0.4902828529187967,0.46,4,902,7,3045,0.501060716527938,0.7703385548256695,0.6729467936060423,0.4394242018995392,0.7714720040537116,0.9977064220183486,0.36363636363636365,0.004415011037527594,0.0,0,906,0,3052,0.5,0.7710965133906014,0.6714369640137277,0.43537803138373754,0.7710965133906014,1.0,0.0,0.0,perm,15
455,451,1531,1521,0.49924204143506823,0.500284617765935,0.5389210581256749,0.46007738236822865,0.7712981744421906,0.4983617300131062,0.22910372608257804,0.5022075055187638,0.5008748289400212,442,464,1521,1531,0.49848408287013646,0.49474849481684646,0.5383520172999796,0.45740917218508514,0.7674185463659148,0.5016382699868939,0.2251655629139073,0.4878587196467991,0.5016762431322854,0.51,694,212,2290,762,0.5078383805068294,0.3678625568468924,0.373566071997597,0.3676759163126056,0.7823408624229979,0.24967234600262123,0.23257372654155495,0.7660044150110376,0.51,688,218,2238,814,0.5130461261605317,0.3794845881758464,0.38957626312057975,0.37885510746147194,0.7887596899224806,0.2667103538663172,0.23513328776486672,0.7593818984547461,perm,16
442,464,1557,1495,0.48938858009095504,0.48885072286402864,0.5297594880799196,0.4504951069780734,0.7631444614599285,0.4898427260812582,0.22111055527763882,0.4878587196467991,0.4824086691605982,438,468,1513,1539,0.4994946942900455,0.49385160528759775,0.5393363497322406,0.4575179836279816,0.7668161434977578,0.504259501965924,0.22450025627883136,0.48344370860927155,0.48645154337328833,0.54,904,2,3035,17,0.5016813062183376,0.2326932794340576,0.09395655572095343,0.19211976346520718,0.8947368421052632,0.005570117955439056,0.2294998730642295,0.9977924944812362,0.54,900,6,3024,28,0.501275897685157,0.23446184941889844,0.09929832532681337,0.1954086376865266,0.8235294117647058,0.009174311926605505,0.22935779816513763,0.9933774834437086,perm,17
447,459,1498,1554,0.5055583628094997,0.501275897685157,0.5449407046193778,0.46359854338357576,0.7719821162444114,0.5091743119266054,0.22982005141388176,0.49337748344370863,0.4984373146548856,443,463,1491,1561,0.5063163213744315,0.500215181157219,0.5456752922411365,0.46351152621005787,0.7712450592885376,0.5114678899082569,0.22905894519131334,0.488962472406181,0.4990783375139958,0.51,677,229,2260,792,0.5033712920127648,0.37114704396159676,0.38053069990885935,0.37061571927723674,0.7757100881488737,0.2595019659239843,0.23050732039496086,0.7472406181015453,0.48,97,809,287,2765,0.5065136602061688,0.7230924709449217,0.677974459436945,0.4924893010152629,0.7736429770565193,0.9059633027522935,0.2526041666666667,0.10706401766004416,perm,18
477,429,1518,1534,0.5080848913592724,0.514555649102098,0.5470050285587328,0.47030841292049397,0.7814569536423841,0.5026212319790302,0.23909774436090225,0.5264900662251656,0.5162156180292155,459,447,1509,1543,0.5058110156644771,0.5060963172558652,0.5450716447710002,0.46573707785706536,0.7753768844221105,0.505570117955439,0.23323170731707318,0.5066225165562914,0.5159199699686667,0.5,477,429,1518,1534,0.514555649102098,0.5080848913592724,0.5470050285587328,0.47030841292049397,0.7814569536423841,0.5026212319790302,0.23909774436090225,0.5264900662251656,0.51,679,227,2214,838,0.5120110867118584,0.3832743810005053,0.3957320509450567,0.3822775166214496,0.7868544600938967,0.2745740498034076,0.2347044590390598,0.7494481236203091,perm,19
467,439,1520,1532,0.5050530570995452,0.5087092313078097,0.544265358853564,0.46642114094040554,0.7772704211060375,0.5019659239842726,0.2350276799194766,0.5154525386313465,0.5065053422790831,441,465,1499,1553,0.503789792824659,0.49780081240832197,0.5433308398037655,0.4612659589361032,0.7695738354806739,0.5088466579292268,0.22731958762886598,0.4867549668874172,0.5028720355631164,0.51,688,218,2262,790,0.5091142781919864,0.3734209196563921,0.38176529623429767,0.3730045173027002,0.7837301587301587,0.25884665792922673,0.23322033898305083,0.7593818984547461,0.51,675,231,2225,827,0.5080014842075113,0.3794845881758464,0.39150752897612967,0.3785680951960856,0.781663516068053,0.27096985583224115,0.23275862068965517,0.7450331125827815,perm,20
456,450,1565,1487,0.4909044972208186,0.4952663761901869,0.530981622937871,0.45384663478648585,0.7676819824470831,0.48722149410222804,0.22563087580405738,0.5033112582781457,0.49633396404919583,458,448,1553,1499,0.49444163719050027,0.4983360529338414,0.5343225178940034,0.4568705993512724,0.7699024139702105,0.49115334207077327,0.2277473893585281,0.5055187637969095,0.49554394180054917,0.49,239,667,779,2273,0.5042772227671067,0.6346639717028802,0.6418830973713313,0.5035594930454743,0.7731292517006803,0.7447575360419397,0.23477406679764243,0.26379690949227375,0.49,245,661,804,2248,0.5034928060780178,0.6298635674583123,0.6389608762859376,0.5024376263273083,0.7727741491921623,0.7365661861074705,0.23355576739752146,0.2704194260485651,perm,21
448,458,1540,1512,0.49519959575543204,0.4949470401198939,0.5351860916479865,0.45587830959121955,0.76751269035533,0.4954128440366973,0.22535211267605634,0.49448123620309054,0.5040338329875969,450,456,1506,1546,0.5042950985346134,0.5016209108347148,0.5437333997249698,0.46312902414925095,0.7722277722277723,0.5065530799475754,0.23006134969325154,0.4966887417218543,0.5047817231273092,0.48,93,813,247,2805,0.5108592346349804,0.732187973724103,0.6827236226928821,0.49517857443669816,0.775290215588723,0.9190694626474443,0.2735294117647059,0.10264900662251655,0.48,101,805,304,2748,0.5059361067472131,0.7198079838302173,0.6768966603041331,0.4930888753001881,0.7734309034618632,0.9003931847968545,0.24938271604938272,0.11147902869757174,perm,22
482,424,1526,1526,0.5073269327943406,0.5160044150110376,0.5462142228847083,0.47048634218241325,0.7825641025641026,0.5,0.2400398406374502,0.5320088300220751,0.5137574897508672,471,435,1507,1545,0.5093481556341587,0.5130464878095353,0.5482738720112065,0.47034981665192976,0.7803030303030303,0.5062254259501966,0.23811931243680484,0.5198675496688742,0.5141294457512029,0.5,482,424,1526,1526,0.5160044150110376,0.5073269327943406,0.5462142228847083,0.47048634218241325,0.7825641025641026,0.5,0.2400398406374502,0.5320088300220751,0.5,471,435,1507,1545,0.5130464878095353,0.5093481556341587,0.5482738720112065,0.47034981665192976,0.7803030303030303,0.5062254259501966,0.23811931243680484,0.5198675496688742,perm,23
434,472,1550,1502,0.48913592723597776,0.4855825008173268,0.5296284698503354,0.44901901117648435,0.7608915906788247,0.4921363040629096,0.21875,0.47902869757174393,0.48470658693029434,418,488,1513,1539,0.49444163719050027,0.48281407769377876,0.5347563182316147,0.45035114212016925,0.7592501233349778,0.504259501965924,0.216468151216986,0.4613686534216336,0.4834169465829956,0.0,0,906,0,3052,0.5,0.7710965133906014,0.6714369640137277,0.43537803138373754,0.7710965133906014,1.0,0.0,0.0,0.55,906,0,3048,4,0.5006553079947575,0.22991409802930773,0.0873628401688742,0.18772865360997995,1.0,0.001310615989515072,0.2291350531107739,1.0,perm,24
464,442,1497,1555,0.5101061141990905,0.5108216231385925,0.5490595855289436,0.4698234248902092,0.7786680020030045,0.5095019659239842,0.23661397246302907,0.5121412803532008,0.5104118748173673,452,454,1509,1543,0.5040424456796362,0.5022331825980286,0.5434780641533348,0.4632611568125223,0.7726589884827241,0.505570117955439,0.23049464558898522,0.4988962472406181,0.5074924632347623,0.49,235,671,712,2340,0.5130461261605317,0.6505811015664477,0.6532653293023397,0.5127689214676016,0.7771504483560279,0.7667103538663171,0.2481520591341077,0.25938189845474613,0.49,240,666,742,2310,0.5108906980983049,0.6442647801920162,0.6491821805563639,0.5103303228999134,0.7762096774193549,0.7568807339449541,0.24439918533604887,0.26490066225165565,perm,25
458,448,1547,1505,0.4959575543203638,0.4993190149259777,0.5357650811973762,0.4580335500981327,0.7706093189964157,0.49311926605504586,0.228428927680798,0.5055187637969095,0.49823840770283445,445,461,1538,1514,0.49494694290045477,0.4936190649781998,0.5349850913693665,0.45520619943409774,0.7665822784810127,0.49606815203145477,0.22440746343923348,0.4911699779249448,0.4999191714476665,0.55,906,0,3051,1,0.5001638269986893,0.22915613946437594,0.08579675396313954,0.18663229682962704,1.0,0.000327653997378768,0.22896133434420016,1.0,0.51,687,219,2256,796,0.5095453638044318,0.37468418393127845,0.3835535964974249,0.37420958109882385,0.7842364532019704,0.2608125819134993,0.23343527013251783,0.7582781456953642,perm,26
449,457,1546,1506,0.4939363314805457,0.4945159545074485,0.5339758973821992,0.45507331847958366,0.7671930718288335,0.49344692005242463,0.22506265664160402,0.4955849889624724,0.49669091161587675,454,452,1518,1534,0.5022738756947953,0.5018624923692061,0.5417943768967858,0.46223434352017095,0.7724068479355488,0.5026212319790302,0.2302231237322515,0.5011037527593819,0.49122097043447066,0.49,228,678,749,2303,0.5031213925511878,0.6394643759474482,0.6441400151111542,0.5028171750363266,0.772559543777256,0.7545871559633027,0.23336745138178097,0.25165562913907286,0.5,454,452,1518,1534,0.5018624923692061,0.5022738756947953,0.5417943768967858,0.46223434352017095,0.7724068479355488,0.5026212319790302,0.2302231237322515,0.5011037527593819,perm,27
439,467,1556,1496,0.4888832743810005,0.4873589207236452,0.5293226362477229,0.44963221332211567,0.7620988283239939,0.49017038007863695,0.22005012531328322,0.4845474613686534,0.48511235711247863,450,456,1536,1516,0.4967155128852956,0.49670610087403333,0.5365947264310518,0.45735325210772526,0.768762677484787,0.4967234600262123,0.22658610271903323,0.4966887417218543,0.4848300900650679,0.47000000000000003,19,887,58,2994,0.5009836852901438,0.7612430520464881,0.6748412498508106,0.4511762709461979,0.7714506570471528,0.9809960681520314,0.24675324675324675,0.02097130242825607,0.0,0,906,0,3052,0.5,0.7710965133906014,0.6714369640137277,0.43537803138373754,0.7710965133906014,1.0,0.0,0.0,perm,28
440,466,1524,1528,0.49722081859525014,0.49315326106139645,0.5371842440588065,0.4561242147159029,0.7662988966900702,0.5006553079947575,0.2240325865580448,0.4856512141280353,0.4985555738791051,443,463,1535,1517,0.49519959575543204,0.49300679321488605,0.5352477838714679,0.45507669087052294,0.7661616161616162,0.4970511140235911,0.22396359959555107,0.488962472406181,0.495687154806026,0.51,680,226,2255,797,0.5058460561452844,0.37316826680141485,0.38267534274113607,0.37262005197393955,0.7790811339198436,0.2611402359108781,0.23168654173764908,0.7505518763796909,0.52,816,90,2717,335,0.5052131703887582,0.2908034360788277,0.23274278037251614,0.2801726117945735,0.788235294117647,0.10976408912188729,0.23096518539484856,0.9006622516556292,perm,29
446,460,1513,1539,0.5015159171298635,0.49826661632512537,0.5411617762784947,0.4603640424390242,0.7698849424712356,0.504259501965924,0.2276671771311894,0.4922737306843267,0.49305814737341563,435,471,1497,1555,0.5027791814047499,0.49481720812755503,0.5424261146904662,0.4594998780129348,0.7675222112537019,0.5095019659239842,0.2251552795031056,0.48013245033112584,0.49213684653641515,0.49,231,675,745,2307,0.5054323296850182,0.6412329459322891,0.6458240064632722,0.5050752078991277,0.7736418511066399,0.7558977719528178,0.23668032786885246,0.25496688741721857,0.49,241,665,769,2283,0.5070192455133824,0.6376958059626073,0.6443887267245535,0.5062828810020876,0.7744233378561737,0.7480340760157274,0.2386138613861386,0.26600441501103755,perm,30
451,455,1514,1538,0.5025265285497726,0.5008621712248906,0.542063287728375,0.46194441596512614,0.7717009533366783,0.5039318479685452,0.22951653944020356,0.4977924944812362,0.5020082369177089,446,460,1489,1563,0.5075795856493178,0.5021984642936705,0.546834796716799,0.46496727198325716,0.7726149283242709,0.5121231979030144,0.23049095607235143,0.4922737306843267,0.5016442371954555,0.49,230,676,745,2307,0.5048804533053273,0.6409802930773117,0.6455127929998539,0.5045454765683257,0.7733825008380825,0.7558977719528178,0.2358974358974359,0.25386313465783666,0.5,446,460,1489,1563,0.5021984642936705,0.5075795856493178,0.546834796716799,0.46496727198325716,0.7726149283242709,0.5121231979030144,0.23049095607235143,0.4922737306843267,perm,31
444,462,1522,1530,0.4987367357251137,0.49568842057753904,0.5385696475566147,0.4579267902071796,0.7680722891566265,0.5013106159895151,0.22583926754832145,0.4900662251655629,0.49051250003616487,447,459,1535,1517,0.4962102071753411,0.49521429873364986,0.536154336138665,0.45648881499062316,0.7677125506072875,0.4970511140235911,0.2255297679112008,0.49337748344370863,0.48561269850913813,0.53,890,16,2987,65,0.5018187328397548,0.2412834765032845,0.11718245195958743,0.20682257268350998,0.8024691358024691,0.02129750982961992,0.22955893732267216,0.9823399558498896,0.47000000000000003,32,874,85,2967,0.5037347492615127,0.7577059120768065,0.6781368912127003,0.46171722229714673,0.7724550898203593,0.9721494102228048,0.27350427350427353,0.03532008830022075,perm,32
453,453,1486,1566,0.5101061141990905,0.5065530799475754,0.549147176279447,0.4680415429547179,0.7756315007429421,0.5131061598951507,0.23362558019597732,0.5,0.5101030265681824,448,458,1462,1590,0.5149065184436584,0.5077255460176658,0.5536342829657932,0.470855614973262,0.7763671875,0.5209698558322412,0.23455497382198953,0.49448123620309054,0.5114474567395462,0.51,689,217,2252,800,0.5113044245585712,0.376200101061142,0.3852017654343923,0.37570910118623746,0.7866273352999017,0.2621231979030144,0.2342740564433866,0.760485651214128,0.51,671,235,2207,845,0.5087428646651564,0.38302172814552804,0.39656160105930477,0.3818270334766654,0.7824074074074074,0.27686762778505897,0.2331480194579569,0.7406181015452539,perm,33
446,460,1556,1496,0.49065184436584136,0.49122205538148184,0.5309009161057885,0.4520920584835927,0.7648261758691206,0.49017038007863695,0.22277722277722278,0.4922737306843267,0.4879766172220149,443,463,1512,1540,0.501010611419909,0.4967748141847419,0.5407146247619067,0.4594898272100222,0.7688467299051422,0.5045871559633027,0.22659846547314577,0.488962472406181,0.4866343569446735,0.49,237,669,762,2290,0.5059585289854444,0.6384537645275392,0.6444820531019437,0.5053776737398759,0.7739101047651233,0.7503276539973788,0.23723723723723725,0.26158940397350994,0.46,12,894,16,3036,0.5040012845772612,0.7700859019706923,0.6764774238708628,0.447680391977658,0.7725190839694657,0.9947575360419397,0.42857142857142855,0.013245033112582781,perm,34
456,450,1552,1500,0.494188984335523,0.49739612717314885,0.5341132688283006,0.4563659779739443,0.7692307692307693,0.49148099606815204,0.22709163346613545,0.5033112582781457,0.48725295756555254,452,454,1547,1505,0.49444163719050027,0.496007756647832,0.5344130309984756,0.4559330574285625,0.7682491066870852,0.49311926605504586,0.22611305652826413,0.4988962472406181,0.49192781341225966,0.45,1,905,2,3050,0.5002242223823121,0.770843860535624,0.6717878868830195,0.4363791167185792,0.7711757269279393,0.9993446920052425,0.3333333333333333,0.0011037527593818985,0.54,904,2,3037,15,0.5013536522209588,0.23218797372410308,0.09292185941238869,0.19139470333757455,0.8823529411764706,0.0049148099606815205,0.2293834052270997,0.9977924944812362,perm,35
446,460,1544,1508,0.49368367862556845,0.4931879793657544,0.5337771307629318,0.45440393123638045,0.766260162601626,0.4941022280471822,0.2241206030150754,0.4922737306843267,0.4969223669782634,443,463,1522,1530,0.49848408287013646,0.495136544197848,0.5383421158663403,0.4575722019760159,0.767686904164576,0.5013106159895151,0.22544529262086513,0.488962472406181,0.49481973967058107,0.52,831,75,2765,287,0.505627620147032,0.28246589186457804,0.21414953123379868,0.268650241238874,0.7928176795580111,0.09403669724770643,0.2310901001112347,0.9172185430463576,0.52,817,89,2715,337,0.5060927007658279,0.29156139464375946,0.23370900494440194,0.28098670041082285,0.7910798122065728,0.11041939711664482,0.2313137032842582,0.9017660044150111,perm,36
445,461,1517,1535,0.5002526528549772,0.4970594319506769,0.5399848352331431,0.45924121460478706,0.7690380761523046,0.502948885976409,0.22680937818552496,0.4911699779249448,0.48956497964639406,441,465,1509,1543,0.5012632642748863,0.4961625424214281,0.5409682214284632,0.45935247616833297,0.7684262948207171,0.505570117955439,0.22615384615384615,0.4867549668874172,0.4903743501167403,0.46,5,901,11,3041,0.5009572849128715,0.7695805962607377,0.6730301527011767,0.4402242517137404,0.7714358193810249,0.9963958060288336,0.3125,0.005518763796909493,0.53,874,32,2936,116,0.5013438876978582,0.2501263264274886,0.14074828318206303,0.22157654792196776,0.7837837837837838,0.03800786369593709,0.2293963254593176,0.9646799116997793,perm,37
450,456,1552,1500,0.4926730672056594,0.49408486889500314,0.5327624204069559,0.454266296346753,0.7668711656441718,0.49148099606815204,0.22477522477522477,0.4966887417218543,0.488179502313107,436,470,1548,1504,0.4901465386558868,0.4870139075740874,0.5305589773283762,0.4501089834590235,0.7619047619047619,0.4927916120576671,0.21975806451612903,0.48123620309050774,0.48640308240678853,0.47000000000000003,21,885,61,2991,0.5015959570534575,0.7609903991915109,0.6755360474517832,0.4529813886733177,0.771671826625387,0.9800131061598951,0.25609756097560976,0.023178807947019868,0.46,10,896,18,3034,0.5025698778205006,0.7690752905507833,0.6750553466131524,0.4452526134808566,0.7720101781170483,0.9941022280471822,0.35714285714285715,0.011037527593818985,perm,38
440,466,1521,1531,0.4979787771601819,0.49364474205746456,0.537896542777726,0.45669888873483533,0.7666499749624437,0.5016382699868939,0.22437531871494135,0.4856512141280353,0.491192400163176,448,458,1502,1550,0.504800404244568,0.5011724660700905,0.5442237659573392,0.463186855769976,0.7719123505976095,0.5078636959370905,0.22974358974358974,0.49448123620309054,0.49745055534821014,0.51,674,232,2269,783,0.5002412198854875,0.3681152097018696,0.37707779589497364,0.3676356211426903,0.7714285714285715,0.25655307994757537,0.22901800883452259,0.7439293598233996,0.51,659,247,2210,842,0.5016288671127969,0.37923193532086913,0.3934971584637974,0.37790206479862976,0.7731864095500459,0.2758846657929227,0.22969675845242243,0.7273730684326711,perm,39
433,473,1554,1498,0.48787266296109144,0.48437531644287823,0.5284460859602728,0.44789977166217565,0.7600202942668696,0.4908256880733945,0.21791645697030698,0.47792494481236203,0.47939034657547325,433,473,1545,1507,0.4901465386558868,0.4858497594310827,0.530595609535847,0.4496220030914491,0.7611111111111111,0.4937745740498034,0.21890798786653184,0.47792494481236203,0.4810443482940293,0.46,4,902,9,3043,0.5007330625305593,0.769833249115715,0.6726934142677867,0.4392532288437622,0.7713561470215463,0.997051114023591,0.3076923076923077,0.004415011037527594,0.54,902,4,3026,26,0.5020519964471601,0.23446184941889844,0.09843453485539438,0.1950310328875849,0.8666666666666667,0.00851900393184797,0.22963340122199594,0.9955849889624724,perm,40
436,470,1507,1545,0.5005053057099546,0.49373081452035217,0.5402974945049499,0.45795030342099613,0.7667493796526055,0.5062254259501966,0.22439526505404014,0.48123620309050774,0.49262633846296283,428,478,1494,1558,0.5017685699848409,0.4914455544657865,0.541522197524291,0.4575543976230507,0.7652259332023575,0.5104849279161205,0.222684703433923,0.47240618101545256,0.4912468283382373,0.46,7,899,13,3039,0.5017333836748746,0.7695805962607377,0.673950673527278,0.4423233437462342,0.7717115286947689,0.995740498034076,0.35,0.00772626931567329,0.54,903,3,3032,20,0.5016209108347148,0.23319858514401212,0.09542604054889695,0.1930357733653767,0.8695652173913043,0.00655307994757536,0.22947903430749683,0.9966887417218543,perm,41
461,445,1574,1478,0.48989388580090953,0.49655131510043715,0.529924044727511,0.4538348320999762,0.7685907436297452,0.4842726081258191,0.22653562653562653,0.5088300220750552,0.4969842089579012,471,435,1546,1506,0.4994946942900455,0.5066572348606494,0.5389288650751789,0.46275809054331896,0.7758887171561051,0.49344692005242463,0.23351512146752604,0.5198675496688742,0.4963692248270595,0.48,90,816,283,2769,0.5033058335430898,0.7223345123799899,0.6756277823534563,0.4875740438226103,0.7723849372384938,0.9072739187418086,0.24128686327077747,0.09933774834437085,0.5,471,435,1546,1506,0.5066572348606494,0.4994946942900455,0.5389288650751789,0.46275809054331896,0.7758887171561051,0.49344692005242463,0.23351512146752604,0.5198675496688742,perm,42
452,454,1495,1557,0.5075795856493178,0.5045267605796799,0.5467934243160921,0.465954905796498,0.7742416708105421,0.5101572739187418,0.23215202876219826,0.4988962472406181,0.5067357126944586,453,453,1479,1573,0.5118746841839312,0.507699868938401,0.5507963686900309,0.4693870753663567,0.7764067127344522,0.515399737876802,0.234472049689441,0.5,0.5129101461351295,0.51,692,214,2288,764,0.5070622817448263,0.3678625568468924,0.37389016374977635,0.36765330530542295,0.7811860940695297,0.2503276539973788,0.23221476510067113,0.7637969094922737,0.51,686,220,2251,801,0.5098126224181878,0.3756947953511875,0.38501059038762214,0.3751673131113106,0.7845249755142018,0.2624508519003932,0.23357167177391897,0.7571743929359823,perm,43
453,453,1530,1522,0.49898938858009095,0.49934469200524245,0.538707071628541,0.4595667301039599,0.7706329113924051,0.4986893840104849,0.22844175491679275,0.5,0.49558824380350597,444,462,1500,1552,0.5042950985346134,0.49929261454870544,0.54378174774711,0.4621455731709851,0.7706057596822244,0.508519003931848,0.22839506172839505,0.4900662251655629,0.49686739632969656,0.47000000000000003,31,875,61,2991,0.507114720850367,0.7635169277412834,0.6809882141094749,0.46341251453470683,0.7736678737713398,0.9800131061598951,0.33695652173913043,0.03421633554083885,0.47000000000000003,42,864,94,2958,0.5077790700702177,0.7579585649317837,0.6820849602856963,0.47062423876556186,0.7739403453689168,0.9692005242463958,0.3088235294117647,0.046357615894039736,perm,44
444,462,1546,1506,0.4926730672056594,0.49175657260899375,0.5328465461935963,0.45331491712707184,0.7652439024390244,0.49344692005242463,0.22311557788944725,0.4900662251655629,0.49793353759269066,438,468,1522,1530,0.49722081859525014,0.4923771622993933,0.5372035971504561,0.45579653568985645,0.7657657657657657,0.5013106159895151,0.22346938775510203,0.48344370860927155,0.49897562919693667,0.48,95,811,278,2774,0.5068843504349915,0.7248610409297626,0.678579303897101,0.49223670038473394,0.7737796373779637,0.9089121887287025,0.2546916890080429,0.10485651214128035,0.49,248,658,797,2255,0.5062952242079164,0.6323900960080849,0.6412022414976709,0.5051528586152866,0.7741160315825609,0.7388597640891219,0.23732057416267943,0.2737306843267108,perm,45
460,446,1544,1508,0.49722081859525014,0.5009142486814278,0.5369360479598183,0.4593141151580303,0.7717502558853634,0.4941022280471822,0.22954091816367264,0.5077262693156733,0.5046728667771867,470,436,1522,1530,0.5053057099545225,0.5100372064495037,0.544465788119557,0.4670831658892033,0.7782299084435402,0.5013106159895151,0.2359437751004016,0.5187637969094923,0.508508335286238,0.51,691,215,2310,742,0.5029062113939688,0.36205154118241534,0.3664032550145682,0.36194560447337487,0.7753396029258098,0.24311926605504589,0.23025658113962014,0.7626931567328918,0.5,470,436,1522,1530,0.5100372064495037,0.5053057099545225,0.544465788119557,0.4670831658892033,0.7782299084435402,0.5013106159895151,0.2359437751004016,0.5187637969094923,perm,46
454,452,1507,1545,0.5050530570995452,0.5036645893547893,0.5444083177159362,0.46435486815880345,0.7736604907361042,0.5062254259501966,0.23151453340132586,0.5011037527593819,0.502243308770133,441,465,1484,1568,0.5075795856493178,0.5002582173886627,0.546862465863057,0.46413325983883313,0.7712739793408756,0.5137614678899083,0.2290909090909091,0.4867549668874172,0.5029405680493231,0.48,84,822,249,2803,0.5055646932203831,0.7294087923193532,0.6784493310725729,0.48759592123733636,0.7732413793103449,0.9184141546526867,0.25225225225225223,0.09271523178807947,0.48,96,810,290,2762,0.5054703028304098,0.7220818595250126,0.677062683021791,0.49127200460657183,0.7732362821948489,0.9049803407601573,0.24870466321243523,0.10596026490066225,perm,47
473,433,1521,1531,0.5063163213744315,0.5118566625872659,0.5453831184651623,0.4683267337623055,0.7795315682281059,0.5016382699868939,0.23721163490471414,0.522075055187638,0.5075606340719652,475,431,1498,1554,0.5126326427488631,0.5167284363165037,0.5513253115693542,0.4735048173905596,0.7828715365239295,0.5091743119266054,0.240750126710593,0.5242825607064018,0.5070543254667442,0.5,473,433,1521,1531,0.5118566625872659,0.5063163213744315,0.5453831184651623,0.4683267337623055,0.7795315682281059,0.5016382699868939,0.23721163490471414,0.522075055187638,0.5,475,431,1498,1554,0.5167284363165037,0.5126326427488631,0.5513253115693542,0.4735048173905596,0.7828715365239295,0.5091743119266054,0.240750126710593,0.5242825607064018,perm,48
463,443,1568,1484,0.4919151086407276,0.4986380298519554,0.5318238905460131,0.45569567190713084,0.7701089776855216,0.48623853211009177,0.22796651895617923,0.5110375275938189,0.4992466851252318,466,440,1558,1494,0.49519959575543204,0.501931928977922,0.5349127806458145,0.4586833577703577,0.7724922440537746,0.4895150720838794,0.23023715415019763,0.5143487858719646,0.5050634477012144,0.51,697,209,2280,772,0.5111322796327961,0.37114704396159676,0.3773843184453459,0.370921164875995,0.7869520897043832,0.2529488859764089,0.23412831709774942,0.7693156732891833,0.52,822,84,2717,335,0.508524428666904,0.29231935320869123,0.23350399311648987,0.28144085705794986,0.7995226730310262,0.10976408912188729,0.23226900254309127,0.9072847682119205,perm,49
466,440,1515,1537,0.5060636685194543,0.5089764899215655,0.5452324884522982,0.46704059303287215,0.7774405665149215,0.5036041939711664,0.23523472993437658,0.5143487858719646,0.5104748017440162,457,449,1490,1562,0.5101061141990905,0.5081052774715816,0.5491187530779387,0.4686950037657309,0.7767279960218797,0.5117955439056356,0.2347200821777093,0.5044150110375276,0.5116221332083474,0.5,466,440,1515,1537,0.5089764899215655,0.5060636685194543,0.5452324884522982,0.46704059303287215,0.7774405665149215,0.5036041939711664,0.23523472993437658,0.5143487858719646,0.51,680,226,2219,833,0.5117438280981024,0.38226376958059627,0.39430579848261,0.3813393187918316,0.7865911237016053,0.27293577981651373,0.2345636426353915,0.7505518763796909,perm,50
473,433,1536,1516,0.5025265285497726,0.5093992576069252,0.541785085640208,0.46540352306897115,0.7778347870702924,0.4967234600262123,0.23544051767048282,0.522075055187638,0.5170582602079048,468,438,1520,1532,0.5053057099545225,0.5092611076875005,0.5444916753987775,0.46677163672653044,0.7776649746192893,0.5019659239842726,0.23541247484909456,0.5165562913907285,0.5165429103775905,0.51,699,207,2265,787,0.5146934373725187,0.3754421424962102,0.3826659119271706,0.3751332543961497,0.7917505030181087,0.2578636959370904,0.23582995951417005,0.7715231788079471,0.51,689,217,2239,813,0.5134341755415333,0.3794845881758464,0.389425593355772,0.3788749518542288,0.7893203883495146,0.2663826998689384,0.23531420765027322,0.760485651214128,perm,51
452,454,1510,1542,0.503789792824659,0.5020693555993392,0.5432407565206739,0.463068627646007,0.7725450901803608,0.5052424639580603,0.23037716615698267,0.4988962472406181,0.4957227772328933,432,474,1515,1537,0.4974734714502274,0.49021269301207326,0.5374921092687055,0.45499451391956613,0.7642963699651915,0.5036041939711664,0.2218798151001541,0.4768211920529801,0.4940497889416414,0.48,85,821,264,2788,0.5036591646197333,0.7258716523496715,0.676500640316106,0.4862848560718842,0.7725131615405929,0.9134993446920052,0.24355300859598855,0.09381898454746136,0.48,100,806,308,2744,0.5047289223727647,0.718544719555331,0.6758249098642429,0.49173512754079873,0.7729577464788733,0.8990825688073395,0.24509803921568626,0.11037527593818984,perm,52
437,469,1500,1552,0.5025265285497726,0.49542947989086883,0.5421782217230537,0.4596442415582998,0.7679366650173182,0.508519003931848,0.22560660815694372,0.48233995584988965,0.4980152702675335,433,473,1509,1543,0.49924204143506823,0.49174753138390054,0.5391384684290268,0.4564958696558268,0.7653769841269841,0.505570117955439,0.22296601441812564,0.47792494481236203,0.49520236431652676,0.51,690,216,2271,781,0.5087435879631639,0.3716523496715513,0.37915701388544004,0.3713200263413986,0.7833500501504513,0.2558977719528178,0.23302938196555217,0.7615894039735099,0.51,675,231,2232,820,0.5068546952166857,0.37771601819100553,0.38925680425985404,0.37687972934543684,0.780209324452902,0.2686762778505898,0.23219814241486067,0.7450331125827815,perm,53
466,440,1552,1500,0.4967155128852956,0.5029148909700584,0.5363603762371362,0.45985149426496896,0.7731958762886598,0.49148099606815204,0.2309217046580773,0.5143487858719646,0.5005370487705381,468,438,1544,1508,0.49924204143506823,0.5053292597189554,0.5387363747585091,0.4621045128126645,0.774922918807811,0.4941022280471822,0.23260437375745527,0.5165562913907285,0.5000571405425892,0.5,466,440,1552,1500,0.5029148909700584,0.4967155128852956,0.5363603762371362,0.45985149426496896,0.7731958762886598,0.49148099606815204,0.2309217046580773,0.5143487858719646,0.5,468,438,1544,1508,0.5053292597189554,0.49924204143506823,0.5387363747585091,0.4621045128126645,0.774922918807811,0.4941022280471822,0.23260437375745527,0.5165562913907285,perm,54
424,482,1541,1511,0.4888832743810005,0.4815381800086217,0.5295043326940082,0.4471881937518792,0.7581535373808329,0.4950851900393185,0.2157760814249364,0.46799116997792495,0.47950354271364054,426,480,1520,1532,0.4946942900454775,0.48608229974048067,0.5349381337699343,0.4518965100846611,0.7614314115308151,0.5019659239842726,0.21891058581706063,0.47019867549668876,0.48515774406244666,0.47000000000000003,23,883,61,2991,0.5026997098128394,0.7614957049014653,0.6766335145989726,0.4550833194783527,0.7720702116675271,0.9800131061598951,0.27380952380952384,0.025386313465783666,0.47000000000000003,26,880,79,2973,0.5014064529755033,0.7577059120768065,0.6757763505247222,0.45627467875097316,0.7716065403581625,0.9741153342070773,0.24761904761904763,0.02869757174392936,perm,55
423,483,1519,1533,0.494188984335523,0.4845904976000972,0.5344879988874428,0.45101146874418024,0.7604166666666666,0.5022935779816514,0.21781668383110195,0.46688741721854304,0.48218300018227106,430,476,1514,1538,0.49722081859525014,0.48927276725138075,0.5372709877761208,0.4544697709532418,0.7636544190665343,0.5039318479685452,0.22119341563786007,0.4746136865342163,0.48478976620115205,0.52,836,70,2797,255,0.5031445380874265,0.275644264780192,0.20077183451177072,0.259692346193484,0.7846153846153846,0.08355176933158584,0.23011285439031104,0.9227373068432672,0.52,824,82,2761,291,0.5024197934839529,0.2817079332996463,0.21502766147711058,0.26844157089523735,0.7801608579088471,0.0953473132372215,0.2298465829846583,0.9094922737306843,perm,56
442,464,1560,1492,0.48863062152602327,0.48835924186796054,0.529039411804621,0.4499178206204324,0.7627811860940695,0.4888597640891219,0.22077922077922077,0.4878587196467991,0.48744969462358123,441,465,1511,1541,0.5007579585649318,0.4958348884240493,0.5404949031411707,0.45896958472758687,0.7681954137587238,0.5049148099606815,0.22592213114754098,0.4867549668874172,0.4888122072451315,0.54,903,3,3041,11,0.5001464678465104,0.23092470944921678,0.09077003304741682,0.18977330347475807,0.7857142857142857,0.0036041939711664484,0.2289553752535497,0.9966887417218543,0.54,901,5,3034,18,0.5001895040779542,0.23218797372410308,0.09423385081650672,0.19197222907986156,0.782608695652174,0.005897771952817824,0.2289707750952986,0.9944812362030905,perm,57
440,466,1541,1511,0.4929257200606367,0.49036820208367693,0.5331363704980883,0.4528646906480687,0.7642893272635306,0.4950851900393185,0.2221100454316002,0.4856512141280353,0.4864490118302622,432,474,1508,1544,0.49924204143506823,0.491359482002899,0.5391454809017634,0.4563284779080228,0.7651139742319127,0.5058977719528178,0.22268041237113403,0.4768211920529801,0.4836910765278224,0.45,3,903,2,3050,0.501327975141694,0.7713491662455786,0.6729835045071465,0.4386963678915249,0.7715658993169745,0.9993446920052425,0.6,0.0033112582781456954,0.47000000000000003,30,876,92,2960,0.5014842075113052,0.7554320363820111,0.6760911592537179,0.45891574813469094,0.7716371220020855,0.9698558322411533,0.2459016393442623,0.033112582781456956,perm,58
457,449,1556,1496,0.4934310257705912,0.4972926955580823,0.5333756473428741,0.4559400936896499,0.7691516709511568,0.49017038007863695,0.22702434177844014,0.5044150110375276,0.4916639904640391,462,444,1545,1507,0.4974734714502274,0.5018541744421203,0.5371461583832305,0.4598186505192662,0.7724243977447462,0.4937745740498034,0.23019431988041852,0.5099337748344371,0.4922502234990843,0.52,830,76,2790,262,0.5009800688001065,0.27589691763516927,0.20314501972993804,0.2606710230109352,0.7751479289940828,0.08584534731323722,0.2292817679558011,0.9161147902869757,0.5,462,444,1545,1507,0.5018541744421203,0.4974734714502274,0.5371461583832305,0.4598186505192662,0.7724243977447462,0.4937745740498034,0.23019431988041852,0.5099337748344371,perm,59
445,461,1487,1565,0.5078322385042952,0.5019742419113584,0.5470762558013355,0.4649927654315026,0.7724580454096742,0.512778505897772,0.2303312629399586,0.4911699779249448,0.5068091274422157,432,474,1483,1569,0.5055583628094997,0.4954551569701336,0.5450240248207208,0.46108615497326755,0.7679882525697503,0.5140891218872871,0.2255874673629243,0.4768211920529801,0.504566903619094,0.49,241,665,735,2317,0.5125893634688214,0.6462860030318343,0.6508124007384375,0.5120459796188583,0.7769953051643192,0.7591743119266054,0.24692622950819673,0.26600441501103755,0.49,239,667,778,2274,0.5044410497657961,0.6349166245578575,0.642072386559422,0.5037276545291747,0.773206392383543,0.7450851900393185,0.23500491642084562,0.26379690949227375,perm,60
457,449,1560,1492,0.4924204143506822,0.49663738756332476,0.5324119585744749,0.45516456532131644,0.7686759402369913,0.4888597640891219,0.22657411998016858,0.5044150110375276,0.5017518277740648,463,443,1551,1501,0.4962102071753411,0.5014230888296749,0.5359276424856997,0.4590019961174419,0.772119341563786,0.4918086500655308,0.22989076464746772,0.5110375275938189,0.5048578502425941,0.51,695,211,2311,741,0.5049498899140433,0.36280949974734716,0.3667391464250819,0.3627234217725015,0.7783613445378151,0.2427916120576671,0.23120425815036594,0.7671081677704195,0.51,682,224,2264,788,0.5054753659164619,0.37139969681657403,0.38008271361276125,0.3709485204536349,0.7786561264822134,0.2581913499344692,0.23150033944331297,0.7527593818984547,perm,61
480,426,1494,1558,0.5149065184436584,0.5201431262097159,0.5534133019420355,0.4760391845379931,0.7852822580645161,0.5104849279161205,0.24316109422492402,0.5298013245033113,0.5103558192217892,448,458,1480,1572,0.5103587670540677,0.504776660041257,0.5494123319378574,0.46740748825819717,0.774384236453202,0.5150720838794234,0.23236514522821577,0.49448123620309054,0.5104006636982517,0.5,480,426,1494,1558,0.5201431262097159,0.5149065184436584,0.5534133019420355,0.4760391845379931,0.7852822580645161,0.5104849279161205,0.24316109422492402,0.5298013245033113,0.51,674,232,2224,828,0.5076134348265098,0.3794845881758464,0.3916539838876146,0.3785437814792539,0.7811320754716982,0.2712975098296199,0.23257418909592822,0.7439293598233996,perm,62
450,456,1548,1504,0.49368367862556845,0.4947401768897607,0.5337221512897754,0.4550384861456471,0.7673469387755102,0.4927916120576671,0.22522522522522523,0.4966887417218543,0.4970746212088335,443,463,1541,1511,0.49368367862556845,0.49202383122274973,0.5338157535015193,0.45392388644791026,0.7654508611955421,0.4950851900393185,0.22328629032258066,0.488962472406181,0.503193179878428,0.52,849,57,2788,264,0.5117933740116133,0.2812026275896918,0.20626068108041978,0.2651495193114332,0.822429906542056,0.08650065530799476,0.23343414902392082,0.9370860927152318,0.52,828,78,2728,324,0.5100335899594663,0.29105608893380497,0.22961818535401568,0.2793712951963658,0.8059701492537313,0.10615989515072084,0.23284589426321708,0.9139072847682119,perm,63
449,457,1548,1504,0.4934310257705912,0.49418830051006973,0.5334965709702214,0.4546875333914805,0.7669556348801632,0.4927916120576671,0.22483725588382575,0.4955849889624724,0.4964124418830051,449,457,1531,1521,0.49772612430520463,0.4969733594877893,0.537562089577737,0.4579643414633474,0.768958543983822,0.4983617300131062,0.22676767676767676,0.4955849889624724,0.49570324818669187,0.51,688,218,2288,764,0.5048547762260625,0.36685194542698335,0.3732125411021158,0.36661841631040837,0.7780040733197556,0.2503276539973788,0.23118279569892472,0.7593818984547461,0.48,100,806,319,2733,0.5029268253871814,0.7157655381505811,0.6740316004905796,0.4901280476807997,0.7722520486012998,0.895478374836173,0.2386634844868735,0.11037527593818984,perm,64
465,441,1548,1504,0.4974734714502274,0.5030183225851249,0.537099332950113,0.46028171887716385,0.7732647814910025,0.4927916120576671,0.23099850968703428,0.5132450331125827,0.5012162255995417,461,445,1501,1551,0.5083375442142496,0.5085106860047622,0.5474269410332137,0.46798958727043255,0.7770541082164328,0.5081913499344692,0.23496432212028542,0.5088300220750552,0.5046898642803619,0.5,465,441,1548,1504,0.5030183225851249,0.4974734714502274,0.537099332950113,0.46028171887716385,0.7732647814910025,0.4927916120576671,0.23099850968703428,0.5132450331125827,0.5,461,445,1501,1551,0.5085106860047622,0.5083375442142496,0.5474269410332137,0.46798958727043255,0.7770541082164328,0.5081913499344692,0.23496432212028542,0.5088300220750552,perm,65
452,454,1541,1511,0.4959575543203638,0.4969907186399683,0.5358508850966239,0.45709183464045633,0.7689567430025446,0.4950851900393185,0.22679377822378324,0.4988962472406181,0.5075942674293121,450,456,1525,1527,0.4994946942900455,0.49850819785961653,0.5392192785716703,0.45947282593521843,0.7700453857791225,0.5003276539973788,0.22784810126582278,0.4966887417218543,0.5024725942384973,0.49,246,660,756,2296,0.5119083783947992,0.6422435573521981,0.6483854788776107,0.5110879414449497,0.7767253044654939,0.7522935779816514,0.24550898203592814,0.271523178807947,0.48,103,803,308,2744,0.5063845515118375,0.7193026781202627,0.677079787142813,0.49402862747087956,0.7736115026783197,0.8990825688073395,0.25060827250608275,0.11368653421633554,perm,66
447,459,1516,1536,0.501010611419909,0.49832701170874816,0.5406776998324734,0.46014262723704946,0.7699248120300752,0.5032765399737876,0.22771268466632705,0.49337748344370863,0.4969993982160578,444,462,1498,1554,0.504800404244568,0.4996202685460842,0.5442539849247692,0.462528710658638,0.7708333333333334,0.5091743119266054,0.2286302780638517,0.4900662251655629,0.498686671642957,0.47000000000000003,21,885,56,2996,0.5024150920469044,0.7622536634663972,0.6762175831847754,0.4534993343496002,0.7719659881473847,0.981651376146789,0.2727272727272727,0.023178807947019868,0.49,245,661,800,2252,0.5041481140727754,0.6308741788782213,0.6397226631120942,0.5031122518466898,0.7730861654651562,0.7378768020969856,0.23444976076555024,0.2704194260485651,perm,67
460,446,1504,1548,0.5073269327943406,0.5074673286290031,0.5464870733239562,0.4670563913045279,0.7763289869608826,0.5072083879423329,0.23421588594704684,0.5077262693156733,0.5038287780024824,438,468,1491,1561,0.5050530570995452,0.4974557992587642,0.5445271153776887,0.46172034209822044,0.7693445046821095,0.5114678899082569,0.22706065318818042,0.48344370860927155,0.5009319694826104,0.5,460,446,1504,1548,0.5074673286290031,0.5073269327943406,0.5464870733239562,0.4670563913045279,0.7763289869608826,0.5072083879423329,0.23421588594704684,0.5077262693156733,0.49,245,661,787,2265,0.5062778650557374,0.6341586659929257,0.6421958702043324,0.5053082492703724,0.7740943267259057,0.7421363040629095,0.2374031007751938,0.2704194260485651,perm,68
460,446,1561,1491,0.4929257200606367,0.49812918970370823,0.5328437306383658,0.45601498561611764,0.769747031491998,0.48853211009174313,0.22761009401286492,0.5077262693156733,0.4943007733502296,447,459,1535,1517,0.4962102071753411,0.49521429873364986,0.536154336138665,0.45648881499062316,0.7677125506072875,0.4970511140235911,0.2255297679112008,0.49337748344370863,0.4911585859813273,0.51,681,225,2287,765,0.5011554685669152,0.36533602829711975,0.3723563314543606,0.365050041165593,0.7727272727272727,0.25065530799475755,0.22944743935309972,0.7516556291390728,0.45,3,903,4,3048,0.5010003211443153,0.770843860535624,0.6727315322473637,0.4385279098818391,0.7714502657555049,0.9986893840104849,0.42857142857142855,0.0033112582781456954,perm,69
456,450,1475,1577,0.5136432541687721,0.5100108060722315,0.5524267429264659,0.47122736061035775,0.7779970399605328,0.5167103538663171,0.23614707405489382,0.5033112582781457,0.5051657943692697,450,456,1453,1599,0.5176856998484083,0.5103037417652522,0.55620050707358,0.4732990263261191,0.7781021897810219,0.5239187418086501,0.23646873357856016,0.4966887417218543,0.5089179027829613,0.5,456,450,1475,1577,0.5100108060722315,0.5136432541687721,0.5524267429264659,0.47122736061035775,0.7779970399605328,0.5167103538663171,0.23614707405489382,0.5033112582781457,0.5,450,456,1453,1599,0.5103037417652522,0.5176856998484083,0.55620050707358,0.4732990263261191,0.7781021897810219,0.5239187418086501,0.23646873357856016,0.4966887417218543,perm,70
412,494,1471,1581,0.5035371399696816,0.4863835533605872,0.5431908665765287,0.45609066463354636,0.7619277108433735,0.5180209698558322,0.21879978757302176,0.45474613686534215,0.4876070119402035,408,498,1459,1593,0.5055583628094997,0.486141971826096,0.5450395660518695,0.4568744649508023,0.7618364418938307,0.5219528178243774,0.2185324049276915,0.4503311258278146,0.4847342530790797,0.47000000000000003,23,883,64,2988,0.5022082288167712,0.7607377463365336,0.6762216930055576,0.45476693055345235,0.7718935675536037,0.9790301441677588,0.26436781609195403,0.025386313465783666,0.45,2,904,1,3051,0.5009399257606925,0.7713491662455786,0.6725116181137074,0.43762194115800906,0.7714285714285715,0.9996723460026212,0.6666666666666666,0.002207505518763797,perm,71
464,442,1523,1529,0.5035371399696816,0.5065621211726685,0.5428695406570971,0.46478690247467935,0.7757483510908169,0.5009829619921363,0.233517866129844,0.5121412803532008,0.5091016204768559,453,453,1497,1555,0.5073269327943406,0.5047509829619921,0.5465491549065367,0.46592569834257813,0.774402390438247,0.5095019659239842,0.2323076923076923,0.5,0.5063415152803936,0.49,239,667,734,2318,0.511649437708129,0.646033350176857,0.6503798901850903,0.5111608624586912,0.7765494137353434,0.7595019659239842,0.24563206577595068,0.26379690949227375,0.49,251,655,781,2271,0.5105720853260194,0.6371905002526529,0.6451610977993243,0.5094079046631594,0.7761449077238551,0.7441022280471822,0.24321705426356588,0.27704194260485654,perm,72
432,474,1514,1538,0.49772612430520463,0.49037652001076265,0.5377285049673146,0.4551851310241531,0.76441351888668,0.5039318479685452,0.22199383350462487,0.4768211920529801,0.48709238540789673,439,467,1491,1561,0.5053057099545225,0.49800767563845516,0.5447568694889513,0.4620789511677754,0.769723865877712,0.5114678899082569,0.22746113989637307,0.4845474613686534,0.48940024852519537,0.45,1,905,1,3051,0.5003880493810016,0.7710965133906014,0.671912715063291,0.436460910626999,0.7712335692618807,0.9996723460026212,0.5,0.0011037527593818985,0.52,812,94,2732,320,0.5005482598896537,0.28600303183425974,0.22592057373442367,0.27479735731374444,0.7729468599033816,0.10484927916120576,0.2291196388261851,0.8962472406181016,perm,73
429,477,1492,1560,0.5025265285497726,0.49232508484285625,0.542221940569786,0.45829449801318634,0.7658321060382917,0.5111402359108781,0.2233211868818324,0.4735099337748344,0.48834477590781133,439,467,1454,1598,0.5146538655886812,0.5040692745899623,0.5534183353789781,0.4691340879929828,0.7738498789346246,0.5235910878112713,0.23190702588483889,0.4845474613686534,0.49086565028830653,0.47000000000000003,17,889,41,3011,0.5026649915084814,0.7650328448711471,0.6760168582834332,0.450747628074431,0.772051282051282,0.9865661861074705,0.29310344827586204,0.018763796909492272,0.5,439,467,1454,1598,0.5040692745899623,0.5146538655886812,0.5534183353789781,0.4691340879929828,0.7738498789346246,0.5235910878112713,0.23190702588483889,0.4845474613686534,perm,74
481,425,1493,1559,0.515411824153613,0.5208588295880963,0.5538784964191793,0.4765849770540994,0.7857862903225806,0.5108125819134993,0.24366767983789261,0.5309050772626932,0.5161458197714957,465,441,1519,1533,0.504800404244568,0.5077693055471171,0.544051335759969,0.4659135815558404,0.776595744680851,0.5022935779816514,0.234375,0.5132450331125827,0.5140549460564346,0.5,481,425,1493,1559,0.5208588295880963,0.515411824153613,0.5538784964191793,0.4765849770540994,0.7857862903225806,0.5108125819134993,0.24366767983789261,0.5309050772626932,0.49,264,642,765,2287,0.5203677102410318,0.6445174330469934,0.6521604448455398,0.5188116373684626,0.7808125640150222,0.7493446920052425,0.2565597667638484,0.2913907284768212,perm,75
464,442,1517,1535,0.5050530570995452,0.507545083164805,0.5443020178404359,0.4659501390032718,0.776428932726353,0.502948885976409,0.2342251388187784,0.5121412803532008,0.5129539056645807,461,445,1502,1550,0.5080848913592724,0.5083468590060729,0.547189610923456,0.46779630138254946,0.7769423558897243,0.5078636959370905,0.2348446255731024,0.5088300220750552,0.5133059709697112,0.51,701,205,2271,781,0.5148142281397643,0.37443153107630117,0.38103422302111506,0.3741758605266472,0.7920892494929006,0.2558977719528178,0.23586810228802155,0.7737306843267108,0.49,250,656,775,2277,0.5110031709384647,0.6384537645275392,0.6459997875427,0.5099177254373635,0.7763382202523014,0.7460681520314548,0.24390243902439024,0.27593818984547464,perm,76
444,462,1538,1514,0.4946942900454775,0.49306718859850884,0.5347586119745886,0.454853375115971,0.7661943319838057,0.49606815203145477,0.22401614530776992,0.4900662251655629,0.49987089130566864,450,456,1516,1536,0.5017685699848409,0.49998264084782096,0.5413605569463932,0.46120545881479746,0.7710843373493976,0.5032765399737876,0.2288911495422177,0.4966887417218543,0.5041522730363182,0.52,836,70,2773,279,0.5070763860559717,0.2817079332996463,0.2112811384214466,0.2671952715359921,0.7994269340974212,0.09141546526867628,0.2316431144361319,0.9227373068432672,0.53,892,14,2953,99,0.5084926035545757,0.2503789792824659,0.13419244829177765,0.2190295682325796,0.8761061946902655,0.032437745740498035,0.23198959687906373,0.9845474613686535,perm,77
462,444,1470,1582,0.516422435573522,0.5141411993438241,0.5549814956898133,0.47433067404306767,0.7808489634748272,0.518348623853211,0.2391304347826087,0.5099337748344371,0.5226204218852617,458,448,1461,1591,0.5176856998484083,0.5134081368132648,0.556175702813814,0.4746361703717996,0.7802844531633154,0.52129750982962,0.23866597186034394,0.5055187637969095,0.523747862654388,0.48,102,804,250,2802,0.5153346410561308,0.7337038908539667,0.6861469491754956,0.5019281823126822,0.7770382695507487,0.918086500655308,0.2897727272727273,0.11258278145695365,0.49,243,663,727,2325,0.5150037322177184,0.6488125315816069,0.6529423403010018,0.5144646916787867,0.7781124497991968,0.7617955439056356,0.25051546391752577,0.2682119205298013,perm,78
466,440,1549,1503,0.4974734714502274,0.5034063719661265,0.5370832346682678,0.4604353069262347,0.7735460627895008,0.4924639580602883,0.23126550868486354,0.5143487858719646,0.5141650681780702,473,433,1505,1547,0.5103587670540677,0.514477894566296,0.5492043068783308,0.47144075420774456,0.7813131313131313,0.5068807339449541,0.2391304347826087,0.522075055187638,0.5165505050066688,0.49,238,668,734,2318,0.5110975613284381,0.6457806973218797,0.6500690529890629,0.5106325187197448,0.7762893503014066,0.7595019659239842,0.2448559670781893,0.26269315673289184,0.5,473,433,1505,1547,0.514477894566296,0.5103587670540677,0.5492043068783308,0.47144075420774456,0.7813131313131313,0.5068807339449541,0.2391304347826087,0.522075055187638,perm,79
448,458,1514,1538,0.5017685699848409,0.49920654208581783,0.5413802300706564,0.46088153447959557,0.7705410821643287,0.5039318479685452,0.22833843017329256,0.49448123620309054,0.4968796923958234,452,454,1496,1556,0.5073269327943406,0.5043629335809905,0.546557040840361,0.46576259567072575,0.7741293532338308,0.509829619921363,0.23203285420944558,0.4988962472406181,0.4986300735738733,0.52,830,76,2789,263,0.5011438957987958,0.27614957049014655,0.2035832143701896,0.26098365677101065,0.775811209439528,0.08617300131061599,0.22934512296214424,0.9161147902869757,0.5,452,454,1496,1556,0.5043629335809905,0.5073269327943406,0.546557040840361,0.46576259567072575,0.7741293532338308,0.509829619921363,0.23203285420944558,0.4988962472406181,perm,80
450,456,1510,1542,0.5032844871147044,0.5009656028399573,0.5427850613054255,0.46235979355088336,0.7717717717717718,0.5052424639580603,0.22959183673469388,0.4966887417218543,0.4919048487005228,438,468,1519,1533,0.4979787771601819,0.4928686432954615,0.5379151176304904,0.45637050616590236,0.7661169415292354,0.5022935779816514,0.22381195707715892,0.48344370860927155,0.49535226782857256,0.48,94,812,261,2791,0.50911753303302,0.7289034866093986,0.6808977286621072,0.49392793455160333,0.7746322509020261,0.9144823066841415,0.2647887323943662,0.10375275938189846,0.48,106,800,305,2747,0.5085316616469785,0.7208185952501264,0.6788237306865962,0.49676114613440314,0.7744572878488863,0.9000655307994757,0.25790754257907544,0.11699779249448124,perm,81
451,455,1535,1517,0.49722081859525014,0.49742180425241367,0.5370599927699764,0.4578980781598259,0.7692697768762677,0.4970511140235911,0.22708962739174218,0.4977924944812362,0.49318400122671346,456,450,1538,1514,0.49772612430520463,0.49968970515480027,0.5374726916626114,0.459075510091844,0.7708757637474541,0.49606815203145477,0.22868605817452356,0.5033112582781457,0.49569619603111914,0.53,890,16,2985,67,0.5021463868371335,0.24178878221323902,0.11818153076129495,0.20752513521258226,0.8072289156626506,0.021952817824377458,0.2296774193548387,0.9823399558498896,0.54,904,2,3031,21,0.5023366142130952,0.23370389085396664,0.09602213541509208,0.1935675455081343,0.9130434782608695,0.006880733944954129,0.22973316391359594,0.9977924944812362,perm,82
470,436,1543,1509,0.5,0.5065968394770266,0.5394266364546374,0.4629952346193602,0.7758354755784062,0.49442988204456095,0.23348236462990563,0.5187637969094923,0.49651478855106046,445,461,1507,1545,0.5027791814047499,0.4986977019375707,0.5423552476628662,0.4611599912671513,0.7701894317048853,0.5062254259501966,0.22797131147540983,0.4911699779249448,0.49929966670427817,0.49,235,671,749,2303,0.5069845272090244,0.6412329459322891,0.6463141514394071,0.506515856333314,0.7743779421654338,0.7545871559633027,0.23882113821138212,0.25938189845474613,0.49,247,659,773,2279,0.5096751957967707,0.6382011116725619,0.6454657279231903,0.5087125132403088,0.7756977535738597,0.7467234600262124,0.24215686274509804,0.2726269315673289,perm,83
458,448,1533,1519,0.4994946942900455,0.501612592907629,0.5391214134375552,0.4607445108656144,0.7722419928825622,0.49770642201834864,0.2300351582119538,0.5055187637969095,0.5001327251843686,449,457,1514,1538,0.5020212228398181,0.4997584184655088,0.5416079728454709,0.4612360092578352,0.7709273182957393,0.5039318479685452,0.22873153336729496,0.4955849889624724,0.49911558736137995,0.5,458,448,1533,1519,0.501612592907629,0.4994946942900455,0.5391214134375552,0.4607445108656144,0.7722419928825622,0.49770642201834864,0.2300351582119538,0.5055187637969095,0.48,95,811,314,2738,0.5009865784821737,0.7157655381505811,0.6727530269357227,0.48702898454721977,0.7714849253310792,0.8971166448230669,0.23227383863080683,0.10485651214128035,perm,84
446,460,1542,1510,0.494188984335523,0.4935156333631332,0.5342555332729073,0.4547889768776884,0.766497461928934,0.4947575360419397,0.2243460764587525,0.4922737306843267,0.49253701115904164,439,467,1533,1519,0.4946942900454775,0.491126941693501,0.5348166262911531,0.45404501880220405,0.7648539778449144,0.49770642201834864,0.22261663286004058,0.4845474613686534,0.49256937874487544,0.51,682,224,2283,769,0.5023626529413636,0.3665992925720061,0.37384552810066685,0.3662931136060063,0.7744209466263847,0.2519659239842726,0.2300168634064081,0.7527593818984547,0.47000000000000003,23,883,68,2984,0.5015529208220137,0.7597271349166246,0.6756723861766659,0.45434540360494696,0.7716576157227825,0.9777195281782438,0.25274725274725274,0.025386313465783666,perm,85
459,447,1533,1519,0.4997473471450227,0.5021644692873201,0.5393474261883162,0.4610953362924528,0.7726347914547305,0.49770642201834864,0.23042168674698796,0.5066225165562914,0.5047987206304845,444,462,1514,1538,0.5007579585649318,0.496999036567054,0.5404686872784289,0.4594618205301733,0.769,0.5039318479685452,0.22676200204290092,0.4900662251655629,0.5053999620991844,0.51,696,210,2291,761,0.508778306267522,0.3681152097018696,0.37357264885645564,0.3679447466816639,0.7837281153450052,0.24934469200524245,0.23300970873786409,0.7682119205298014,0.48,100,806,293,2759,0.5071863273531054,0.7223345123799899,0.6782701673395349,0.4939386186907705,0.7739130434782608,0.903997378768021,0.2544529262086514,0.11037527593818984,perm,86
474,432,1591,1461,0.4888832743810005,0.5009406490587,0.5286804025544575,0.45499219111335426,0.7717908082408875,0.4787024901703801,0.22953995157384988,0.5231788079470199,0.4891834399474596,452,454,1569,1483,0.4888832743810005,0.4924035626766655,0.5291195152373762,0.45167828395685405,0.7656169334021683,0.485910878112713,0.22365165759524988,0.4988962472406181,0.49160413755392185,0.5,474,432,1591,1461,0.5009406490587,0.4888832743810005,0.5286804025544575,0.45499219111335426,0.7717908082408875,0.4787024901703801,0.22953995157384988,0.5231788079470199,0.54,901,5,3030,22,0.5008448120727117,0.23319858514401212,0.0962960837635629,0.1934176599494948,0.8148148148148148,0.007208387942332897,0.22920376494530653,0.9944812362030905,perm,87
475,431,1545,1507,0.5007579585649318,0.5090285673781025,0.5400677890565194,0.4643416703536944,0.7776057791537667,0.4937745740498034,0.23514851485148514,0.5242825607064018,0.5083161188407558,475,431,1512,1540,0.5090955027791814,0.5144348583348523,0.547987540710809,0.47077911018234203,0.7813292744799594,0.5045871559633027,0.23905385002516355,0.5242825607064018,0.5105131365384115,0.5,475,431,1545,1507,0.5090285673781025,0.5007579585649318,0.5400677890565194,0.4643416703536944,0.7776057791537667,0.4937745740498034,0.23514851485148514,0.5242825607064018,0.5,475,431,1512,1540,0.5144348583348523,0.5090955027791814,0.547987540710809,0.47077911018234203,0.7813292744799594,0.5045871559633027,0.23905385002516355,0.5242825607064018,perm,88
414,492,1482,1570,0.5012632642748863,0.4856852091343859,0.5410955778768842,0.4547519970790181,0.7613967022308439,0.5144167758846658,0.21835443037974683,0.45695364238410596,0.49101266060832255,419,487,1467,1585,0.5063163213744315,0.4909019960131814,0.5457483264097187,0.4594002827304063,0.76496138996139,0.5193315858453473,0.22216330858960764,0.4624724061810154,0.4902539209984984,0.52,828,78,2780,272,0.5015145860276184,0.27791814047498736,0.20727813782943652,0.2633822998121723,0.7771428571428571,0.0891218872870249,0.229490022172949,0.9139072847682119,0.52,815,91,2736,316,0.501548581033969,0.28575037897928246,0.2246022680851668,0.27421430815275555,0.7764127764127764,0.10353866317169069,0.2295128132920304,0.8995584988962473,perm,89
447,459,1516,1536,0.501010611419909,0.49832701170874816,0.5406776998324734,0.46014262723704946,0.7699248120300752,0.5032765399737876,0.22771268466632705,0.49337748344370863,0.4890145498627181,427,479,1495,1557,0.5012632642748863,0.4907298510874062,0.5410572098950054,0.45700424995329725,0.7647347740667977,0.5101572739187418,0.22216441207075963,0.47130242825607066,0.4841239703852864,0.47000000000000003,18,888,51,3001,0.5015785979012786,0.7627589691763517,0.675232007381799,0.45081998825263486,0.7716636667523785,0.9832896461336829,0.2608695652173913,0.019867549668874173,0.46,4,902,12,3040,0.5002415815344912,0.7690752905507833,0.6723131135623633,0.4389966733183758,0.7711821410451547,0.9960681520314548,0.25,0.004415011037527594,perm,90
421,485,1574,1478,0.4797877716018191,0.4744762599127992,0.5209467662056656,0.4398382240386734,0.7529291900152827,0.4842726081258191,0.21102756892230576,0.46467991169977924,0.47954223915703953,425,481,1559,1493,0.4845881758463871,0.47914117041190374,0.5254411861991514,0.44411413590505844,0.7563323201621074,0.4891874180865007,0.21421370967741934,0.46909492273730685,0.4802255749495862,0.48,86,820,278,2774,0.5019174630177728,0.7225871652349671,0.6747030967504798,0.4851104565886532,0.771841958820256,0.9089121887287025,0.23626373626373626,0.09492273730684327,0.53,883,23,2967,85,0.5012321381557058,0.24456796361798888,0.12647958303432272,0.21255895284836743,0.7870370370370371,0.027850589777195282,0.22935064935064936,0.9746136865342163,perm,91
440,466,1503,1549,0.5025265285497726,0.4965936280338735,0.5421576968539434,0.4601437265735667,0.7687344913151365,0.5075360419397117,0.22645393721049922,0.4856512141280353,0.49799718781734703,438,468,1496,1556,0.503789792824659,0.4966366642653173,0.5433501913825958,0.4607659352490039,0.7687747035573123,0.509829619921363,0.2264736297828335,0.48344370860927155,0.4952860860608901,0.51,696,210,2282,770,0.5102527492557264,0.370389085396665,0.3765535302851817,0.3701689266506465,0.7857142857142857,0.25229357798165136,0.23371390194761585,0.7682119205298014,0.51,685,221,2244,808,0.5104075350293225,0.37721071248105104,0.38711242162090714,0.3766086807340405,0.7852283770651117,0.26474442988204455,0.23386821440764766,0.7560706401766004,perm,92
456,450,1521,1531,0.5020212228398181,0.5024747641325198,0.5415339673844394,0.46236090501958665,0.7728419989904088,0.5016382699868939,0.2306525037936267,0.5033112582781457,0.4960464530912311,450,456,1511,1541,0.5030318342597271,0.500801775841268,0.5425478105907334,0.4621674454662411,0.771657486229344,0.5049148099606815,0.22947475777664456,0.4966887417218543,0.49783914720271727,0.5,456,450,1521,1531,0.5024747641325198,0.5020212228398181,0.5415339673844394,0.46236090501958665,0.7728419989904088,0.5016382699868939,0.2306525037936267,0.5033112582781457,0.51,671,235,2241,811,0.5031727467097173,0.37443153107630117,0.3856601394951143,0.3736478794418875,0.7753346080305927,0.2657273918741809,0.23042582417582416,0.7406181015452539,perm,93
450,456,1492,1560,0.5078322385042952,0.5039144888163662,0.5470442666497196,0.46581935120562595,0.7738095238095238,0.5111402359108781,0.23171987641606592,0.4966887417218543,0.49874797114908903,437,469,1486,1566,0.5060636685194543,0.4977230578725202,0.5454722843899211,0.4623150674203813,0.7695331695331695,0.5131061598951507,0.22724908996359855,0.48233995584988965,0.5002206058922748,0.5,450,456,1492,1560,0.5039144888163662,0.5078322385042952,0.5470442666497196,0.46581935120562595,0.7738095238095238,0.5111402359108781,0.23171987641606592,0.4966887417218543,0.47000000000000003,34,872,100,2952,0.5023810970405539,0.7544214249621021,0.6770601077727741,0.4620116794200564,0.7719665271966527,0.9672346002621232,0.2537313432835821,0.037527593818984545,perm,94
470,436,1537,1515,0.5015159171298635,0.5075798014691629,0.540869467315291,0.4641640007413334,0.7765248590466427,0.49639580602883354,0.2341803687095167,0.5187637969094923,0.510246601222663,452,454,1527,1525,0.4994946942900455,0.49928429662161966,0.5391962929480529,0.459793095632038,0.7705912076806468,0.4996723460026212,0.22839818089944416,0.4988962472406181,0.5107037255633768,0.49,252,654,779,2273,0.5114516157030891,0.6379484588175847,0.6458459391478722,0.5102619968374943,0.7765630338230269,0.7447575360419397,0.24442289039767218,0.2781456953642384,0.51,694,212,2282,770,0.5091489964963445,0.36988377968671043,0.3762139176012278,0.36965136882608085,0.7841140529531568,0.25229357798165136,0.23319892473118278,0.7660044150110376,perm,95
432,474,1562,1490,0.48559878726629613,0.48251282407367224,0.5263050302943042,0.4460149590276632,0.7586558044806517,0.48820445609436436,0.21664994984954863,0.4768211920529801,0.4943022199462445,430,476,1518,1534,0.4962102071753411,0.48861745925662325,0.5363255074029128,0.4537080080858601,0.7631840796019901,0.5026212319790302,0.22073921971252566,0.4746136865342163,0.4923852994019772,0.48,92,814,278,2774,0.5052287212959186,0.7241030823648307,0.677291679338115,0.4898713978169732,0.7731326644370122,0.9089121887287025,0.24864864864864866,0.10154525386313466,0.48,108,798,322,2730,0.5068503554286409,0.7170288024254674,0.6768543911606973,0.49573194037457,0.7738095238095238,0.8944954128440367,0.25116279069767444,0.11920529801324503,perm,96
460,446,1561,1491,0.4929257200606367,0.49812918970370823,0.5328437306383658,0.45601498561611764,0.769747031491998,0.48853211009174313,0.22761009401286492,0.5077262693156733,0.49852049392574327,439,467,1516,1536,0.49898938858009095,0.49391200067122054,0.538854228305246,0.4573004189151767,0.7668497254118821,0.5032765399737876,0.22455242966751918,0.4845474613686534,0.5007330625305594,0.49,238,668,775,2277,0.5043806543821734,0.635421930267812,0.6423335927351131,0.5037127735311115,0.7731748726655348,0.7460681520314548,0.2349457058242843,0.26269315673289184,0.49,251,655,783,2269,0.5102444313286406,0.6366851945426983,0.6447799159980079,0.5090668515988352,0.7759917920656635,0.7434469200524246,0.24274661508704062,0.27704194260485654,perm,97
471,435,1537,1515,0.5017685699848409,0.5081316778488538,0.5410945884762282,0.46451234194036867,0.7769230769230769,0.49639580602883354,0.23456175298804782,0.5198675496688742,0.4962898428707409,465,441,1524,1528,0.5035371399696816,0.5069501705536701,0.5428567947866244,0.46494360989543393,0.7760284408329101,0.5006553079947575,0.23378582202111614,0.5132450331125827,0.4973552608357274,0.5,471,435,1537,1515,0.5081316778488538,0.5017685699848409,0.5410945884762282,0.46451234194036867,0.7769230769230769,0.49639580602883354,0.23456175298804782,0.5198675496688742,0.5,465,441,1524,1528,0.5069501705536701,0.5035371399696816,0.5428567947866244,0.46494360989543393,0.7760284408329101,0.5006553079947575,0.23378582202111614,0.5132450331125827,perm,98
457,449,1534,1518,0.49898938858009095,0.5008968895292487,0.5386561145111922,0.4602000833147467,0.771733604473818,0.49737876802096986,0.22953289804118535,0.5044150110375276,0.5141357746087681,449,457,1534,1518,0.49696816574027286,0.4964818784917211,0.5368460814989537,0.45738646476902883,0.7686075949367088,0.49737876802096986,0.2264246091780131,0.4955849889624724,0.5112657281151722,0.51,693,213,2244,808,0.5148225460668501,0.37923193532086913,0.38849494964888204,0.37870744164892356,0.791380999020568,0.26474442988204455,0.23595505617977527,0.7649006622516556,0.51,676,230,2201,851,0.5124852085557475,0.3858009095502779,0.3993506849167374,0.3845978599870459,0.7872340425531915,0.2788335517693316,0.23496697949252693,0.7461368653421634,perm,99
452,454,1550,1502,0.49368367862556845,0.4955162756517638,0.5336931725575398,0.45535341527833323,0.7678936605316974,0.4921363040629096,0.22577422577422576,0.4988962472406181,0.49051322333417235,461,445,1518,1534,0.5040424456796362,0.5057256270270427,0.543383302906122,0.46470158845315024,0.7751389590702374,0.5026212319790302,0.23294593228903487,0.5088300220750552,0.4920795251693241,0.55,906,0,3051,1,0.5001638269986893,0.22915613946437594,0.08579675396313954,0.18663229682962704,1.0,0.000327653997378768,0.22896133434420016,1.0,0.5,461,445,1518,1534,0.5057256270270427,0.5040424456796362,0.543383302906122,0.46470158845315024,0.7751389590702374,0.5026212319790302,0.23294593228903487,0.5088300220750552,perm,100
456,450,1543,1509,0.49646286003031836,0.49887057016135333,0.5362744481658979,0.45810823760875813,0.7702909647779479,0.49442988204456095,0.22811405702851426,0.5033112582781457,0.4900029365899103,446,460,1548,1504,0.4926730672056594,0.4925326713709969,0.5328194994258167,0.45363361381510203,0.7657841140529531,0.4927916120576671,0.22367101303911735,0.4922737306843267,0.48769579677061903,0.48,90,816,270,2782,0.5054355845260518,0.7256189994946943,0.6777155946870931,0.4894359120550191,0.7732073374096721,0.9115334207077327,0.25,0.09933774834437085,0.48,93,813,297,2755,0.5026678847005113,0.71955533097524,0.6746557848683414,0.48792240125321695,0.7721412556053812,0.9026867627785059,0.23846153846153847,0.10264900662251655,perm,101
443,463,1548,1504,0.4919151086407276,0.4908770422319241,0.5321419295421118,0.4525780976025999,0.7646161667513981,0.4927916120576671,0.22250125565042692,0.488962472406181,0.49665474671550375,430,476,1507,1545,0.49898938858009095,0.49041955624220646,0.5389230135484081,0.4558021995988363,0.764473033151905,0.5062254259501966,0.2219927723283428,0.4746136865342163,0.48791567936488645,0.52,834,72,2778,274,0.5051534983031429,0.27993936331480546,0.20886462190328353,0.26523062155927984,0.791907514450867,0.08977719528178243,0.23089700996677742,0.9205298013245033,0.47000000000000003,29,877,79,2973,0.5030620821145761,0.7584638706417383,0.6773845895119345,0.459344317200457,0.7722077922077922,0.9741153342070773,0.26851851851851855,0.03200883002207505,perm,102
466,440,1505,1547,0.5085901970692269,0.5106147599084594,0.5476144769093516,0.4689796369685931,0.7785606441872169,0.5068807339449541,0.23642820903094874,0.5143487858719646,0.506227595844219,456,450,1497,1555,0.5080848913592724,0.506406612101065,0.5472345001598191,0.46699088938047495,0.7755610972568578,0.5095019659239842,0.23348694316436253,0.5033112582781457,0.5058916239197544,0.49,246,660,723,2329,0.5173146693515489,0.6505811015664477,0.6546293401691106,0.5167321966561828,0.7791903646704583,0.7631061598951507,0.25386996904024767,0.271523178807947,0.49,254,652,748,2304,0.5176340054218418,0.6462860030318343,0.6523585243140217,0.5166123714851197,0.7794316644113667,0.7549148099606815,0.25349301397205587,0.2803532008830022,perm,103
481,425,1521,1531,0.5083375442142496,0.5162716736247935,0.5471890787410042,0.47111663978624574,0.782719836400818,0.5016382699868939,0.24025974025974026,0.5309050772626932,0.5096542201545543,469,437,1530,1522,0.5030318342597271,0.5081747140802977,0.5423240539600207,0.465177573194394,0.7769270035732516,0.4986893840104849,0.23461730865432717,0.5176600441501104,0.507224119673995,0.5,481,425,1521,1531,0.5162716736247935,0.5083375442142496,0.5471890787410042,0.47111663978624574,0.782719836400818,0.5016382699868939,0.24025974025974026,0.5309050772626932,0.5,469,437,1530,1522,0.5081747140802977,0.5030318342597271,0.5423240539600207,0.465177573194394,0.7769270035732516,0.4986893840104849,0.23461730865432717,0.5176600441501104,perm,104
452,454,1487,1565,0.5096008084891359,0.505837376569195,0.5486821398444593,0.46749284934249996,0.7751362060425954,0.512778505897772,0.2331098504383703,0.4988962472406181,0.5092983575348846,450,456,1435,1617,0.522233451237999,0.5132526277416611,0.5603940851637531,0.4767447282641941,0.7800289435600579,0.5298165137614679,0.23872679045092837,0.4966887417218543,0.514523462340766,0.51,692,214,2225,827,0.5173833826622575,0.3837796867104598,0.39447111695731274,0.3830619626511236,0.7944284341978867,0.27096985583224115,0.23723003085361674,0.7637969094922737,0.51,685,221,2191,861,0.5190903659598598,0.39060131379484586,0.4041154537039416,0.3893939591633734,0.7957486136783734,0.28211009174311924,0.2381780250347705,0.7560706401766004,perm,105
462,444,1528,1524,0.5017685699848409,0.5046392334198397,0.5412218073176154,0.4631160441108494,0.774390243902439,0.49934469200524245,0.2321608040201005,0.5099337748344371,0.49885899739323397,453,453,1482,1570,0.5111167256189995,0.5072083879423329,0.5500899597983613,0.4688105034826078,0.7760751359367276,0.5144167758846658,0.23410852713178296,0.5,0.496073215117507,0.5,462,444,1528,1524,0.5046392334198397,0.5017685699848409,0.5412218073176154,0.4631160441108494,0.774390243902439,0.49934469200524245,0.2321608040201005,0.5099337748344371,0.5,453,453,1482,1570,0.5072083879423329,0.5111167256189995,0.5500899597983613,0.4688105034826078,0.7760751359367276,0.5144167758846658,0.23410852713178296,0.5,perm,106
450,456,1572,1480,0.4876200101061142,0.4908083289212155,0.5279470238176575,0.4504006336519122,0.7644628099173554,0.4849279161205767,0.22255192878338279,0.4966887417218543,0.4921919980094838,455,451,1527,1525,0.5002526528549772,0.5009399257606926,0.5398762672428682,0.46084998798969534,0.7717611336032388,0.4996723460026212,0.22956609485368315,0.5022075055187638,0.4923482303790949,0.49,241,665,778,2274,0.5055448025251781,0.635421930267812,0.6426842657954763,0.5047641592258518,0.773732562095951,0.7450851900393185,0.2365063788027478,0.26600441501103755,0.49,251,655,826,2226,0.503199870384997,0.6258211217786761,0.636562139088144,0.5017655125026572,0.7726483859770913,0.7293577981651376,0.2330547818012999,0.27704194260485654,perm,107
437,469,1532,1520,0.49444163719050027,0.49018701593280856,0.5346002288059538,0.4535274747073993,0.7642031171442936,0.4980340760157274,0.22194007110208228,0.48233995584988965,0.4939163404592653,431,475,1505,1547,0.4997473471450227,0.4912990866192762,0.539623778314436,0.4565414275478721,0.765084075173096,0.5068807339449541,0.22262396694214875,0.4757174392935982,0.4965721099181516,0.52,837,69,2784,268,0.5058261654500794,0.2791814047498737,0.20659989146290397,0.2639700305103577,0.7952522255192879,0.08781127129750983,0.2311516155758078,0.9238410596026491,0.49,239,667,755,2297,0.5082090707356519,0.6407276402223345,0.6464199748252508,0.5076046332586787,0.774966261808367,0.7526212319790302,0.24044265593561368,0.26379690949227375,perm,108
446,460,1556,1496,0.49065184436584136,0.49122205538148184,0.5309009161057885,0.4520920584835927,0.7648261758691206,0.49017038007863695,0.22277722277722278,0.4922737306843267,0.4936100237531066,452,454,1547,1505,0.49444163719050027,0.496007756647832,0.5344130309984756,0.4559330574285625,0.7682491066870852,0.49311926605504586,0.22611305652826413,0.4988962472406181,0.4935769328692653,0.47000000000000003,21,885,62,2990,0.501432130054768,0.7607377463365336,0.6753996908680896,0.4528778597195103,0.7716129032258064,0.9796854521625163,0.25301204819277107,0.023178807947019868,0.48,106,800,326,2726,0.5050912946745014,0.7155128852956039,0.6753715097077865,0.49363439575956636,0.7731140102098696,0.8931847968545217,0.24537037037037038,0.11699779249448124,perm,109
451,455,1557,1495,0.49166245578575035,0.49381761028124715,0.5317861622789913,0.45365052331846945,0.7666666666666667,0.4898427260812582,0.224601593625498,0.4977924944812362,0.4936545065805652,445,461,1540,1512,0.49444163719050027,0.4932914109808211,0.5345073621247387,0.45482149955858897,0.7663456664977192,0.4954128440366973,0.22418136020151133,0.4911699779249448,0.49376860684124185,0.54,905,1,3042,10,0.5010863936072029,0.23117736230419403,0.09040793951759238,0.189747361188111,0.9090909090909091,0.00327653997378768,0.2292880668862427,0.9988962472406181,0.46,8,898,16,3036,0.5017937790584974,0.7690752905507833,0.6741496946851371,0.44318560315715916,0.771733604473818,0.9947575360419397,0.3333333333333333,0.008830022075055188,perm,110
421,485,1560,1492,0.48332491157150076,0.4767698378944506,0.5242968996853963,0.44250537736686624,0.7546788062721295,0.4888597640891219,0.21251892983341747,0.46467991169977924,0.4641048897838497,408,498,1517,1535,0.4909044972208186,0.47664000590211175,0.5315176340246587,0.4459869258980239,0.7550418101328087,0.502948885976409,0.21194805194805194,0.4503311258278146,0.466374418106753,0.47000000000000003,21,885,66,2986,0.5007768220600106,0.7597271349166246,0.6748540971998791,0.45246393976381544,0.7713769051924567,0.9783748361730014,0.2413793103448276,0.023178807947019868,0.54,899,7,3024,28,0.5007240213054661,0.23420919656392117,0.09921665415282334,0.19523720304716075,0.8,0.009174311926605505,0.22916135610502167,0.9922737306843267,perm,111
456,450,1570,1482,0.4896412329459323,0.49444724119674,0.5297739869810253,0.4528767636244988,0.7670807453416149,0.4855832241153342,0.2250740375123396,0.5033112582781457,0.492500484609665,472,434,1550,1502,0.4987367357251137,0.5065538032455829,0.5381888043659923,0.46232488025906987,0.7758264462809917,0.4921363040629096,0.2334322453016815,0.5209713024282561,0.4976707995914813,0.53,888,18,2987,65,0.5007149800803729,0.24077817079332997,0.11700616459103343,0.2064688541532188,0.7831325301204819,0.02129750982961992,0.22916129032258065,0.9801324503311258,0.5,472,434,1550,1502,0.5065538032455829,0.4987367357251137,0.5381888043659923,0.46232488025906987,0.7758264462809917,0.4921363040629096,0.2334322453016815,0.5209713024282561,perm,112
423,483,1512,1540,0.4959575543203638,0.48573728659092286,0.5361392608773802,0.4523395113425336,0.7612456747404844,0.5045871559633027,0.2186046511627907,0.46688741721854304,0.4915149910745026,432,474,1477,1575,0.5070742799393633,0.49643811896226986,0.5464288271669572,0.46222657557132774,0.7686676427525623,0.5160550458715596,0.22629649030906235,0.4768211920529801,0.49052606187380476,0.46,5,901,7,3045,0.501612592907629,0.7705912076806468,0.6735391960237455,0.4405709443283204,0.7716675114039534,0.9977064220183486,0.4166666666666667,0.005518763796909493,0.46,7,899,10,3042,0.5022248646709428,0.7703385548256695,0.6743358828848015,0.4425904003368792,0.7718853082973864,0.9967234600262124,0.4117647058823529,0.00772626931567329,perm,113
450,456,1535,1517,0.49696816574027286,0.49686992787272266,0.5368336621640952,0.45754602979567743,0.7688798783578307,0.4970511140235911,0.22670025188916876,0.4966887417218543,0.4873451780615035,444,462,1532,1520,0.4962102071753411,0.49405015059064517,0.5361897869954296,0.4560064427955138,0.7669021190716448,0.4980340760157274,0.22469635627530365,0.4900662251655629,0.48368474767025715,0.47000000000000003,22,884,58,2994,0.5026393144292166,0.7620010106114199,0.6764955569033274,0.45434700525978416,0.7720474471376998,0.9809960681520314,0.275,0.024282560706401765,0.46,6,900,12,3040,0.5013453342938731,0.7695805962607377,0.6734914798495438,0.44127611518915866,0.7715736040609137,0.9960681520314548,0.3333333333333333,0.006622516556291391,perm,114
444,462,1530,1522,0.4967155128852956,0.49437780458802394,0.5366663007648618,0.45639065395816786,0.7671370967741935,0.4986893840104849,0.22492401215805471,0.4900662251655629,0.49271819730991007,444,462,1505,1547,0.5030318342597271,0.49847347955525856,0.5426000020829955,0.4611874535223687,0.7700348432055749,0.5068807339449541,0.22780913288866086,0.4900662251655629,0.49821725123611627,0.48,93,813,292,2760,0.5034870196939581,0.7208185952501264,0.675462558108255,0.4886409540651535,0.7724601175482787,0.9043250327653998,0.24155844155844156,0.10264900662251655,0.49,255,651,803,2249,0.5091753968736167,0.6326427488630622,0.6421674849846034,0.5076932500054749,0.7755172413793103,0.7368938401048493,0.24102079395085066,0.2814569536423841,perm,115
455,451,1488,1564,0.5101061141990905,0.5073291787095785,0.5491334556626696,0.4683690633957064,0.7761786600496278,0.5124508519003932,0.2341739577972208,0.5022075055187638,0.5115235838548312,450,456,1472,1580,0.5128852956038403,0.5071910287901539,0.5517519253685768,0.4696576463576277,0.7760314341846758,0.5176933158584535,0.23413111342351717,0.4966887417218543,0.5054961607341764,0.49,228,678,719,2333,0.5080362025118693,0.647043961596766,0.6497553615584732,0.5078367196603321,0.7748256393224843,0.7644167758846658,0.24076029567053855,0.25165562913907286,0.5,450,456,1472,1580,0.5071910287901539,0.5128852956038403,0.5517519253685768,0.4696576463576277,0.7760314341846758,0.5176933158584535,0.23413111342351717,0.4966887417218543,perm,116
462,444,1528,1524,0.5017685699848409,0.5046392334198397,0.5412218073176154,0.4631160441108494,0.774390243902439,0.49934469200524245,0.2321608040201005,0.5099337748344371,0.5030244706181883,467,439,1507,1545,0.5083375442142496,0.5108389822907715,0.5473657737391673,0.4689438818286118,0.7787298387096774,0.5062254259501966,0.23657548125633232,0.5154525386313465,0.5051365007999676,0.51,701,205,2327,725,0.5056399162131588,0.3602829711975745,0.3623627106072037,0.36025944916843644,0.7795698924731183,0.2375491480996068,0.23150594451783355,0.7737306843267108,0.5,467,439,1507,1545,0.5108389822907715,0.5083375442142496,0.5473657737391673,0.4689438818286118,0.7787298387096774,0.5062254259501966,0.23657548125633232,0.5154525386313465,perm,117
429,477,1532,1520,0.4924204143506822,0.48577200489528094,0.532780148183418,0.45068347633028893,0.7611417125688533,0.4980340760157274,0.21876593574706782,0.4735099337748344,0.4884048096424304,420,486,1497,1555,0.49898938858009095,0.4865390624321908,0.5389755198258608,0.4540989247186184,0.7618814306712396,0.5095019659239842,0.2190923317683881,0.46357615894039733,0.48575356079609067,0.51,683,223,2275,777,0.5042251453105697,0.3688731682668014,0.3766484350572825,0.36851699132805615,0.777,0.2545871559633027,0.23089925625422583,0.7538631346578366,0.53,890,16,2966,86,0.5052590998122318,0.24658918645780697,0.127613331609822,0.21416322466194937,0.8431372549019608,0.02817824377457405,0.2308091286307054,0.9823399558498896,perm,118
450,456,1542,1510,0.49519959575543204,0.495723138881897,0.5351596755173009,0.4561962029860205,0.768056968463886,0.4947575360419397,0.22590361445783133,0.4966887417218543,0.4883169289345242,436,470,1517,1535,0.4979787771601819,0.49209254453345835,0.5379326922534979,0.4560405224442752,0.7655860349127181,0.502948885976409,0.22324628776241678,0.48123620309050774,0.49176941114862616,0.51,687,219,2276,776,0.5062688238306441,0.3696311268317332,0.3770014600709625,0.3693122354081594,0.7798994974874371,0.254259501965924,0.23185960175497805,0.7582781456953642,0.52,811,95,2715,337,0.5027814424876822,0.2900454775138959,0.23294598281604542,0.27971526358764354,0.7800925925925926,0.11041939711664482,0.23000567214974477,0.8951434878587197,perm,119
444,462,1515,1537,0.5005053057099546,0.4968352095683647,0.5402315416637526,0.4592700009639893,0.7688844422211105,0.5036041939711664,0.22664624808575803,0.4900662251655629,0.49960688753294624,445,461,1491,1561,0.506821627084386,0.5013189339166009,0.546134149126151,0.4642267002896193,0.7720079129574678,0.5114678899082569,0.22985537190082644,0.4911699779249448,0.4994159368589771,0.51,688,218,2272,780,0.5074760082050926,0.3708943911066195,0.37848706856067377,0.3705543101300991,0.781563126252505,0.25557011795543905,0.23243243243243245,0.7593818984547461,0.51,669,237,2218,834,0.5058370149201913,0.3797372410308236,0.39270150749525873,0.3786574308507975,0.7787114845938375,0.2732634338138925,0.23172843782473154,0.7384105960264901,perm,120
454,452,1544,1508,0.49570490146538654,0.49760299040328204,0.5355835399073812,0.457213981210934,0.7693877551020408,0.4941022280471822,0.22722722722722724,0.5011037527593819,0.5011713811230794,447,459,1520,1532,0.5,0.4976717037139906,0.5397274355958183,0.4593739230711944,0.7694625816172778,0.5019659239842726,0.22724961870869345,0.49337748344370863,0.5010120747369365,0.51,703,203,2280,772,0.5144435379109418,0.37266296109146035,0.37840368874837343,0.3724722484249572,0.7917948717948718,0.2529488859764089,0.2356687898089172,0.7759381898454746,0.51,688,218,2247,805,0.5115716831723272,0.37721071248105104,0.38665647716924645,0.3766660330978481,0.7869012707722385,0.26376146788990823,0.234412265758092,0.7593818984547461,perm,121
446,460,1483,1569,0.5090955027791814,0.5031814262858069,0.5482471593562273,0.46611670479675466,0.7732873336619024,0.5140891218872871,0.23120787973043028,0.4922737306843267,0.49981809055112414,454,452,1474,1578,0.5133906013137949,0.5090708803115389,0.5522023484583661,0.47070527470861084,0.7773399014778325,0.5170380078636959,0.2354771784232365,0.5011037527593819,0.504204712141859,0.48,90,816,266,2786,0.5060908925208093,0.7266296109146033,0.6783579883814146,0.4900108939155552,0.773459189339256,0.9128440366972477,0.25280898876404495,0.09933774834437085,0.48,112,794,292,2760,0.5139726709080862,0.7256189994946943,0.683472077029147,0.5032981813895765,0.7765897580191333,0.9043250327653998,0.27722772277227725,0.12362030905077263,perm,122
445,461,1537,1515,0.49519959575543204,0.4937828919768892,0.5352238533626141,0.4553985217408551,0.7667004048582996,0.49639580602883354,0.22452068617558021,0.4911699779249448,0.4947973174323499,443,463,1515,1537,0.5002526528549772,0.4962833331886737,0.540003574613731,0.45891471710965737,0.7685,0.5036041939711664,0.22625127681307455,0.488962472406181,0.49215782217863147,0.47000000000000003,26,880,61,2991,0.5043553389519122,0.7622536634663972,0.6782730867140758,0.45822141673790784,0.7726685610953242,0.9800131061598951,0.2988505747126437,0.02869757174392936,0.52,828,78,2749,303,0.5065932229869893,0.28575037897928246,0.22067140943152028,0.2729587432576145,0.7952755905511811,0.09927916120576671,0.23147889292703383,0.9139072847682119,perm,123
470,436,1461,1591,0.5207175341081354,0.5200306533695561,0.55893689939299,0.4789185990014798,0.7849037987173162,0.52129750982962,0.24339720352149147,0.5187637969094923,0.5129611386446553,463,443,1466,1586,0.5176856998484083,0.5153483837182725,0.5561522528106218,0.4754589755311398,0.7816658452439625,0.5196592398427261,0.24002073613271124,0.5110375275938189,0.512105115452828,0.5,470,436,1461,1591,0.5200306533695561,0.5207175341081354,0.55893689939299,0.4789185990014798,0.7849037987173162,0.52129750982962,0.24339720352149147,0.5187637969094923,0.49,259,647,766,2286,0.5174445013438878,0.6430015159171298,0.650452620403798,0.516082282350101,0.7794067507671326,0.7490170380078637,0.2526829268292683,0.2858719646799117,perm,124
458,448,1522,1530,0.5022738756947953,0.5034146898932124,0.5417491531529888,0.46287210899536946,0.7735085945399394,0.5013106159895151,0.2313131313131313,0.5055187637969095,0.4989504945911776,440,466,1532,1520,0.49519959575543204,0.49184264507188136,0.5352818096648619,0.45459097378340185,0.7653575025176234,0.4980340760157274,0.2231237322515213,0.4856512141280353,0.49154121062727296,0.5,458,448,1522,1530,0.5034146898932124,0.5022738756947953,0.5417491531529888,0.46287210899536946,0.7735085945399394,0.5013106159895151,0.2313131313131313,0.5055187637969095,0.49,241,665,795,2257,0.5027597435474584,0.6311268317331986,0.6394597381053153,0.5019026836856036,0.7724161533196441,0.7395150720838795,0.23262548262548263,0.26600441501103755,perm,125
441,465,1475,1577,0.5098534613441131,0.5017326603768671,0.5489744386081349,0.4658520453323027,0.7722820763956905,0.5167103538663171,0.2301670146137787,0.4867549668874172,0.4950511950329679,438,468,1469,1583,0.510611419909045,0.5010599932299307,0.5496863396361362,0.4659153329085259,0.7718186250609459,0.5186762778505898,0.22968012585212375,0.48344370860927155,0.49385757249615925,0.5,441,465,1475,1577,0.5017326603768671,0.5098534613441131,0.5489744386081349,0.4658520453323027,0.7722820763956905,0.5167103538663171,0.2301670146137787,0.4867549668874172,0.52,820,86,2746,306,0.5026696929455299,0.28448711470439614,0.22096904710948884,0.27221332269545545,0.7806122448979592,0.10026212319790301,0.22994952327537857,0.9050772626931567,perm,126
451,455,1499,1553,0.5063163213744315,0.5033195762052315,0.5456189993268576,0.46483016131353727,0.773406374501992,0.5088466579292268,0.2312820512820513,0.4977924944812362,0.503830586247501,448,458,1499,1553,0.5055583628094997,0.5016639470661587,0.5449331613066147,0.4637628274211116,0.7722526106414719,0.5088466579292268,0.2300975860297894,0.49448123620309054,0.5082293230798608,0.52,832,74,2769,283,0.5055241885319655,0.2817079332996463,0.21253795737894965,0.26761727772248023,0.7927170868347339,0.09272608125819135,0.23104693140794225,0.9183222958057395,0.52,822,84,2733,319,0.5059031966878738,0.2882769075290551,0.22674778444926605,0.27659357460752476,0.7915632754342432,0.104521625163827,0.23122362869198312,0.9072847682119205,perm,127
448,458,1533,1519,0.49696816574027286,0.4960938291107196,0.5368582529455374,0.4572265067664697,0.7683358624178047,0.49770642201834864,0.22614840989399293,0.49448123620309054,0.5015254354977303,459,447,1498,1554,0.5085901970692269,0.5078984142414484,0.5476823874138419,0.4678614164532864,0.7766116941529235,0.5091743119266054,0.2345426673479816,0.5066225165562914,0.5046423074363714,0.48,91,815,242,2810,0.5105746168690455,0.7329459322890348,0.6826526077905786,0.4942940137701816,0.7751724137931034,0.9207077326343381,0.2732732732732733,0.10044150110375276,0.48,103,803,287,2765,0.5098249184843145,0.7246083880747852,0.6805178427986416,0.4971490246540599,0.7749439461883408,0.9059633027522935,0.2641025641025641,0.11368653421633554,perm,128
430,476,1528,1524,0.49368367862556845,0.4869791892697294,0.5339571099726577,0.4518023726429491,0.762,0.49934469200524245,0.21961184882533197,0.4746136865342163,0.48638283006257976,420,486,1513,1539,0.49494694290045477,0.4839178304531606,0.5352153989491291,0.45107118601781937,0.76,0.504259501965924,0.2172788411795137,0.46357615894039733,0.486522788227023,0.46,6,900,11,3041,0.5015091612925625,0.769833249115715,0.673619350173877,0.4413639765752442,0.7716315655924892,0.9963958060288336,0.35294117647058826,0.006622516556291391,0.47000000000000003,27,879,81,2971,0.5016306753578155,0.7574532592218292,0.6760347342379257,0.45708215953183967,0.7716883116883116,0.9734600262123198,0.25,0.029801324503311258,perm,129
443,463,1554,1498,0.4903991915108641,0.48989408023978775,0.5307045304972252,0.4514238178806066,0.7638959714431413,0.4908256880733945,0.22183274912368553,0.488962472406181,0.48803701260563764,436,470,1536,1516,0.49317837291561395,0.48897983155836,0.5334210761700265,0.45240715385861063,0.7633434038267876,0.4967234600262123,0.2210953346855984,0.48123620309050774,0.48707683450073636,0.53,889,17,2985,67,0.5015945104574426,0.24153612935826174,0.11809307426121315,0.20734805951669372,0.7976190476190477,0.021952817824377458,0.22947857511615902,0.9812362030905077,0.53,886,20,2972,80,0.5020686323013317,0.24406265790803436,0.12428405790625502,0.2113588802652721,0.8,0.02621231979030144,0.22965266977708657,0.977924944812362,perm,130
461,445,1543,1509,0.49772612430520463,0.5016299520598081,0.5374014388663914,0.45985751805736896,0.7722620266120778,0.49442988204456095,0.23003992015968064,0.5088300220750552,0.5055972416307188,457,449,1515,1537,0.503789792824659,0.504009602504347,0.5431899270179124,0.46387220846376437,0.7739174219536757,0.5036041939711664,0.2317444219066937,0.5044150110375276,0.5021915929625997,0.51,701,205,2298,754,0.5103908991751509,0.3676099039919151,0.3720886502412711,0.36749649092396675,0.786235662148071,0.2470511140235911,0.23374458152717573,0.7737306843267108,0.51,682,224,2251,801,0.507605116899424,0.37468418393127845,0.38432117152554496,0.37411842096940484,0.7814634146341464,0.2624508519003932,0.23252642345721106,0.7527593818984547,perm,131
460,446,1525,1527,0.5020212228398181,0.504026961656526,0.5414862622428085,0.46299509026985447,0.7739483020780538,0.5003276539973788,0.23173803526448364,0.5077262693156733,0.49938302679963775,461,445,1489,1563,0.5113693784739768,0.5104766099890348,0.5502697772252522,0.4703078464587416,0.7783864541832669,0.5121231979030144,0.2364102564102564,0.5088300220750552,0.5046981822074477,0.5,460,446,1525,1527,0.504026961656526,0.5020212228398181,0.5414862622428085,0.46299509026985447,0.7739483020780538,0.5003276539973788,0.23173803526448364,0.5077262693156733,0.5,461,445,1489,1563,0.5104766099890348,0.5113693784739768,0.5502697772252522,0.4703078464587416,0.7783864541832669,0.5121231979030144,0.2364102564102564,0.5088300220750552,perm,132
443,463,1587,1465,0.48206164729661444,0.4844877892830381,0.522753726787894,0.4450622654104155,0.7598547717842323,0.4800131061598952,0.21822660098522167,0.488962472406181,0.48033786696524405,429,477,1568,1484,0.48332491157150076,0.4798742329424631,0.5241897693935674,0.44380848168856735,0.7567567567567568,0.48623853211009177,0.21482223335002504,0.4735099337748344,0.47797973463642707,0.0,0,906,0,3052,0.5,0.7710965133906014,0.6714369640137277,0.43537803138373754,0.7710965133906014,1.0,0.0,0.0,0.48,102,804,331,2721,0.5020646541622907,0.7132390096008084,0.6729015733596558,0.48989071041353854,0.7719148936170213,0.8915465268676278,0.23556581986143188,0.11258278145695365,perm,133
439,467,1513,1539,0.4997473471450227,0.49440348166728865,0.5395647308803229,0.4578743814578047,0.767198404785643,0.504259501965924,0.22489754098360656,0.4845474613686534,0.48131359597730583,412,494,1500,1552,0.4962102071753411,0.4816325703985951,0.5364273650751835,0.4506360918614043,0.7585532746823069,0.508519003931848,0.21548117154811716,0.45474613686534215,0.4781198736253721,0.46,4,902,9,3043,0.5007330625305593,0.769833249115715,0.6726934142677867,0.4392532288437622,0.7713561470215463,0.997051114023591,0.3076923076923077,0.004415011037527594,0.46,6,900,15,3037,0.500853853297805,0.7688226376958059,0.67310769654812,0.4410124833244659,0.7713995427990856,0.9950851900393185,0.2857142857142857,0.006622516556291391,perm,134
422,484,1472,1580,0.5058110156644771,0.49173849015880733,0.545281276591974,0.4595493130794147,0.7655038759689923,0.5176933158584535,0.22280887011615627,0.46578366445916114,0.5054641547973464,428,478,1455,1597,0.511622031328954,0.49783480741467256,0.5506299975025089,0.46494822124002294,0.7696385542168674,0.5232634338138925,0.22729686670207117,0.47240618101545256,0.5051531366541391,0.51,679,227,2222,830,0.5107004707223433,0.3812531581606872,0.3931687007832635,0.38035127999727414,0.7852412488174078,0.27195281782437747,0.23405722164770768,0.7494481236203091,0.51,664,242,2179,873,0.5094668859706225,0.38832743810005055,0.40417841253487097,0.3866171367800312,0.7829596412556054,0.2860419397116645,0.23355610270840663,0.7328918322295805,perm,135
457,449,1511,1541,0.504800404244568,0.5046649104991046,0.5441413209361762,0.46464451564409415,0.7743718592964824,0.5049148099606815,0.23221544715447154,0.5044150110375276,0.5065849050599035,456,450,1523,1529,0.5015159171298635,0.502147110135141,0.5410571862627503,0.4619746479969768,0.7726124305204649,0.5009829619921363,0.23041940373926226,0.5033112582781457,0.5121024030853,0.49,234,672,751,2301,0.5061049968319546,0.6404749873673572,0.6456278444596175,0.5056527644597361,0.7739656912209889,0.7539318479685452,0.23756345177664975,0.2582781456953642,0.48,105,801,287,2765,0.5109286712436965,0.7251136937847398,0.6813618453555651,0.49869362214737695,0.7753785754346607,0.9059633027522935,0.26785714285714285,0.11589403973509933,perm,136
468,438,1475,1577,0.5166750884284993,0.5166333226285228,0.5551791132968988,0.4754976886415607,0.7826302729528536,0.5167103538663171,0.2408646423057128,0.5165562913907285,0.5240022827285116,466,440,1457,1595,0.5207175341081354,0.5184784558455497,0.5589569941113455,0.47826684547133674,0.7837837837837838,0.522608125819135,0.2423296931877275,0.5143487858719646,0.5227858763044679,0.5,468,438,1475,1577,0.5166333226285228,0.5166750884284993,0.5551791132968988,0.4754976886415607,0.7826302729528536,0.5167103538663171,0.2408646423057128,0.5165562913907285,0.5,466,440,1457,1595,0.5184784558455497,0.5207175341081354,0.5589569941113455,0.47826684547133674,0.7837837837837838,0.522608125819135,0.2423296931877275,0.5143487858719646,perm,137
456,450,1520,1532,0.5022738756947953,0.5026385911312092,0.5417722569613823,0.46255400817811543,0.7729566094853683,0.5019659239842726,0.23076923076923078,0.5033112582781457,0.5101315968394771,450,456,1497,1555,0.5065689742294088,0.5030953538229193,0.5458632928113534,0.4648588666088047,0.773247140726007,0.5095019659239842,0.23112480739599384,0.4966887417218543,0.5086625785863285,0.52,835,71,2755,297,0.5094733956526897,0.28600303183425974,0.21895149349117218,0.2725627458325529,0.8070652173913043,0.0973132372214941,0.23259052924791088,0.9216335540838853,0.51,676,230,2240,812,0.5060959556068615,0.3759474482061647,0.3868497351458633,0.37520978103014535,0.7792706333973128,0.26605504587155965,0.23182441700960219,0.7461368653421634,perm,138
453,453,1492,1560,0.5085901970692269,0.505570117955439,0.5477310528792487,0.4668876683091747,0.7749627421758569,0.5111402359108781,0.23290488431876608,0.5,0.5184867737726356,448,458,1478,1574,0.5108640727640222,0.5051043140386356,0.5498824617908756,0.467790831544182,0.7746062992125984,0.5157273918741808,0.23260643821391486,0.49448123620309054,0.5123577272819329,0.51,705,201,2243,809,0.5216088896218308,0.38251642243557354,0.39089292757632527,0.3820898031727732,0.800990099009901,0.2650720838794233,0.23914518317503392,0.7781456953642384,0.51,677,229,2211,841,0.5113988149485447,0.3835270338554826,0.39634019301120554,0.3824668128153521,0.7859813084112149,0.2755570117955439,0.23441828254847646,0.7472406181015453,perm,139
438,468,1523,1529,0.49696816574027286,0.49221333530070394,0.5369662892151247,0.45560517738855416,0.7656484727090636,0.5009829619921363,0.2233554309026007,0.48344370860927155,0.49671912023816756,431,475,1503,1549,0.5002526528549772,0.49162674061665496,0.5400950501806387,0.4569221079035284,0.7653162055335968,0.5075360419397117,0.22285418821096173,0.4757174392935982,0.49693629046490706,0.52,836,70,2776,276,0.5065849050599036,0.2809499747347145,0.20997498734622627,0.2662618768272668,0.7976878612716763,0.09043250327653997,0.23145071982281284,0.9227373068432672,0.52,822,84,2725,327,0.5072138126773889,0.29029813036887314,0.23013306917048157,0.279021452862927,0.7956204379562044,0.10714285714285714,0.23174513673526925,0.9072847682119205,perm,140
447,459,1511,1541,0.5022738756947953,0.49914614670219504,0.5418640252725228,0.4611031307917214,0.7705,0.5049148099606815,0.22829417773237998,0.49337748344370863,0.5001193441712306,441,465,1485,1567,0.5073269327943406,0.5000943903899734,0.5466274795930824,0.4639422115243569,0.7711614173228346,0.5134338138925295,0.22897196261682243,0.4867549668874172,0.49951123137145986,0.48,86,820,251,2801,0.5063407919823862,0.7294087923193532,0.6790119265842796,0.48893868604391394,0.7735432201049434,0.9177588466579292,0.2551928783382789,0.09492273730684327,0.48,97,809,276,2776,0.5083157571917521,0.7258716523496715,0.6797599125145588,0.4941017630095834,0.7743375174337518,0.90956749672346,0.26005361930294907,0.10706401766004416,perm,141
451,455,1508,1544,0.5040424456796362,0.5018451332170271,0.5434873628153497,0.4630991461266115,0.7723861930965483,0.5058977719528178,0.23021949974476774,0.4977924944812362,0.4950157534306024,429,477,1489,1563,0.5032844871147044,0.4928165658389244,0.5429258158661918,0.45886426299989547,0.7661764705882353,0.5121231979030144,0.22367049009384776,0.4735099337748344,0.4983658889766491,0.5,451,455,1508,1544,0.5018451332170271,0.5040424456796362,0.5434873628153497,0.4630991461266115,0.7723861930965483,0.5058977719528178,0.23021949974476774,0.4977924944812362,0.52,831,75,2752,300,0.507757371129994,0.28575037897928246,0.21975261815018993,0.272659302774483,0.8,0.0982961992136304,0.23192855149316216,0.9172185430463576,perm,142
446,460,1529,1523,0.4974734714502274,0.4956453843460952,0.5373584780812986,0.4572899802045177,0.7680282400403429,0.4990170380078637,0.22582278481012658,0.4922737306843267,0.4985700398392543,447,459,1513,1539,0.5017685699848409,0.49881849270481626,0.541389695266683,0.46071897908562665,0.7702702702702703,0.504259501965924,0.2280612244897959,0.49337748344370863,0.4975968423702187,0.52,833,73,2775,277,0.5050931029195201,0.28044466902476,0.21005183223871066,0.2659596885462095,0.7914285714285715,0.09076015727391874,0.23087583148558757,0.9194260485651214,0.53,887,19,2972,80,0.5026205086810227,0.24431531076301163,0.12437468876725091,0.2115377686192328,0.8080808080808081,0.02621231979030144,0.2298522933402436,0.9790286975717439,perm,143
478,428,1519,1533,0.5080848913592724,0.5149436984830995,0.5469914332563696,0.4704621583607045,0.7817440081591025,0.5022935779816514,0.23935903855783675,0.5275938189845475,0.5275493361570887,482,424,1471,1581,0.5212228398180899,0.5250148999389537,0.5593268504380365,0.4812263663975347,0.7885286783042394,0.5180209698558322,0.24679979518689196,0.5320088300220751,0.5285756960296726,0.51,715,191,2289,763,0.5195916114790287,0.3734209196563921,0.3774493411997116,0.37332875367256024,0.79979035639413,0.25,0.23801597869507324,0.7891832229580574,0.5,482,424,1471,1581,0.5250148999389537,0.5212228398180899,0.5593268504380365,0.4812263663975347,0.7885286783042394,0.5180209698558322,0.24679979518689196,0.5320088300220751,perm,144
454,452,1489,1563,0.5096008084891359,0.5066134753311982,0.5486684050754213,0.4678207076075637,0.775682382133995,0.5121231979030144,0.23365928975810601,0.5011037527593819,0.5090802831856358,437,469,1473,1579,0.5093481556341587,0.49985280885548217,0.5485196757914429,0.46479250222816404,0.77099609375,0.5173656618610747,0.22879581151832462,0.48233995584988965,0.5085340123655027,0.51,690,216,2250,802,0.512183954935641,0.37695805962607376,0.3860254552387786,0.3764587733386485,0.787819253438114,0.26277850589777196,0.23469387755102042,0.7615894039735099,0.51,676,230,2206,846,0.5116660735623005,0.38453764527539164,0.3977593573910109,0.3834001497998576,0.7862453531598513,0.27719528178243774,0.23455933379597502,0.7461368653421634,perm,145
438,468,1566,1486,0.4861040929762506,0.4851687743570604,0.5266974480152111,0.4473592513725797,0.7604912998976459,0.48689384010484926,0.218562874251497,0.48344370860927155,0.4826216804237948,435,471,1518,1534,0.4974734714502274,0.491376841155078,0.537467601858182,0.4554930040974652,0.7650872817955112,0.5026212319790302,0.2227342549923195,0.48013245033112584,0.48313956179713513,0.48,98,808,298,2754,0.5052634396002766,0.720565942395149,0.676611537031808,0.49165829407155237,0.7731611454239191,0.9023591087811271,0.2474747474747475,0.10816777041942605,0.48,104,802,322,2730,0.5046428499098771,0.7160181910055584,0.6752020037747393,0.4927196333636188,0.7729331823329558,0.8944954128440367,0.24413145539906103,0.11479028697571744,perm,146
461,445,1526,1526,0.5020212228398181,0.5044150110375276,0.5414737224606302,0.4631526640089532,0.7742262810755961,0.5,0.23200805234021138,0.5088300220750552,0.5044240522626208,456,450,1491,1561,0.5096008084891359,0.5073895740932013,0.5486536873255693,0.46814698417188433,0.7762307309796121,0.5114678899082569,0.23420647149460708,0.5033112582781457,0.5057523890533187,0.48,91,815,271,2781,0.5058236339070533,0.7256189994946943,0.6779874235624336,0.49008786115318476,0.7733592880978866,0.9112057667103539,0.2513812154696133,0.10044150110375276,0.52,837,69,2764,288,0.5091027054238672,0.2842344618494189,0.21530778517571736,0.27019336890178913,0.8067226890756303,0.09436435124508519,0.2324354346014996,0.9238410596026491,perm,147
432,474,1498,1554,0.5017685699848409,0.4929977519897928,0.5415018113545513,0.4582327332496696,0.7662721893491125,0.5091743119266054,0.22383419689119172,0.4768211920529801,0.49771510159443816,427,479,1497,1555,0.5007579585649318,0.4904021970900274,0.5405874936114639,0.4566246427176939,0.7645034414945919,0.5095019659239842,0.22193347193347193,0.47130242825607066,0.4934263060592121,0.51,685,221,2286,766,0.5035268010843683,0.3665992925720061,0.3733650117039404,0.3663339060104145,0.7760891590678825,0.2509829619921363,0.2305621003029283,0.7560706401766004,0.53,886,20,2960,92,0.5040345562856043,0.2470944921677615,0.13019963618169558,0.21552492902050424,0.8214285714285714,0.03014416775884666,0.23036921476859074,0.977924944812362,perm,148
458,448,1507,1545,0.5060636685194543,0.5058720948735531,0.545319313107655,0.46577010320559753,0.775213246362268,0.5062254259501966,0.23307888040712468,0.5055187637969095,0.5084105092307292,460,446,1524,1528,0.5022738756947953,0.5041907886552155,0.5417250670648668,0.4631886508494927,0.7740628166160081,0.5006553079947575,0.2318548387096774,0.5077262693156733,0.5070664407083691,0.5,458,448,1507,1545,0.5058720948735531,0.5060636685194543,0.545319313107655,0.46577010320559753,0.775213246362268,0.5062254259501966,0.23307888040712468,0.5055187637969095,0.52,825,81,2750,302,0.504773766849227,0.2847397675593734,0.21987443383227992,0.2720291757499804,0.7885117493472585,0.09895150720838794,0.23076923076923078,0.9105960264900662,perm,149
454,452,1501,1551,0.5065689742294088,0.5046475513469255,0.5458307150177234,0.4655107000208472,0.7743384922616076,0.5081913499344692,0.23222506393861891,0.5011037527593819,0.5036320409444537,444,462,1474,1578,0.5108640727640222,0.5035521165146294,0.5499004982283556,0.46712167505991736,0.7735294117647059,0.5170380078636959,0.23149113660062565,0.4900662251655629,0.5045793805097225,0.52,831,75,2763,289,0.5059552741444108,0.2829711975745326,0.2150141071413779,0.2692685402029664,0.7939560439560439,0.09469200524246396,0.23121869782971619,0.9172185430463576,0.49,248,658,785,2267,0.5082611481921889,0.635421930267812,0.6434881401143623,0.5071882477466699,0.775042735042735,0.7427916120576671,0.24007744433688286,0.2737306843267108,perm,150
457,449,1574,1478,0.4888832743810005,0.49434380958167334,0.5290301991917375,0.4524477097305448,0.7669953295277634,0.4842726081258191,0.22501230920728704,0.5044150110375276,0.48070747224705546,457,449,1545,1507,0.4962102071753411,0.4990947925436655,0.5360200529339991,0.4580712126072836,0.7704498977505112,0.4937745740498034,0.22827172827172826,0.5044150110375276,0.4804367779677641,0.47000000000000003,23,883,62,2990,0.50253588281415,0.7612430520464881,0.6764962556706442,0.4549778329878655,0.7720113607022979,0.9796854521625163,0.27058823529411763,0.025386313465783666,0.47000000000000003,30,876,83,2969,0.5029586504995096,0.7577059120768065,0.6773567817066354,0.4599176470604975,0.7721716514954486,0.9728047182175622,0.26548672566371684,0.033112582781456956,perm,151
443,463,1533,1519,0.49570490146538654,0.4933344472122648,0.5357245811649336,0.4554608123469636,0.7663975782038345,0.49770642201834864,0.2241902834008097,0.488962472406181,0.4896640714734159,429,477,1497,1555,0.5012632642748863,0.4915059498494093,0.5410475101111512,0.4573445772046567,0.765255905511811,0.5095019659239842,0.22274143302180685,0.4735099337748344,0.4926547279097555,0.48,85,821,277,2775,0.5015294136367713,0.7225871652349671,0.674429273546549,0.4844534728786343,0.7716907675194661,0.9092398427260813,0.23480662983425415,0.09381898454746136,0.51,661,245,2216,836,0.5017496578800424,0.3782213239009601,0.39193831163311016,0.37700342798359515,0.7733580018501388,0.27391874180865006,0.229753215154675,0.7295805739514348,perm,152
467,439,1548,1504,0.4979787771601819,0.5041220753445068,0.5375487115564848,0.4609778556372189,0.7740607308286156,0.4927916120576671,0.2317617866004963,0.5154525386313465,0.5039343795115713,459,447,1542,1510,0.4974734714502274,0.5006900262991156,0.5371907758131318,0.45935211356400585,0.7715891670924885,0.4947575360419397,0.22938530734632684,0.5066225165562914,0.5042938586212782,0.5,467,439,1548,1504,0.5041220753445068,0.4979787771601819,0.5375487115564848,0.4609778556372189,0.7740607308286156,0.4927916120576671,0.2317617866004963,0.5154525386313465,0.49,245,661,805,2247,0.5033289790793284,0.6296109146033351,0.6387703696488012,0.5022690465406734,0.7726960110041265,0.7362385321100917,0.23333333333333334,0.2704194260485651,perm,153
455,451,1461,1591,0.5169277412834765,0.5117525076741919,0.5554840858859557,0.47356139725534163,0.7791380999020568,0.52129750982962,0.23747390396659707,0.5022075055187638,0.5129622235916664,446,460,1460,1592,0.5149065184436584,0.5069494472556627,0.5536397805229614,0.4705182001007773,0.7758284600389863,0.5216251638269986,0.23399790136411333,0.4922737306843267,0.5142930919253903,0.5,455,451,1461,1591,0.5117525076741919,0.5169277412834765,0.5554840858859557,0.47356139725534163,0.7791380999020568,0.52129750982962,0.23747390396659707,0.5022075055187638,0.49,247,659,758,2294,0.5121326007771114,0.6419909044972208,0.6483131797362767,0.5112666881906801,0.77683711479851,0.7516382699868939,0.24577114427860697,0.2726269315673289,perm,154
451,455,1531,1521,0.4982314300151592,0.4980771122471712,0.5380153016907665,0.4586694014901592,0.7697368421052632,0.4983617300131062,0.22754793138244198,0.4977924944812362,0.5036316792954498,449,457,1507,1545,0.503789792824659,0.5009052074563345,0.5432682961569014,0.4625817550607181,0.7717282717282717,0.5062254259501966,0.22955010224948874,0.4955849889624724,0.5055089992738089,0.48,92,814,277,2775,0.505392548294608,0.724355735219808,0.6774527749390066,0.49001561895651197,0.7731958762886598,0.9092398427260813,0.24932249322493225,0.10154525386313466,0.49,248,658,783,2269,0.5085888021895677,0.6359272359777666,0.6438688055213426,0.5075279395972291,0.7751964468739323,0.7434469200524246,0.2405431619786615,0.2737306843267108,perm,155
470,436,1560,1492,0.49570490146538654,0.5038117804993071,0.5353250920334811,0.459680137443507,0.7738589211618258,0.4888597640891219,0.2315270935960591,0.5187637969094923,0.5061191011431002,460,446,1529,1523,0.501010611419909,0.5033716536617685,0.5405303662613655,0.4622206766124591,0.7734890807516506,0.4990170380078637,0.23127199597787834,0.5077262693156733,0.5068214235083426,0.51,712,194,2310,742,0.5144956153674788,0.36735725113693785,0.3699209607036361,0.36732090364780695,0.7927350427350427,0.24311926605504589,0.23560555923229648,0.7858719646799117,0.52,836,70,2753,299,0.5103529260297593,0.2867609903991915,0.21993471188442576,0.2733857717773394,0.8102981029810298,0.09796854521625163,0.23293396489272777,0.9227373068432672,perm,156
461,445,1550,1502,0.4959575543203638,0.5004831630689824,0.5357188521731818,0.4584991732662611,0.7714432460195172,0.4921363040629096,0.22923918448533068,0.5088300220750552,0.49737587482894,451,455,1531,1521,0.4982314300151592,0.4980771122471712,0.5380153016907665,0.4586694014901592,0.7697368421052632,0.4983617300131062,0.22754793138244198,0.4977924944812362,0.501786365253921,0.49,238,668,764,2288,0.5061827513677566,0.6382011116725619,0.6444124334411995,0.5055635114047796,0.774018944519621,0.7496723460026212,0.2375249500998004,0.26269315673289184,0.49,252,654,781,2271,0.5111239617057103,0.6374431531076301,0.645464643842072,0.5099203988333135,0.7764102564102564,0.7441022280471822,0.24394966118102615,0.2781456953642384,perm,157
466,440,1490,1562,0.5123799898938858,0.5130721648888001,0.5511750568140631,0.471885329565777,0.7802197802197802,0.5117955439056356,0.23824130879345604,0.5143487858719646,0.5089370701801591,453,453,1493,1559,0.5083375442142496,0.5054062909567496,0.547494804158146,0.46669530431237527,0.7748508946322068,0.5108125819134993,0.23278520041109968,0.5,0.510337375122599,0.5,466,440,1490,1562,0.5130721648888001,0.5123799898938858,0.5511750568140631,0.471885329565777,0.7802197802197802,0.5117955439056356,0.23824130879345604,0.5143487858719646,0.49,249,657,763,2289,0.5124172185430463,0.6412329459322891,0.6479765726548915,0.5114499410822029,0.7769857433808554,0.75,0.24604743083003952,0.27483443708609273,perm,158
451,455,1526,1526,0.4994946942900455,0.4988962472406181,0.5392079093803015,0.4596331572013197,0.7703180212014135,0.5,0.22812341932220537,0.4977924944812362,0.49787712034810894,453,453,1491,1561,0.5088428499242041,0.5057339449541285,0.5479672362998889,0.4670800174538201,0.7750744786494538,0.5114678899082569,0.2330246913580247,0.5,0.4962314365566386,0.45,2,904,1,3051,0.5009399257606925,0.7713491662455786,0.6725116181137074,0.43762194115800906,0.7714285714285715,0.9996723460026212,0.6666666666666666,0.002207505518763797,0.5,453,453,1491,1561,0.5057339449541285,0.5088428499242041,0.5479672362998889,0.4670800174538201,0.7750744786494538,0.5114678899082569,0.2330246913580247,0.5,perm,159
481,425,1496,1556,0.5146538655886812,0.5203673485920282,0.5531642574051283,0.4759996441109213,0.7854618879353862,0.509829619921363,0.24329792615073342,0.5309050772626932,0.5177359904408936,470,436,1477,1575,0.5166750884284993,0.5174094213905259,0.5551646078587399,0.4758192584857366,0.7831924415713575,0.5160550458715596,0.241397021058038,0.5187637969094923,0.5172873648517673,0.5,481,425,1496,1556,0.5203673485920282,0.5146538655886812,0.5531642574051283,0.4759996441109213,0.7854618879353862,0.509829619921363,0.24329792615073342,0.5309050772626932,0.5,470,436,1477,1575,0.5174094213905259,0.5166750884284993,0.5551646078587399,0.4758192584857366,0.7831924415713575,0.5160550458715596,0.241397021058038,0.5187637969094923,perm,160
437,469,1514,1538,0.49898938858009095,0.4931359019092174,0.5388712678036512,0.4569702986038806,0.7663178873941205,0.5039318479685452,0.2239876986160943,0.48233995584988965,0.4954406910099844,436,470,1507,1545,0.5005053057099546,0.49373081452035217,0.5402974945049499,0.45795030342099613,0.7667493796526055,0.5062254259501966,0.22439526505404014,0.48123620309050774,0.49473023154215817,0.47000000000000003,25,881,50,3002,0.5056055595578045,0.7647801920161698,0.679246291582965,0.4583609121248935,0.7731135719804275,0.9836173001310616,0.3333333333333333,0.02759381898454746,0.49,232,674,760,2292,0.5035268010843683,0.6376958059626073,0.6433152149481258,0.503091358169958,0.772757923128793,0.7509829619921363,0.23387096774193547,0.2560706401766004,perm,161
425,481,1518,1534,0.49494694290045477,0.48585807735816855,0.5351819380452174,0.45191838975142706,0.7612903225806451,0.5026212319790302,0.21873391662377767,0.46909492273730685,0.486295672652681,428,478,1495,1557,0.5015159171298635,0.4912817274670972,0.5412873744763756,0.4573645156114641,0.7651105651105651,0.5101572739187418,0.22256890275611024,0.47240618101545256,0.48582136998428993,0.47000000000000003,25,881,67,2985,0.502820500580085,0.7604850934815564,0.6768983194185707,0.45653318779797236,0.772115882048629,0.9780471821756226,0.2717391304347826,0.02759381898454746,0.47000000000000003,30,876,96,2956,0.5008288995165476,0.7544214249621021,0.675528357812024,0.4584712781914247,0.7713987473903967,0.9685452162516383,0.23809523809523808,0.033112582781456956,perm,162
464,442,1531,1521,0.5015159171298635,0.5052515051831535,0.5409557890839136,0.46323497621578563,0.7748344370860927,0.4983617300131062,0.23258145363408522,0.5121412803532008,0.5058525658273517,447,459,1499,1553,0.5053057099545225,0.5011120706864677,0.5447044329607655,0.4634066833728832,0.7718687872763419,0.5088466579292268,0.22970195272353547,0.49337748344370863,0.5063444084724236,0.52,834,72,2773,279,0.5059726332965898,0.2812026275896918,0.2110414668160561,0.2667859507183967,0.7948717948717948,0.09141546526867628,0.23121707790407542,0.9205298013245033,0.52,825,81,2728,324,0.5083779608203935,0.29029813036887314,0.22924179072189255,0.2787419436808727,0.8,0.10615989515072084,0.23219814241486067,0.9105960264900662,perm,163
445,461,1536,1516,0.4954522486104093,0.49394671897557857,0.535462547027744,0.4555908257220694,0.7668184117349519,0.4967234600262123,0.22463402322059567,0.4911699779249448,0.4849709523520205,430,476,1526,1526,0.494188984335523,0.48730684326710816,0.5344313283636032,0.45218364237859354,0.7622377622377622,0.5,0.2198364008179959,0.4746136865342163,0.48437730551239877,0.0,0,906,0,3052,0.5,0.7710965133906014,0.6714369640137277,0.43537803138373754,0.7710965133906014,1.0,0.0,0.0,0.56,906,0,3051,1,0.5001638269986893,0.22915613946437594,0.08579675396313954,0.18663229682962704,1.0,0.000327653997378768,0.22896133434420016,1.0,perm,164
466,440,1542,1510,0.49924204143506823,0.5045531609569522,0.5387674819269189,0.4617968872848939,0.7743589743589744,0.4947575360419397,0.23207171314741035,0.5143487858719646,0.5049068536825995,467,439,1527,1525,0.5032844871147044,0.5075624423169839,0.5425912031230854,0.46506159599626024,0.7764765784114053,0.4996723460026212,0.2342026078234704,0.5154525386313465,0.5056985033517629,0.5,466,440,1542,1510,0.5045531609569522,0.49924204143506823,0.5387674819269189,0.4617968872848939,0.7743589743589744,0.4947575360419397,0.23207171314741035,0.5143487858719646,0.5,467,439,1527,1525,0.5075624423169839,0.5032844871147044,0.5425912031230854,0.46506159599626024,0.7764765784114053,0.4996723460026212,0.2342026078234704,0.5154525386313465,perm,165
460,446,1547,1505,0.49646286003031836,0.5004227676853596,0.5362153311502154,0.4587323129637494,0.7713992824192721,0.49311926605504586,0.229197807673144,0.5077262693156733,0.5010516753028449,446,460,1529,1523,0.4974734714502274,0.4956453843460952,0.5373584780812986,0.4572899802045177,0.7680282400403429,0.4990170380078637,0.22582278481012658,0.4922737306843267,0.49651460772655864,0.49,236,670,771,2281,0.5039322096175489,0.6359272359777666,0.6424754002163453,0.5033431184738699,0.7729583192138259,0.7473787680209698,0.23435948361469713,0.26048565121412803,0.48,103,803,310,2742,0.5060568975144587,0.7187973724103083,0.6767523678099064,0.4937329360199222,0.7734837799717913,0.898427260812582,0.24939467312348668,0.11368653421633554,perm,166
474,432,1542,1510,0.5012632642748863,0.5089681719944799,0.5405662318479145,0.46458049454006,0.7775489186405767,0.4947575360419397,0.23511904761904762,0.5231788079470199,0.5125242666481502,467,439,1505,1547,0.5088428499242041,0.5111666362881504,0.5478417607550007,0.46933175827574225,0.7789526686807654,0.5068807339449541,0.236815415821501,0.5154525386313465,0.512437832536259,0.51,704,202,2303,749,0.5112273933207768,0.36710459828196057,0.37092470124431404,0.3670227778948564,0.7875920084121977,0.24541284403669725,0.23412038576654473,0.7770419426048565,0.5,467,439,1505,1547,0.5111666362881504,0.5088428499242041,0.5478417607550007,0.46933175827574225,0.7789526686807654,0.5068807339449541,0.236815415821501,0.5154525386313465,perm,167
487,419,1519,1533,0.5103587670540677,0.5199105859003179,0.5490216007038778,0.4735939270561572,0.7853483606557377,0.5022935779816514,0.24277168494516452,0.5375275938189845,0.517890414565486,475,431,1532,1520,0.5040424456796362,0.5111583183610646,0.5431965353978288,0.46687984463012544,0.779087647360328,0.4980340760157274,0.23667164922770303,0.5242825607064018,0.514708988279679,0.5,487,419,1519,1533,0.5199105859003179,0.5103587670540677,0.5490216007038778,0.4735939270561572,0.7853483606557377,0.5022935779816514,0.24277168494516452,0.5375275938189845,0.49,266,640,811,2241,0.5139354210607021,0.6334007074279939,0.6439241484246435,0.5118580409462226,0.7778549114890663,0.7342726081258192,0.24698235840297122,0.293598233995585,perm,168
466,440,1550,1502,0.49722081859525014,0.5032425449674371,0.5368423512549898,0.46024072144615974,0.7734294541709578,0.4921363040629096,0.23115079365079366,0.5143487858719646,0.4971238054733407,432,474,1515,1537,0.4974734714502274,0.49021269301207326,0.5374921092687055,0.45499451391956613,0.7642963699651915,0.5036041939711664,0.2218798151001541,0.4768211920529801,0.4904437867254563,0.5,466,440,1550,1502,0.5032425449674371,0.49722081859525014,0.5368423512549898,0.46024072144615974,0.7734294541709578,0.4921363040629096,0.23115079365079366,0.5143487858719646,0.0,0,906,0,3052,0.5,0.7710965133906014,0.6714369640137277,0.43537803138373754,0.7710965133906014,1.0,0.0,0.0,perm,169
460,446,1538,1514,0.4987367357251137,0.5018972106735641,0.5383756228337896,0.46047722380886424,0.7724489795918368,0.49606815203145477,0.23023023023023023,0.5077262693156733,0.5045795613342244,465,441,1512,1540,0.5065689742294088,0.5089160945379427,0.5457208717918873,0.46727085109246713,0.7773851590106007,0.5045871559633027,0.23520485584218512,0.5132450331125827,0.5078674932516296,0.48,88,818,256,2796,0.5066254097483213,0.7286508337544214,0.6790900523907873,0.48984194419441945,0.7736579966795795,0.9161205766710354,0.2558139534883721,0.09713024282560706,0.5,465,441,1512,1540,0.5089160945379427,0.5065689742294088,0.5457208717918873,0.46727085109246713,0.7773851590106007,0.5045871559633027,0.23520485584218512,0.5132450331125827,perm,170
451,455,1496,1556,0.5070742799393633,0.5038110572012996,0.5463283585637227,0.46540688620265136,0.7737444057682745,0.509829619921363,0.23163841807909605,0.4977924944812362,0.5008704891519764,451,455,1489,1563,0.5088428499242041,0.5049578461921254,0.5479812385837679,0.4667520489673038,0.7745292368681863,0.5121231979030144,0.23247422680412372,0.4977924944812362,0.5012668564600639,0.51,681,225,2257,795,0.5060702785275967,0.3729156139464376,0.3821959433974673,0.37239496554219675,0.7794117647058824,0.2604849279161206,0.23179033356024506,0.7516556291390728,0.5,451,455,1489,1563,0.5049578461921254,0.5088428499242041,0.5479812385837679,0.4667520489673038,0.7745292368681863,0.5121231979030144,0.23247422680412372,0.4977924944812362,perm,171
480,426,1546,1506,0.5017685699848409,0.5116241222778679,0.5409476744191,0.46587771181559984,0.7795031055900621,0.49344692005242463,0.23692003948667326,0.5298013245033113,0.5138605597169301,480,426,1520,1532,0.5083375442142496,0.515883624243792,0.5472032690903302,0.47096392212134575,0.7824310520939735,0.5019659239842726,0.24,0.5298013245033113,0.5155747759946071,0.49,254,652,745,2307,0.51812548641791,0.647043961596766,0.6529290203937215,0.5171297066489214,0.7796552889489693,0.7558977719528178,0.25425425425425424,0.2803532008830022,0.49,271,635,775,2277,0.5225925749119746,0.6437594744820616,0.6523532665021516,0.5206227116799156,0.7819368131868132,0.7460681520314548,0.25908221797323133,0.29911699779249445,perm,172
493,413,1498,1554,0.5171803941384537,0.5266622111509407,0.5554068758602564,0.4797994751459813,0.7900355871886121,0.5091743119266054,0.24761426418884983,0.5441501103752759,0.5241997430845478,483,423,1474,1578,0.5207175341081354,0.5250752953225764,0.5588449814519579,0.4809938853531539,0.7886056971514243,0.5170380078636959,0.2468063362289218,0.5331125827814569,0.5274516909260818,0.5,493,413,1498,1554,0.5266622111509407,0.5171803941384537,0.5554068758602564,0.4797994751459813,0.7900355871886121,0.5091743119266054,0.24761426418884983,0.5441501103752759,0.5,483,423,1474,1578,0.5250752953225764,0.5207175341081354,0.5588449814519579,0.4809938853531539,0.7886056971514243,0.5170380078636959,0.2468063362289218,0.5331125827814569,perm,173
453,453,1536,1516,0.4974734714502274,0.49836173001310613,0.5372733663260031,0.45840857001629426,0.7699339766378872,0.4967234600262123,0.2277526395173454,0.5,0.5006274610214704,450,456,1529,1523,0.49848408287013646,0.497852889864859,0.5382658462907043,0.45870231944956863,0.7695805962607377,0.4990170380078637,0.22738756947953512,0.4966887417218543,0.5015863733548587,0.51,690,216,2285,767,0.5064500099815126,0.3681152097018696,0.37454359554353184,0.3678759705961142,0.780264496439471,0.2513106159895151,0.2319327731092437,0.7615894039735099,0.48,99,807,306,2746,0.5045046999904524,0.7187973724103083,0.6757312740473401,0.49126052137881815,0.7728679988741908,0.8997378768020969,0.24444444444444444,0.10927152317880795,perm,174
481,425,1579,1473,0.49368367862556845,0.5067697077008093,0.53316239856857,0.4597470320194528,0.7760800842992623,0.4826343381389253,0.23349514563106796,0.5309050772626932,0.506445308544464,472,434,1539,1513,0.5015159171298635,0.5083559002311661,0.5408387445301693,0.46447061095455294,0.7770929635336415,0.495740498034076,0.2347090999502735,0.5209713024282561,0.49908828286159834,0.51,710,196,2314,738,0.5127365546133393,0.3658413340070743,0.36824211240117666,0.3658095956713638,0.7901498929336188,0.2418086500655308,0.2347883597883598,0.7836644591611479,0.5,472,434,1539,1513,0.5083559002311661,0.5015159171298635,0.5408387445301693,0.46447061095455294,0.7770929635336415,0.495740498034076,0.2347090999502735,0.5209713024282561,perm,175
479,427,1530,1522,0.5055583628094997,0.5136934778772071,0.5445776600293992,0.4686616021564126,0.7809132888660851,0.4986893840104849,0.2384270781483325,0.5286975717439294,0.5128620468176335,471,435,1491,1561,0.5133906013137949,0.5156677197885655,0.5520782571582576,0.47345732018646103,0.7820641282565131,0.5114678899082569,0.2400611620795107,0.5198675496688742,0.5110713417756677,0.5,479,427,1530,1522,0.5136934778772071,0.5055583628094997,0.5445776600293992,0.4686616021564126,0.7809132888660851,0.4986893840104849,0.2384270781483325,0.5286975717439294,0.5,471,435,1491,1561,0.5156677197885655,0.5133906013137949,0.5520782571582576,0.47345732018646103,0.7820641282565131,0.5114678899082569,0.2400611620795107,0.5198675496688742,perm,176
445,461,1510,1542,0.5020212228398181,0.4982062209415026,0.541644822990237,0.4605845313574449,0.7698452321517724,0.5052424639580603,0.22762148337595908,0.4911699779249448,0.4966648728876082,438,468,1488,1564,0.5058110156644771,0.49794728025483237,0.5452324872225996,0.46229280294443187,0.7696850393700787,0.5124508519003932,0.22741433021806853,0.48344370860927155,0.49716810747629747,0.49,235,671,760,2292,0.5051824302234412,0.6384537645275392,0.6442423225876449,0.5046665293630731,0.7735403307458657,0.7509829619921363,0.23618090452261306,0.25938189845474613,0.49,243,663,784,2268,0.5056655932924236,0.634411318847903,0.6421568692126061,0.5047853726617553,0.7737973387922211,0.7431192660550459,0.23661148977604674,0.2682119205298013,perm,177
435,471,1535,1517,0.49317837291561395,0.48859178217735844,0.5334319620424908,0.4522438020177937,0.7630784708249497,0.4970511140235911,0.22081218274111675,0.48013245033112584,0.5014451494189024,435,471,1522,1530,0.49646286003031836,0.49072153316032047,0.536519793375726,0.45472894755341897,0.7646176911544228,0.5013106159895151,0.22227899846704138,0.48013245033112584,0.4996354578042408,0.51,686,220,2266,786,0.5073552174378471,0.3719050025265285,0.38011336824301944,0.3715038116312944,0.7813121272365805,0.2575360419397117,0.23238482384823847,0.7571743929359823,0.47000000000000003,29,877,84,2968,0.5022429471211293,0.7572006063668519,0.6766839074244803,0.45879130221599385,0.7719115734720416,0.9724770642201835,0.25663716814159293,0.03200883002207505,perm,178
451,455,1524,1528,0.5,0.49922390123799687,0.5396844786942634,0.46001853736789367,0.7705496722138174,0.5006553079947575,0.22835443037974684,0.4977924944812362,0.49455356600383643,439,467,1503,1549,0.5022738756947953,0.4960417516541825,0.5419287501539772,0.45978651020281475,0.7683531746031746,0.5075360419397117,0.22605561277033986,0.4845474613686534,0.49385359435711823,0.49,229,677,759,2293,0.502034998943985,0.6371905002526529,0.6425742079156533,0.5016786390766416,0.7720538720538721,0.7513106159895151,0.23178137651821862,0.25275938189845476,0.49,238,668,777,2275,0.5040530003847945,0.6349166245578575,0.6419553339021918,0.5033767077284167,0.7730207271491675,0.7454128440366973,0.23448275862068965,0.26269315673289184,perm,179
421,485,1547,1505,0.4866093986862052,0.4788995888774126,0.5273954919093417,0.4449783958106118,0.7562814070351759,0.49311926605504586,0.21392276422764228,0.46467991169977924,0.4784345082586166,417,489,1500,1552,0.4974734714502274,0.48439195229704984,0.5375805894773763,0.45244718167691983,0.7604115629593337,0.508519003931848,0.21752738654147105,0.4602649006622517,0.4799217897864535,0.47000000000000003,21,885,66,2986,0.5007768220600106,0.7597271349166246,0.6748540971998791,0.45246393976381544,0.7713769051924567,0.9783748361730014,0.2413793103448276,0.023178807947019868,0.46,6,900,15,3037,0.500853853297805,0.7688226376958059,0.67310769654812,0.4410124833244659,0.7713995427990856,0.9950851900393185,0.2857142857142857,0.006622516556291391,perm,180
433,473,1527,1525,0.4946942900454775,0.4887986454074916,0.5348779870858854,0.45306184491442864,0.7632632632632632,0.4996723460026212,0.2209183673469388,0.47792494481236203,0.49214028220195055,417,489,1519,1533,0.4926730672056594,0.48127923932195155,0.533113407502721,0.44885615480612484,0.7581602373887241,0.5022935779816514,0.21539256198347106,0.4602649006622517,0.48903190901489707,0.52,833,73,2788,264,0.5029633519365581,0.2771601819100556,0.2043751452770306,0.2619061539748102,0.7833827893175074,0.08650065530799476,0.2300469483568075,0.9194260485651214,0.52,821,85,2720,332,0.5074810712911448,0.2913087417887822,0.23211509113037082,0.28032365823205996,0.7961630695443646,0.10878112712975098,0.23185540807681446,0.9061810154525386,perm,181
439,467,1534,1518,0.49444163719050027,0.49096311469481163,0.5345785113790966,0.4538533642293985,0.764735516372796,0.49737876802096986,0.22250380131779016,0.4845474613686534,0.48283866982603235,430,476,1533,1519,0.4924204143506822,0.4861600542762825,0.5327703792219946,0.4508488800603708,0.7614035087719299,0.49770642201834864,0.21905247070809986,0.4746136865342163,0.48346956651303813,0.47000000000000003,18,888,60,2992,0.500104154913074,0.7604850934815564,0.6740181323627017,0.4499141485933036,0.7711340206185567,0.9803407601572739,0.23076923076923078,0.019867549668874173,0.47000000000000003,27,879,74,2978,0.5027774643486412,0.75922182920667,0.677009389303944,0.45784430106636664,0.7721026704692766,0.9757536041939712,0.26732673267326734,0.029801324503311258,perm,182
453,453,1527,1525,0.4997473471450227,0.4998361730013106,0.5394230067222934,0.4601455714775794,0.7709807886754297,0.4996723460026212,0.2287878787878788,0.5,0.5034931677270216,451,455,1495,1557,0.5073269327943406,0.5039748841999889,0.5465646804256858,0.46559909733254456,0.7738568588469185,0.5101572739187418,0.2317574511819116,0.4977924944812362,0.5036862882950129,0.52,832,74,2748,304,0.5089645555044425,0.2870136432541688,0.22159174282462052,0.27409563150143823,0.8042328042328042,0.09960681520314547,0.2324022346368715,0.9183222958057395,0.48,103,803,311,2741,0.5058930705157694,0.718544719555331,0.6765886577240083,0.4935851847768161,0.7734198645598194,0.8980996068152032,0.24879227053140096,0.11368653421633554,perm,183
452,454,1568,1484,0.48913592723597776,0.49256738967535496,0.5293608651175518,0.4518718914246812,0.7657378740970072,0.48623853211009177,0.22376237623762377,0.4988962472406181,0.491044124071647,451,455,1541,1511,0.49570490146538654,0.49643884226027735,0.5356249811474135,0.4567405511311796,0.7685656154628687,0.4950851900393185,0.22640562248995985,0.4977924944812362,0.4922064639696331,0.48,82,824,259,2793,0.5028226704741073,0.7263769580596261,0.6759801000450515,0.48456123756845493,0.7721868952170307,0.9151376146788991,0.2404692082111437,0.09050772626931568,0.48,92,814,301,2751,0.5014607003260627,0.7182920667003537,0.6735862025328311,0.48657102806206465,0.7716690042075737,0.9013761467889908,0.2340966921119593,0.10154525386313466,perm,184
427,479,1541,1511,0.4896412329459323,0.4831938091476946,0.5301864634138141,0.44825608244952553,0.7592964824120603,0.4950851900393185,0.21697154471544716,0.47130242825607066,0.48526135650201513,436,470,1528,1524,0.49519959575543204,0.4902904475478751,0.5353236782057766,0.4539377793981779,0.7642928786359077,0.49934469200524245,0.2219959266802444,0.48123620309050774,0.49054378267498744,0.54,905,1,3037,15,0.5019055286006499,0.23244062657908035,0.09300113612412172,0.19156409610974134,0.9375,0.0049148099606815205,0.2295788939624556,0.9988962472406181,0.54,904,2,3034,18,0.5018451332170271,0.23294593228903487,0.09447342677698828,0.19248200092898432,0.9,0.005897771952817824,0.22955815134586086,0.9977924944812362,perm,185
470,436,1559,1493,0.4959575543203638,0.5039756074979964,0.5355669168367807,0.459875294432301,0.773976153447382,0.4891874180865007,0.23164120256283885,0.5187637969094923,0.5083356478869572,469,437,1540,1512,0.5005053057099546,0.5065364440934038,0.5399233693807471,0.46323147034401013,0.775782452539764,0.4954128440366973,0.23344947735191637,0.5176600441501104,0.5092824449787205,0.51,702,204,2288,764,0.5125810455417357,0.370389085396665,0.3755832612738287,0.3702345561719125,0.7892561983471075,0.2503276539973788,0.23478260869565218,0.7748344370860927,0.51,694,212,2261,791,0.5125893634688216,0.37518948964123294,0.3831212824094306,0.3748139972554276,0.7886340977068793,0.2591743119266055,0.23485617597292724,0.7660044150110376,perm,186
453,453,1536,1516,0.4974734714502274,0.49836173001310613,0.5372733663260031,0.45840857001629426,0.7699339766378872,0.4967234600262123,0.2277526395173454,0.5,0.4879730007319776,435,471,1534,1518,0.4934310257705912,0.4887556091760479,0.5336698944307534,0.45243507585623965,0.7631975867269984,0.49737876802096986,0.22092432706957846,0.48013245033112584,0.4845606615572895,0.55,906,0,3050,2,0.5003276539973788,0.2294087923193532,0.0863191058518899,0.18699794754342308,1.0,0.000655307994757536,0.22901921132457026,1.0,0.54,901,5,3032,20,0.5005171580753329,0.2326932794340576,0.09526560003804631,0.19269533244103285,0.8,0.00655307994757536,0.22908721078057462,0.9944812362030905,perm,187
413,493,1532,1520,0.488377968671046,0.4769419828202257,0.5291287311467756,0.44496016880518185,0.7550919026328863,0.4980340760157274,0.21233933161953727,0.45584988962472406,0.47084855875639037,412,494,1528,1524,0.48913592723597776,0.4770454144352923,0.5298446833417587,0.4453562978456216,0.755203171456888,0.49934469200524245,0.21237113402061855,0.45474613686534215,0.4684502833881593,0.55,906,0,3049,3,0.5004914809960681,0.22966144517433046,0.08684113447750808,0.1873633997301748,1.0,0.000982961992136304,0.2290771175726928,1.0,0.47000000000000003,32,874,95,2957,0.5020964792746189,0.7551793835270338,0.6767221077719623,0.4605869167958601,0.7718611328634821,0.968872870249017,0.25196850393700787,0.03532008830022075,perm,188
431,475,1553,1499,0.4876200101061142,0.4834353906821858,0.528232708633274,0.44738405275267573,0.7593718338399189,0.49115334207077327,0.21723790322580644,0.4757174392935982,0.48164341986870696,427,479,1561,1491,0.4845881758463871,0.47991726917390687,0.5254152287096558,0.44444031609914303,0.7568527918781726,0.48853211009174313,0.2147887323943662,0.47130242825607066,0.47641487939729027,0.44,1,905,0,3052,0.5005518763796909,0.7713491662455786,0.6720375090055188,0.43654268421306797,0.771291382360374,1.0,1.0,0.0011037527593818985,0.44,1,905,0,3052,0.5005518763796909,0.7713491662455786,0.6720375090055188,0.43654268421306797,0.771291382360374,1.0,1.0,0.0011037527593818985,perm,189
447,459,1512,1540,0.5020212228398181,0.4989823197035057,0.5416268935858658,0.46091106317654174,0.7703851925962981,0.5045871559633027,0.22817764165390506,0.49337748344370863,0.4922520317441029,427,479,1510,1542,0.4974734714502274,0.48827244610706544,0.5375279243307028,0.45415561018763756,0.7629886194952994,0.5052424639580603,0.2204439855446567,0.47130242825607066,0.4884907012808162,0.47000000000000003,20,886,59,2993,0.5013717346711453,0.7612430520464881,0.6752577328000204,0.4521325875727897,0.7715906161381799,0.9806684141546527,0.25316455696202533,0.02207505518763797,0.47000000000000003,30,876,79,2973,0.5036139584942672,0.7587165234967155,0.6779189914384236,0.4603637796478414,0.7724084177708496,0.9741153342070773,0.27522935779816515,0.033112582781456956,perm,190
480,426,1548,1504,0.5012632642748863,0.5112964682804892,0.5404645525324625,0.4654859744569202,0.7792746113989637,0.4927916120576671,0.23668639053254437,0.5298013245033113,0.5067266714693655,458,448,1542,1510,0.49722081859525014,0.5001381499194246,0.5369653162845619,0.4590021608537914,0.7711950970377937,0.4947575360419397,0.229,0.5055187637969095,0.5020190863878209,0.5,480,426,1548,1504,0.5112964682804892,0.5012632642748863,0.5404645525324625,0.4654859744569202,0.7792746113989637,0.4927916120576671,0.23668639053254437,0.5298013245033113,0.53,892,14,2963,89,0.506854333567682,0.24785245073269327,0.12927671785819908,0.21556478932264958,0.8640776699029126,0.029161205766710354,0.23138780804150455,0.9845474613686535,perm,191
445,461,1502,1550,0.5040424456796362,0.49951683693101767,0.5435379640495068,0.46211876863957185,0.7707608155146694,0.5078636959370905,0.2285567539804828,0.4911699779249448,0.5001283853963239,442,464,1490,1562,0.5063163213744315,0.4998271317762174,0.5456812134680746,0.46334489920593225,0.7709772951628825,0.5117955439056356,0.2287784679089027,0.4878587196467991,0.502018905563319,0.52,833,73,2759,293,0.5077143348985502,0.28448711470439614,0.21698370382962237,0.2709160641189986,0.8005464480874317,0.09600262123197903,0.23190423162583518,0.9194260485651214,0.52,816,90,2720,332,0.5047216893926901,0.2900454775138959,0.23148248349134076,0.2792681052298972,0.7867298578199052,0.10878112712975098,0.23076923076923078,0.9006622516556292,perm,192
443,463,1549,1503,0.49166245578575035,0.49071321523323463,0.5319025361065111,0.45238576596990654,0.7644964394710071,0.4924639580602883,0.22238955823293172,0.488962472406181,0.4882348346106776,431,475,1521,1531,0.49570490146538654,0.48867785464024605,0.5358440418369315,0.4534935683786758,0.7632103688933201,0.5016382699868939,0.22079918032786885,0.4757174392935982,0.4894340627070441,0.47000000000000003,28,878,58,2994,0.5059505727073623,0.7635169277412834,0.679780134245153,0.46063481858332866,0.7732438016528925,0.9809960681520314,0.32558139534883723,0.03090507726269316,0.47000000000000003,35,871,87,2965,0.5050627244032069,0.7579585649317837,0.6794373249639069,0.4645054614804069,0.7729405630865485,0.9714941022280472,0.28688524590163933,0.03863134657836645,perm,193
439,467,1531,1521,0.49519959575543204,0.4914545956908798,0.5352926521240761,0.4544282733955891,0.7650905432595574,0.4983617300131062,0.22284263959390863,0.4845474613686534,0.4912339897986049,441,465,1514,1538,0.5,0.4953434074279812,0.5397844265335764,0.45839512306259944,0.7678482276585122,0.5039318479685452,0.2255754475703325,0.4867549668874172,0.4907783120539059,0.51,683,223,2273,779,0.5045527993079484,0.36937847397675594,0.3773052734424731,0.3690072677578736,0.7774451097804391,0.2552424639580603,0.2310554803788904,0.7538631346578366,0.52,814,92,2734,318,0.5013243586516568,0.28600303183425974,0.22532470719579176,0.2746114917053119,0.775609756097561,0.10419397116644823,0.2294250281848929,0.8984547461368654,perm,194
473,433,1539,1513,0.5017685699848409,0.508907776610857,0.5410636382561957,0.4648184153716319,0.7774922918807811,0.495740498034076,0.23508946322067595,0.522075055187638,0.5090896860597328,457,449,1509,1543,0.5053057099545225,0.5049925644964833,0.5446166179011349,0.4650305721903517,0.7745983935742972,0.505570117955439,0.23245167853509666,0.5044150110375276,0.5071487158567176,0.51,708,198,2293,759,0.5150731688264345,0.37064173825164226,0.37493485474902555,0.37053722801709976,0.7931034482758621,0.24868938401048493,0.23592135954681773,0.7814569536423841,0.51,697,209,2237,815,0.5181768405764395,0.382011116725619,0.3914596679325757,0.38146134895322215,0.7958984375,0.2670380078636959,0.23755964553510567,0.7693156732891833,perm,195
477,429,1491,1561,0.5149065184436584,0.5189789780667112,0.5534445592844174,0.4755701377738065,0.7844221105527638,0.5114678899082569,0.2423780487804878,0.5264900662251656,0.5176303889318046,448,458,1501,1551,0.5050530570995452,0.5013362930687799,0.5444602969398008,0.4633788619472904,0.7720258835241414,0.5081913499344692,0.22986146741918934,0.49448123620309054,0.5121957085282621,0.5,477,429,1491,1561,0.5189789780667112,0.5149065184436584,0.5534445592844174,0.4755701377738065,0.7844221105527638,0.5114678899082569,0.2423780487804878,0.5264900662251656,0.52,839,67,2745,307,0.5133191711583472,0.28954017180394137,0.2237398478439959,0.276468561517649,0.820855614973262,0.10058977719528178,0.23409598214285715,0.9260485651214128,perm,196
449,457,1515,1537,0.5017685699848409,0.4995945914668194,0.5413705172281239,0.46104369418078417,0.7708124373119358,0.5036041939711664,0.22861507128309572,0.4955849889624724,0.5009804304491102,449,457,1503,1549,0.504800404244568,0.501560515451092,0.544215592184562,0.4633503978067157,0.7721834496510469,0.5075360419397117,0.2300204918032787,0.4955849889624724,0.5017492962310388,0.49,229,677,741,2311,0.5049838849203938,0.6417382516422435,0.6459512507531084,0.5046841243169207,0.7734270414993306,0.7572083879423329,0.23608247422680412,0.25275938189845476,0.49,237,669,779,2273,0.5031734700077248,0.6341586659929257,0.6412706882791926,0.5025215989489316,0.7726036709721278,0.7447575360419397,0.23326771653543307,0.26158940397350994,perm,197
437,469,1545,1507,0.49115715007579586,0.4880572649498465,0.5315019222584108,0.4510373487417828,0.7626518218623481,0.4937745740498034,0.2204843592330979,0.48233995584988965,0.49332612928517905,424,482,1525,1527,0.4929257200606367,0.4841594119876519,0.5332985277989689,0.45023041139775993,0.7600796416127427,0.5003276539973788,0.21754746023601848,0.46799116997792495,0.4934655449761167,0.49,232,674,755,2297,0.5043459360778153,0.6389590702374937,0.6442556807316319,0.5039281977634774,0.7731403567822283,0.7526212319790302,0.23505572441742653,0.2560706401766004,0.53,882,24,2965,87,0.5010079157733937,0.24482061647296616,0.12737271208087578,0.21307254303137763,0.7837837837837838,0.028505897771952816,0.22926956069664675,0.9735099337748344,perm,198
460,446,1498,1554,0.5088428499242041,0.5084502906211394,0.547910489913596,0.46821547525842966,0.777,0.5091743119266054,0.23493360572012256,0.5077262693156733,0.5142905603823642,456,450,1478,1574,0.5128852956038403,0.5095193250761633,0.5517205544733426,0.4706500627087981,0.7776679841897233,0.5157273918741808,0.23578076525336092,0.5033112582781457,0.5152069789578143,0.49,235,671,711,2341,0.513209953159221,0.650833754421425,0.6534528445058395,0.5129386614770026,0.7772244355909694,0.7670380078636959,0.24841437632135308,0.25938189845474613,0.49,255,651,762,2290,0.5158923038198815,0.6430015159171298,0.6499988112169296,0.5147177687541341,0.7786467188031282,0.7503276539973788,0.25073746312684364,0.2814569536423841,perm,199
