tn_proba,fp_proba,fn_proba,tp_proba,accuracy_proba,balanced_accuracy_proba,f1_weighted_proba,f1_macro_proba,precision_1_proba,recall_1_proba,precision_0_proba,recall_0_proba,roc_auc_proba,tn_ratio,fp_ratio,fn_ratio,tp_ratio,accuracy_ratio,balanced_accuracy_ratio,f1_weighted_ratio,f1_macro_ratio,precision_1_ratio,recall_1_ratio,precision_0_ratio,recall_0_ratio,roc_auc_ratio,best_thresh_proba,tn_proba_best,fp_proba_best,fn_proba_best,tp_proba_best,balanced_accuracy_proba_best,accuracy_proba_best,f1_weighted_proba_best,f1_macro_proba_best,precision_1_proba_best,recall_1_proba_best,precision_0_proba_best,recall_0_proba_best,best_thresh_ratio,tn_ratio_best,fp_ratio_best,fn_ratio_best,tp_ratio_best,balanced_accuracy_ratio_best,accuracy_ratio_best,f1_weighted_ratio_best,f1_macro_ratio_best,precision_1_ratio_best,recall_1_ratio_best,precision_0_ratio_best,recall_0_ratio_best,perm_or_obs
200,0,611,24,0.2682634730538922,0.5188976377952756,0.1501574508884906,0.23424275308480763,1.0,0.03779527559055118,0.2466091245376079,1.0,0.6945433070866143,200,0,615,20,0.2634730538922156,0.515748031496063,0.1408339640052051,0.22757868612040763,1.0,0.031496062992125984,0.24539877300613497,1.0,0.8012913385826772,0.45,82,118,91,544,0.6333464566929133,0.7497005988023953,0.7432467803793094,0.6392685946740364,0.8217522658610272,0.8566929133858268,0.47398843930635837,0.41,0.44,158,42,207,428,0.7320078740157481,0.7017964071856287,0.7230753405294486,0.6669763344411965,0.9106382978723404,0.6740157480314961,0.4328767123287671,0.79,obs
97,103,308,327,0.5077844311377245,0.4999803149606299,0.5438034651219037,0.4673728320335234,0.7604651162790698,0.5149606299212598,0.23950617283950618,0.485,0.508763779527559,99,101,314,321,0.5029940119760479,0.500255905511811,0.5392649458260445,0.46519050345633317,0.7606635071090048,0.5055118110236221,0.2397094430992736,0.495,0.5033779527559055,0.51,184,16,580,55,0.5033070866141732,0.28622754491017965,0.20992362248103796,0.2687750520141525,0.7746478873239436,0.08661417322834646,0.24083769633507854,0.92,0.5,99,101,314,321,0.500255905511811,0.5029940119760479,0.5392649458260445,0.46519050345633317,0.7606635071090048,0.5055118110236221,0.2397094430992736,0.495,0
103,97,345,290,0.47065868263473054,0.4858464566929134,0.5077270261969357,0.4427079558358097,0.7493540051679587,0.4566929133858268,0.22991071428571427,0.515,0.49325196850393693,102,98,327,308,0.49101796407185627,0.49751968503937005,0.527687362248787,0.45803151855025054,0.7586206896551724,0.48503937007874015,0.23776223776223776,0.51,0.48989763779527556,0.52,198,2,622,13,0.505236220472441,0.25269461077844313,0.12340965128566399,0.21411764705882352,0.8666666666666667,0.02047244094488189,0.24146341463414633,0.99,0.48,5,195,12,623,0.5030511811023621,0.7520958083832335,0.6631760883483886,0.45180954072457746,0.7616136919315404,0.9811023622047244,0.29411764705882354,0.025,1
112,88,330,305,0.4994011976047904,0.5201574803149607,0.5348281944420551,0.47114743566432715,0.7760814249363868,0.48031496062992124,0.25339366515837103,0.56,0.5190472440944882,107,93,334,301,0.48862275449101794,0.504507874015748,0.5248709813967531,0.4594436838698038,0.7639593908629442,0.47401574803149604,0.24263038548752835,0.535,0.5172204724409448,0.5,112,88,330,305,0.5201574803149607,0.4994011976047904,0.5348281944420551,0.47114743566432715,0.7760814249363868,0.48031496062992124,0.25339366515837103,0.56,0.49,27,173,61,574,0.5194685039370079,0.7197604790419162,0.6766250422454657,0.5090900868306802,0.7684069611780455,0.9039370078740158,0.3068181818181818,0.135,2
100,100,314,321,0.5041916167664671,0.502755905511811,0.5403565463092175,0.4668437222386733,0.7624703087885986,0.5055118110236221,0.24154589371980675,0.5,0.4944645669291339,100,100,315,320,0.5029940119760479,0.5019685039370079,0.5392262521541128,0.4659191615612839,0.7619047619047619,0.5039370078740157,0.24096385542168675,0.5,0.49344881889763775,0.5,100,100,314,321,0.502755905511811,0.5041916167664671,0.5403565463092175,0.4668437222386733,0.7624703087885986,0.5055118110236221,0.24154589371980675,0.5,0.5,100,100,315,320,0.5019685039370079,0.5029940119760479,0.5392262521541128,0.4659191615612839,0.7619047619047619,0.5039370078740157,0.24096385542168675,0.5,3
98,102,325,310,0.48862275449101794,0.4890944881889764,0.5256863369940843,0.4533874204522284,0.7524271844660194,0.4881889763779528,0.23167848699763594,0.49,0.46444881889763784,88,112,323,312,0.47904191616766467,0.4656692913385827,0.5170955456057003,0.4386437503187548,0.7358490566037735,0.49133858267716535,0.2141119221411192,0.44,0.44985433070866143,0.53,200,0,634,1,0.5007874015748032,0.2407185628742515,0.09504945439219004,0.19499592472294197,1.0,0.0015748031496062992,0.23980815347721823,1.0,0.53,200,0,634,1,0.5007874015748032,0.2407185628742515,0.09504945439219004,0.19499592472294197,1.0,0.0015748031496062992,0.23980815347721823,1.0,4
102,98,311,324,0.5101796407185629,0.5101181102362204,0.545926175524945,0.47292268894853084,0.7677725118483413,0.510236220472441,0.2469733656174334,0.51,0.5058897637795275,105,95,311,324,0.5137724550898204,0.5176181102362205,0.5491979642577877,0.47785492496118676,0.7732696897374701,0.510236220472441,0.25240384615384615,0.525,0.5099724409448818,0.5,102,98,311,324,0.5101181102362204,0.5101796407185629,0.545926175524945,0.47292268894853084,0.7677725118483413,0.510236220472441,0.2469733656174334,0.51,0.5,105,95,311,324,0.5176181102362205,0.5137724550898204,0.5491979642577877,0.47785492496118676,0.7732696897374701,0.510236220472441,0.25240384615384615,0.525,5
105,95,312,323,0.5125748502994012,0.5168307086614173,0.5480652283836838,0.4769209220856979,0.7727272727272727,0.5086614173228347,0.2517985611510791,0.525,0.5109606299212598,103,97,317,318,0.5041916167664671,0.5078937007874016,0.5402157896189188,0.4689861751152074,0.7662650602409639,0.5007874015748032,0.24523809523809523,0.515,0.5078779527559055,0.5,105,95,312,323,0.5168307086614173,0.5125748502994012,0.5480652283836838,0.4769209220856979,0.7727272727272727,0.5086614173228347,0.2517985611510791,0.525,0.5,103,97,317,318,0.5078937007874016,0.5041916167664671,0.5402157896189188,0.4689861751152074,0.7662650602409639,0.5007874015748032,0.24523809523809523,0.515,6
105,95,336,299,0.48383233532934133,0.49793307086614175,0.5204201240796266,0.4543799244681157,0.7588832487309645,0.47086614173228347,0.23809523809523808,0.525,0.5100472440944882,104,96,321,314,0.5005988023952096,0.507244094488189,0.5367277311405896,0.4668784688995215,0.7658536585365854,0.494488188976378,0.2447058823529412,0.52,0.5130275590551181,0.49,20,180,61,574,0.5019685039370079,0.7113772455089821,0.6626267844317975,0.4844213174689797,0.7612732095490716,0.9039370078740158,0.24691358024691357,0.1,0.49,25,175,56,579,0.5184055118110236,0.7233532934131737,0.676625673044586,0.5058146237980677,0.7679045092838196,0.9118110236220472,0.30864197530864196,0.125,7
106,94,318,317,0.5065868263473053,0.5146062992125984,0.542316161910625,0.472931068294357,0.7712895377128953,0.49921259842519683,0.25,0.53,0.5176535433070866,103,97,324,311,0.49580838323353293,0.5023818897637795,0.5322110301455744,0.46245265390443774,0.7622549019607843,0.48976377952755906,0.24121779859484777,0.515,0.5190787401574803,0.49,25,175,55,580,0.5191929133858268,0.7245508982035929,0.677415979961967,0.506551901336074,0.7682119205298014,0.9133858267716536,0.3125,0.125,0.49,25,175,57,578,0.5176181102362205,0.7221556886227545,0.675835526200649,0.5050789952378032,0.7675962815405046,0.9102362204724409,0.3048780487804878,0.125,8
101,99,324,311,0.4934131736526946,0.4973818897637795,0.530061943099447,0.4592076555023923,0.7585365853658537,0.48976377952755906,0.2376470588235294,0.505,0.5045748031496062,103,97,318,317,0.5029940119760479,0.5071062992125984,0.539076840952966,0.46805407803459775,0.7657004830917874,0.49921259842519683,0.24465558194774348,0.515,0.511755905511811,0.49,28,172,52,583,0.5290551181102362,0.7317365269461078,0.6858312152673071,0.5194244604316547,0.7721854304635761,0.9181102362204724,0.35,0.14,0.49,30,170,54,581,0.5324803149606299,0.7317365269461078,0.6881763574856262,0.5248257220088206,0.7736351531291611,0.9149606299212598,0.35714285714285715,0.15,9
100,100,304,331,0.5161676646706587,0.5106299212598425,0.551579048084019,0.47606948051141235,0.7679814385150812,0.521259842519685,0.24752475247524752,0.5,0.4853149606299213,96,104,307,328,0.5077844311377245,0.49826771653543306,0.5438138815599927,0.4666079163694181,0.7592592592592593,0.5165354330708661,0.23821339950372208,0.48,0.48394094488188977,0.5,100,100,304,331,0.5106299212598425,0.5161676646706587,0.551579048084019,0.47606948051141235,0.7679814385150812,0.521259842519685,0.24752475247524752,0.5,0.52,199,1,623,12,0.5069488188976378,0.25269461077844313,0.12144313243484763,0.21323476117996665,0.9230769230769231,0.01889763779527559,0.24209245742092458,0.995,10
101,99,306,329,0.5149700598802395,0.5115551181102362,0.5504474598810024,0.4758935033576602,0.7686915887850467,0.5181102362204725,0.24815724815724816,0.505,0.5089133858267716,100,100,301,334,0.5197604790419161,0.512992125984252,0.5549179506533753,0.4788308852255907,0.7695852534562212,0.525984251968504,0.24937655860349128,0.5,0.5064685039370078,0.5,101,99,306,329,0.5115551181102362,0.5149700598802395,0.5504474598810024,0.4758935033576602,0.7686915887850467,0.5181102362204725,0.24815724815724816,0.505,0.5,100,100,301,334,0.512992125984252,0.5197604790419161,0.5549179506533753,0.4788308852255907,0.7695852534562212,0.525984251968504,0.24937655860349128,0.5,11
97,103,326,309,0.48622754491017967,0.4858070866141732,0.5234647273312931,0.450827174178,0.75,0.48661417322834644,0.2293144208037825,0.485,0.4683385826771653,98,102,342,293,0.4682634730538922,0.4757086614173228,0.5060141852217894,0.43759101941747575,0.7417721518987341,0.46141732283464565,0.22272727272727272,0.49,0.4629409448818898,0.49,19,181,58,577,0.5018307086614173,0.7137724550898203,0.6628604911510827,0.4828059845384737,0.7612137203166227,0.9086614173228347,0.24675324675324675,0.095,0.48,4,196,10,625,0.5021259842519685,0.7532934131736527,0.6618378473616595,0.44794983054328846,0.761266747868453,0.984251968503937,0.2857142857142857,0.02,12
94,106,313,322,0.49820359281437127,0.48854330708661414,0.5349073720744197,0.4577762417453324,0.7523364485981309,0.5070866141732283,0.23095823095823095,0.47,0.48161417322834643,90,110,317,318,0.48862275449101794,0.4753937007874016,0.5260273218992296,0.44742352082400216,0.7429906542056075,0.5007874015748032,0.22113022113022113,0.45,0.4833622047244095,0.51,180,20,571,64,0.5003937007874015,0.29221556886227545,0.2260547021066916,0.2782869653347841,0.7619047619047619,0.10078740157480315,0.2396804260985353,0.9,0.0,0,200,0,635,0.5,0.7604790419161677,0.6570125056010427,0.43197278911564624,0.7604790419161677,1.0,0.0,0.0,13
111,89,302,333,0.5317365269461077,0.5397047244094488,0.5659098646216466,0.49611924542512353,0.7890995260663507,0.5244094488188976,0.2687651331719128,0.555,0.5336377952755905,108,92,306,329,0.5233532934131736,0.5290551181102363,0.5581205445194892,0.48744879577534295,0.7814726840855107,0.5181102362204725,0.2608695652173913,0.54,0.5322283464566928,0.5,111,89,302,333,0.5397047244094488,0.5317365269461077,0.5659098646216466,0.49611924542512353,0.7890995260663507,0.5244094488188976,0.2687651331719128,0.555,0.5,108,92,306,329,0.5290551181102363,0.5233532934131736,0.5581205445194892,0.48744879577534295,0.7814726840855107,0.5181102362204725,0.2608695652173913,0.54,14
98,102,330,305,0.48263473053892214,0.48515748031496064,0.5199490135466808,0.4487572893871413,0.7493857493857494,0.48031496062992124,0.22897196261682243,0.49,0.4703858267716535,92,108,319,316,0.48862275449101794,0.4788188976377953,0.5259765470658253,0.44896754341634093,0.7452830188679245,0.49763779527559054,0.22384428223844283,0.46,0.46326377952755904,0.48,3,197,8,627,0.5012007874015748,0.7544910179640718,0.6604372860845166,0.44396441112363527,0.7609223300970874,0.9874015748031496,0.2727272727272727,0.015,0.48,4,196,9,626,0.5029133858267716,0.7544910179640718,0.6624756808461051,0.4484293084059148,0.7615571776155717,0.9858267716535433,0.3076923076923077,0.02,15
90,110,328,307,0.4754491017964072,0.46673228346456697,0.5136171232417959,0.4374561630181993,0.7362110311750599,0.48346456692913387,0.215311004784689,0.45,0.4485354330708662,82,118,327,308,0.46706586826347307,0.44751968503937006,0.506023772366773,0.42493913942449807,0.7230046948356808,0.48503937007874015,0.20048899755501223,0.41,0.4414251968503937,0.48,4,196,10,625,0.5021259842519685,0.7532934131736527,0.6618378473616595,0.44794983054328846,0.761266747868453,0.984251968503937,0.2857142857142857,0.02,0.53,200,0,632,3,0.5023622047244094,0.24311377245508983,0.09998942117223598,0.19850064396976988,1.0,0.004724409448818898,0.2403846153846154,1.0,16
104,96,311,324,0.5125748502994012,0.5151181102362206,0.5481086376547564,0.4762146957962471,0.7714285714285715,0.510236220472441,0.25060240963855424,0.52,0.5005511811023622,104,96,328,307,0.49221556886227547,0.501732283464567,0.5286698863924305,0.46031804102338963,0.7617866004962779,0.48346456692913387,0.24074074074074073,0.52,0.4911889763779528,0.5,104,96,311,324,0.5151181102362206,0.5125748502994012,0.5481086376547564,0.4762146957962471,0.7714285714285715,0.510236220472441,0.25060240963855424,0.52,0.51,182,18,567,68,0.5085433070866142,0.2994011976047904,0.23531786198658863,0.28609427545456273,0.7906976744186046,0.10708661417322834,0.24299065420560748,0.91,17
98,102,316,319,0.4994011976047904,0.4961811023622047,0.5359155467566495,0.46169245385450597,0.7577197149643705,0.5023622047244094,0.23671497584541062,0.49,0.5048661417322835,91,109,320,315,0.48622754491017967,0.47553149606299217,0.523756296700794,0.4463865951419444,0.7429245283018868,0.49606299212598426,0.22141119221411193,0.455,0.4884015748031496,0.51,184,16,574,61,0.5080314960629921,0.2934131736526946,0.22231485283052155,0.27774096314888225,0.7922077922077922,0.09606299212598425,0.24274406332453827,0.92,0.49,22,178,63,572,0.5053937007874016,0.7113772455089821,0.6651288720298335,0.4901893723478371,0.7626666666666667,0.9007874015748032,0.25882352941176473,0.11,18
85,115,292,343,0.5125748502994012,0.48257874015748026,0.5478691794020848,0.461128879064981,0.7489082969432315,0.5401574803149606,0.22546419098143236,0.425,0.49057480314960633,85,115,286,349,0.5197604790419161,0.48730314960629917,0.5543085763157182,0.4664230657069235,0.7521551724137931,0.5496062992125984,0.22911051212938005,0.425,0.48566929133858266,0.51,184,16,574,61,0.5080314960629921,0.2934131736526946,0.22231485283052155,0.27774096314888225,0.7922077922077922,0.09606299212598425,0.24274406332453827,0.92,0.51,182,18,557,78,0.5164173228346457,0.31137724550898205,0.25514045792934875,0.30052636256226245,0.8125,0.12283464566929134,0.2462787550744249,0.91,19
93,107,318,317,0.49101796407185627,0.4821062992125984,0.5281967974308566,0.4515484916907375,0.7476415094339622,0.49921259842519683,0.22627737226277372,0.465,0.48374015748031496,90,110,323,312,0.481437125748503,0.4706692913385827,0.5192812567293427,0.4419939469797404,0.7393364928909952,0.49133858267716535,0.2179176755447942,0.45,0.47532677165354337,0.49,24,176,65,570,0.5088188976377952,0.7113772455089821,0.6675489413146827,0.4957893708235094,0.7640750670241286,0.8976377952755905,0.2696629213483146,0.12,0.49,29,171,73,562,0.51501968503937,0.7077844311377246,0.6708387570160018,0.5068452035165176,0.7667121418826739,0.8850393700787401,0.28431372549019607,0.145,20
109,91,338,297,0.48622754491017967,0.5063582677165355,0.5222726009316562,0.4587924415416065,0.7654639175257731,0.46771653543307085,0.24384787472035793,0.545,0.5048897637795275,105,95,328,307,0.4934131736526946,0.5042322834645669,0.5297359231821311,0.4619230646185908,0.763681592039801,0.48346456692913387,0.24249422632794457,0.525,0.5034370078740158,0.5,109,91,338,297,0.5063582677165355,0.48622754491017967,0.5222726009316562,0.4587924415416065,0.7654639175257731,0.46771653543307085,0.24384787472035793,0.545,0.51,182,18,570,65,0.5061811023622047,0.2958083832335329,0.22927273423004882,0.28170571849909876,0.7831325301204819,0.10236220472440945,0.24202127659574468,0.91,21
92,108,291,344,0.5221556886227545,0.5008661417322835,0.5569285117791167,0.4742718009975999,0.7610619469026548,0.5417322834645669,0.2402088772845953,0.46,0.5068267716535433,97,103,286,349,0.5341317365269461,0.5173031496062992,0.5680330603560813,0.4874479463360059,0.7721238938053098,0.5496062992125984,0.25326370757180156,0.485,0.5136299212598425,0.49,24,176,59,576,0.5135433070866142,0.718562874251497,0.6722562172080743,0.50009044102099,0.7659574468085106,0.9070866141732283,0.2891566265060241,0.12,0.5,97,103,286,349,0.5173031496062992,0.5341317365269461,0.5680330603560813,0.4874479463360059,0.7721238938053098,0.5496062992125984,0.25326370757180156,0.485,22
111,89,322,313,0.5077844311377245,0.5239566929133859,0.5430767480563969,0.47718765853012013,0.7786069651741293,0.49291338582677163,0.25635103926096997,0.555,0.5202834645669292,109,91,325,310,0.5017964071856288,0.5165944881889764,0.5374718815660277,0.4711520894486194,0.773067331670823,0.4881889763779528,0.2511520737327189,0.545,0.5190866141732283,0.5,111,89,322,313,0.5239566929133859,0.5077844311377245,0.5430767480563969,0.47718765853012013,0.7786069651741293,0.49291338582677163,0.25635103926096997,0.555,0.5,109,91,325,310,0.5165944881889764,0.5017964071856288,0.5374718815660277,0.4711520894486194,0.773067331670823,0.4881889763779528,0.2511520737327189,0.545,23
96,104,325,310,0.48622754491017967,0.4840944881889764,0.5235276259489696,0.45010891440202994,0.748792270531401,0.4881889763779528,0.22802850356294538,0.48,0.4768031496062992,91,109,322,313,0.48383233532934133,0.4739566929133858,0.5215016666289763,0.44457134214380634,0.7417061611374408,0.49291338582677163,0.22033898305084745,0.455,0.47194094488188976,0.49,23,177,68,567,0.5039566929133859,0.7065868263473054,0.6632309717265452,0.49020531337764056,0.7620967741935484,0.8929133858267716,0.25274725274725274,0.115,0.48,6,194,12,623,0.5055511811023622,0.7532934131736527,0.6657720271035757,0.4565862966613592,0.762545899632803,0.9811023622047244,0.3333333333333333,0.03,24
110,90,307,328,0.5245508982035928,0.5332677165354331,0.5591692768263451,0.4897729878821181,0.784688995215311,0.5165354330708661,0.2637889688249401,0.55,0.5251102362204725,112,88,304,331,0.5305389221556887,0.5406299212598425,0.5647428620420019,0.4958599275487321,0.7899761336515513,0.521259842519685,0.2692307692307692,0.56,0.5304330708661417,0.5,110,90,307,328,0.5332677165354331,0.5245508982035928,0.5591692768263451,0.4897729878821181,0.784688995215311,0.5165354330708661,0.2637889688249401,0.55,0.5,112,88,304,331,0.5406299212598425,0.5305389221556887,0.5647428620420019,0.4958599275487321,0.7899761336515513,0.521259842519685,0.2692307692307692,0.56,25
100,100,318,317,0.4994011976047904,0.4996062992125984,0.5358263870207092,0.4631430962137153,0.7601918465227818,0.49921259842519683,0.23923444976076555,0.5,0.4824094488188976,99,101,323,312,0.49221556886227547,0.49316929133858267,0.5290505364176534,0.4568739108023858,0.7554479418886199,0.49133858267716535,0.23459715639810427,0.495,0.47418503937007866,0.0,0,200,0,635,0.5,0.7604790419161677,0.6570125056010427,0.43197278911564624,0.7604790419161677,1.0,0.0,0.0,0.0,0,200,0,635,0.5,0.7604790419161677,0.6570125056010427,0.43197278911564624,0.7604790419161677,1.0,0.0,0.0,26
98,102,324,311,0.48982035928143713,0.48988188976377955,0.5268290766837744,0.4543119952873027,0.7530266343825666,0.48976377952755906,0.23222748815165878,0.49,0.48738582677165354,93,107,308,327,0.5029940119760479,0.4899803149606299,0.5393789264866602,0.4606354547845888,0.7534562211981567,0.5149606299212598,0.23192019950124687,0.465,0.4904291338582677,0.51,184,16,576,59,0.5064566929133858,0.29101796407185626,0.21820584183745187,0.2747652582159624,0.7866666666666666,0.09291338582677165,0.24210526315789474,0.92,0.52,198,2,625,10,0.5028740157480315,0.24910179640718563,0.11622564314458285,0.20900433763773246,0.8333333333333334,0.015748031496062992,0.24058323207776428,0.99,27
91,109,317,318,0.48982035928143713,0.47789370078740157,0.5271268346447159,0.44910608088016657,0.7447306791569087,0.5007874015748032,0.22303921568627452,0.455,0.4778661417322834,94,106,304,331,0.5089820359281437,0.4956299212598425,0.544925087677189,0.4659592921679229,0.7574370709382151,0.521259842519685,0.23618090452261306,0.47,0.48163385826771654,0.51,185,15,580,55,0.5058070866141733,0.2874251497005988,0.21049335569848063,0.26972402895674863,0.7857142857142857,0.08661417322834646,0.24183006535947713,0.925,0.49,22,178,65,570,0.5038188976377953,0.7089820359281437,0.6635800632252995,0.48880255768780184,0.7620320855614974,0.8976377952755905,0.25287356321839083,0.11,28
97,103,325,310,0.4874251497005988,0.4865944881889764,0.5246076169498954,0.45175007977221965,0.7506053268765133,0.4881889763779528,0.22985781990521326,0.485,0.4803700787401574,96,104,321,314,0.49101796407185627,0.48724409448818895,0.5280779411868936,0.45378720365214154,0.7511961722488039,0.494488188976378,0.2302158273381295,0.48,0.4779330708661417,0.48,6,194,10,625,0.5071259842519685,0.755688622754491,0.6670885647320672,0.4576264710377503,0.7631257631257631,0.984251968503937,0.375,0.03,0.49,28,172,77,558,0.5093700787401575,0.7017964071856287,0.665731912144006,0.5005944874797333,0.7643835616438356,0.878740157480315,0.26666666666666666,0.14,29
95,105,328,307,0.481437125748503,0.4792322834645669,0.5190215080057108,0.4457066816295431,0.7451456310679612,0.48346456692913387,0.22458628841607564,0.475,0.48773228346456693,89,111,315,320,0.48982035928143713,0.4744685039370079,0.5271600853559212,0.4475386106382715,0.7424593967517401,0.5039370078740157,0.2202970297029703,0.445,0.4714330708661418,0.49,22,178,52,583,0.5140551181102362,0.7245508982035929,0.6736484365049417,0.4979137473072177,0.7660972404730617,0.9181102362204724,0.2972972972972973,0.11,0.52,196,4,620,15,0.5018110236220472,0.25269461077844313,0.12729795772177382,0.2158491656432854,0.7894736842105263,0.023622047244094488,0.24019607843137256,0.98,30
97,103,309,326,0.5065868263473053,0.4991929133858268,0.5426861604714341,0.4664569840442691,0.7599067599067599,0.5133858267716536,0.23891625615763548,0.485,0.490511811023622,92,108,302,333,0.5089820359281437,0.49220472440944885,0.5449004735450432,0.46436170878550065,0.7551020408163265,0.5244094488188976,0.233502538071066,0.46,0.4895748031496063,0.49,19,181,49,586,0.5089173228346456,0.7245508982035929,0.6696833513758991,0.488869844784636,0.7640156453715776,0.9228346456692913,0.27941176470588236,0.095,0.49,25,175,65,570,0.5113188976377953,0.7125748502994012,0.6695185341461006,0.4992503748125937,0.7651006711409396,0.8976377952755905,0.2777777777777778,0.125,31
103,97,318,317,0.5029940119760479,0.5071062992125984,0.539076840952966,0.46805407803459775,0.7657004830917874,0.49921259842519683,0.24465558194774348,0.515,0.5192047244094489,108,92,313,322,0.5149700598802395,0.5235433070866142,0.5501834230986776,0.4808720520578605,0.7777777777777778,0.5070866141732283,0.25653206650831356,0.54,0.520751968503937,0.49,20,180,42,593,0.5169291338582678,0.7341317365269461,0.6771420509085923,0.49750065058986814,0.7671410090556274,0.9338582677165355,0.3225806451612903,0.1,0.5,108,92,313,322,0.5235433070866142,0.5149700598802395,0.5501834230986776,0.4808720520578605,0.7777777777777778,0.5070866141732283,0.25653206650831356,0.54,32
104,96,342,293,0.4754491017964072,0.49070866141732283,0.512317313418828,0.4471235245743034,0.7532133676092545,0.46141732283464565,0.23318385650224216,0.52,0.4983149606299213,101,99,340,295,0.474251497005988,0.4847834645669291,0.5115184094453739,0.4442524056647397,0.748730964467005,0.4645669291338583,0.2290249433106576,0.505,0.4957283464566929,0.49,25,175,51,584,0.5223425196850393,0.7293413173652694,0.6805790826182454,0.5095180171750566,0.769433465085639,0.9196850393700787,0.32894736842105265,0.125,0.49,25,175,67,568,0.509744094488189,0.7101796407185629,0.6679399814205417,0.4978080203590671,0.7644683714670256,0.8944881889763779,0.2717391304347826,0.125,33
96,104,306,329,0.5089820359281437,0.49905511811023623,0.5449269067971042,0.4675208729951348,0.7598152424942263,0.5181102362204725,0.23880597014925373,0.48,0.4747165354330708,91,109,306,329,0.5029940119760479,0.4865551181102362,0.5393713362402566,0.4590457725096436,0.7511415525114156,0.5181102362204725,0.22921914357682618,0.455,0.4714842519685039,0.53,200,0,633,2,0.5015748031496063,0.24191616766467067,0.09752308744091463,0.1967505596325953,1.0,0.0031496062992125984,0.24009603841536614,1.0,0.52,198,2,627,8,0.5012992125984252,0.2467065868263473,0.11140147385320114,0.20557383248251088,0.8,0.012598425196850394,0.24,0.99,34
118,82,336,299,0.4994011976047904,0.5304330708661418,0.5340374297277005,0.47471947313925206,0.7847769028871391,0.47086614173228347,0.2599118942731278,0.59,0.5152992125984253,114,86,330,305,0.5017964071856288,0.5251574803149606,0.5369360077563807,0.4742895887060647,0.7800511508951407,0.48031496062992124,0.25675675675675674,0.57,0.5130590551181102,0.49,29,171,42,593,0.5394291338582677,0.7449101796407186,0.6959576727893306,0.5308852659648826,0.7761780104712042,0.9338582677165355,0.4084507042253521,0.145,0.49,30,170,52,583,0.5340551181102362,0.7341317365269461,0.6898081328299315,0.5264117971672083,0.7742363877822045,0.9181102362204724,0.36585365853658536,0.15,35
108,92,322,313,0.5041916167664671,0.5164566929133858,0.5398713561887214,0.4723901098901099,0.7728395061728395,0.49291338582677163,0.25116279069767444,0.54,0.525748031496063,110,90,307,328,0.5245508982035928,0.5332677165354331,0.5591692768263451,0.4897729878821181,0.784688995215311,0.5165354330708661,0.2637889688249401,0.55,0.5376614173228347,0.49,27,173,51,584,0.5273425196850394,0.7317365269461078,0.6846287578650687,0.5166625320433309,0.7714663143989432,0.9196850393700787,0.34615384615384615,0.135,0.5,110,90,307,328,0.5332677165354331,0.5245508982035928,0.5591692768263451,0.4897729878821181,0.784688995215311,0.5165354330708661,0.2637889688249401,0.55,36
101,99,336,299,0.47904191616766467,0.48793307086614174,0.516193434192038,0.44800393908401104,0.7512562814070352,0.47086614173228347,0.2311212814645309,0.505,0.5002047244094487,101,99,317,318,0.5017964071856288,0.5028937007874016,0.5380473133986005,0.46571178953326686,0.762589928057554,0.5007874015748032,0.24162679425837322,0.505,0.4985354330708661,0.51,180,20,564,71,0.5059055118110236,0.3005988023952096,0.240086572897069,0.2884741093523836,0.7802197802197802,0.11181102362204724,0.24193548387096775,0.9,0.51,180,20,560,75,0.5090551181102362,0.30538922155688625,0.2479942475875995,0.29422908772952494,0.7894736842105263,0.11811023622047244,0.24324324324324326,0.9,37
97,103,325,310,0.4874251497005988,0.4865944881889764,0.5246076169498954,0.45175007977221965,0.7506053268765133,0.4881889763779528,0.22985781990521326,0.485,0.4709527559055118,100,100,326,309,0.48982035928143713,0.4933070866141732,0.5266928960191328,0.4557214204399398,0.7555012224938875,0.48661417322834644,0.2347417840375587,0.5,0.4766692913385826,0.0,0,200,0,635,0.5,0.7604790419161677,0.6570125056010427,0.43197278911564624,0.7604790419161677,1.0,0.0,0.0,0.49,20,180,58,577,0.5043307086614174,0.7149700598802395,0.6649180552316354,0.486453940296039,0.76221928665786,0.9086614173228347,0.2564102564102564,0.1,38
98,102,302,333,0.5161676646706587,0.5072047244094489,0.5515884119611245,0.4745482866043614,0.7655172413793103,0.5244094488188976,0.245,0.49,0.510763779527559,99,101,294,341,0.5269461077844312,0.516003937007874,0.561541073016096,0.4835679648514627,0.7714932126696833,0.537007874015748,0.25190839694656486,0.495,0.5116535433070866,0.5,98,102,302,333,0.5072047244094489,0.5161676646706587,0.5515884119611245,0.4745482866043614,0.7655172413793103,0.5244094488188976,0.245,0.49,0.5,99,101,294,341,0.516003937007874,0.5269461077844312,0.561541073016096,0.4835679648514627,0.7714932126696833,0.537007874015748,0.25190839694656486,0.495,39
106,94,333,302,0.48862275449101794,0.5027952755905511,0.5249837569797859,0.45880368968851365,0.7626262626262627,0.4755905511811024,0.24145785876993167,0.53,0.5183149606299212,103,97,335,300,0.48263473053892214,0.49372047244094486,0.5194764658915747,0.45213968068819715,0.7556675062972292,0.47244094488188976,0.23515981735159816,0.515,0.5114055118110237,0.49,23,177,60,575,0.510255905511811,0.7161676646706587,0.6694669084183558,0.49583589158287067,0.7646276595744681,0.905511811023622,0.27710843373493976,0.115,0.47000000000000003,1,199,1,634,0.5017125984251968,0.7604790419161677,0.6592430376520005,0.43683060404133056,0.7611044417767107,0.9984251968503937,0.5,0.005,40
97,103,321,314,0.49221556886227547,0.489744094488189,0.5291636078870352,0.4554370162550605,0.7529976019184652,0.494488188976378,0.23205741626794257,0.485,0.4950787401574803,100,100,319,316,0.49820359281437127,0.4988188976377953,0.5346900796366898,0.46221692088002964,0.7596153846153846,0.49763779527559054,0.2386634844868735,0.5,0.4991811023622047,0.49,25,175,47,588,0.525492125984252,0.7341317365269461,0.6837458634863572,0.512512623074981,0.7706422018348624,0.925984251968504,0.3472222222222222,0.125,0.49,27,173,58,577,0.5218307086614173,0.7233532934131737,0.6790239395804628,0.511343340300209,0.7693333333333333,0.9086614173228347,0.3176470588235294,0.135,41
101,99,329,306,0.4874251497005988,0.49344488188976376,0.5243114503593547,0.4545482295482296,0.7555555555555555,0.4818897637795276,0.23488372093023255,0.505,0.5155433070866141,100,100,320,315,0.49700598802395207,0.49803149606299213,0.5335522503380336,0.4612903225806452,0.7590361445783133,0.49606299212598426,0.23809523809523808,0.5,0.5089370078740156,0.49,23,177,51,584,0.5173425196850394,0.7269461077844311,0.6764862761875075,0.5022797147219376,0.7674113009198423,0.9196850393700787,0.3108108108108108,0.115,0.49,28,172,61,574,0.5219685039370079,0.7209580838323353,0.6785846611050665,0.5125266531198244,0.7694369973190348,0.9039370078740158,0.3146067415730337,0.14,42
101,99,307,328,0.5137724550898204,0.5107677165354331,0.5493274527365134,0.474969645158093,0.7681498829039812,0.5165354330708661,0.24754901960784315,0.505,0.49701574803149606,103,97,314,321,0.5077844311377245,0.510255905511811,0.5436236090066193,0.4717800957671298,0.7679425837320574,0.5055118110236221,0.24700239808153476,0.515,0.5099370078740157,0.5,101,99,307,328,0.5107677165354331,0.5137724550898204,0.5493274527365134,0.474969645158093,0.7681498829039812,0.5165354330708661,0.24754901960784315,0.505,0.49,26,174,63,572,0.5153937007874017,0.7161676646706587,0.6730668012098746,0.5041580119716669,0.7667560321715817,0.9007874015748032,0.29213483146067415,0.13,43
104,96,306,329,0.518562874251497,0.5190551181102363,0.5537436725682566,0.48086916176925454,0.7741176470588236,0.5181102362204725,0.25365853658536586,0.52,0.5188740157480315,101,99,303,332,0.518562874251497,0.5139173228346456,0.5537989537865735,0.4786631959544252,0.7703016241299304,0.5228346456692914,0.25,0.505,0.5179566929133859,0.51,186,14,562,73,0.52248031496063,0.31017964071856285,0.24777031721472373,0.2973105648865668,0.8390804597701149,0.11496062992125984,0.24866310160427807,0.93,0.51,187,13,562,73,0.5249803149606299,0.31137724550898205,0.24838935152527944,0.2982977921134591,0.8488372093023255,0.11496062992125984,0.24966622162883845,0.935,44
108,92,314,321,0.5137724550898204,0.5227559055118111,0.5490436740225643,0.4799311504381336,0.7772397094430993,0.5055118110236221,0.2559241706161137,0.54,0.5208346456692913,105,95,321,314,0.5017964071856288,0.509744094488189,0.5378033914177447,0.46849791291787546,0.7677261613691931,0.494488188976378,0.24647887323943662,0.525,0.514996062992126,0.5,108,92,314,321,0.5227559055118111,0.5137724550898204,0.5490436740225643,0.4799311504381336,0.7772397094430993,0.5055118110236221,0.2559241706161137,0.54,0.5,105,95,321,314,0.509744094488189,0.5017964071856288,0.5378033914177447,0.46849791291787546,0.7677261613691931,0.494488188976378,0.24647887323943662,0.525,45
98,102,328,307,0.48502994011976047,0.48673228346456693,0.5222486978596881,0.45061082344876546,0.7506112469437652,0.48346456692913387,0.2300469483568075,0.49,0.5035354330708661,107,93,321,314,0.5041916167664671,0.514744094488189,0.5399511379822356,0.47172573566267706,0.7714987714987716,0.494488188976378,0.25,0.535,0.5024724409448819,0.49,19,181,54,581,0.5049803149606299,0.718562874251497,0.6658929892462826,0.4854882650158241,0.7624671916010499,0.9149606299212598,0.2602739726027397,0.095,0.5,107,93,321,314,0.514744094488189,0.5041916167664671,0.5399511379822356,0.47172573566267706,0.7714987714987716,0.494488188976378,0.25,0.535,46
105,95,298,337,0.5293413173652695,0.5278543307086614,0.5637928356522557,0.4899681536087137,0.7800925925925926,0.5307086614173229,0.26054590570719605,0.525,0.5264488188976377,106,94,296,339,0.5329341317365269,0.5319291338582677,0.5671255942704162,0.49349546455634774,0.7829099307159353,0.5338582677165354,0.263681592039801,0.53,0.5186220472440944,0.5,105,95,298,337,0.5278543307086614,0.5293413173652695,0.5637928356522557,0.4899681536087137,0.7800925925925926,0.5307086614173229,0.26054590570719605,0.525,0.5,106,94,296,339,0.5319291338582677,0.5329341317365269,0.5671255942704162,0.49349546455634774,0.7829099307159353,0.5338582677165354,0.263681592039801,0.53,47
100,100,338,297,0.4754491017964072,0.4838582677165354,0.5128025279178465,0.4445305095866443,0.7481108312342569,0.46771653543307085,0.228310502283105,0.5,0.4858425196850394,95,105,336,299,0.4718562874251497,0.4729330708661417,0.5098183109961764,0.43833138349229495,0.7400990099009901,0.47086614173228347,0.22041763341067286,0.475,0.484248031496063,0.53,200,0,634,1,0.5007874015748032,0.2407185628742515,0.09504945439219004,0.19499592472294197,1.0,0.0015748031496062992,0.23980815347721823,1.0,0.49,26,174,74,561,0.5067322834645669,0.7029940119760479,0.6643326485714702,0.4961557177615572,0.763265306122449,0.8834645669291339,0.26,0.13,48
112,88,339,296,0.48862275449101794,0.5130708661417323,0.524225031212702,0.4625238743444448,0.7708333333333334,0.46614173228346456,0.24833702882483372,0.56,0.505976377952756,99,101,343,292,0.4682634730538922,0.4774212598425197,0.5058940629958673,0.43825230008363936,0.7430025445292621,0.45984251968503936,0.2239819004524887,0.495,0.49076771653543305,0.49,22,178,47,588,0.517992125984252,0.7305389221556886,0.6775245827490398,0.5014846007498627,0.7676240208877284,0.925984251968504,0.3188405797101449,0.11,0.49,24,176,53,582,0.518267716535433,0.725748502994012,0.6769667467514557,0.5044459015033911,0.7678100263852242,0.9165354330708662,0.3116883116883117,0.12,49
101,99,333,302,0.48263473053892214,0.4902952755905512,0.5196823385493364,0.4508117851966432,0.7531172069825436,0.4755905511811024,0.23271889400921658,0.505,0.4966535433070866,101,99,333,302,0.48263473053892214,0.4902952755905512,0.5196823385493364,0.4508117851966432,0.7531172069825436,0.4755905511811024,0.23271889400921658,0.505,0.4900826771653543,0.49,22,178,44,591,0.5203543307086614,0.7341317365269461,0.6798523639053107,0.5036469378574642,0.7685305591677504,0.9307086614173228,0.3333333333333333,0.11,0.49,24,176,64,571,0.5096062992125985,0.7125748502994012,0.6683333766620161,0.49650265315967196,0.7643908969210174,0.8992125984251969,0.2727272727272727,0.12,50
94,106,302,333,0.511377245508982,0.4972047244094488,0.5471355665183449,0.4677739867271568,0.7585421412300684,0.5244094488188976,0.23737373737373738,0.47,0.4988818897637795,91,109,306,329,0.5029940119760479,0.4865551181102362,0.5393713362402566,0.4590457725096436,0.7511415525114156,0.5181102362204725,0.22921914357682618,0.455,0.5020275590551182,0.51,183,17,574,61,0.5055314960629922,0.29221556886227545,0.22172767024042372,0.2767765677278663,0.782051282051282,0.09606299212598425,0.24174372523117568,0.915,0.51,182,18,563,72,0.5116929133858268,0.30419161676646705,0.24330679636894792,0.2919029374201788,0.8,0.11338582677165354,0.2442953020134228,0.91,51
96,104,332,303,0.47784431137724553,0.4785826771653543,0.5155040970054463,0.4436531902148001,0.7444717444717445,0.47716535433070867,0.22429906542056074,0.48,0.4758031496062992,89,111,338,297,0.4622754491017964,0.4563582677165354,0.5010991746683204,0.4267012864681533,0.7279411764705882,0.46771653543307085,0.20843091334894615,0.445,0.46355511811023625,0.49,18,182,49,586,0.5064173228346457,0.7233532934131737,0.6675632693545214,0.4850921380348691,0.7630208333333334,0.9228346456692913,0.26865671641791045,0.09,0.51,184,16,565,70,0.5151181102362205,0.30419161676646705,0.24054645780206496,0.29097568211812125,0.813953488372093,0.11023622047244094,0.24566088117489987,0.92,52
99,101,315,320,0.5017964071856288,0.49946850393700787,0.5381360465329336,0.4642680880465897,0.7600950118764845,0.5039370078740157,0.2391304347826087,0.495,0.5158346456692914,101,99,314,321,0.5053892215568863,0.5052559055118111,0.5414468485292736,0.46849304512002465,0.7642857142857142,0.5055118110236221,0.2433734939759036,0.505,0.5160511811023623,0.51,183,17,570,65,0.5086811023622048,0.2970059880239521,0.2298713412760547,0.282680692696191,0.7926829268292683,0.10236220472440945,0.24302788844621515,0.915,0.48,6,194,3,632,0.5126377952755905,0.7640718562874251,0.6716890928556217,0.46128855833816385,0.7651331719128329,0.9952755905511811,0.6666666666666666,0.03,53
97,103,310,325,0.5053892215568863,0.4984055118110236,0.5415674097058122,0.46554078243632996,0.7593457943925234,0.5118110236220472,0.23832923832923833,0.485,0.4850314960629921,98,102,318,317,0.49700598802395207,0.4946062992125984,0.5336530664735735,0.45984992237364153,0.7565632458233891,0.49921259842519683,0.23557692307692307,0.49,0.4897125984251968,0.48,3,197,6,629,0.502775590551181,0.7568862275449102,0.6616897758867576,0.4448811032621689,0.761501210653753,0.9905511811023622,0.3333333333333333,0.015,0.47000000000000003,1,199,0,635,0.5025,0.7616766467065869,0.6598430502517718,0.43724197257416114,0.7613908872901679,1.0,1.0,0.005,54
101,99,308,327,0.5125748502994012,0.5099803149606299,0.548206012029835,0.47404546010285553,0.7676056338028169,0.5149606299212598,0.2469437652811736,0.505,0.5227007874015748,100,100,302,333,0.518562874251497,0.5122047244094488,0.5538063817864289,0.47791070961962,0.76905311778291,0.5244094488188976,0.24875621890547264,0.5,0.5232165354330708,0.51,188,12,583,52,0.5109448818897637,0.2874251497005988,0.20589671556142058,0.2680068186271693,0.8125,0.08188976377952756,0.2438391699092088,0.94,0.51,189,11,570,65,0.5236811023622047,0.30419161676646705,0.23345652161751831,0.2885008264293121,0.8552631578947368,0.10236220472440945,0.2490118577075099,0.945,55
93,107,308,327,0.5029940119760479,0.4899803149606299,0.5393789264866602,0.4606354547845888,0.7534562211981567,0.5149606299212598,0.23192019950124687,0.465,0.47592913385826763,94,106,301,334,0.5125748502994012,0.49799212598425197,0.5482387111647332,0.46868086769591555,0.759090909090909,0.525984251968504,0.2379746835443038,0.47,0.48231889763779523,0.48,4,196,3,632,0.5076377952755905,0.7616766467065869,0.6662941069825241,0.45131273506559544,0.7632850241545893,0.9952755905511811,0.5714285714285714,0.02,0.48,5,195,5,630,0.5085629921259842,0.7604790419161677,0.6677095906035287,0.4553163731245923,0.7636363636363637,0.9921259842519685,0.5,0.025,56
109,91,319,316,0.5089820359281437,0.5213188976377953,0.5443960545234701,0.4768298348350184,0.7764127764127764,0.49763779527559054,0.2546728971962617,0.545,0.5053149606299212,103,97,309,326,0.5137724550898204,0.5141929133858267,0.5492736680906322,0.4764291980182117,0.7706855791962175,0.5133858267716536,0.25,0.515,0.5082519685039371,0.5,109,91,319,316,0.5213188976377953,0.5089820359281437,0.5443960545234701,0.4768298348350184,0.7764127764127764,0.49763779527559054,0.2546728971962617,0.545,0.5,103,97,309,326,0.5141929133858267,0.5137724550898204,0.5492736680906322,0.4764291980182117,0.7706855791962175,0.5133858267716536,0.25,0.515,57
107,93,318,317,0.5077844311377245,0.5171062992125984,0.5433935191817322,0.4745492822966507,0.7731707317073171,0.49921259842519683,0.25176470588235295,0.535,0.5298582677165353,103,97,299,336,0.525748502994012,0.5220669291338582,0.5604659880284226,0.4857030870879839,0.7759815242494227,0.5291338582677165,0.2562189054726368,0.515,0.5368464566929134,0.5,107,93,318,317,0.5171062992125984,0.5077844311377245,0.5433935191817322,0.4745492822966507,0.7731707317073171,0.49921259842519683,0.25176470588235295,0.535,0.5,103,97,299,336,0.5220669291338582,0.525748502994012,0.5604659880284226,0.4857030870879839,0.7759815242494227,0.5291338582677165,0.2562189054726368,0.515,58
96,104,314,321,0.4994011976047904,0.49275590551181103,0.5359822267003265,0.4602072378595732,0.7552941176470588,0.5055118110236221,0.23414634146341465,0.48,0.47817322834645665,104,96,311,324,0.5125748502994012,0.5151181102362206,0.5481086376547564,0.4762146957962471,0.7714285714285715,0.510236220472441,0.25060240963855424,0.52,0.4961062992125984,0.48,7,193,8,627,0.5112007874015748,0.7592814371257485,0.6710198878196615,0.46348597458643015,0.7646341463414634,0.9874015748031496,0.4666666666666667,0.035,0.5,104,96,311,324,0.5151181102362206,0.5125748502994012,0.5481086376547564,0.4762146957962471,0.7714285714285715,0.510236220472441,0.25060240963855424,0.52,59
92,108,296,339,0.5161676646706587,0.49692913385826776,0.5514815177069754,0.46977127264954044,0.7583892617449665,0.5338582677165354,0.23711340206185566,0.46,0.48268503937007873,92,108,293,342,0.5197604790419161,0.49929133858267716,0.5547537089356676,0.4724723305368467,0.76,0.5385826771653544,0.23896103896103896,0.46,0.48366141732283463,0.49,21,179,59,576,0.5060433070866142,0.7149700598802395,0.6661956662215137,0.4893884892086331,0.7629139072847683,0.9070866141732283,0.2625,0.105,0.49,24,176,60,575,0.5127559055118109,0.7173652694610778,0.6714715194937849,0.499369957116436,0.7656458055925432,0.905511811023622,0.2857142857142857,0.12,60
93,107,312,323,0.49820359281437127,0.4868307086614173,0.534923727216734,0.45700539324098866,0.7511627906976744,0.5086614173228347,0.22962962962962963,0.465,0.4969763779527559,87,113,305,330,0.4994011976047904,0.4773425196850394,0.5359991544764855,0.4530819084390513,0.744920993227991,0.5196850393700787,0.22193877551020408,0.435,0.4887795275590551,0.51,190,10,575,60,0.522244094488189,0.2994011976047904,0.22376237493043896,0.28199757468856795,0.8571428571428571,0.09448818897637795,0.24836601307189543,0.95,0.51,185,15,568,67,0.515255905511811,0.3017964071856287,0.2351192367358431,0.2875687288618047,0.8170731707317073,0.10551181102362205,0.2456839309428951,0.925,61
102,98,333,302,0.48383233532934133,0.4927952755905512,0.5207449303151087,0.45241736087336903,0.755,0.4755905511811024,0.23448275862068965,0.51,0.5060866141732283,101,99,325,310,0.49221556886227547,0.4965944881889764,0.5289149950988552,0.4582767189355269,0.7579462102689487,0.4881889763779528,0.23708920187793428,0.505,0.5046496062992126,0.51,186,14,571,64,0.5153937007874017,0.2994011976047904,0.22962891216691686,0.28411893759864937,0.8205128205128205,0.10078740157480315,0.24570673712021135,0.93,0.51,179,21,557,78,0.5089173228346456,0.3077844311377245,0.2532393467797863,0.2975063462120683,0.7878787878787878,0.12283464566929134,0.24320652173913043,0.895,62
98,102,297,338,0.5221556886227545,0.5111417322834646,0.557118539937908,0.4791244870041039,0.7681818181818182,0.5322834645669291,0.2481012658227848,0.49,0.5007716535433071,99,101,309,326,0.5089820359281437,0.5041929133858267,0.5448873291181539,0.46979693230250763,0.7634660421545667,0.5133858267716536,0.2426470588235294,0.495,0.4989055118110236,0.5,98,102,297,338,0.5111417322834646,0.5221556886227545,0.557118539937908,0.4791244870041039,0.7681818181818182,0.5322834645669291,0.2481012658227848,0.49,0.52,198,2,623,12,0.5044488188976378,0.25149700598802394,0.12102190328900639,0.2124175066288979,0.8571428571428571,0.01889763779527559,0.24116930572472595,0.99,63
100,100,317,318,0.5005988023952096,0.5003937007874015,0.5369611799410225,0.4640688562892777,0.7607655502392344,0.5007874015748032,0.23980815347721823,0.5,0.515259842519685,95,105,314,321,0.49820359281437127,0.49025590551181103,0.5348853047678155,0.45853820094126896,0.7535211267605634,0.5055118110236221,0.23227383863080683,0.475,0.5068464566929134,0.51,185,15,575,60,0.509744094488189,0.2934131736526946,0.22084703831773073,0.2772153755868545,0.8,0.09448818897637795,0.24342105263157895,0.925,0.49,23,177,54,581,0.5149803149606299,0.7233532934131737,0.674145495631381,0.5001179181104076,0.7664907651715039,0.9149606299212598,0.2987012987012987,0.115,64
102,98,312,323,0.5089820359281437,0.5093307086614174,0.5447975458617854,0.4719949906228408,0.7672209026128266,0.5086614173228347,0.2463768115942029,0.51,0.5019212598425197,102,98,322,313,0.49700598802395207,0.5014566929133858,0.5334290970933555,0.4626967201058979,0.7615571776155717,0.49291338582677163,0.24056603773584906,0.51,0.5109803149606299,0.5,102,98,312,323,0.5093307086614174,0.5089820359281437,0.5447975458617854,0.4719949906228408,0.7672209026128266,0.5086614173228347,0.2463768115942029,0.51,0.49,29,171,67,568,0.5197440944881889,0.7149700598802395,0.6756843918677456,0.5113645304693339,0.7686062246278755,0.8944881889763779,0.3020833333333333,0.145,65
109,91,314,321,0.5149700598802395,0.5252559055118111,0.5501240432847873,0.4815501294687412,0.779126213592233,0.5055118110236221,0.2576832151300236,0.545,0.5300236220472441,110,90,317,318,0.5125748502994012,0.5253937007874017,0.5477669578842013,0.4803283376225799,0.7794117647058824,0.5007874015748032,0.2576112412177986,0.55,0.5326692913385827,0.49,25,175,44,591,0.5278543307086614,0.7377245508982035,0.6861239272090655,0.5147783447298664,0.7715404699738904,0.9307086614173228,0.36231884057971014,0.125,0.5,110,90,317,318,0.5253937007874017,0.5125748502994012,0.5477669578842013,0.4803283376225799,0.7794117647058824,0.5007874015748032,0.2576112412177986,0.55,66
97,103,335,300,0.4754491017964072,0.47872047244094484,0.5131070996223694,0.4424983536986903,0.7444168734491315,0.47244094488188976,0.22453703703703703,0.485,0.4679842519685039,90,110,340,295,0.46107784431137727,0.45728346456692914,0.4998601697703494,0.426510989010989,0.7283950617283951,0.4645669291338583,0.20930232558139536,0.45,0.4580708661417323,0.52,199,1,627,8,0.5037992125984252,0.24790419161676647,0.11180747726877435,0.20637947525819378,0.8888888888888888,0.012598425196850394,0.24092009685230023,0.995,0.49,24,176,66,569,0.5080314960629921,0.7101796407185629,0.6667645219306515,0.4950774612693653,0.763758389261745,0.8960629921259843,0.26666666666666666,0.12,67
93,107,342,293,0.4622754491017964,0.46320866141732286,0.500729637381633,0.4295484803529994,0.7325,0.46141732283464565,0.21379310344827587,0.465,0.4580393700787401,91,109,334,301,0.4694610778443114,0.464507874015748,0.5078426496289717,0.4336382775119617,0.7341463414634146,0.47401574803149604,0.21411764705882352,0.455,0.4564370078740157,0.47000000000000003,1,199,1,634,0.5017125984251968,0.7604790419161677,0.6592430376520005,0.43683060404133056,0.7611044417767107,0.9984251968503937,0.5,0.005,0.47000000000000003,1,199,3,632,0.5001377952755905,0.7580838323353294,0.6580409520418276,0.4360070085332905,0.7605294825511432,0.9952755905511811,0.25,0.005,68
107,93,315,320,0.511377245508982,0.5194685039370079,0.5468222142886854,0.4773692349230505,0.774818401937046,0.5039370078740157,0.25355450236966826,0.535,0.5378267716535433,115,85,312,323,0.5245508982035928,0.5418307086614174,0.5588783348403634,0.49309668313553867,0.7916666666666666,0.5086614173228347,0.2693208430913349,0.575,0.5423267716535434,0.49,28,172,60,575,0.522755905511811,0.7221556886227545,0.6793889307732822,0.5132858980543495,0.7697456492637216,0.905511811023622,0.3181818181818182,0.14,0.5,115,85,312,323,0.5418307086614174,0.5245508982035928,0.5588783348403634,0.49309668313553867,0.7916666666666666,0.5086614173228347,0.2693208430913349,0.575,69
83,117,322,313,0.474251497005988,0.4539566929133858,0.5127243824538097,0.4310867962596515,0.727906976744186,0.49291338582677163,0.20493827160493827,0.415,0.45525196850393695,87,113,317,318,0.48502994011976047,0.46789370078740156,0.5227202739508123,0.4423511797522458,0.7378190255220418,0.5007874015748032,0.21534653465346534,0.435,0.4563740157480315,0.52,198,2,624,11,0.5036614173228346,0.2502994011976048,0.11862724503880548,0.21071307772221012,0.8461538461538461,0.01732283464566929,0.24087591240875914,0.99,0.53,200,0,631,4,0.5031496062992126,0.24431137724550897,0.10244849117718807,0.2002462018582017,1.0,0.006299212598425197,0.24067388688327315,1.0,70
108,92,311,324,0.5173652694610779,0.5251181102362206,0.5524584775503246,0.482752790249766,0.7788461538461539,0.510236220472441,0.2577565632458234,0.54,0.5216771653543306,107,93,305,330,0.5233532934131736,0.5273425196850394,0.558154975123329,0.4867458640671139,0.7801418439716312,0.5196850393700787,0.25970873786407767,0.535,0.5214330708661417,0.5,108,92,311,324,0.5251181102362206,0.5173652694610779,0.5524584775503246,0.482752790249766,0.7788461538461539,0.510236220472441,0.2577565632458234,0.54,0.5,107,93,305,330,0.5273425196850394,0.5233532934131736,0.558154975123329,0.4867458640671139,0.7801418439716312,0.5196850393700787,0.25970873786407767,0.535,71
114,86,305,330,0.5317365269461077,0.5448425196850393,0.5657847759855505,0.4981546922770682,0.7932692307692307,0.5196850393700787,0.2720763723150358,0.57,0.5582992125984252,111,89,310,325,0.5221556886227545,0.5334055118110237,0.5568473723861047,0.4885628364718181,0.785024154589372,0.5118110236220472,0.26365795724465557,0.555,0.5500866141732283,0.5,114,86,305,330,0.5448425196850393,0.5317365269461077,0.5657847759855505,0.4981546922770682,0.7932692307692307,0.5196850393700787,0.2720763723150358,0.57,0.5,111,89,310,325,0.5334055118110237,0.5221556886227545,0.5568473723861047,0.4885628364718181,0.785024154589372,0.5118110236220472,0.26365795724465557,0.555,72
102,98,297,338,0.5269461077844312,0.5211417322834646,0.561576659160927,0.48587671017210443,0.7752293577981652,0.5322834645669291,0.2556390977443609,0.51,0.5213779527559055,102,98,300,335,0.5233532934131736,0.5187795275590551,0.5582461192810914,0.48310562793186257,0.7736720554272517,0.5275590551181102,0.2537313432835821,0.51,0.516716535433071,0.5,102,98,297,338,0.5211417322834646,0.5269461077844312,0.561576659160927,0.48587671017210443,0.7752293577981652,0.5322834645669291,0.2556390977443609,0.51,0.5,102,98,300,335,0.5187795275590551,0.5233532934131736,0.5582461192810914,0.48310562793186257,0.7736720554272517,0.5275590551181102,0.2537313432835821,0.51,73
86,114,306,329,0.49700598802395207,0.47405511811023626,0.5337790547371386,0.4504650754650754,0.7426636568848759,0.5181102362204725,0.2193877551020408,0.43,0.4771338582677166,87,113,303,332,0.5017964071856288,0.4789173228346457,0.5381921655746886,0.4548650345260515,0.7460674157303371,0.5228346456692914,0.2230769230769231,0.435,0.4818307086614173,0.49,22,178,55,580,0.5116929133858268,0.7209580838323353,0.6713242445113066,0.49578993471742416,0.7651715039577837,0.9133858267716536,0.2857142857142857,0.11,0.49,26,174,58,577,0.5193307086614174,0.7221556886227545,0.6770397988243987,0.5078552120805642,0.7683089214380826,0.9086614173228347,0.30952380952380953,0.13,74
99,101,319,316,0.49700598802395207,0.49631889763779524,0.5336054606428179,0.46057440289416374,0.7577937649880095,0.49763779527559054,0.23684210526315788,0.495,0.4976771653543307,101,99,319,316,0.4994011976047904,0.5013188976377952,0.5357734300983287,0.4638556067588326,0.7614457831325301,0.49763779527559054,0.24047619047619048,0.505,0.5033425196850394,0.51,184,16,573,62,0.5088188976377953,0.2946107784431138,0.22436141754925476,0.27922402435146065,0.7948717948717948,0.09763779527559055,0.2430647291941876,0.92,0.51,183,17,556,79,0.5197047244094488,0.3137724550898204,0.25773127372785537,0.30295931434465456,0.8229166666666666,0.12440944881889764,0.2476319350473613,0.915,75
99,101,306,329,0.5125748502994012,0.5065551181102362,0.5482433340744886,0.47255655142979086,0.7651162790697674,0.5181102362204725,0.24444444444444444,0.495,0.5053228346456693,99,101,303,332,0.5161676646706587,0.5089173228346457,0.5515865130390978,0.4753132504634987,0.766743648960739,0.5228346456692914,0.2462686567164179,0.495,0.49742913385826776,0.49,28,172,63,572,0.5203937007874015,0.718562874251497,0.6769766463499516,0.5110132597703899,0.7688172043010753,0.9007874015748032,0.3076923076923077,0.14,0.49,30,170,75,560,0.5159448818897637,0.7065868263473054,0.6711016806236203,0.5086170659941152,0.7671232876712328,0.8818897637795275,0.2857142857142857,0.15,76
92,108,321,314,0.48622754491017967,0.477244094488189,0.5237220765286098,0.4471487373078722,0.7440758293838863,0.494488188976378,0.22276029055690072,0.46,0.4748503937007874,89,111,322,313,0.481437125748503,0.4689566929133858,0.5193157959707315,0.4412246985931514,0.7382075471698113,0.49291338582677163,0.21654501216545013,0.445,0.4786692913385826,0.53,200,0,633,2,0.5015748031496063,0.24191616766467067,0.09752308744091463,0.1967505596325953,1.0,0.0031496062992125984,0.24009603841536614,1.0,0.53,200,0,633,2,0.5015748031496063,0.24191616766467067,0.09752308744091463,0.1967505596325953,1.0,0.0031496062992125984,0.24009603841536614,1.0,77
99,101,293,342,0.5281437125748503,0.5167913385826772,0.562640351348649,0.48448390412676123,0.7720090293453724,0.5385826771653544,0.25255102040816324,0.495,0.5121968503937008,100,100,297,338,0.5245508982035928,0.5161417322834645,0.5593504108129683,0.4825088474369361,0.771689497716895,0.5322834645669291,0.2518891687657431,0.5,0.5109173228346457,0.5,99,101,293,342,0.5167913385826772,0.5281437125748503,0.562640351348649,0.48448390412676123,0.7720090293453724,0.5385826771653544,0.25255102040816324,0.495,0.5,100,100,297,338,0.5161417322834645,0.5245508982035928,0.5593504108129683,0.4825088474369361,0.771689497716895,0.5322834645669291,0.2518891687657431,0.5,78
99,101,331,304,0.48263473053892214,0.4868700787401575,0.5198657629795354,0.44945054945054946,0.7506172839506173,0.47874015748031495,0.2302325581395349,0.495,0.5012755905511811,107,93,332,303,0.49101796407185627,0.5060826771653544,0.5272086574154778,0.4613385670201834,0.7651515151515151,0.47716535433070867,0.2437357630979499,0.535,0.5024881889763779,0.51,184,16,581,54,0.5025196850393701,0.28502994011976046,0.207839551852089,0.2672693198103847,0.7714285714285715,0.08503937007874016,0.24052287581699347,0.92,0.49,22,178,56,579,0.5109055118110236,0.7197604790419162,0.6705496845554735,0.49508496650955097,0.7648612945838837,0.9118110236220472,0.28205128205128205,0.11,79
103,97,317,318,0.5041916167664671,0.5078937007874016,0.5402157896189188,0.4689861751152074,0.7662650602409639,0.5007874015748032,0.24523809523809523,0.515,0.5130866141732283,102,98,309,326,0.5125748502994012,0.5116929133858268,0.5481790507161379,0.47477702616030626,0.7688679245283019,0.5133858267716536,0.24817518248175183,0.51,0.5201771653543307,0.49,22,178,54,581,0.51248031496063,0.7221556886227545,0.6720988812718274,0.4964963716133325,0.7654808959156785,0.9149606299212598,0.2894736842105263,0.11,0.5,102,98,309,326,0.5116929133858268,0.5125748502994012,0.5481790507161379,0.47477702616030626,0.7688679245283019,0.5133858267716536,0.24817518248175183,0.51,80
103,97,313,322,0.5089820359281437,0.5110433070866142,0.5447565648908693,0.4727106385076024,0.7684964200477327,0.5070866141732283,0.24759615384615385,0.515,0.5138897637795276,96,104,316,319,0.49700598802395207,0.4911811023622047,0.5337313807834126,0.4583750324326328,0.7541371158392435,0.5023622047244094,0.23300970873786409,0.48,0.5143503937007874,0.5,103,97,313,322,0.5110433070866142,0.5089820359281437,0.5447565648908693,0.4727106385076024,0.7684964200477327,0.5070866141732283,0.24759615384615385,0.515,0.49,23,177,60,575,0.510255905511811,0.7161676646706587,0.6694669084183558,0.49583589158287067,0.7646276595744681,0.905511811023622,0.27710843373493976,0.115,81
106,94,321,314,0.5029940119760479,0.512244094488189,0.5388778563192717,0.470113661212213,0.7696078431372549,0.494488188976378,0.24824355971896955,0.53,0.5122755905511811,103,97,310,325,0.5125748502994012,0.5134055118110237,0.5481465854245785,0.47550008411259664,0.7701421800947867,0.5118110236220472,0.24939467312348668,0.515,0.507,0.5,106,94,321,314,0.512244094488189,0.5029940119760479,0.5388778563192717,0.470113661212213,0.7696078431372549,0.494488188976378,0.24824355971896955,0.53,0.5,103,97,310,325,0.5134055118110237,0.5125748502994012,0.5481465854245785,0.47550008411259664,0.7701421800947867,0.5118110236220472,0.24939467312348668,0.515,82
110,90,308,327,0.5233532934131736,0.5324803149606299,0.5580356507996227,0.4888300294092313,0.7841726618705036,0.5149606299212598,0.2631578947368421,0.55,0.5187795275590551,108,92,308,327,0.5209580838323353,0.52748031496063,0.5558600633081652,0.48557135464156337,0.7804295942720764,0.5149606299212598,0.25961538461538464,0.54,0.5135000000000001,0.5,110,90,308,327,0.5324803149606299,0.5233532934131736,0.5580356507996227,0.4888300294092313,0.7841726618705036,0.5149606299212598,0.2631578947368421,0.55,0.5,108,92,308,327,0.52748031496063,0.5209580838323353,0.5558600633081652,0.48557135464156337,0.7804295942720764,0.5149606299212598,0.25961538461538464,0.54,83
102,98,336,299,0.4802395209580838,0.49043307086614174,0.517251819900332,0.44960329032101287,0.7531486146095718,0.47086614173228347,0.2328767123287671,0.51,0.522755905511811,98,102,332,303,0.4802395209580838,0.4835826771653543,0.5176429192896259,0.4469017094017094,0.7481481481481481,0.47716535433070867,0.22790697674418606,0.49,0.5169645669291338,0.49,25,175,51,584,0.5223425196850393,0.7293413173652694,0.6805790826182454,0.5095180171750566,0.769433465085639,0.9196850393700787,0.32894736842105265,0.125,0.49,24,176,54,581,0.51748031496063,0.7245508982035929,0.6761813138793115,0.5037159927230629,0.7675033025099075,0.9149606299212598,0.3076923076923077,0.12,84
104,96,294,341,0.5329341317365269,0.528503937007874,0.5671238638880578,0.492010058403634,0.7803203661327232,0.537007874015748,0.2613065326633166,0.52,0.5217559055118111,102,98,284,351,0.5425149700598803,0.5313779527559055,0.5758700726325896,0.4978621714544791,0.7817371937639198,0.552755905511811,0.26424870466321243,0.51,0.5274488188976378,0.5,104,96,294,341,0.528503937007874,0.5329341317365269,0.5671238638880578,0.492010058403634,0.7803203661327232,0.537007874015748,0.2613065326633166,0.52,0.5,102,98,284,351,0.5313779527559055,0.5425149700598803,0.5758700726325896,0.4978621714544791,0.7817371937639198,0.552755905511811,0.26424870466321243,0.51,85
108,92,293,342,0.5389221556886228,0.5392913385826772,0.5726768354153353,0.49962566287244986,0.7880184331797235,0.5385826771653544,0.26932668329177056,0.54,0.5387795275590551,103,97,304,331,0.5197604790419161,0.5181299212598425,0.5548874849685974,0.4810698638183253,0.7733644859813084,0.521259842519685,0.25307125307125306,0.515,0.5315708661417323,0.5,108,92,293,342,0.5392913385826772,0.5389221556886228,0.5726768354153353,0.49962566287244986,0.7880184331797235,0.5385826771653544,0.26932668329177056,0.54,0.5,103,97,304,331,0.5181299212598425,0.5197604790419161,0.5548874849685974,0.4810698638183253,0.7733644859813084,0.521259842519685,0.25307125307125306,0.515,86
108,92,316,319,0.511377245508982,0.5211811023622047,0.5467596943192596,0.47804824238858656,0.7761557177615572,0.5023622047244094,0.25471698113207547,0.54,0.5269291338582677,97,103,309,326,0.5065868263473053,0.4991929133858268,0.5426861604714341,0.4664569840442691,0.7599067599067599,0.5133858267716536,0.23891625615763548,0.485,0.5262244094488189,0.5,108,92,316,319,0.5211811023622047,0.511377245508982,0.5467596943192596,0.47804824238858656,0.7761557177615572,0.5023622047244094,0.25471698113207547,0.54,0.51,186,14,571,64,0.5153937007874017,0.2994011976047904,0.22962891216691686,0.28411893759864937,0.8205128205128205,0.10078740157480315,0.24570673712021135,0.93,87
109,91,346,289,0.47664670658682634,0.5000590551181102,0.5127793973966855,0.45114127777986684,0.7605263157894737,0.45511811023622045,0.23956043956043957,0.545,0.5059055118110236,108,92,344,291,0.47784431137724553,0.49913385826771656,0.5141233918196607,0.45149878867501536,0.7597911227154047,0.4582677165354331,0.23893805309734514,0.54,0.49541338582677164,0.51,192,8,586,49,0.5185826771653543,0.288622754491018,0.20174293775653063,0.2671282669598213,0.8596491228070176,0.07716535433070866,0.2467866323907455,0.96,0.51,189,11,583,52,0.5134448818897638,0.288622754491018,0.20645623747728994,0.268943011779688,0.8253968253968254,0.08188976377952756,0.24481865284974094,0.945,88
102,98,322,313,0.49700598802395207,0.5014566929133858,0.5334290970933555,0.4626967201058979,0.7615571776155717,0.49291338582677163,0.24056603773584906,0.51,0.5065511811023622,107,93,316,319,0.5101796407185629,0.5186811023622047,0.5456808239592048,0.47642963692028434,0.7742718446601942,0.5023622047244094,0.25295508274231676,0.535,0.5164291338582676,0.51,188,12,578,57,0.5148818897637795,0.2934131736526946,0.21637544363559721,0.27558288631658195,0.8260869565217391,0.08976377952755905,0.2454308093994778,0.94,0.5,107,93,316,319,0.5186811023622047,0.5101796407185629,0.5456808239592048,0.47642963692028434,0.7742718446601942,0.5023622047244094,0.25295508274231676,0.535,89
101,99,287,348,0.5377245508982036,0.5265157480314961,0.5714650144428033,0.49339532485822424,0.7785234899328859,0.5480314960629922,0.2603092783505155,0.505,0.5162125984251968,97,103,296,339,0.5221556886227545,0.5094291338582677,0.5571009826162591,0.47833827335628765,0.7669683257918553,0.5338582677165354,0.24681933842239187,0.485,0.5087165354330708,0.5,101,99,287,348,0.5265157480314961,0.5377245508982036,0.5714650144428033,0.49339532485822424,0.7785234899328859,0.5480314960629922,0.2603092783505155,0.505,0.5,97,103,296,339,0.5094291338582677,0.5221556886227545,0.5571009826162591,0.47833827335628765,0.7669683257918553,0.5338582677165354,0.24681933842239187,0.485,90
92,108,314,321,0.4946107784431138,0.482755905511811,0.5315863099974398,0.4535069108414601,0.7482517482517482,0.5055118110236221,0.22660098522167488,0.46,0.4852362204724409,88,112,308,327,0.49700598802395207,0.4774803149606299,0.5338160243571198,0.45212028045442615,0.744874715261959,0.5149606299212598,0.2222222222222222,0.44,0.48310236220472436,0.47000000000000003,1,199,1,634,0.5017125984251968,0.7604790419161677,0.6592430376520005,0.43683060404133056,0.7611044417767107,0.9984251968503937,0.5,0.005,0.52,196,4,619,16,0.5025984251968504,0.25389221556886227,0.12965782044754923,0.2175309291918926,0.8,0.025196850393700787,0.24049079754601227,0.98,91
106,94,288,347,0.5425149700598803,0.5382283464566929,0.5759804412053816,0.5009418847708811,0.7868480725623582,0.5464566929133858,0.26903553299492383,0.53,0.5474015748031495,104,96,285,350,0.5437125748502994,0.5355905511811023,0.5770317639066975,0.500344741475305,0.7847533632286996,0.5511811023622047,0.26735218508997427,0.52,0.5392086614173228,0.5,106,94,288,347,0.5382283464566929,0.5425149700598803,0.5759804412053816,0.5009418847708811,0.7868480725623582,0.5464566929133858,0.26903553299492383,0.53,0.5,104,96,285,350,0.5355905511811023,0.5437125748502994,0.5770317639066975,0.500344741475305,0.7847533632286996,0.5511811023622047,0.26735218508997427,0.52,92
93,107,319,316,0.48982035928143713,0.4813188976377953,0.52707040050889,0.4506375328959561,0.7470449172576832,0.49763779527559054,0.22572815533980584,0.465,0.46903937007874014,89,111,315,320,0.48982035928143713,0.4744685039370079,0.5271600853559212,0.4475386106382715,0.7424593967517401,0.5039370078740157,0.2202970297029703,0.445,0.4690708661417323,0.52,198,2,626,9,0.5020866141732283,0.24790419161676647,0.1138170640143861,0.20729126354489164,0.8181818181818182,0.014173228346456693,0.24029126213592233,0.99,0.48,5,195,12,623,0.5030511811023621,0.7520958083832335,0.6631760883483886,0.45180954072457746,0.7616136919315404,0.9811023622047244,0.29411764705882354,0.025,93
99,101,320,315,0.49580838323353293,0.4955314960629921,0.5324690298974856,0.4596499372088126,0.7572115384615384,0.49606299212598426,0.23627684964200477,0.495,0.48844094488188977,97,103,318,317,0.49580838323353293,0.4921062992125984,0.53256446302863,0.45819751088506144,0.7547619047619047,0.49921259842519683,0.23373493975903614,0.485,0.4860590551181102,0.49,19,181,50,585,0.5081299212598426,0.7233532934131737,0.6689252382890142,0.488190856769859,0.7637075718015666,0.9212598425196851,0.2753623188405797,0.095,0.49,21,179,56,579,0.5084055118110237,0.718562874251497,0.668502993391232,0.4914619513244407,0.7638522427440633,0.9118110236220472,0.2727272727272727,0.105,94
108,92,308,327,0.5209580838323353,0.52748031496063,0.5558600633081652,0.48557135464156337,0.7804295942720764,0.5149606299212598,0.25961538461538464,0.54,0.5120236220472442,115,85,314,321,0.5221556886227545,0.540255905511811,0.5565817824406258,0.4911872374154117,0.7906403940886699,0.5055118110236221,0.2680652680652681,0.575,0.5288503937007875,0.5,108,92,308,327,0.52748031496063,0.5209580838323353,0.5558600633081652,0.48557135464156337,0.7804295942720764,0.5149606299212598,0.25961538461538464,0.54,0.5,115,85,314,321,0.540255905511811,0.5221556886227545,0.5565817824406258,0.4911872374154117,0.7906403940886699,0.5055118110236221,0.2680652680652681,0.575,95
96,104,330,305,0.4802395209580838,0.48015748031496064,0.5178044997002433,0.44550022645759124,0.7457212713936431,0.48031496062992124,0.22535211267605634,0.48,0.4662204724409449,99,101,328,307,0.48622754491017967,0.48923228346456693,0.5233219285806446,0.45223797749407074,0.7524509803921569,0.48346456692913387,0.23185011709601874,0.495,0.4756614173228346,0.0,0,200,0,635,0.5,0.7604790419161677,0.6570125056010427,0.43197278911564624,0.7604790419161677,1.0,0.0,0.0,0.52,197,3,625,10,0.5003740157480315,0.24790419161676647,0.11581135764276332,0.2081913942644536,0.7692307692307693,0.015748031496062992,0.2396593673965937,0.985,96
110,90,345,290,0.47904191616766467,0.5033464566929134,0.5150092399715291,0.4536532170119956,0.7631578947368421,0.4566929133858268,0.24175824175824176,0.55,0.49671653543307087,112,88,333,302,0.49580838323353293,0.5177952755905513,0.5313086589158609,0.4682775571941766,0.7743589743589744,0.4755905511811024,0.251685393258427,0.56,0.4996141732283464,0.5,110,90,345,290,0.5033464566929134,0.47904191616766467,0.5150092399715291,0.4536532170119956,0.7631578947368421,0.4566929133858268,0.24175824175824176,0.55,0.5,112,88,333,302,0.5177952755905513,0.49580838323353293,0.5313086589158609,0.4682775571941766,0.7743589743589744,0.4755905511811024,0.251685393258427,0.56,97
102,98,309,326,0.5125748502994012,0.5116929133858268,0.5481790507161379,0.47477702616030626,0.7688679245283019,0.5133858267716536,0.24817518248175183,0.51,0.5178031496062993,99,101,304,331,0.5149700598802395,0.5081299212598425,0.5504735329240803,0.47439466211585,0.7662037037037037,0.521259842519685,0.2456575682382134,0.495,0.5239409448818898,0.51,185,15,567,68,0.5160433070866142,0.3029940119760479,0.23713729816647688,0.28903525198380187,0.8192771084337349,0.10708661417322834,0.24601063829787234,0.925,0.51,183,17,567,68,0.5110433070866142,0.3005988023952096,0.2359246419441818,0.2870760233918129,0.8,0.10708661417322834,0.244,0.915,98
96,104,306,329,0.5089820359281437,0.49905511811023623,0.5449269067971042,0.4675208729951348,0.7598152424942263,0.5181102362204725,0.23880597014925373,0.48,0.5149606299212599,97,103,311,324,0.5041916167664671,0.4976181102362205,0.5404472054997944,0.46462421944692245,0.7587822014051522,0.510236220472441,0.23774509803921567,0.485,0.5087322834645669,0.51,186,14,576,59,0.5114566929133858,0.2934131736526946,0.21936791697270738,0.2766805266805267,0.8082191780821918,0.09291338582677165,0.2440944881889764,0.93,0.49,25,175,62,573,0.5136811023622048,0.7161676646706587,0.6718867283308477,0.5014247167572389,0.766042780748663,0.9023622047244094,0.28735632183908044,0.125,99
100,100,306,329,0.5137724550898204,0.5090551181102363,0.5493460707558308,0.4742270279659545,0.7668997668997669,0.5181102362204725,0.24630541871921183,0.5,0.5276062992125984,106,94,302,333,0.525748502994012,0.5272047244094489,0.5604277617824119,0.4879014272970562,0.7798594847775175,0.5244094488188976,0.25980392156862747,0.53,0.5314094488188976,0.49,25,175,50,585,0.5231299212598426,0.7305389221556886,0.6813703970358405,0.5102639296187683,0.7697368421052632,0.9212598425196851,0.3333333333333333,0.125,0.5,106,94,302,333,0.5272047244094489,0.525748502994012,0.5604277617824119,0.4879014272970562,0.7798594847775175,0.5244094488188976,0.25980392156862747,0.53,100
104,96,336,299,0.48263473053892214,0.49543307086614174,0.5193651531887681,0.45279126213592236,0.7569620253164557,0.47086614173228347,0.23636363636363636,0.52,0.5109527559055118,107,93,325,310,0.4994011976047904,0.5115944881889765,0.5353396521510283,0.46795504987683223,0.7692307692307693,0.4881889763779528,0.24768518518518517,0.535,0.5186889763779527,0.49,27,173,64,571,0.5171062992125984,0.7161676646706587,0.6742275114252705,0.50685167049184,0.7674731182795699,0.8992125984251969,0.2967032967032967,0.135,0.49,30,170,71,564,0.5190944881889764,0.7113772455089821,0.6743486640361652,0.511647321201061,0.7683923705722071,0.8881889763779528,0.297029702970297,0.15,101
98,102,306,329,0.511377245508982,0.5040551181102362,0.5471392366789104,0.4708820496253867,0.7633410672853829,0.5181102362204725,0.24257425742574257,0.49,0.4908582677165354,102,98,312,323,0.5089820359281437,0.5093307086614174,0.5447975458617854,0.4719949906228408,0.7672209026128266,0.5086614173228347,0.2463768115942029,0.51,0.4904015748031496,0.48,6,194,13,622,0.504763779527559,0.7520958083832335,0.6651133596594657,0.4560671431133937,0.7622549019607843,0.9795275590551181,0.3157894736842105,0.03,0.5,102,98,312,323,0.5093307086614174,0.5089820359281437,0.5447975458617854,0.4719949906228408,0.7672209026128266,0.5086614173228347,0.2463768115942029,0.51,102
109,91,319,316,0.5089820359281437,0.5213188976377953,0.5443960545234701,0.4768298348350184,0.7764127764127764,0.49763779527559054,0.2546728971962617,0.545,0.5323307086614174,111,89,314,321,0.5173652694610779,0.530255905511811,0.5522812365699225,0.484777033492823,0.7829268292682927,0.5055118110236221,0.2611764705882353,0.555,0.5364527559055118,0.5,109,91,319,316,0.5213188976377953,0.5089820359281437,0.5443960545234701,0.4768298348350184,0.7764127764127764,0.49763779527559054,0.2546728971962617,0.545,0.5,111,89,314,321,0.530255905511811,0.5173652694610779,0.5522812365699225,0.484777033492823,0.7829268292682927,0.5055118110236221,0.2611764705882353,0.555,103
88,112,315,320,0.48862275449101794,0.47196850393700784,0.5260548112557587,0.44584326104559985,0.7407407407407407,0.5039370078740157,0.21836228287841192,0.44,0.46359842519685046,90,110,317,318,0.48862275449101794,0.4753937007874016,0.5260273218992296,0.44742352082400216,0.7429906542056075,0.5007874015748032,0.22113022113022113,0.45,0.46308661417322833,0.45,1,199,0,635,0.5025,0.7616766467065869,0.6598430502517718,0.43724197257416114,0.7613908872901679,1.0,1.0,0.005,0.46,1,199,0,635,0.5025,0.7616766467065869,0.6598430502517718,0.43724197257416114,0.7613908872901679,1.0,1.0,0.005,104
101,99,331,304,0.48502994011976047,0.4918700787401575,0.5220001206338328,0.45268103216994704,0.7543424317617866,0.47874015748031495,0.2337962962962963,0.505,0.4816771653543307,99,101,327,308,0.4874251497005988,0.4900196850393701,0.5244707969394105,0.45316612194435263,0.7530562347188264,0.48503937007874015,0.2323943661971831,0.495,0.4837086614173229,0.54,200,0,634,1,0.5007874015748032,0.2407185628742515,0.09504945439219004,0.19499592472294197,1.0,0.0015748031496062992,0.23980815347721823,1.0,0.52,197,3,625,10,0.5003740157480315,0.24790419161676647,0.11581135764276332,0.2081913942644536,0.7692307692307693,0.015748031496062992,0.2396593673965937,0.985,105
94,106,317,318,0.4934131736526946,0.48539370078740157,0.5304170477958878,0.45412943996513405,0.75,0.5007874015748032,0.22871046228710462,0.47,0.5092755905511811,98,102,312,323,0.5041916167664671,0.4993307086614173,0.540422588167309,0.4653727188369935,0.76,0.5086614173228347,0.23902439024390243,0.49,0.5077913385826771,0.51,185,15,573,62,0.5113188976377953,0.2958083832335329,0.22495107366838418,0.28018929886702165,0.8051948051948052,0.09763779527559055,0.24406332453825857,0.925,0.51,183,17,564,71,0.5134055118110237,0.30419161676646705,0.24193195892519626,0.29144375263808986,0.8068181818181818,0.11181102362204724,0.24497991967871485,0.915,106
95,105,325,310,0.48502994011976047,0.4815944881889764,0.5224463515365583,0.4484639016897082,0.7469879518072289,0.4881889763779528,0.2261904761904762,0.475,0.4860708661417323,97,103,329,306,0.48263473053892214,0.48344488188976376,0.5200265987799656,0.44805552495317835,0.7481662591687042,0.4818897637795276,0.22769953051643194,0.485,0.4809803149606299,0.51,185,15,568,67,0.515255905511811,0.3017964071856287,0.2351192367358431,0.2875687288618047,0.8170731707317073,0.10551181102362205,0.2456839309428951,0.925,0.51,182,18,571,64,0.5053937007874016,0.2946107784431138,0.2272473935461605,0.28023667461338414,0.7804878048780488,0.10078740157480315,0.24169986719787517,0.91,107
102,98,315,320,0.5053892215568863,0.5069685039370079,0.541402799318087,0.4692096826078458,0.7655502392344498,0.5039370078740157,0.2446043165467626,0.51,0.48977165354330704,98,102,316,319,0.4994011976047904,0.4961811023622047,0.5359155467566495,0.46169245385450597,0.7577197149643705,0.5023622047244094,0.23671497584541062,0.49,0.48188582677165354,0.5,102,98,315,320,0.5069685039370079,0.5053892215568863,0.541402799318087,0.4692096826078458,0.7655502392344498,0.5039370078740157,0.2446043165467626,0.51,0.48,4,196,9,626,0.5029133858267716,0.7544910179640718,0.6624756808461051,0.4484293084059148,0.7615571776155717,0.9858267716535433,0.3076923076923077,0.02,108
93,107,314,321,0.49580838323353293,0.4852559055118111,0.5326873595306222,0.4551880615149998,0.75,0.5055118110236221,0.2285012285012285,0.465,0.4722204724409449,95,105,328,307,0.481437125748503,0.4792322834645669,0.5190215080057108,0.4457066816295431,0.7451456310679612,0.48346456692913387,0.22458628841607564,0.475,0.46209448818897636,0.49,22,178,60,575,0.507755905511811,0.7149700598802395,0.6674519622230798,0.49227931408016024,0.7636122177954847,0.905511811023622,0.2682926829268293,0.11,0.49,26,174,68,567,0.5114566929133858,0.7101796407185629,0.6690962522037085,0.500499327638032,0.7651821862348178,0.8929133858267716,0.2765957446808511,0.13,109
91,109,328,307,0.47664670658682634,0.4692322834645669,0.5147006319838507,0.43911406783907625,0.7379807692307693,0.48346456692913387,0.2171837708830549,0.455,0.45537795275590554,91,109,323,312,0.48263473053892214,0.47316929133858265,0.5203720483226618,0.4436630145099201,0.7410926365795725,0.49133858267716535,0.21980676328502416,0.455,0.44793307086614176,0.47000000000000003,1,199,0,635,0.5025,0.7616766467065869,0.6598430502517718,0.43724197257416114,0.7613908872901679,1.0,1.0,0.005,0.47000000000000003,1,199,2,633,0.5009251968503937,0.7592814371257485,0.6586423393655134,0.4364189509101716,0.7608173076923077,0.9968503937007874,0.3333333333333333,0.005,110
94,106,301,334,0.5125748502994012,0.49799212598425197,0.5482387111647332,0.46868086769591555,0.759090909090909,0.525984251968504,0.2379746835443038,0.47,0.4860472440944882,92,108,311,324,0.49820359281437127,0.48511811023622053,0.5349343464078757,0.45622558870750896,0.75,0.510236220472441,0.228287841191067,0.46,0.4835275590551181,0.48,5,195,11,624,0.5038385826771653,0.7532934131736527,0.6638247271314012,0.4523090834989047,0.7619047619047619,0.9826771653543307,0.3125,0.025,0.49,22,178,60,575,0.507755905511811,0.7149700598802395,0.6674519622230798,0.49227931408016024,0.7636122177954847,0.905511811023622,0.2682926829268293,0.11,111
96,104,315,320,0.49820359281437127,0.49196850393700786,0.5348575485259505,0.45929133651392706,0.7547169811320755,0.5039370078740157,0.23357664233576642,0.48,0.4940157480314961,97,103,311,324,0.5041916167664671,0.4976181102362205,0.5404472054997944,0.46462421944692245,0.7587822014051522,0.510236220472441,0.23774509803921567,0.485,0.4933818897637795,0.47000000000000003,1,199,0,635,0.5025,0.7616766467065869,0.6598430502517718,0.43724197257416114,0.7613908872901679,1.0,1.0,0.005,0.52,196,4,619,16,0.5025984251968504,0.25389221556886227,0.12965782044754923,0.2175309291918926,0.8,0.025196850393700787,0.24049079754601227,0.98,112
83,117,327,308,0.4682634730538922,0.45001968503937007,0.5071198771649402,0.4266316115063409,0.7247058823529412,0.48503937007874015,0.20243902439024392,0.415,0.44411811023622044,81,119,323,312,0.47065868263473054,0.4481692913385827,0.5094008397354862,0.42678888709416896,0.7238979118329466,0.49133858267716535,0.2004950495049505,0.405,0.4366771653543307,0.46,1,199,1,634,0.5017125984251968,0.7604790419161677,0.6592430376520005,0.43683060404133056,0.7611044417767107,0.9984251968503937,0.5,0.005,0.47000000000000003,1,199,2,633,0.5009251968503937,0.7592814371257485,0.6586423393655134,0.4364189509101716,0.7608173076923077,0.9968503937007874,0.3333333333333333,0.005,113
106,94,325,310,0.49820359281437127,0.5090944881889764,0.5342718192911518,0.46635113306864306,0.7673267326732673,0.4881889763779528,0.2459396751740139,0.53,0.5285275590551182,109,91,308,327,0.5221556886227545,0.5299803149606299,0.556948467137813,0.48720257472283407,0.7822966507177034,0.5149606299212598,0.26139088729016785,0.545,0.5297204724409448,0.51,184,16,554,81,0.5237795275590551,0.31736526946107785,0.26227258161505645,0.3068177846132336,0.8350515463917526,0.12755905511811025,0.24932249322493225,0.92,0.5,109,91,308,327,0.5299803149606299,0.5221556886227545,0.556948467137813,0.48720257472283407,0.7822966507177034,0.5149606299212598,0.26139088729016785,0.545,114
100,100,314,321,0.5041916167664671,0.502755905511811,0.5403565463092175,0.4668437222386733,0.7624703087885986,0.5055118110236221,0.24154589371980675,0.5,0.5178346456692913,106,94,297,338,0.5317365269461077,0.5311417322834646,0.5660127194402851,0.49256373552419097,0.7824074074074074,0.5322834645669291,0.2630272952853598,0.53,0.530535433070866,0.48,4,196,4,631,0.5068503937007873,0.7604790419161677,0.6656586857853272,0.4508313164263916,0.7629987908101572,0.9937007874015747,0.5,0.02,0.5,106,94,297,338,0.5311417322834646,0.5317365269461077,0.5660127194402851,0.49256373552419097,0.7824074074074074,0.5322834645669291,0.2630272952853598,0.53,115
95,105,324,311,0.48622754491017967,0.4823818897637795,0.5235848309406681,0.44938200252394445,0.7475961538461539,0.48976377952755906,0.22673031026252982,0.475,0.45734645669291335,95,105,322,313,0.48862275449101794,0.48395669291338583,0.5258571314983611,0.45121679049285746,0.7488038277511961,0.49291338582677163,0.2278177458033573,0.475,0.44965748031496067,0.48,6,194,8,627,0.5087007874015748,0.7580838323353294,0.6684041027526952,0.45866925130943825,0.7637028014616322,0.9874015748031496,0.42857142857142855,0.03,0.48,6,194,10,625,0.5071259842519685,0.755688622754491,0.6670885647320672,0.4576264710377503,0.7631257631257631,0.984251968503937,0.375,0.03,116
98,102,319,316,0.49580838323353293,0.4938188976377953,0.532519560563958,0.4589280299707096,0.7559808612440191,0.49763779527559054,0.23501199040767387,0.49,0.4902834645669292,91,109,323,312,0.48263473053892214,0.47316929133858265,0.5203720483226618,0.4436630145099201,0.7410926365795725,0.49133858267716535,0.21980676328502416,0.455,0.48943307086614174,0.49,20,180,52,583,0.5090551181102362,0.7221556886227545,0.6695001816614183,0.49055373222250276,0.7640891218872871,0.9181102362204724,0.2777777777777778,0.1,0.49,22,178,64,571,0.5046062992125985,0.7101796407185629,0.6643544835628875,0.48949533125833705,0.7623497997329773,0.8992125984251969,0.2558139534883721,0.11,117
107,93,304,331,0.5245508982035928,0.5281299212598425,0.5592803025412942,0.48768176753228887,0.7806603773584906,0.521259842519685,0.26034063260340634,0.535,0.5289606299212599,104,96,294,341,0.5329341317365269,0.528503937007874,0.5671238638880578,0.492010058403634,0.7803203661327232,0.537007874015748,0.2613065326633166,0.52,0.5383897637795276,0.5,107,93,304,331,0.5281299212598425,0.5245508982035928,0.5592803025412942,0.48768176753228887,0.7806603773584906,0.521259842519685,0.26034063260340634,0.535,0.5,104,96,294,341,0.528503937007874,0.5329341317365269,0.5671238638880578,0.492010058403634,0.7803203661327232,0.537007874015748,0.2613065326633166,0.52,118
93,107,328,307,0.47904191616766467,0.4742322834645669,0.5168636766615426,0.4424181299880724,0.7415458937198067,0.48346456692913387,0.2209026128266033,0.465,0.4724488188976378,97,103,324,311,0.48862275449101794,0.4873818897637795,0.525748942378112,0.45267250920668256,0.751207729468599,0.48976377952755906,0.23040380047505937,0.485,0.476248031496063,0.48,5,195,9,626,0.5054133858267716,0.755688622754491,0.6651209750571774,0.4533095409263634,0.7624847746650426,0.9858267716535433,0.35714285714285715,0.025,0.48,6,194,13,622,0.504763779527559,0.7520958083832335,0.6651133596594657,0.4560671431133937,0.7622549019607843,0.9795275590551181,0.3157894736842105,0.03,119
112,88,315,320,0.5173652694610779,0.5319685039370079,0.5522115086666662,0.4854356758277635,0.7843137254901961,0.5039370078740157,0.26229508196721313,0.56,0.530236220472441,106,94,312,323,0.5137724550898204,0.5193307086614174,0.5491519452880572,0.4785552561310249,0.7745803357314148,0.5086614173228347,0.2535885167464115,0.53,0.5256062992125984,0.5,112,88,315,320,0.5319685039370079,0.5173652694610779,0.5522115086666662,0.4854356758277635,0.7843137254901961,0.5039370078740157,0.26229508196721313,0.56,0.5,106,94,312,323,0.5193307086614174,0.5137724550898204,0.5491519452880572,0.4785552561310249,0.7745803357314148,0.5086614173228347,0.2535885167464115,0.53,120
92,108,320,315,0.4874251497005988,0.4780314960629921,0.5248500737507158,0.44805836638373053,0.7446808510638298,0.49606299212598426,0.22330097087378642,0.46,0.48436220472440944,92,108,302,333,0.5089820359281437,0.49220472440944885,0.5449004735450432,0.46436170878550065,0.7551020408163265,0.5244094488188976,0.233502538071066,0.46,0.4824212598425197,0.48,5,195,3,632,0.5101377952755906,0.7628742514970059,0.669002098927474,0.45632300326212777,0.7642079806529625,0.9952755905511811,0.625,0.025,0.51,182,18,562,73,0.51248031496063,0.30538922155688625,0.2452914593840754,0.29334757435681935,0.8021978021978022,0.11496062992125984,0.2446236559139785,0.91,121
105,95,329,306,0.49221556886227547,0.5034448818897638,0.528577110057682,0.4609819373226314,0.7630922693266833,0.4818897637795276,0.24193548387096775,0.525,0.5196377952755906,102,98,323,312,0.49580838323353293,0.5006692913385826,0.5322838724464947,0.46176459330143543,0.7609756097560976,0.49133858267716535,0.24,0.51,0.5130748031496063,0.49,27,173,66,569,0.5155314960629922,0.7137724550898203,0.6726297418176058,0.505367309355799,0.7668463611859838,0.8960629921259843,0.2903225806451613,0.135,0.49,29,171,73,562,0.51501968503937,0.7077844311377246,0.6708387570160018,0.5068452035165176,0.7667121418826739,0.8850393700787401,0.28431372549019607,0.145,122
107,93,323,312,0.5017964071856288,0.5131692913385827,0.537648512498812,0.46984126984126984,0.7703703703703704,0.49133858267716535,0.24883720930232558,0.535,0.5153464566929133,104,96,315,320,0.5077844311377245,0.5119685039370079,0.5435742785935072,0.47248485556489783,0.7692307692307693,0.5039370078740157,0.24821002386634844,0.52,0.5171771653543307,0.5,107,93,323,312,0.5131692913385827,0.5017964071856288,0.537648512498812,0.46984126984126984,0.7703703703703704,0.49133858267716535,0.24883720930232558,0.535,0.5,104,96,315,320,0.5119685039370079,0.5077844311377245,0.5435742785935072,0.47248485556489783,0.7692307692307693,0.5039370078740157,0.24821002386634844,0.52,123
101,99,333,302,0.48263473053892214,0.4902952755905512,0.5196823385493364,0.4508117851966432,0.7531172069825436,0.4755905511811024,0.23271889400921658,0.505,0.5122755905511811,99,101,326,309,0.48862275449101794,0.4908070866141732,0.525618084405352,0.4540937799043062,0.7536585365853659,0.48661417322834644,0.23294117647058823,0.495,0.5112716535433071,0.51,188,12,565,70,0.5251181102362205,0.3089820359281437,0.24299107992552568,0.2949007831102252,0.8536585365853658,0.11023622047244094,0.249667994687915,0.94,0.51,185,15,563,72,0.5191929133858268,0.3077844311377245,0.24515840859394153,0.2948706710146452,0.8275862068965517,0.11338582677165354,0.24732620320855614,0.925,124
114,86,339,296,0.49101796407185627,0.5180708661417323,0.5263086605567995,0.4656309808297232,0.774869109947644,0.46614173228346456,0.25165562913907286,0.57,0.5254015748031496,109,91,336,299,0.48862275449101794,0.5079330708661418,0.5246289723445905,0.46069956513518623,0.7666666666666667,0.47086614173228347,0.2449438202247191,0.545,0.5215826771653544,0.5,114,86,339,296,0.5180708661417323,0.49101796407185627,0.5263086605567995,0.4656309808297232,0.774869109947644,0.46614173228346456,0.25165562913907286,0.57,0.49,36,164,82,553,0.5254330708661418,0.7053892215568862,0.6763390156161943,0.5222312158088646,0.7712691771269177,0.8708661417322835,0.3050847457627119,0.18,125
99,101,330,305,0.48383233532934133,0.4876574803149606,0.5210194191275933,0.4503801988121364,0.7512315270935961,0.48031496062992124,0.23076923076923078,0.495,0.464496062992126,91,109,331,304,0.47305389221556887,0.4668700787401575,0.5112788585466215,0.43637858668172114,0.7360774818401937,0.47874015748031495,0.2156398104265403,0.455,0.46068503937007876,0.54,200,0,634,1,0.5007874015748032,0.2407185628742515,0.09504945439219004,0.19499592472294197,1.0,0.0015748031496062992,0.23980815347721823,1.0,0.53,200,0,632,3,0.5023622047244094,0.24311377245508983,0.09998942117223598,0.19850064396976988,1.0,0.004724409448818898,0.2403846153846154,1.0,126
101,99,330,305,0.48622754491017967,0.4926574803149606,0.5231565882479811,0.4536148832612121,0.754950495049505,0.48031496062992124,0.23433874709976799,0.505,0.511236220472441,102,98,318,317,0.5017964071856288,0.5046062992125984,0.5379946098586238,0.46642089093702,0.763855421686747,0.49921259842519683,0.24285714285714285,0.51,0.50748031496063,0.49,21,179,54,581,0.5099803149606299,0.7209580838323353,0.6700413444860035,0.49285109156076895,0.7644736842105263,0.9149606299212598,0.28,0.105,0.49,22,178,57,578,0.5101181102362204,0.718562874251497,0.6697751887673521,0.49438144343179014,0.7645502645502645,0.9102362204724409,0.27848101265822783,0.11,127
115,85,334,301,0.49820359281437127,0.524507874015748,0.5332763089230764,0.47200469644401316,0.7797927461139896,0.47401574803149604,0.2561247216035635,0.575,0.5197795275590551,113,87,326,309,0.5053892215568863,0.5258070866141732,0.5405580600296291,0.47654783101020176,0.7803030303030303,0.48661417322834644,0.25740318906605925,0.565,0.529976377952756,0.5,115,85,334,301,0.524507874015748,0.49820359281437127,0.5332763089230764,0.47200469644401316,0.7797927461139896,0.47401574803149604,0.2561247216035635,0.575,0.5,113,87,326,309,0.5258070866141732,0.5053892215568863,0.5405580600296291,0.47654783101020176,0.7803030303030303,0.48661417322834644,0.25740318906605925,0.565,128
107,93,325,310,0.4994011976047904,0.5115944881889765,0.5353396521510283,0.46795504987683223,0.7692307692307693,0.4881889763779528,0.24768518518518517,0.535,0.5050472440944882,105,95,332,303,0.48862275449101794,0.5010826771653544,0.5250910262068971,0.4581555907790177,0.7613065326633166,0.47716535433070867,0.2402745995423341,0.525,0.5164251968503937,0.5,107,93,325,310,0.5115944881889765,0.4994011976047904,0.5353396521510283,0.46795504987683223,0.7692307692307693,0.4881889763779528,0.24768518518518517,0.535,0.49,27,173,64,571,0.5171062992125984,0.7161676646706587,0.6742275114252705,0.50685167049184,0.7674731182795699,0.8992125984251969,0.2967032967032967,0.135,129
107,93,338,297,0.48383233532934133,0.5013582677165355,0.5201758479637434,0.4556475704291927,0.7615384615384615,0.46771653543307085,0.24044943820224718,0.535,0.5146850393700787,104,96,340,295,0.47784431137724553,0.4922834645669292,0.5146733158215914,0.4490150497015486,0.7544757033248082,0.4645669291338583,0.23423423423423423,0.52,0.5151062992125984,0.49,24,176,58,577,0.5143307086614173,0.7197604790419162,0.6730410048747927,0.5008124348519223,0.7662682602921647,0.9086614173228347,0.2926829268292683,0.12,0.49,27,173,61,574,0.5194685039370079,0.7197604790419162,0.6766250422454657,0.5090900868306802,0.7684069611780455,0.9039370078740158,0.3068181818181818,0.135,130
100,100,305,330,0.5149700598802395,0.5098425196850394,0.5504632685507811,0.47514841112792455,0.7674418604651163,0.5196850393700787,0.24691358024691357,0.5,0.5119921259842519,93,107,307,328,0.5041916167664671,0.49076771653543305,0.540489115227489,0.4615420560747664,0.7540229885057471,0.5165354330708661,0.2325,0.465,0.5110511811023623,0.49,32,168,56,579,0.5359055118110236,0.7317365269461078,0.6904444848845483,0.5300691429490272,0.7751004016064257,0.9118110236220472,0.36363636363636365,0.16,0.49,37,163,58,577,0.5468307086614174,0.7353293413173653,0.6983325429264737,0.5450600924499229,0.7797297297297298,0.9086614173228347,0.3894736842105263,0.185,131
107,93,332,303,0.49101796407185627,0.5060826771653544,0.5272086574154778,0.4613385670201834,0.7651515151515151,0.47716535433070867,0.2437357630979499,0.535,0.5026929133858268,101,99,325,310,0.49221556886227547,0.4965944881889764,0.5289149950988552,0.4582767189355269,0.7579462102689487,0.4881889763779528,0.23708920187793428,0.505,0.49973228346456694,0.51,183,17,573,62,0.5063188976377953,0.2934131736526946,0.22377143676852898,0.2782573280358168,0.7848101265822784,0.09763779527559055,0.24206349206349206,0.915,0.47000000000000003,2,198,5,630,0.5010629921259843,0.7568862275449102,0.6595864508414696,0.4402838453181703,0.7608695652173914,0.9921259842519685,0.2857142857142857,0.01,132
93,107,324,311,0.48383233532934133,0.47738188976377954,0.5214155121212967,0.4460759641742894,0.7440191387559809,0.48976377952755906,0.22302158273381295,0.465,0.4666614173228346,93,107,313,322,0.49700598802395207,0.48604330708661414,0.5338062800922386,0.45609692548202185,0.7505827505827506,0.5070866141732283,0.229064039408867,0.465,0.4637834645669291,0.48,4,196,8,627,0.5037007874015748,0.755688622754491,0.6631130936356961,0.44890907679167635,0.7618469015795869,0.9874015748031496,0.3333333333333333,0.02,0.48,5,195,8,627,0.5062007874015748,0.7568862275449102,0.6657686010329722,0.4538104858848815,0.7627737226277372,0.9874015748031496,0.38461538461538464,0.025,133
101,99,312,323,0.5077844311377245,0.5068307086614173,0.5437057656253114,0.4703452937844649,0.7654028436018957,0.5086614173228347,0.24455205811138014,0.505,0.5093700787401575,99,101,299,336,0.5209580838323353,0.5120669291338582,0.5560244757826234,0.4789846752857785,0.7688787185354691,0.5291338582677165,0.24874371859296482,0.495,0.509259842519685,0.49,25,175,59,576,0.5160433070866142,0.7197604790419162,0.6742556591590918,0.5036125845985001,0.7669773635153129,0.9070866141732283,0.2976190476190476,0.125,0.49,26,174,64,571,0.5146062992125984,0.7149700598802395,0.6722725463615498,0.5034232883558221,0.7664429530201342,0.8992125984251969,0.28888888888888886,0.13,134
102,98,340,295,0.4754491017964072,0.48728346456692917,0.5125711702526798,0.4458434852176443,0.7506361323155216,0.4645669291338583,0.23076923076923078,0.51,0.47254330708661413,101,99,333,302,0.48263473053892214,0.4902952755905512,0.5196823385493364,0.4508117851966432,0.7531172069825436,0.4755905511811024,0.23271889400921658,0.505,0.47485039370078735,0.53,200,0,631,4,0.5031496062992126,0.24431137724550897,0.10244849117718807,0.2002462018582017,1.0,0.006299212598425197,0.24067388688327315,1.0,0.48,3,197,6,629,0.502775590551181,0.7568862275449102,0.6616897758867576,0.4448811032621689,0.761501210653753,0.9905511811023622,0.3333333333333333,0.015,135
104,96,321,314,0.5005988023952096,0.507244094488189,0.5367277311405896,0.4668784688995215,0.7658536585365854,0.494488188976378,0.2447058823529412,0.52,0.5049527559055118,99,101,317,318,0.4994011976047904,0.4978937007874016,0.5358737661570326,0.46242206560043375,0.7589498806682577,0.5007874015748032,0.23798076923076922,0.495,0.5070354330708662,0.49,22,178,49,586,0.5164173228346457,0.7281437125748503,0.6759736700618686,0.5000514336808843,0.7670157068062827,0.9228346456692913,0.30985915492957744,0.11,0.49,24,176,62,573,0.5111811023622047,0.7149700598802395,0.6699023433387076,0.49793342495654636,0.7650200267022697,0.9023622047244094,0.27906976744186046,0.12,136
105,95,299,336,0.5281437125748503,0.5270669291338583,0.5626785765967909,0.4890380577264764,0.7795823665893271,0.5291338582677165,0.2599009900990099,0.525,0.5200393700787402,105,95,293,342,0.5353293413173653,0.5317913385826771,0.5693437415091446,0.4946151350272051,0.782608695652174,0.5385826771653544,0.2638190954773869,0.525,0.5084330708661418,0.5,105,95,299,336,0.5270669291338583,0.5281437125748503,0.5626785765967909,0.4890380577264764,0.7795823665893271,0.5291338582677165,0.2599009900990099,0.525,0.5,105,95,293,342,0.5317913385826771,0.5353293413173653,0.5693437415091446,0.4946151350272051,0.782608695652174,0.5385826771653544,0.2638190954773869,0.525,137
93,107,302,333,0.5101796407185629,0.4947047244094488,0.5460187539714395,0.4660699628688685,0.7568181818181818,0.5244094488188976,0.23544303797468355,0.465,0.4979133858267716,95,105,307,328,0.5065868263473053,0.49576771653543306,0.5427070380497729,0.4649234138390135,0.7575057736720554,0.5165354330708661,0.236318407960199,0.475,0.5032165354330709,0.49,18,182,54,581,0.50248031496063,0.7173652694610778,0.6638019089314429,0.4817701758815114,0.7614678899082569,0.9149606299212598,0.25,0.09,0.52,196,4,616,19,0.5049606299212598,0.25748502994011974,0.13669711168146303,0.22255126926727295,0.8260869565217391,0.029921259842519685,0.2413793103448276,0.98,138
100,100,315,320,0.5029940119760479,0.5019685039370079,0.5392262521541128,0.4659191615612839,0.7619047619047619,0.5039370078740157,0.24096385542168675,0.5,0.5016692913385827,105,95,310,325,0.5149700598802395,0.5184055118110236,0.5503292340299173,0.47878857935498786,0.7738095238095238,0.5118110236220472,0.25301204819277107,0.525,0.5013740157480314,0.49,25,175,63,572,0.5128937007874016,0.7149700598802395,0.6710972651898326,0.5006984643833414,0.7657295850066934,0.9007874015748032,0.2840909090909091,0.125,0.5,105,95,310,325,0.5184055118110236,0.5149700598802395,0.5503292340299173,0.47878857935498786,0.7738095238095238,0.5118110236220472,0.25301204819277107,0.525,139
102,98,315,320,0.5053892215568863,0.5069685039370079,0.541402799318087,0.4692096826078458,0.7655502392344498,0.5039370078740157,0.2446043165467626,0.51,0.5139606299212598,100,100,303,332,0.5173652694610779,0.5114173228346457,0.5526934167121096,0.4769902440313273,0.7685185185185185,0.5228346456692914,0.24813895781637718,0.5,0.5055551181102362,0.5,102,98,315,320,0.5069685039370079,0.5053892215568863,0.541402799318087,0.4692096826078458,0.7655502392344498,0.5039370078740157,0.2446043165467626,0.51,0.5,100,100,303,332,0.5114173228346457,0.5173652694610779,0.5526934167121096,0.4769902440313273,0.7685185185185185,0.5228346456692914,0.24813895781637718,0.5,140
103,97,336,299,0.481437125748503,0.49293307086614174,0.5183090556727104,0.4511990576935045,0.7550505050505051,0.47086614173228347,0.23462414578587698,0.515,0.49270078740157486,104,96,337,298,0.481437125748503,0.4946456692913386,0.5181946954210636,0.45184804476727175,0.7563451776649747,0.4692913385826772,0.23582766439909297,0.52,0.48899999999999993,0.48,7,193,9,626,0.5104133858267716,0.7580838323353294,0.6703524023327332,0.4629438585765958,0.7643467643467643,0.9858267716535433,0.4375,0.035,0.48,8,192,10,625,0.5121259842519685,0.7580838323353294,0.6722618906549628,0.46713801905628427,0.7649938800489596,0.984251968503937,0.4444444444444444,0.04,141
104,96,337,298,0.481437125748503,0.4946456692913386,0.5181946954210636,0.45184804476727175,0.7563451776649747,0.4692913385826772,0.23582766439909297,0.52,0.5109448818897637,103,97,318,317,0.5029940119760479,0.5071062992125984,0.539076840952966,0.46805407803459775,0.7657004830917874,0.49921259842519683,0.24465558194774348,0.515,0.5018307086614173,0.49,27,173,62,573,0.5186811023622047,0.718562874251497,0.6758257311574706,0.5083423325457457,0.7680965147453083,0.9023622047244094,0.30337078651685395,0.135,0.49,28,172,71,564,0.5140944881889764,0.7089820359281437,0.6705496525081026,0.5050240407485198,0.7663043478260869,0.8881889763779528,0.2828282828282828,0.14,142
99,101,315,320,0.5017964071856288,0.49946850393700787,0.5381360465329336,0.4642680880465897,0.7600950118764845,0.5039370078740157,0.2391304347826087,0.495,0.5094881889763779,98,102,319,316,0.49580838323353293,0.4938188976377953,0.532519560563958,0.4589280299707096,0.7559808612440191,0.49763779527559054,0.23501199040767387,0.49,0.503236220472441,0.49,24,176,58,577,0.5143307086614173,0.7197604790419162,0.6730410048747927,0.5008124348519223,0.7662682602921647,0.9086614173228347,0.2926829268292683,0.12,0.49,24,176,65,570,0.5088188976377952,0.7113772455089821,0.6675489413146827,0.4957893708235094,0.7640750670241286,0.8976377952755905,0.2696629213483146,0.12,143
100,100,316,319,0.5017964071856288,0.5011811023622047,0.5380944658404918,0.4649942088272259,0.7613365155131265,0.5023622047244094,0.2403846153846154,0.5,0.5259921259842519,98,102,309,326,0.5077844311377245,0.5016929133858268,0.5437874222496099,0.4681289626666625,0.7616822429906542,0.5133858267716536,0.24078624078624078,0.49,0.5236929133858267,0.49,20,180,46,589,0.5137795275590551,0.7293413173652694,0.6740839380297308,0.49470363944048157,0.7659297789336801,0.9275590551181102,0.30303030303030304,0.1,0.49,29,171,61,574,0.5244685039370078,0.7221556886227545,0.6805345830078973,0.5159420289855072,0.7704697986577181,0.9039370078740158,0.32222222222222224,0.145,144
116,84,326,309,0.5089820359281437,0.5333070866141731,0.5437310041178053,0.4812690158430003,0.7862595419847328,0.48661417322834644,0.26244343891402716,0.58,0.5310866141732283,115,85,322,313,0.5125748502994012,0.5339566929133858,0.5473350062440447,0.4835347200165344,0.7864321608040201,0.49291338582677163,0.2631578947368421,0.575,0.5216929133858268,0.5,116,84,326,309,0.5333070866141731,0.5089820359281437,0.5437310041178053,0.4812690158430003,0.7862595419847328,0.48661417322834644,0.26244343891402716,0.58,0.5,115,85,322,313,0.5339566929133858,0.5125748502994012,0.5473350062440447,0.4835347200165344,0.7864321608040201,0.49291338582677163,0.2631578947368421,0.575,145
97,103,319,316,0.4946107784431138,0.49131889763779524,0.5314323667901143,0.45727777914684936,0.7541766109785203,0.49763779527559054,0.23317307692307693,0.485,0.4714094488188976,91,109,312,323,0.49580838323353293,0.4818307086614173,0.5327144626198465,0.4536300067920317,0.7476851851851852,0.5086614173228347,0.22580645161290322,0.455,0.4703818897637795,0.49,18,182,57,578,0.5001181102362204,0.7137724550898203,0.6615445550736259,0.4797914630172695,0.7605263157894737,0.9102362204724409,0.24,0.09,0.49,20,180,60,575,0.502755905511811,0.7125748502994012,0.6633905877864004,0.4850976361767728,0.7615894039735099,0.905511811023622,0.25,0.1,146
111,89,329,306,0.4994011976047904,0.5184448818897638,0.5349412824835765,0.47052487864077674,0.7746835443037975,0.4818897637795276,0.25227272727272726,0.555,0.5245826771653543,109,91,326,309,0.5005988023952096,0.5158070866141733,0.5363123803744788,0.4702042679447678,0.7725,0.48661417322834644,0.25057471264367814,0.545,0.512775590551181,0.5,111,89,329,306,0.5184448818897638,0.4994011976047904,0.5349412824835765,0.47052487864077674,0.7746835443037975,0.4818897637795276,0.25227272727272726,0.555,0.5,109,91,326,309,0.5158070866141733,0.5005988023952096,0.5363123803744788,0.4702042679447678,0.7725,0.48661417322834644,0.25057471264367814,0.545,147
104,96,299,336,0.5269461077844312,0.5245669291338583,0.5615729518642265,0.4873725716932364,0.7777777777777778,0.5291338582677165,0.25806451612903225,0.52,0.5162362204724409,98,102,292,343,0.5281437125748503,0.5150787401574803,0.5626146952798734,0.4836942875078468,0.7707865168539326,0.5401574803149606,0.2512820512820513,0.49,0.5145590551181103,0.5,104,96,299,336,0.5245669291338583,0.5269461077844312,0.5615729518642265,0.4873725716932364,0.7777777777777778,0.5291338582677165,0.25806451612903225,0.52,0.5,98,102,292,343,0.5150787401574803,0.5281437125748503,0.5626146952798734,0.4836942875078468,0.7707865168539326,0.5401574803149606,0.2512820512820513,0.49,148
95,105,317,318,0.4946107784431138,0.4878937007874016,0.5315110540252383,0.4557958659204072,0.75177304964539,0.5007874015748032,0.23058252427184467,0.475,0.48270078740157474,92,108,314,321,0.4946107784431138,0.482755905511811,0.5315863099974398,0.4535069108414601,0.7482517482517482,0.5055118110236221,0.22660098522167488,0.46,0.48734645669291343,0.53,200,0,633,2,0.5015748031496063,0.24191616766467067,0.09752308744091463,0.1967505596325953,1.0,0.0031496062992125984,0.24009603841536614,1.0,0.53,200,0,633,2,0.5015748031496063,0.24191616766467067,0.09752308744091463,0.1967505596325953,1.0,0.0031496062992125984,0.24009603841536614,1.0,149
98,102,333,302,0.47904191616766467,0.4827952755905512,0.5164874496220788,0.4459731333767535,0.7475247524752475,0.4755905511811024,0.2273781902552204,0.49,0.4824015748031496,92,108,331,304,0.474251497005988,0.46937007874015746,0.5123566790173373,0.4380259428068578,0.7378640776699029,0.47874015748031495,0.21749408983451538,0.46,0.4856181102362204,0.47000000000000003,1,199,1,634,0.5017125984251968,0.7604790419161677,0.6592430376520005,0.43683060404133056,0.7611044417767107,0.9984251968503937,0.5,0.005,0.49,22,178,63,572,0.5053937007874016,0.7113772455089821,0.6651288720298335,0.4901893723478371,0.7626666666666667,0.9007874015748032,0.25882352941176473,0.11,150
102,98,303,332,0.5197604790419161,0.5164173228346457,0.554903137503366,0.480332130524192,0.772093023255814,0.5228346456692914,0.2518518518518518,0.51,0.5055905511811023,97,103,303,332,0.5137724550898204,0.5039173228346456,0.5493685526143974,0.4719470404984424,0.7632183908045977,0.5228346456692914,0.2425,0.485,0.5049685039370079,0.5,102,98,303,332,0.5164173228346457,0.5197604790419161,0.554903137503366,0.480332130524192,0.772093023255814,0.5228346456692914,0.2518518518518518,0.51,0.51,177,23,555,80,0.505492125984252,0.3077844311377245,0.255850349616549,0.2983152471009689,0.7766990291262136,0.12598425196850394,0.24180327868852458,0.885,151
103,97,294,341,0.5317365269461077,0.526003937007874,0.5660101023372056,0.4903298724127004,0.7785388127853882,0.537007874015748,0.2594458438287154,0.515,0.5114409448818897,98,102,287,348,0.5341317365269461,0.5190157480314961,0.5680777874712586,0.4882586947103076,0.7733333333333333,0.5480314960629922,0.2545454545454545,0.49,0.5122519685039371,0.5,103,97,294,341,0.526003937007874,0.5317365269461077,0.5660101023372056,0.4903298724127004,0.7785388127853882,0.537007874015748,0.2594458438287154,0.515,0.5,98,102,287,348,0.5190157480314961,0.5341317365269461,0.5680777874712586,0.4882586947103076,0.7733333333333333,0.5480314960629922,0.2545454545454545,0.49,152
97,103,319,316,0.4946107784431138,0.49131889763779524,0.5314323667901143,0.45727777914684936,0.7541766109785203,0.49763779527559054,0.23317307692307693,0.485,0.49128346456692906,94,106,331,304,0.47664670658682634,0.47437007874015746,0.5145084376701143,0.4413090909090909,0.7414634146341463,0.47874015748031495,0.2211764705882353,0.47,0.4964527559055118,0.49,22,178,63,572,0.5053937007874016,0.7113772455089821,0.6651288720298335,0.4901893723478371,0.7626666666666667,0.9007874015748032,0.25882352941176473,0.11,0.52,197,3,619,16,0.5050984251968504,0.25508982035928146,0.13009507965215275,0.21836246959955694,0.8421052631578947,0.025196850393700787,0.24142156862745098,0.985,153
97,103,307,328,0.5089820359281437,0.5007677165354331,0.544919330976356,0.4682883341823739,0.7610208816705336,0.5165354330708661,0.2400990099009901,0.485,0.50051968503937,105,95,307,328,0.518562874251497,0.5207677165354331,0.5537143216069806,0.48158753104266283,0.7754137115839244,0.5165354330708661,0.25485436893203883,0.525,0.4961732283464566,0.49,20,180,45,590,0.5145669291338583,0.7305389221556886,0.6748482488457584,0.4954005237359833,0.7662337662337663,0.9291338582677166,0.3076923076923077,0.1,0.5,105,95,307,328,0.5207677165354331,0.518562874251497,0.5537143216069806,0.48158753104266283,0.7754137115839244,0.5165354330708661,0.25485436893203883,0.525,154
91,109,317,318,0.48982035928143713,0.47789370078740157,0.5271268346447159,0.44910608088016657,0.7447306791569087,0.5007874015748032,0.22303921568627452,0.455,0.4751181102362204,99,101,310,325,0.5077844311377245,0.5034055118110237,0.5437657762758286,0.46887637371566004,0.7629107981220657,0.5118110236220472,0.24205378973105135,0.495,0.48944488188976376,0.49,29,171,63,572,0.5228937007874016,0.7197604790419162,0.6789171721173833,0.5144094081157922,0.7698519515477793,0.9007874015748032,0.31521739130434784,0.145,0.49,29,171,72,563,0.5158070866141732,0.7089820359281437,0.6716461633227724,0.5075946018749287,0.7670299727520435,0.8866141732283465,0.2871287128712871,0.145,155
100,100,310,325,0.5089820359281437,0.5059055118110236,0.5448629496342915,0.4705381998144138,0.7647058823529411,0.5118110236220472,0.24390243902439024,0.5,0.49939370078740153,106,94,314,321,0.511377245508982,0.517755905511811,0.5468793288998041,0.4766820276497696,0.7734939759036145,0.5055118110236221,0.2523809523809524,0.53,0.5058503937007874,0.48,6,194,9,626,0.5079133858267716,0.7568862275449102,0.6677464538676184,0.4581475265723648,0.7634146341463415,0.9858267716535433,0.4,0.03,0.5,106,94,314,321,0.517755905511811,0.511377245508982,0.5468793288998041,0.4766820276497696,0.7734939759036145,0.5055118110236221,0.2523809523809524,0.53,156
97,103,317,318,0.49700598802395207,0.4928937007874016,0.5336950469803656,0.45911681966242224,0.7553444180522565,0.5007874015748032,0.23429951690821257,0.485,0.5144015748031496,95,105,314,321,0.49820359281437127,0.49025590551181103,0.5348853047678155,0.45853820094126896,0.7535211267605634,0.5055118110236221,0.23227383863080683,0.475,0.5054527559055118,0.47000000000000003,2,198,0,635,0.505,0.7628742514970059,0.6626506072754805,0.44246229800091724,0.7623049219687875,1.0,1.0,0.01,0.49,24,176,68,567,0.5064566929133858,0.7077844311377246,0.6651956837463312,0.49365767341988587,0.7631224764468372,0.8929133858267716,0.2608695652173913,0.12,157
95,105,324,311,0.48622754491017967,0.4823818897637795,0.5235848309406681,0.44938200252394445,0.7475961538461539,0.48976377952755906,0.22673031026252982,0.475,0.47648031496063,93,107,325,310,0.48263473053892214,0.47659448818897643,0.5202799023754698,0.4451622429768541,0.7434052757793765,0.4881889763779528,0.22248803827751196,0.465,0.48668897637795283,0.47000000000000003,1,199,0,635,0.5025,0.7616766467065869,0.6598430502517718,0.43724197257416114,0.7613908872901679,1.0,1.0,0.005,0.46,1,199,0,635,0.5025,0.7616766467065869,0.6598430502517718,0.43724197257416114,0.7613908872901679,1.0,1.0,0.005,158
96,104,319,316,0.4934131736526946,0.4888188976377953,0.5303438666534691,0.45562362732632067,0.7523809523809524,0.49763779527559054,0.23132530120481928,0.48,0.4902125984251968,98,102,326,309,0.4874251497005988,0.4883070866141732,0.5245420322760862,0.4524623719174388,0.7518248175182481,0.48661417322834644,0.23113207547169812,0.49,0.4786771653543307,0.49,22,178,56,579,0.5109055118110236,0.7197604790419162,0.6705496845554735,0.49508496650955097,0.7648612945838837,0.9118110236220472,0.28205128205128205,0.11,0.48,4,196,6,629,0.5052755905511811,0.7580838323353294,0.664386686509564,0.4498695368558382,0.7624242424242424,0.9905511811023622,0.4,0.02,159
116,84,321,314,0.5149700598802395,0.537244094488189,0.5495594042477595,0.48607263294028613,0.7889447236180904,0.494488188976378,0.2654462242562929,0.58,0.5282992125984252,116,84,326,309,0.5089820359281437,0.5333070866141731,0.5437310041178053,0.4812690158430003,0.7862595419847328,0.48661417322834644,0.26244343891402716,0.58,0.525488188976378,0.5,116,84,321,314,0.537244094488189,0.5149700598802395,0.5495594042477595,0.48607263294028613,0.7889447236180904,0.494488188976378,0.2654462242562929,0.58,0.5,116,84,326,309,0.5333070866141731,0.5089820359281437,0.5437310041178053,0.4812690158430003,0.7862595419847328,0.48661417322834644,0.26244343891402716,0.58,160
110,90,331,304,0.49580838323353293,0.5143700787401575,0.5315472673724427,0.46703932297233575,0.7715736040609137,0.47874015748031495,0.2494331065759637,0.55,0.5376850393700787,107,93,331,304,0.49221556886227547,0.5068700787401574,0.5283750498565456,0.46228524215693423,0.7657430730478589,0.47874015748031495,0.24429223744292236,0.535,0.5293464566929134,0.49,25,175,59,576,0.5160433070866142,0.7197604790419162,0.6742556591590918,0.5036125845985001,0.7669773635153129,0.9070866141732283,0.2976190476190476,0.125,0.52,200,0,619,16,0.5125984251968504,0.25868263473053893,0.13140342416337264,0.22084842674288369,1.0,0.025196850393700787,0.2442002442002442,1.0,161
96,104,310,325,0.5041916167664671,0.4959055118110236,0.5404661903766352,0.4638669694037073,0.7575757575757576,0.5118110236220472,0.23645320197044334,0.48,0.5054251968503937,94,106,311,324,0.5005988023952096,0.4901181102362205,0.5371436616930264,0.45959725293912235,0.7534883720930232,0.510236220472441,0.23209876543209876,0.47,0.4974094488188977,0.48,3,197,2,633,0.5059251968503937,0.7616766467065869,0.664188845317772,0.4467160576042621,0.7626506024096386,0.9968503937007874,0.6,0.015,0.49,23,177,56,579,0.5134055118110237,0.7209580838323353,0.6725856126927365,0.49868458008343447,0.7658730158730159,0.9118110236220472,0.2911392405063291,0.115,162
105,95,294,341,0.5341317365269461,0.5310039370078741,0.568236254211647,0.4936861778656927,0.7821100917431193,0.537007874015748,0.2631578947368421,0.525,0.5372913385826772,102,98,288,347,0.5377245508982036,0.5282283464566929,0.5714956151726679,0.4941776522284997,0.7797752808988764,0.5464566929133858,0.26153846153846155,0.51,0.5367204724409449,0.5,105,95,294,341,0.5310039370078741,0.5341317365269461,0.568236254211647,0.4936861778656927,0.7821100917431193,0.537007874015748,0.2631578947368421,0.525,0.5,102,98,288,347,0.5282283464566929,0.5377245508982036,0.5714956151726679,0.4941776522284997,0.7797752808988764,0.5464566929133858,0.26153846153846155,0.51,163
116,84,313,322,0.5245508982035928,0.5435433070866141,0.5588044301476904,0.4937376773281164,0.7931034482758621,0.5070866141732283,0.2703962703962704,0.58,0.5289055118110235,119,81,313,322,0.5281437125748503,0.5510433070866141,0.562018715185419,0.49850308529060267,0.7990074441687345,0.5070866141732283,0.27546296296296297,0.595,0.5409566929133858,0.5,116,84,313,322,0.5435433070866141,0.5245508982035928,0.5588044301476904,0.4937376773281164,0.7931034482758621,0.5070866141732283,0.2703962703962704,0.58,0.5,119,81,313,322,0.5510433070866141,0.5281437125748503,0.562018715185419,0.49850308529060267,0.7990074441687345,0.5070866141732283,0.27546296296296297,0.595,164
102,98,305,330,0.5173652694610779,0.5148425196850394,0.5526674724247999,0.4784816835879927,0.7710280373831776,0.5196850393700787,0.25061425061425063,0.51,0.5061574803149607,91,109,297,338,0.5137724550898204,0.49364173228346453,0.5492611291807724,0.46714637795968667,0.756152125279642,0.5322834645669291,0.2345360824742268,0.455,0.5043188976377954,0.5,102,98,305,330,0.5148425196850394,0.5173652694610779,0.5526674724247999,0.4784816835879927,0.7710280373831776,0.5196850393700787,0.25061425061425063,0.51,0.49,22,178,59,576,0.5085433070866142,0.7161676646706587,0.6682263398769128,0.49297864000061487,0.7639257294429708,0.9070866141732283,0.2716049382716049,0.11,165
103,97,345,290,0.47065868263473054,0.4858464566929134,0.5077270261969357,0.4427079558358097,0.7493540051679587,0.4566929133858268,0.22991071428571427,0.515,0.49525196850393693,102,98,337,298,0.47904191616766467,0.48964566929133857,0.5160841552370184,0.44866418036183475,0.7525252525252525,0.4692913385826772,0.23234624145785876,0.51,0.49003543307086617,0.49,30,170,67,568,0.522244094488189,0.7161676646706587,0.6775972432190949,0.5147027448556946,0.7696476964769647,0.8944881889763779,0.30927835051546393,0.15,0.49,27,173,70,565,0.5123818897637795,0.7089820359281437,0.6694351481107176,0.5024167383963452,0.7655826558265583,0.889763779527559,0.27835051546391754,0.135,166
94,106,327,308,0.481437125748503,0.47751968503937003,0.519084993090685,0.4449817247927249,0.7439613526570048,0.48503937007874015,0.22327790973871733,0.47,0.49570078740157486,92,108,319,316,0.48862275449101794,0.4788188976377953,0.5259765470658253,0.44896754341634093,0.7452830188679245,0.49763779527559054,0.22384428223844283,0.46,0.4830590551181102,0.51,184,16,567,68,0.5135433070866142,0.3017964071856287,0.2365311189986484,0.2880563465146855,0.8095238095238095,0.10708661417322834,0.24500665778961384,0.92,0.49,23,177,64,571,0.5071062992125984,0.7113772455089821,0.6663489515938156,0.49300994404428083,0.7633689839572193,0.8992125984251969,0.26436781609195403,0.115,167
99,101,312,323,0.5053892215568863,0.5018307086614173,0.5415182996210441,0.4670341813371166,0.7617924528301887,0.5086614173228347,0.24087591240875914,0.495,0.5117401574803149,97,103,309,326,0.5065868263473053,0.4991929133858268,0.5426861604714341,0.4664569840442691,0.7599067599067599,0.5133858267716536,0.23891625615763548,0.485,0.5072874015748031,0.49,23,177,47,588,0.520492125984252,0.7317365269461078,0.6796096695497892,0.5051851851851852,0.7686274509803922,0.925984251968504,0.32857142857142857,0.115,0.49,28,172,48,587,0.5322047244094488,0.7365269461077845,0.6890592839646636,0.5225396627367809,0.7733860342555995,0.9244094488188976,0.3684210526315789,0.14,168
94,106,332,303,0.4754491017964072,0.4735826771653543,0.5133603015407985,0.44038962946641697,0.7408312958435208,0.47716535433070867,0.22065727699530516,0.47,0.46545669291338587,98,102,327,308,0.48622754491017967,0.48751968503937004,0.5233961550583044,0.4515368421052631,0.751219512195122,0.48503937007874015,0.23058823529411765,0.49,0.46570866141732287,0.52,199,1,630,5,0.5014370078740158,0.24431137724550897,0.10450665054412446,0.2011919543837147,0.8333333333333334,0.007874015748031496,0.24004825090470447,0.995,0.53,200,0,633,2,0.5015748031496063,0.24191616766467067,0.09752308744091463,0.1967505596325953,1.0,0.0031496062992125984,0.24009603841536614,1.0,169
95,105,304,331,0.5101796407185629,0.4981299212598425,0.5460376040425801,0.46765461888706517,0.7591743119266054,0.521259842519685,0.23809523809523808,0.475,0.5129055118110236,96,104,304,331,0.511377245508982,0.5006299212598425,0.5471486932676702,0.46934579439252333,0.7609195402298851,0.521259842519685,0.24,0.48,0.504740157480315,0.51,186,14,580,55,0.5083070866141732,0.288622754491018,0.21106273477888943,0.2706715838509317,0.7971014492753623,0.08661417322834646,0.24281984334203655,0.93,0.51,187,13,569,66,0.5194685039370079,0.3029940119760479,0.2342965698292947,0.28804366935058545,0.8354430379746836,0.10393700787401575,0.24735449735449735,0.935,170
114,86,315,320,0.5197604790419161,0.5369685039370078,0.5543591347335614,0.488636797502707,0.7881773399014779,0.5039370078740157,0.26573426573426573,0.57,0.5387322834645669,112,88,319,316,0.5125748502994012,0.5288188976377953,0.5476100965429564,0.4816346328375602,0.7821782178217822,0.49763779527559054,0.25986078886310904,0.56,0.5269370078740158,0.5,114,86,315,320,0.5369685039370078,0.5197604790419161,0.5543591347335614,0.488636797502707,0.7881773399014779,0.5039370078740157,0.26573426573426573,0.57,0.5,112,88,319,316,0.5288188976377953,0.5125748502994012,0.5476100965429564,0.4816346328375602,0.7821782178217822,0.49763779527559054,0.25986078886310904,0.56,171
114,86,309,326,0.5269461077844312,0.5416929133858268,0.5612320915987431,0.4943513608398834,0.7912621359223301,0.5133858267716536,0.2695035460992908,0.57,0.5496141732283465,113,87,306,329,0.5293413173652695,0.5415551181102363,0.5635637262463463,0.49558770860585116,0.7908653846153846,0.5181102362204725,0.26968973747016706,0.565,0.5535826771653543,0.5,114,86,309,326,0.5416929133858268,0.5269461077844312,0.5612320915987431,0.4943513608398834,0.7912621359223301,0.5133858267716536,0.2695035460992908,0.57,0.5,113,87,306,329,0.5415551181102363,0.5293413173652695,0.5635637262463463,0.49558770860585116,0.7908653846153846,0.5181102362204725,0.26968973747016706,0.565,172
95,105,324,311,0.48622754491017967,0.4823818897637795,0.5235848309406681,0.44938200252394445,0.7475961538461539,0.48976377952755906,0.22673031026252982,0.475,0.47655905511811025,96,104,324,311,0.4874251497005988,0.48488188976377955,0.5246675312968533,0.45102918586789553,0.7493975903614458,0.48976377952755906,0.22857142857142856,0.48,0.4661850393700787,0.53,200,0,634,1,0.5007874015748032,0.2407185628742515,0.09504945439219004,0.19499592472294197,1.0,0.0015748031496062992,0.23980815347721823,1.0,0.49,23,177,67,568,0.504744094488189,0.7077844311377246,0.6640105097152023,0.4909045477261369,0.7624161073825504,0.8944881889763779,0.25555555555555554,0.115,173
114,86,311,324,0.5245508982035928,0.5401181102362205,0.5589470246110649,0.49244784688995213,0.7902439024390244,0.510236220472441,0.26823529411764707,0.57,0.5565511811023622,108,92,316,319,0.511377245508982,0.5211811023622047,0.5467596943192596,0.47804824238858656,0.7761557177615572,0.5023622047244094,0.25471698113207547,0.54,0.5475314960629921,0.5,114,86,311,324,0.5401181102362205,0.5245508982035928,0.5589470246110649,0.49244784688995213,0.7902439024390244,0.510236220472441,0.26823529411764707,0.57,0.51,186,14,556,79,0.5272047244094489,0.31736526946107785,0.25963691710859793,0.3059687128158466,0.8494623655913979,0.12440944881889764,0.25067385444743934,0.93,174
93,107,308,327,0.5029940119760479,0.4899803149606299,0.5393789264866602,0.4606354547845888,0.7534562211981567,0.5149606299212598,0.23192019950124687,0.465,0.5139685039370079,96,104,303,332,0.5125748502994012,0.5014173228346457,0.5482574690594868,0.4702577747849279,0.7614678899082569,0.5228346456692914,0.24060150375939848,0.48,0.4929015748031496,0.51,184,16,574,61,0.5080314960629921,0.2934131736526946,0.22231485283052155,0.27774096314888225,0.7922077922077922,0.09606299212598425,0.24274406332453827,0.92,0.49,17,183,48,587,0.5047047244094488,0.7233532934131737,0.6661775354816454,0.48194453770227624,0.7623376623376623,0.9244094488188976,0.26153846153846155,0.085,175
99,101,331,304,0.48263473053892214,0.4868700787401575,0.5198657629795354,0.44945054945054946,0.7506172839506173,0.47874015748031495,0.2302325581395349,0.495,0.48557480314960627,99,101,310,325,0.5077844311377245,0.5034055118110237,0.5437657762758286,0.46887637371566004,0.7629107981220657,0.5118110236220472,0.24205378973105135,0.495,0.4860472440944882,0.47000000000000003,1,199,1,634,0.5017125984251968,0.7604790419161677,0.6592430376520005,0.43683060404133056,0.7611044417767107,0.9984251968503937,0.5,0.005,0.5,99,101,310,325,0.5034055118110237,0.5077844311377245,0.5437657762758286,0.46887637371566004,0.7629107981220657,0.5118110236220472,0.24205378973105135,0.495,176
107,93,299,336,0.5305389221556887,0.5320669291338582,0.5648858614194228,0.49235713044988705,0.7832167832167832,0.5291338582677165,0.26354679802955666,0.535,0.5506377952755905,105,95,299,336,0.5281437125748503,0.5270669291338583,0.5626785765967909,0.4890380577264764,0.7795823665893271,0.5291338582677165,0.2599009900990099,0.525,0.5412007874015747,0.5,107,93,299,336,0.5320669291338582,0.5305389221556887,0.5648858614194228,0.49235713044988705,0.7832167832167832,0.5291338582677165,0.26354679802955666,0.535,0.49,27,173,49,586,0.5289173228346457,0.7341317365269461,0.6862325501825244,0.5181991142162061,0.7720685111989459,0.9228346456692913,0.35526315789473684,0.135,177
93,107,329,306,0.47784431137724553,0.4734448818897638,0.5157217780143795,0.4415024177118873,0.7409200968523002,0.4818897637795276,0.22037914691943128,0.465,0.47947244094488184,90,110,326,309,0.47784431137724553,0.4683070866141732,0.5158874690059001,0.4392727765593041,0.7374701670644391,0.48661417322834644,0.21634615384615385,0.45,0.47960236220472435,0.52,199,1,621,14,0.5085236220472441,0.25508982035928146,0.12621923573667146,0.2166365007541478,0.9333333333333333,0.02204724409448819,0.2426829268292683,0.995,0.52,197,3,620,15,0.5043110236220473,0.25389221556886227,0.12773154491046818,0.216677884839806,0.8333333333333334,0.023622047244094488,0.24112607099143207,0.985,178
96,104,326,309,0.48502994011976047,0.4833070866141732,0.5223861572160164,0.44918816425713654,0.7481840193704601,0.48661417322834644,0.22748815165876776,0.48,0.48060629921259845,94,106,331,304,0.47664670658682634,0.47437007874015746,0.5145084376701143,0.4413090909090909,0.7414634146341463,0.47874015748031495,0.2211764705882353,0.47,0.4746299212598425,0.48,7,193,5,630,0.5135629921259842,0.7628742514970059,0.6730215320581756,0.46511763335662704,0.7654921020656136,0.9921259842519685,0.5833333333333334,0.035,0.48,7,193,6,629,0.512775590551181,0.7616766467065869,0.6723544414067067,0.4645728408428148,0.7652068126520681,0.9905511811023622,0.5384615384615384,0.035,179
99,101,325,310,0.48982035928143713,0.4915944881889764,0.5267637984804034,0.4550209589645536,0.754257907542579,0.4881889763779528,0.23349056603773585,0.495,0.4904724409448819,97,103,319,316,0.4946107784431138,0.49131889763779524,0.5314323667901143,0.45727777914684936,0.7541766109785203,0.49763779527559054,0.23317307692307693,0.485,0.4869842519685039,0.51,185,15,570,65,0.5136811023622048,0.2994011976047904,0.2310676125141435,0.2846263683960019,0.8125,0.10236220472440945,0.24503311258278146,0.925,0.53,200,0,633,2,0.5015748031496063,0.24191616766467067,0.09752308744091463,0.1967505596325953,1.0,0.0031496062992125984,0.24009603841536614,1.0,180
99,101,314,321,0.5029940119760479,0.500255905511811,0.5392649458260445,0.46519050345633317,0.7606635071090048,0.5055118110236221,0.2397094430992736,0.495,0.49844094488188984,99,101,303,332,0.5161676646706587,0.5089173228346457,0.5515865130390978,0.4753132504634987,0.766743648960739,0.5228346456692914,0.2462686567164179,0.495,0.4956299212598425,0.51,182,18,567,68,0.5085433070866142,0.2994011976047904,0.23531786198658863,0.28609427545456273,0.7906976744186046,0.10708661417322834,0.24299065420560748,0.91,0.5,99,101,303,332,0.5089173228346457,0.5161676646706587,0.5515865130390978,0.4753132504634987,0.766743648960739,0.5228346456692914,0.2462686567164179,0.495,181
103,97,332,303,0.48622754491017967,0.49608267716535437,0.5229688517521616,0.45495834759785464,0.7575,0.47716535433070867,0.2367816091954023,0.515,0.5031417322834646,102,98,327,308,0.49101796407185627,0.49751968503937005,0.527687362248787,0.45803151855025054,0.7586206896551724,0.48503937007874015,0.23776223776223776,0.51,0.5043582677165355,0.49,22,178,64,571,0.5046062992125985,0.7101796407185629,0.6643544835628875,0.48949533125833705,0.7623497997329773,0.8992125984251969,0.2558139534883721,0.11,0.48,4,196,9,626,0.5029133858267716,0.7544910179640718,0.6624756808461051,0.4484293084059148,0.7615571776155717,0.9858267716535433,0.3076923076923077,0.02,182
101,99,303,332,0.518562874251497,0.5139173228346456,0.5537989537865735,0.4786631959544252,0.7703016241299304,0.5228346456692914,0.25,0.505,0.5409055118110236,103,97,303,332,0.5209580838323353,0.5189173228346458,0.5560059810402272,0.4819970718876399,0.7738927738927739,0.5228346456692914,0.2536945812807882,0.515,0.5458070866141732,0.49,25,175,51,584,0.5223425196850393,0.7293413173652694,0.6805790826182454,0.5095180171750566,0.769433465085639,0.9196850393700787,0.32894736842105265,0.125,0.49,30,170,58,577,0.5293307086614173,0.7269461077844311,0.6849167078289152,0.5216775205016884,0.7724230254350736,0.9086614173228347,0.3409090909090909,0.15,183
106,94,317,318,0.5077844311377245,0.5153937007874017,0.5434592142964138,0.47386939064605593,0.7718446601941747,0.5007874015748032,0.25059101654846333,0.53,0.5093622047244094,115,85,310,325,0.5269461077844312,0.5434055118110236,0.5611689539581125,0.4950047846889952,0.7926829268292683,0.5118110236220472,0.27058823529411763,0.575,0.5253031496062992,0.5,106,94,317,318,0.5153937007874017,0.5077844311377245,0.5434592142964138,0.47386939064605593,0.7718446601941747,0.5007874015748032,0.25059101654846333,0.53,0.5,115,85,310,325,0.5434055118110236,0.5269461077844312,0.5611689539581125,0.4950047846889952,0.7926829268292683,0.5118110236220472,0.27058823529411763,0.575,184
87,113,304,331,0.5005988023952096,0.47812992125984255,0.5370963637663069,0.4539736454604047,0.7454954954954955,0.521259842519685,0.22250639386189258,0.435,0.47545669291338577,87,113,315,320,0.4874251497005988,0.4694685039370079,0.5249480880711235,0.4441437405900432,0.7390300230946882,0.5039370078740157,0.21641791044776118,0.435,0.4697204724409449,0.49,18,182,51,584,0.5048425196850393,0.7209580838323353,0.6660587901356725,0.48375960877652446,0.762402088772846,0.9196850393700787,0.2608695652173913,0.09,0.49,22,178,56,579,0.5109055118110236,0.7197604790419162,0.6705496845554735,0.49508496650955097,0.7648612945838837,0.9118110236220472,0.28205128205128205,0.11,185
96,104,331,304,0.47904191616766467,0.47937007874015747,0.5166551024069473,0.4445769701862955,0.7450980392156863,0.47874015748031495,0.22482435597189696,0.48,0.4729685039370079,98,102,320,315,0.4946107784431138,0.4930314960629921,0.5313845342649265,0.45800570957461206,0.7553956834532374,0.49606299212598426,0.23444976076555024,0.49,0.47777559055118113,0.49,21,179,60,575,0.505255905511811,0.7137724550898203,0.6654265621543551,0.48869997873479726,0.7625994694960212,0.905511811023622,0.25925925925925924,0.105,0.49,24,176,70,565,0.5048818897637795,0.7053892215568862,0.6636267687690589,0.49224311817750355,0.7624831309041835,0.889763779527559,0.2553191489361702,0.12,186
103,97,291,344,0.5353293413173653,0.5283661417322835,0.569320448135309,0.49310327563115663,0.780045351473923,0.5417322834645669,0.2614213197969543,0.515,0.5192047244094488,107,93,292,343,0.5389221556886228,0.5375787401574803,0.5726759842454604,0.49889248966141825,0.786697247706422,0.5401574803149606,0.2681704260651629,0.535,0.5381535433070865,0.5,103,97,291,344,0.5283661417322835,0.5353293413173653,0.569320448135309,0.49310327563115663,0.780045351473923,0.5417322834645669,0.2614213197969543,0.515,0.5,107,93,292,343,0.5375787401574803,0.5389221556886228,0.5726759842454604,0.49889248966141825,0.786697247706422,0.5401574803149606,0.2681704260651629,0.535,187
96,104,335,300,0.474251497005988,0.4762204724409449,0.5120413572048105,0.44087863345378114,0.7425742574257426,0.47244094488188976,0.22273781902552203,0.48,0.45532283464566925,92,108,330,305,0.4754491017964072,0.47015748031496063,0.5135003182805005,0.43894050219680425,0.738498789346247,0.48031496062992124,0.21800947867298578,0.46,0.4654566929133858,0.48,4,196,10,625,0.5021259842519685,0.7532934131736527,0.6618378473616595,0.44794983054328846,0.761266747868453,0.984251968503937,0.2857142857142857,0.02,0.48,4,196,9,626,0.5029133858267716,0.7544910179640718,0.6624756808461051,0.4484293084059148,0.7615571776155717,0.9858267716535433,0.3076923076923077,0.02,188
102,98,334,301,0.48263473053892214,0.492007874015748,0.5195821997842205,0.45147987299733583,0.7543859649122807,0.47401574803149604,0.23394495412844038,0.51,0.49362992125984256,104,96,336,299,0.48263473053892214,0.49543307086614174,0.5193651531887681,0.45279126213592236,0.7569620253164557,0.47086614173228347,0.23636363636363636,0.52,0.495248031496063,0.52,198,2,621,14,0.506023622047244,0.25389221556886227,0.12579052221935563,0.21581352158451783,0.875,0.02204724409448819,0.24175824175824176,0.99,0.52,198,2,622,13,0.505236220472441,0.25269461077844313,0.12340965128566399,0.21411764705882352,0.8666666666666667,0.02047244094488189,0.24146341463414633,0.99,189
99,101,298,337,0.5221556886227545,0.5128543307086615,0.5571305136382226,0.47990183911168144,0.769406392694064,0.5307086614173229,0.24937027707808565,0.495,0.5195748031496062,97,103,293,342,0.525748502994012,0.5117913385826771,0.5603944653066748,0.48107344632768356,0.7685393258426966,0.5385826771653544,0.24871794871794872,0.485,0.5155393700787401,0.49,21,179,48,587,0.5147047244094488,0.7281437125748503,0.674658134595698,0.4970533527565282,0.7663185378590078,0.9244094488188976,0.30434782608695654,0.105,0.49,23,177,53,582,0.5157677165354331,0.7245508982035929,0.6749256150539668,0.5008369201339072,0.766798418972332,0.9165354330708662,0.3026315789473684,0.115,190
104,96,316,319,0.5065868263473053,0.5111811023622047,0.5424369693792139,0.4715514592933948,0.7686746987951807,0.5023622047244094,0.24761904761904763,0.52,0.529748031496063,106,94,309,326,0.5173652694610779,0.5216929133858268,0.5525498304050782,0.4813624629137287,0.7761904761904762,0.5133858267716536,0.25542168674698795,0.53,0.5373897637795275,0.49,27,173,46,589,0.5312795275590552,0.7377245508982035,0.6886407006167486,0.5205188512275126,0.7729658792650919,0.9275590551181102,0.3698630136986301,0.135,0.49,27,173,55,580,0.5241929133858267,0.7269461077844311,0.6814245688523622,0.5136121160095652,0.7702523240371846,0.9133858267716536,0.32926829268292684,0.135,191
98,102,342,293,0.4682634730538922,0.4757086614173228,0.5060141852217894,0.43759101941747575,0.7417721518987341,0.46141732283464565,0.22272727272727272,0.49,0.46591338582677166,94,106,328,307,0.4802395209580838,0.4767322834645669,0.5179432377482585,0.44406433322697036,0.7433414043583535,0.48346456692913387,0.22274881516587677,0.47,0.46930708661417325,0.48,4,196,8,627,0.5037007874015748,0.755688622754491,0.6631130936356961,0.44890907679167635,0.7618469015795869,0.9874015748031496,0.3333333333333333,0.02,0.54,200,0,634,1,0.5007874015748032,0.2407185628742515,0.09504945439219004,0.19499592472294197,1.0,0.0015748031496062992,0.23980815347721823,1.0,192
91,109,297,338,0.5137724550898204,0.49364173228346453,0.5492611291807724,0.46714637795968667,0.756152125279642,0.5322834645669291,0.2345360824742268,0.455,0.5033700787401575,88,112,307,328,0.49820359281437127,0.4782677165354331,0.5349189680049712,0.45301543873363304,0.7454545454545455,0.5165354330708661,0.22278481012658227,0.44,0.49306299212598426,0.49,23,177,48,587,0.5197047244094488,0.7305389221556886,0.6788285275943633,0.5044562668643127,0.768324607329843,0.9244094488188976,0.323943661971831,0.115,0.49,28,172,56,579,0.5259055118110236,0.7269461077844311,0.6826080781550125,0.5163404670446924,0.7709720372836218,0.9118110236220472,0.3333333333333333,0.14,193
94,106,328,307,0.4802395209580838,0.4767322834645669,0.5179432377482585,0.44406433322697036,0.7433414043583535,0.48346456692913387,0.22274881516587677,0.47,0.46600787401574795,93,107,319,316,0.48982035928143713,0.4813188976377953,0.52707040050889,0.4506375328959561,0.7470449172576832,0.49763779527559054,0.22572815533980584,0.465,0.4706417322834645,0.52,198,2,623,12,0.5044488188976378,0.25149700598802394,0.12102190328900639,0.2124175066288979,0.8571428571428571,0.01889763779527559,0.24116930572472595,0.99,0.45,1,199,0,635,0.5025,0.7616766467065869,0.6598430502517718,0.43724197257416114,0.7613908872901679,1.0,1.0,0.005,194
93,107,316,319,0.4934131736526946,0.48368110236220474,0.530445069013809,0.45336911455407347,0.7488262910798122,0.5023622047244094,0.2273838630806846,0.465,0.4834173228346456,90,110,296,339,0.5137724550898204,0.49192913385826775,0.5492231662011292,0.4663142450537133,0.755011135857461,0.5338582677165354,0.23316062176165803,0.45,0.48237401574803146,0.48,5,195,11,624,0.5038385826771653,0.7532934131736527,0.6638247271314012,0.4523090834989047,0.7619047619047619,0.9826771653543307,0.3125,0.025,0.49,20,180,60,575,0.502755905511811,0.7125748502994012,0.6633905877864004,0.4850976361767728,0.7615894039735099,0.905511811023622,0.25,0.1,195
99,101,345,290,0.4658682634730539,0.47584645669291337,0.5035419698541966,0.4363777801992905,0.7416879795396419,0.4566929133858268,0.22297297297297297,0.495,0.4724488188976378,101,99,335,300,0.4802395209580838,0.48872047244094485,0.51735804330174,0.44894042796491607,0.7518796992481203,0.47244094488188976,0.231651376146789,0.505,0.4749724409448819,0.52,198,2,626,9,0.5020866141732283,0.24790419161676647,0.1138170640143861,0.20729126354489164,0.8181818181818182,0.014173228346456693,0.24029126213592233,0.99,0.49,25,175,70,565,0.5073818897637795,0.7065868263473054,0.6655722760949595,0.4956548536209553,0.7635135135135135,0.889763779527559,0.2631578947368421,0.125,196
101,99,326,309,0.49101796407185627,0.4958070866141732,0.5277664793631094,0.4573453156992542,0.7573529411764706,0.48661417322834644,0.23653395784543327,0.505,0.4871338582677165,105,95,327,308,0.4946107784431138,0.5050196850393701,0.5308931416452964,0.46286371064120385,0.7642679900744417,0.48503937007874015,0.24305555555555555,0.525,0.48423228346456687,0.47000000000000003,1,199,0,635,0.5025,0.7616766467065869,0.6598430502517718,0.43724197257416114,0.7613908872901679,1.0,1.0,0.005,0.5,105,95,327,308,0.5050196850393701,0.4946107784431138,0.5308931416452964,0.46286371064120385,0.7642679900744417,0.48503937007874015,0.24305555555555555,0.525,197
105,95,315,320,0.5089820359281437,0.5144685039370078,0.544658149139509,0.47411674347158217,0.7710843373493976,0.5039370078740157,0.25,0.525,0.5095196850393701,103,97,325,310,0.4946107784431138,0.5015944881889765,0.5310613048997669,0.4615175373179945,0.7616707616707616,0.4881889763779528,0.24065420560747663,0.515,0.49949606299212596,0.49,25,175,56,579,0.5184055118110236,0.7233532934131737,0.676625673044586,0.5058146237980677,0.7679045092838196,0.9118110236220472,0.30864197530864196,0.125,0.49,29,171,60,575,0.525255905511811,0.7233532934131737,0.6813435910526626,0.5167109736939032,0.7707774798927614,0.905511811023622,0.3258426966292135,0.145,198
91,109,315,320,0.49221556886227547,0.4794685039370079,0.5293663399026409,0.45091689620089825,0.745920745920746,0.5039370078740157,0.22413793103448276,0.455,0.47754330708661413,93,107,296,339,0.5173652694610779,0.4994291338582677,0.5526084011926485,0.47149325673109693,0.7600896860986547,0.5338582677165354,0.2390745501285347,0.465,0.4874055118110236,0.53,200,0,634,1,0.5007874015748032,0.2407185628742515,0.09504945439219004,0.19499592472294197,1.0,0.0015748031496062992,0.23980815347721823,1.0,0.47000000000000003,1,199,2,633,0.5009251968503937,0.7592814371257485,0.6586423393655134,0.4364189509101716,0.7608173076923077,0.9968503937007874,0.3333333333333333,0.005,199
