train_mse_sin_ch,train_mse_cos_ch,train_mean_abs_ch_err,train_rmse_ch_err,train_mse_sin_sac,train_mse_cos_sac,train_sac_mean_abs_err,train_sac_rmse_err,test_mse_sin_ch,test_mse_cos_ch,test_mean_abs_ch_err,test_rmse_ch_err,test_mse_sin_sac,test_mse_cos_sac,test_sac_mean_abs_err,test_sac_rmse_err,fold,perm,max_depth,min_samples_leaf,n_estimators
0.3787396797021012,0.46593404454099274,30.613780102345736,42.42207111907293,0.37978728598780415,0.46096366202812,13.831074195807847,18.099968886654054,0.43361044335519244,0.5726863906087112,89.79512867213232,104.09031251421433,0.4339102118811318,0.5674249472663855,89.43219573221081,104.38513718854495,0,obs,40,20,100
0.3775352484865223,0.47104192721938054,29.383535894653082,40.64078398258727,0.3790659746517863,0.4658954485498238,10.757075237771101,14.257350348288906,0.44698613327065756,0.5544276741210947,88.30386490597981,102.62882901492229,0.44595208798684394,0.5511286889806896,86.11396696624585,98.88053292319799,1,obs,40,20,100
0.3731616671740019,0.46807959024571916,30.47483750499754,41.89959689664569,0.3739051082383662,0.46337053079766605,13.807712857195696,16.791060027972406,0.4568275872686849,0.5472084814446208,89.5491648923378,103.56933598659256,0.4593564715196171,0.5401385957981911,90.051499008822,102.77645399204799,2,obs,40,20,100
0.37698741884810777,0.46256478637924836,30.38181818741887,41.993259926957926,0.3772855506344975,0.4582377167132413,13.786397413717593,17.808570631652227,0.4321909648395841,0.573038311808049,89.65814105943385,103.8369796036732,0.43590454344813306,0.5642604419952418,88.6345412300824,101.82507793843851,3,obs,40,20,100
0.3820985694544765,0.4666794023655393,29.337209448118728,40.56992853720829,0.3834610114024801,0.4617866807777956,11.634586594542924,14.210031644723234,0.42273231573554276,0.5784304020052247,88.3610143160257,102.77833847558556,0.42324407096529404,0.5739345640909599,86.50681086243472,99.48392074495317,4,obs,40,20,100
0.3783916839753103,0.4654799815866231,27.824436013328505,38.62805645869374,0.37971877309387264,0.46095270543075134,13.782016555267152,18.033581703327563,0.43329586008763515,0.5721199835406395,89.67625732607016,104.05019166739193,0.43388348199005106,0.5673575522912636,89.39063744502985,104.32869121237519,0,obs,40,20,200
0.37697238390733606,0.47011181234214267,26.361807463466846,36.41685116141629,0.3787566476850489,0.4654059440621079,10.696866033205385,14.189159000840931,0.44670950910533647,0.5539850753020782,88.21347731009591,102.47871360687193,0.4459268273824747,0.5511431866777526,86.0867638152983,98.80001692166472,1,obs,40,20,200
0.37307388872222075,0.4678900945219314,27.83787368374895,38.21802852695361,0.37410882477812685,0.4636486325876847,13.81901020788006,16.78168203558567,0.45655925464381625,0.5467066089377981,89.64019177316474,103.61541862790014,0.45940774452672617,0.5401594589551469,90.09079084077511,102.78127131487211,2,obs,40,20,200
0.3766030492302184,0.46200125326028174,27.598613855052893,38.21256549654688,0.3771961895027177,0.45813273246822367,13.724597889483496,17.713660477733796,0.4318487889596254,0.5725955090558583,89.55497105304578,103.71184260771815,0.43586044592125756,0.5642972444270589,88.66131692460968,101.77843734218294,3,obs,40,20,200
0.38122311546540427,0.46534909961018533,26.254327162702648,36.26187584384789,0.3828448623810319,0.4608740163615876,11.531812166383773,14.054711562140007,0.42243728398990676,0.5780771627530945,88.35029214602224,102.70703395823236,0.42322656148140453,0.5740148104575347,86.68787436297549,99.54661716336223,4,obs,40,20,200
0.37866798217021785,0.4658373362582715,26.090817529805648,36.21637998991911,0.38018190262655743,0.46159539483197326,13.852713489155004,18.091360533423153,0.4330981869228741,0.5717343031175285,89.53319071728433,103.92582068160552,0.43386425368581083,0.5672730949682689,89.36638522026028,104.27722395512957,0,obs,40,20,500
0.3768616398664653,0.46993255114620863,24.439397328099453,33.74069005390103,0.37880288715305477,0.4654761853310353,10.717370153691707,14.189243346097165,0.44655643652187654,0.5537202397207956,88.23514533869913,102.4501181082301,0.4459396398575525,0.5511589435118153,86.24894183802735,98.74306387087145,1,obs,40,20,500
0.3727453310594415,0.46731390756895325,26.06504634289692,35.68659243547762,0.37393675003272747,0.46334157048790675,13.763629376801862,16.722738564617032,0.4564005367063848,0.5463557322600998,89.58671421330698,103.52866102775866,0.4594152922997496,0.5400878520767997,90.0010395592413,102.6962623385131,2,obs,40,20,500
0.3765394370275935,0.4619306919466504,25.889495456856178,35.844060048014846,0.37730894589785047,0.45834440318241604,13.759284723577741,17.763005477226574,0.4316094184168581,0.5723803005525587,89.58858700706152,103.7028431123666,0.4357971400343523,0.5643698611280639,88.72381087918329,101.79464458316544,3,obs,40,20,500
0.3814019495322551,0.4655472081921795,24.391066331351155,33.62484986692897,0.38320283657310705,0.46133980767595273,11.582636654984736,14.093651825233172,0.4222330198255153,0.5778104614880214,88.29102830993762,102.62306285791307,0.42320269397996846,0.5740518651316645,86.52456214069295,99.44145940183945,4,obs,40,20,500
0.33652179186352527,0.4062369842659083,19.08720972237958,26.054833518901983,0.3365879431766654,0.4006565488921443,7.731082610093433,9.81515511699359,0.43437214125227264,0.573695032546385,89.717332991823,104.02012717239411,0.43383545124930567,0.5673022409897728,89.15283345474003,104.1995464074297,0,obs,40,10,100
0.33724214309861866,0.41235699652786306,18.51609622226313,25.07634424042077,0.3378368327377699,0.4066921886308205,6.227008978361668,7.837847505103043,0.44789446612613093,0.5553091602337277,88.50316044586192,102.81508542430574,0.4460672634027787,0.5508664787876583,86.03949674357821,98.87850208440574,1,obs,40,10,100
0.33012659958788126,0.4050508681582361,18.667617325481547,25.141848036818363,0.32995920791461264,0.399774353831503,7.602014600010191,9.292552154886538,0.457647496318513,0.5486503956238569,89.61577744475709,103.69256911637586,0.45933533922142294,0.5402994129538031,90.28050903949205,102.94913182059423,2,obs,40,10,100
0.33282212538367917,0.39990139066672437,18.662856892488215,25.287347327971467,0.33226220941282864,0.39499039587574136,7.541114008353919,9.303094252231087,0.4330708707999446,0.5745069037732097,89.74552016884742,103.93139218591652,0.4359155110795798,0.5644371281356196,88.75358854779572,101.91734721441672,3,obs,40,10,100
0.3409951197816741,0.40930906515557036,18.482482456764135,25.050919098429425,0.34143764478805716,0.403903962528016,6.613702252783699,7.99074600512863,0.423624384976586,0.5795197250888258,88.68116056739774,103.03132185869134,0.42337604536644907,0.5739235607363037,86.56313312525222,99.47226884714028,4,obs,40,10,100
0.3359650926378412,0.4054339865501002,16.813739782759146,22.70006363262401,0.33649903646616064,0.40055336253803075,7.687516892627786,9.778578042950768,0.4338850512529627,0.5729025178967899,89.56268069788852,103.94788930514156,0.4338358497137535,0.5672536701011858,89.13578879414425,104.04794257935413,0,obs,40,10,200
0.3364217578854152,0.4111790698491348,16.160188228812224,21.55536816080608,0.3374386507616279,0.40621082575054934,6.19535937875555,7.810669872440742,0.4474379575874714,0.5547374631304647,88.45390791593849,102.7304610088225,0.4460514233515009,0.5510382647856672,85.95769444826384,98.89051311688463,1,obs,40,10,200
0.3300053990113296,0.4048073409064371,16.54172589922821,21.910166964945674,0.3303153101191627,0.40024430161638236,7.594054180221801,9.27282233895337,0.4571811637490518,0.5478248788035331,89.70291931121643,103.73140887944012,0.45939146184000845,0.540295664270677,90.12230493905518,102.85412675595369,2,obs,40,10,200
0.33222204509546627,0.3991159988887724,16.48113002764411,22.07403826162731,0.3321438464159709,0.3949174187965512,7.4841079942900315,9.242881444006011,0.43252774057872334,0.5735368397157196,89.67323287622607,103.8766605737455,0.43588982157747547,0.5642595265931233,88.79704386602197,102.00671134635043,3,obs,40,10,200
0.3392587285790293,0.40678864846395935,15.964455817731501,21.24289759218265,0.3401387864012143,0.40205717684214926,6.5195007477672435,7.870818795569335,0.4230830324928947,0.5789550147788205,88.64788255187652,103.01262311990295,0.42328972405286075,0.5740461948415572,86.66127006357752,99.53232803548157,4,obs,40,10,200
0.3366710510852222,0.4063889837691589,15.484798394281599,20.822014461593195,0.3375235049758726,0.40194475534014307,7.748715989705044,9.829434539725483,0.43363292865173175,0.5723726731540653,89.51359890296018,103.88779736873585,0.43389404606972987,0.5672035058711173,89.25249657421773,104.11698142659579,0,obs,40,10,500
0.33646934257414784,0.4112462269637504,14.711668583386755,19.480878875245875,0.3377448193995836,0.40665900570893,6.20353925389581,7.816569774739413,0.4470997709836774,0.5542998276991203,88.41631071749664,102.69347539789023,0.4460049903887403,0.5510427412308401,86.04685396462177,98.75570974519212,1,obs,40,10,500
0.32952412983904344,0.40397394839236034,15.187969339497863,19.949028952166312,0.33010349937272854,0.39983695314670475,7.561703016818087,9.245637450073769,0.4569451274353859,0.5473028633435277,89.58866913312411,103.6052652291744,0.4594474239533458,0.5402153236466336,90.0692005417385,102.77842967548976,2,obs,40,10,500
0.33186661833813874,0.39872846507765797,15.1159610499974,20.17393618448219,0.3320840050803461,0.3949654919371678,7.47978370458622,9.245602271345964,0.4321592053577409,0.5731252772053171,89.62137009628518,103.79347422018246,0.43582592070966714,0.5643148331249959,88.79960071744367,101.96495703512215,3,obs,40,10,500
0.3396760882643663,0.4073380988533602,14.549470824404082,19.195665360849283,0.3408334180054228,0.4030016787694028,6.544456492753711,7.875926229615676,0.42271547663411113,0.5783516241510155,88.42588225871978,102.80155804023607,0.42323196468951596,0.5739131236864194,86.31408117211545,99.23520186147304,4,obs,40,10,500
0.2741745738451109,0.3280100052772324,11.843830694140776,15.589281417645884,0.2726823059429064,0.3213590178339809,4.2325574385822895,5.2318807770164355,0.4354138155466069,0.5749727568063984,89.6811016845038,103.94865514066643,0.4337363442327287,0.5671173205217448,89.15891511923766,104.258326753906,0,obs,40,5,100
0.27735489150163983,0.33580448794671636,11.635619716323008,15.202885417220797,0.27638686677122903,0.3291453944819937,3.511543805784315,4.320207144117226,0.44873595704477365,0.5569456289010033,88.76316630096409,103.1134922005824,0.4458773826313109,0.5511015612191943,86.29709116107543,99.19269048986845,1,obs,40,5,100
0.2661482920764974,0.32279952969862863,11.47037440939249,14.848908434447825,0.2646829123584706,0.3167164399948834,4.142411378537772,5.0497024706848554,0.4585965272631003,0.5505052973113729,89.67020658671147,103.7878672863775,0.4591139738039159,0.5405858409946581,90.52717700778862,103.28244114574056,2,obs,40,5,100
0.2674963055529382,0.3179122587978891,11.468023770476904,14.899729823650071,0.2657198876080544,0.312204789519615,4.088385860374058,4.969760163924454,0.4341970449340565,0.5758191382299455,89.68163255569254,103.89141770998023,0.4358410000853053,0.5642249184746252,88.6017461594543,101.78580403520492,3,obs,40,5,100
0.280601055399901,0.3340773754315128,11.632303492841242,15.202478070838898,0.27952631914051096,0.3277115756843349,3.6701752836693937,4.3970528379537654,0.42464286960923664,0.5807857671174393,88.8537925083428,103.1773569098693,0.42333558287094586,0.5738857999350915,86.64353363246926,99.5171586414345,4,obs,40,5,100
0.27334204995843375,0.3267540253670618,10.221031904326958,13.285040789634653,0.27255341932407845,0.3210819697861695,4.222888240855385,5.214609654731707,0.43460619273727324,0.5739470169026905,89.71717796792628,104.04232996949132,0.4337260356035043,0.5672499679432733,89.12740300971174,104.09365580470674,0,obs,40,5,200
0.2761620429166281,0.3341707251146044,9.943823055355555,12.811015335150477,0.27586117451223874,0.3284927659930432,3.4822363102782976,4.291225275452487,0.4480563070802937,0.555835837457026,88.68918938679661,103.01988950599015,0.44591909570826077,0.5511141879110676,86.40459827404958,99.16013693230832,1,obs,40,5,200
0.26581499878900944,0.3222800319144966,9.953687193716902,12.741315505187732,0.2650353828905196,0.3171953255007125,4.129411668588566,5.028602225444176,0.4579292921149566,0.5489643206461964,89.68550917818,103.74491356131144,0.4592952197808829,0.540291628828522,90.34176505623039,103.18143921881574,2,obs,40,5,200
0.26627921967050044,0.3162196076138256,9.892253271147233,12.731405072626243,0.2652274964641239,0.3115084909800713,4.045300255534708,4.9213456395999975,0.4333241390607921,0.5747622748052323,89.73274912608703,103.94528115958876,0.4358074251329408,0.564339841505313,88.92946127162435,102.14063944141864,3,obs,40,5,200
0.27756548427309713,0.3299947501396127,9.817483485852007,12.62720747992752,0.27720755590080065,0.3246692156099112,3.6150193165123583,4.32278010583762,0.4238802118904912,0.5798918215694256,88.87764150589848,103.18874875969593,0.4233111596263066,0.5739977906856887,86.87838100068318,99.59474312608128,4,obs,40,5,200
0.2745483288570214,0.32832991004493706,9.225229792076698,11.94089044977638,0.27422730249430743,0.3232550821651339,4.255458752662861,5.239059550666039,0.43426467524403595,0.573127161030058,89.61080581114564,103.95094296028276,0.4338964953212152,0.5671582586670526,89.25641545942783,104.1580409868773,0,obs,40,5,500
0.2761557793237131,0.3341543812751409,8.872794776273947,11.372198739317454,0.2762352707079605,0.3289915608999034,3.47611465543595,4.279562583711009,0.4476438591711211,0.5551519177329938,88.58826838526413,102.84493819641456,0.44596747660239155,0.5510856450678772,86.20352292427049,98.77672303404778,1,obs,40,5,500
0.265111766299907,0.32117530001744393,8.956778262622436,11.415263243327002,0.26475204869396746,0.3167027132484865,4.112642657229907,5.013829021449139,0.4574267565063054,0.5481373345291777,89.66267007197352,103.67572689755116,0.45928619740490495,0.5401809283235921,90.2284031487519,103.10359298911013,2,obs,40,5,500
0.26568326377947327,0.31549060484892905,8.888542345303964,11.418848003103715,0.26507663979235085,0.3114094609865779,4.037120637331118,4.908125073184629,0.4327954588831106,0.5739888691799407,89.63593587139064,103.83555481264749,0.43577572324024616,0.5642844078972361,88.82639806402523,101.99015393739909,3,obs,40,5,500
0.27818444297778144,0.330772414944111,8.778704109526437,11.242325565334811,0.27820554791149754,0.3259514264652114,3.6424778137047227,4.339093443205072,0.4233607958120719,0.5790931157526507,88.7248739614872,103.03147642648707,0.42330215641087804,0.5738882573940997,86.42870907957432,99.27004383632082,4,obs,40,5,500
0.1462644323611027,0.18222299114800258,5.17090468945955,6.866095541663891,0.13853273207489872,0.17014762118704604,1.4467931574777388,1.6674871748818751,0.4378196329212207,0.5774730532402924,89.8117161361728,104.01865531573523,0.4339348588573161,0.5670675364931391,89.20921151941074,104.03873482674089,0,obs,40,1,100
0.15188635698744052,0.19143276036782883,5.129278731014526,6.773226504223739,0.14466502513119525,0.17941174129564372,1.1188262393309722,1.3183972078393478,0.4510447942772099,0.5592794630535605,89.06665048391082,103.30556919810945,0.44602921095143394,0.5510794204304121,86.0691522309074,99.33412518023626,1,obs,40,1,100
0.1338980630197033,0.1703295182372271,4.8969431814130875,6.352732623824341,0.12774696316360734,0.1605161754281007,1.3860770624560708,1.5910308668507736,0.4607386532655599,0.5534185052729961,89.7949760670416,103.86212818401353,0.45892228423822096,0.5408061813170356,90.41673499965236,103.05869445921591,2,obs,40,1,100
0.1330768629882554,0.16505170760336801,4.863183485225227,6.3079248939544605,0.1268356759996958,0.15565767291414478,1.347023180884131,1.5481495141060015,0.43651221483098746,0.578685695062425,89.6503894402076,103.83055271469041,0.43579183667634297,0.5642896413951177,88.92501066445406,102.14491618592919,3,obs,40,1,100
0.15483256609617513,0.19133444289095203,5.170409133551215,6.822176266021609,0.14782674483852792,0.17995692841250466,1.3033936845270035,1.4984633711683166,0.4266738258834152,0.5831655452598629,89.00931764658287,103.27703688814567,0.423301507908525,0.5738617176725002,86.64265028323052,99.71089753758731,4,obs,40,1,100
0.14512902380198578,0.1806507923745304,4.207723185428251,5.519373371527493,0.1384535327976247,0.16992946648268992,1.4332798243108564,1.6424263169766085,0.43625918434578115,0.5756237013813328,89.85016706585209,104.08731636048482,0.43391734846455243,0.5672057296387352,89.26831110599812,104.14249395038485,0,obs,40,1,200
0.15027282323243044,0.18932253735245955,4.120767659944318,5.35718176831393,0.1441813216981444,0.17879284977550916,1.1118733843123303,1.303580822567498,0.44954870491024057,0.5574895710555064,88.9066683161466,103.1891447482484,0.4460018318883832,0.5511821382811095,86.1130079441447,99.34094544364136,1,obs,40,1,200
0.1333147636739966,0.16947620462480245,3.989925453807734,5.127500400327998,0.1281905133523676,0.16102826832606054,1.3806203707405795,1.5768998797619032,0.4593483960175948,0.5510063521493549,89.81301368550021,103.86301555668732,0.459157886198977,0.5405141954831765,90.37773261133344,103.15110541157983,2,obs,40,1,200
0.13134707924044528,0.16281096114720253,3.935802932560026,5.0557431664001315,0.12619661266430895,0.1548225282871281,1.3288211344798544,1.5175913814582092,0.4350406786022377,0.5764696227975487,89.76052183354668,103.92706597556612,0.4359176464600995,0.5641402320453762,89.11825665931254,102.43208191968598,3,obs,40,1,200
0.14955688261671915,0.18467614460703324,4.088879574692641,5.301444499094907,0.1439608740711762,0.17516739046277907,1.2591578491958453,1.4373285895599694,0.4252873487842679,0.5814838858131478,88.93621204485535,103.20499129125443,0.42329167894423614,0.5739566602726177,86.67913851875387,99.46080941371825,4,obs,40,1,200
0.14675051131493083,0.18263953933858268,3.561793679129847,4.6562719955345155,0.14072840671547476,0.17268368109196935,1.4451335860504,1.6486606266438895,0.4354196043693913,0.5742272096204539,89.75272715499229,104.04170579928702,0.4340389600589319,0.5670815170610156,89.38802495597845,104.20749980105182,0,obs,40,1,500
0.15031435231899884,0.18940039815483378,3.4224356880051325,4.422600080407508,0.14472832512500575,0.17953042885612247,1.114322223929851,1.2974810815527764,0.4485903992304017,0.5563852623328494,88.83038458798517,103.1138678512119,0.44592480992802913,0.551183029954324,85.9811909635657,98.94451762331435,1,obs,40,1,500
0.13241254877300826,0.16817088114343876,3.349116419283525,4.274983268068105,0.12798221537683405,0.16062996176564187,1.3754953761312037,1.568495089850287,0.45856339190571166,0.5494853819427521,89.7225231310953,103.80866627008939,0.4593279638417689,0.5402426427322687,90.10420161479634,102.87706074555541,2,obs,40,1,500
0.13049473391758573,0.16181247127160878,3.2902667087706647,4.200978474631955,0.12608991773834213,0.15479052646476757,1.329945518741863,1.5111426538747874,0.4341127343828005,0.5752726833983558,89.68436485445167,103.83945776752981,0.4359690083264575,0.5642269408715622,89.19940735507448,102.46789918858687,3,obs,40,1,500
0.15065542694330153,0.18604794277828857,3.427718243071433,4.435448773978697,0.14543961915155693,0.17703411201562883,1.2688390526867033,1.4424025348093117,0.4244024910422819,0.5801717768632451,88.84052828494538,103.13660869095857,0.42334265397976667,0.5738059420994419,86.41537208133181,99.2276938656015,4,obs,40,1,500
0.3849136146228804,0.47550835518617673,33.11085210784315,45.71235789556997,0.3861618244883734,0.4706838133605862,15.39479690556653,19.59954784294191,0.43342135327173115,0.5723034771033156,89.66443090590064,104.01255920830872,0.43387648327372513,0.5673250066660518,89.35937670550265,104.31563092028507,0,obs,35,20,100
0.38388747560424824,0.48118660708257704,31.63064711061007,43.61935125399511,0.38563434346878295,0.47620525853724965,11.966735534293559,15.539037045913974,0.4468000002093853,0.5540716041488145,88.17541647598198,102.50012825199394,0.4459194001599219,0.5510566466829585,85.95009952445939,98.7029983742308,1,obs,35,20,100
0.3786493754333425,0.47694591247418466,32.51470926514162,44.5116653375201,0.37957186191167425,0.4724046757011123,15.287406130316068,18.373909004281497,0.4566935954188613,0.5469477668653799,89.52243252306491,103.53660402897586,0.4593739976613661,0.5401440822738733,89.99200291460447,102.71410034795346,2,obs,35,20,100
0.3826763826627192,0.4711675973048812,32.31745989537081,44.51750243412998,0.383169641900979,0.46703046098390644,15.20214741703072,19.208048011137674,0.4320149113691082,0.5728006083785574,89.61605684249712,103.77398879661087,0.4358855245408694,0.5642675092893231,88.59030988367114,101.7315513917627,3,obs,35,20,100
0.38871159384200876,0.4767095403423534,31.768213105338283,43.82815198019807,0.3902912482873062,0.47197705464664375,13.155329386775076,15.856420119693068,0.42260929111687895,0.5781521287935995,88.35733324634684,102.76786973512574,0.4232924416162774,0.5739363168919045,86.53142848675103,99.4527087188618,4,obs,35,20,100
0.38462606626750623,0.47509240111120343,30.275652625299198,41.89094197049651,0.3861226766289227,0.47066765238406116,15.357615420915437,19.538762664444814,0.43313945511868923,0.5718685669642859,89.59941603705239,104.01790402216159,0.43385428765726053,0.5673275429063313,89.33563403081801,104.28172140355208,0,obs,35,20,200
0.38336616498955917,0.4802825818354151,28.413813426687657,39.18988075409458,0.3853426203122591,0.4756990443675524,11.896160344610845,15.465884374476671,0.44658257685852826,0.5537055737219618,88.14731741726776,102.3831041797232,0.4459314739802813,0.5510933066904862,85.97801148732981,98.64103564298381,1,obs,35,20,200
0.3786079675575047,0.47680832528548706,29.84709949467773,40.82146102138226,0.3797937991028532,0.4726898745939014,15.305563220025434,18.375024317455743,0.45644768252392076,0.5464484562133293,89.60846420617746,103.55178744068456,0.4594218830672223,0.5401158018318784,90.01330052539956,102.72836733896104,2,obs,35,20,200
0.3822177871926374,0.47046365704224896,29.39654814308916,40.55394263493826,0.38297524940509015,0.4667397419103033,15.095692489873246,19.073298514414468,0.4317247038266455,0.5724280284065582,89.53688340197657,103.6856711879337,0.4358599412219286,0.5643293103391781,88.67274337713926,101.75092286574053,3,obs,35,20,200
0.3876378547702002,0.47515705688180127,28.397646539583704,39.18693292362879,0.3894420590470575,0.47079581857644215,12.965784116655275,15.604010643074012,0.42231813605803536,0.5778695994676072,88.2986913214035,102.6231119718205,0.4232404105365371,0.574034191824156,86.72079094515121,99.55222724646106,4,obs,35,20,200
0.38499937422980973,0.4755988662883403,28.535951251254108,39.46988128715351,0.38666952266606713,0.471435108316736,15.478013599117263,19.647809439835143,0.4329831231438914,0.5715695040766593,89.56482186679978,103.99555209091916,0.43386043400517516,0.5672999735837778,89.3529928462155,104.26121049961093,0,obs,35,20,500
0.3833016088282566,0.4801550171416902,26.372224642977148,36.335896937007874,0.38541647881191193,0.4757886727462309,11.936196440748855,15.473797235299335,0.4464404608158737,0.5534961647688474,88.09513327950194,102.29416202935485,0.4459389990193415,0.551132504729569,86.17502003964812,98.6996013135186,1,obs,35,20,500
0.3783047860940345,0.476235901334621,27.997740750224946,38.19102979872868,0.3796317271436892,0.47236074663800015,15.234054930511375,18.303177548977043,0.4562974115455105,0.546134250359158,89.57229337938632,103.48380035503624,0.4594193129226494,0.5400560949442742,89.95033801254968,102.66201633326004,2,obs,35,20,500
0.38214280785309584,0.47037977492352834,27.607770477957693,38.053185545382746,0.3830585724055509,0.4669114712929303,15.134011924599843,19.125906762618396,0.43150017950653846,0.5722305472065894,89.60152014338311,103.70430365852448,0.4357926311272053,0.56439840197504,88.72759602933026,101.79252563707537,3,obs,35,20,500
0.38787263988930154,0.47541780559478936,26.513324038648133,36.50503425836491,0.38983774174150965,0.4712964771452659,13.05414260501701,15.6824069258786,0.42212708982498093,0.5776273489494076,88.23999319568875,102.56290018694177,0.4232100992574734,0.574064551577336,86.5192433544822,99.40899111063617,4,obs,35,20,500
0.3500629006092483,0.4261302048209711,21.630871039191344,30.070591475117478,0.3504158709188633,0.42060789835030254,8.92253055547136,11.005136433527932,0.43400231718330934,0.5732467379871982,89.69756610739103,104.0278492913782,0.4337790396372036,0.5673588076091608,89.0996552785892,104.1313252927397,0,obs,35,10,100
0.3508330631106976,0.4329282654467414,20.789557966894613,28.62499337662524,0.35174355566201804,0.4273608269973192,7.091857558494279,8.780516011187094,0.4476282434246388,0.5548181602837476,88.48092284091301,102.76182795215799,0.44612503219376215,0.5509087768232505,85.97859969312645,98.70003738043593,1,obs,35,10,100
0.34277413306071536,0.42420587052589404,20.699506967527395,28.16465254449863,0.3428907056376579,0.4190584027916854,8.734013214948575,10.508920058747002,0.4573418441670521,0.5480652371534138,89.59260711623057,103.66777514411943,0.4593498480653975,0.5402313563714557,90.2299955169711,102.89527169707395,2,obs,35,10,100
0.3456979174639453,0.4185238013696937,20.603374093304534,28.18383571723355,0.3454235920414774,0.41377040247092667,8.633390497760963,10.407736549548547,0.4327787125464162,0.5739793622432688,89.7583916419722,103.96211962474248,0.4359474952163937,0.5644170901965889,88.69350719222587,101.8225150050877,3,obs,35,10,100
0.35523223385468405,0.4299726699558315,20.948067966289766,28.933563125194382,0.3559981866880839,0.4246695229406763,7.741715323415333,9.192299664368317,0.42319393484192086,0.5790894907301023,88.55887185640825,102.89476429483322,0.4232788157113599,0.5740232835580482,86.50594143748742,99.40113739497049,4,obs,35,10,100
0.3495882263266301,0.4253697202109192,19.03791098720064,26.087995398684978,0.3503443669242531,0.4204623801733907,8.877650906389945,10.96515754464517,0.43363071438699197,0.5725424257665372,89.55711727268893,103.95204649897235,0.43384067762748474,0.5673067355770921,89.20648089690222,104.11479113038398,0,obs,35,10,200
0.35017156514680564,0.43192881554466095,18.028507591273787,24.353569316894287,0.3514549538178278,0.4269643944816943,7.063429264449522,8.748330690139936,0.4471743632751214,0.5543055538118686,88.3410851099714,102.57940661926159,0.446052502362414,0.5510251398513987,85.89957521435896,98.73098409206405,1,obs,35,10,200
0.34266504699606004,0.4239863757093817,18.331369763690976,24.46459641536578,0.3431916663031725,0.4194662383432407,8.728213969104903,10.480922834368709,0.4569339155288953,0.5473735149514963,89.6901947334477,103.6934228848633,0.45939679197621064,0.5402580560689575,90.14062198435985,102.8441593434906,2,obs,35,10,200
0.3450959264376656,0.41770024782935034,18.113183681181415,24.374625681965995,0.3452419656658014,0.41357683359350533,8.566869400856799,10.33880340717378,0.43232107798938546,0.5731312794968942,89.69976242163479,103.88212971603406,0.4359390905992741,0.5642553250520599,88.80999980963425,101.98658960248342,3,obs,35,10,200
0.3533233853635936,0.4271995122879099,17.89902243360468,24.162004683522397,0.3544625583503442,0.42248735562663314,7.589796566326886,9.010721579522343,0.42273886881173317,0.5786099110010658,88.55911419383644,102.91159175116972,0.42320547944064235,0.5741214883398226,86.60746605092542,99.47475437658832,4,obs,35,10,200
0.3503680769798522,0.4264855454122673,17.54835459901873,23.819290621610705,0.35141108747559063,0.42196825320994064,8.970082237777667,11.043855686915608,0.4334148563255437,0.5720836274217463,89.52964883641322,103.95441782287794,0.433891182418911,0.5672684756426143,89.29337716938988,104.1936444835331,0,obs,35,10,500
0.3502024932940378,0.43196313687194265,16.331060527003213,21.759931784134803,0.3517056112096584,0.4273216270377585,7.079183271935727,8.751579717251952,0.4468697649586854,0.5539425010365079,88.27047103529429,102.51719220997632,0.44599627709506967,0.5510394442377984,86.06490931851927,98.6779168972665,1,obs,35,10,500
0.34235765239161675,0.42343004846892174,16.81207247665229,22.13561825828562,0.3431240724334102,0.4192850347488235,8.712938342115692,10.46736313396682,0.4567230131722107,0.5468715552857852,89.57868587057904,103.53490507164649,0.45944325832504285,0.5401486790127437,90.01024660658348,102.69975224680353,2,obs,35,10,500
0.3447462857397602,0.4172932591060914,16.538759494940432,22.039237575030906,0.3451528586688311,0.4135603506300129,8.561363288525426,10.337183882212772,0.4319673210422056,0.5727702104505716,89.56269709793449,103.7333739674648,0.4358493064714164,0.5643036120109494,88.77935218447595,101.93313690898043,3,obs,35,10,500
0.3537436830576869,0.4277588308198254,16.34015343862993,21.77718400389595,0.3551183313444429,0.4233843494289096,7.6364446582267815,9.035270652256017,0.4224841922772386,0.5780671804374119,88.36782474983598,102.7108451279287,0.4232144628927339,0.5739820078755868,86.37586404558763,99.2574036302469,4,obs,35,10,500
0.2995043564532376,0.36254184212685686,13.953246482551751,19.20584408203641,0.29818821549048996,0.35551951186725916,5.138536133886234,6.151249331129223,0.43490728388754873,0.5742668725838556,89.66702620411323,103.94457498081655,0.4338015353324668,0.5672645458825933,89.37587119633143,104.44779690623483,0,obs,35,5,100
0.3022122551661841,0.37055432527608345,13.516520556298854,18.316484666128673,0.3015039911255075,0.3635931866123428,4.156395153992145,5.030358928473149,0.4481962287932481,0.5561043751454223,88.68098217935089,103.01763349246824,0.44587982866261233,0.5511190745459896,86.14375814183775,99.0607540266697,1,obs,35,5,100
0.2902699416044183,0.3564997696665343,13.134456609632148,17.405012627358648,0.289002490401648,0.35014493854135503,4.9974562715828155,5.986685333525038,0.4580189802018911,0.5495242425366249,89.70360574335987,103.78240122210191,0.45910820345136516,0.5404721796170492,90.3315010007969,103.11769385663018,2,obs,35,5,100
0.29183781429278727,0.35061981280613747,13.035331242618888,17.294213095967407,0.2902271189235767,0.34467835270063824,4.925799101026722,5.8241064184072515,0.4335211966391084,0.5750177097033929,89.66402686291136,103.86472284942496,0.43574523945827687,0.5642623991980394,88.57215355877311,101.77294090614642,3,obs,35,5,100
0.30645116694689145,0.3690888028551951,13.631671096912736,18.538411662230484,0.3056614758515779,0.36248724862032694,4.49995562251861,5.287187167745773,0.4240080004453486,0.5798931335453823,88.76650720717103,103.09136189347187,0.4232907736590288,0.5738243897141525,86.51715206628674,99.31905388796946,4,obs,35,5,100
0.2987843636846334,0.3614128171463914,12.008306393748242,16.148374725982563,0.29807079373578144,0.3552234547090523,5.129118579157585,6.132726073312708,0.43421821594095533,0.5734176115281432,89.7498633922949,104.09832999465132,0.4337922252299755,0.5673779534682366,89.27007961900637,104.24526827179109,0,obs,35,5,200
0.30151041509551907,0.36957289561736933,11.453890133662854,15.07853695645181,0.30138243770692785,0.36345768704414044,4.138899468228831,5.00727602138243,0.4476069720355755,0.5551620031585037,88.51916634099572,102.81463066741523,0.4459075476133779,0.5511169072422245,86.16930876955283,98.87174070148278,1,obs,35,5,200
0.28975825925413173,0.35581322085171146,11.347422014711672,14.682529187068031,0.2890751415303607,0.3503408734536214,4.982543090354866,5.95310427640898,0.4574703608884624,0.5481922570067908,89.70425164775571,103.71546056865259,0.4592753014336083,0.5401950653638344,90.13798321589042,102.97110601947557,2,obs,35,5,200
0.29072156248063724,0.34907287120167263,11.188123306201788,14.538789562427661,0.2897309188264612,0.3439912759303027,4.866932356928988,5.7577777558722145,0.4328159057972106,0.5741520176476574,89.62885892451395,103.86888952327189,0.4357447110475086,0.5643934606483848,88.96107389021716,102.11840582670737,3,obs,35,5,200
0.3034130589927626,0.3649146051128989,11.346897243800525,14.915971383278636,0.30323487970428176,0.35921835058574686,4.4155924053478754,5.182051262468705,0.42338222804517983,0.579226711983059,88.75249206290815,103.04965631982839,0.4232673130950034,0.573988872523439,86.71265074407445,99.44592648040896,4,obs,35,5,200
0.29988545938264055,0.3628922637508346,10.842409837398334,14.33633357609303,0.29958816500502616,0.3572350252387533,5.17015914698466,6.167136441424624,0.4339136185481801,0.5726760694898426,89.6659804014586,104.03836952254925,0.4339111386597781,0.5672472206047197,89.28568668253492,104.21091106216359,0,obs,35,5,500
0.30141199937968755,0.36943275529958264,10.161235968400753,13.161519209525594,0.3015973408308132,0.363742246386807,4.13308083117105,4.989109049584925,0.44725691518348537,0.5545933988231632,88.40961338867756,102.67645657322286,0.4459453357686636,0.5510851665083076,86.17285553421206,98.7101031583807,1,obs,35,5,500
0.2894743574688604,0.35523617808604374,10.230366495593582,13.085005121432298,0.28915223402019274,0.35028299655586803,4.978905629152073,5.9486385949843505,0.4570718225190145,0.5474995995101234,89.69828919904089,103.67119619927081,0.45929897947394527,0.540127338297076,90.11746875460258,102.93406572552334,2,obs,35,5,500
0.290148075899431,0.3484065298592666,10.024202588452614,12.883093759628178,0.2895421041142305,0.3438794018028358,4.866704068834079,5.747643914218878,0.4324146707173732,0.5734914654446231,89.5579519357129,103.77676362028517,0.4357697730333663,0.5643447162858584,88.88602425162652,102.04288388352755,3,obs,35,5,500
0.3040177937304539,0.3656881232895681,10.173477113545111,13.2255273932342,0.30415267872231944,0.3604107175072302,4.46189727057356,5.211873119170245,0.42295766832977677,0.578547812374278,88.55800916493219,102.83064048570526,0.4232590504308356,0.5738866213157562,86.4644380887579,99.2213667647725,4,obs,35,5,500
0.19436413513376438,0.24192154596270232,6.7471380658482065,9.73972141861194,0.1854444932870681,0.22732462626660904,2.0781021508714423,2.3458747157498725,0.4367419133610352,0.5761945643464448,89.7928894844058,104.0299050030363,0.43399794832722355,0.5672005937546513,89.3851488613397,104.29991709347462,0,obs,35,1,100
0.19906869420358184,0.2510061520039691,6.51746777439165,9.157593917499318,0.1909724530076118,0.23677280533650108,1.609160143333972,1.8576376443349962,0.4499516410873127,0.557949816605252,89.03338159757766,103.25272575623426,0.44601167549786874,0.551125277345012,86.12790899500718,99.13612713914276,1,obs,35,1,100
0.17997341629408908,0.22825584650373953,6.128888493624893,8.23945186352198,0.17258499108210812,0.21600918463543028,1.9887732329835774,2.2719628594230272,0.4597028626149914,0.5516428728611896,89.64650790027319,103.6659545302282,0.4590012412073065,0.5405250778502616,90.03437773148697,102.60903445901305,2,obs,35,1,100
0.17941735921651733,0.22183202783649045,6.046144412566626,8.1308597323428,0.17166806135390417,0.20986834378470262,1.9427631631085542,2.190741166331349,0.4353709211691646,0.5772442244797211,89.63261375900471,103.83797994810723,0.4357147182862942,0.5643120425953184,88.64182638097196,102.10819992308295,3,obs,35,1,100
0.2034711696217783,0.25138444349899197,6.6379310448381545,9.338163572260068,0.19580895294890147,0.23816686059150757,1.8867592098942854,2.1414623288969254,0.42571827238779336,0.5819154945077941,89.03575368747521,103.32032681980338,0.4234213705800234,0.5740267069351482,86.88826824360383,99.81694553104876,4,obs,35,1,100
0.19317613787116186,0.24025701680470465,5.556361377935466,7.770435370153671,0.18518192978263753,0.2268486819793634,2.065396334030325,2.3196696349588772,0.4354540809582663,0.574704652919424,89.85691449135562,104.13624161906156,0.43393644858159275,0.5673383726796485,89.40641867747767,104.30553774326131,0,obs,35,1,200
0.19839669955730774,0.2500495176546787,5.282971596461309,7.152002998352599,0.19129918627665526,0.23710839067412057,1.6077467538513082,1.8504228371383542,0.4486683637755885,0.5563816951847563,88.76801241682159,103.02845452594642,0.4459261489944497,0.551125791025859,86.13113507613801,99.0092774130957,1,obs,35,1,200
0.17904915438627403,0.22709414370425512,5.069148345883082,6.687981866401218,0.1726117926353733,0.21613776881864494,1.9862315311433938,2.257610225142212,0.4585965199974453,0.549739681634986,89.762198189452,103.751309608273,0.4592190816980805,0.5403614073471446,90.13320079197098,102.83016802241305,2,obs,35,1,200
0.17774962026122515,0.21965311705627533,4.957183382424057,6.533740485708676,0.1709433670224456,0.20891426375378855,1.9104646224139497,2.144198786165166,0.43412605516230346,0.575496191489344,89.62806493061083,103.84878661429224,0.4358026222713411,0.5642622452502478,88.88871136902928,102.33211497066867,3,obs,35,1,200
0.19832886158543514,0.24480514345720678,5.250075304612852,7.077900342202521,0.191851314159773,0.23317808192398742,1.8293765961999284,2.0664593321956515,0.4243920806759287,0.5805515377366018,88.90523532520076,103.19571096437741,0.4231936471581049,0.5740974539549759,86.75415509682594,99.68544341355228,4,obs,35,1,200
0.1946198173649571,0.24209043314354337,4.811489056172224,6.645403554111727,0.1872592224724013,0.22942688521973564,2.0832838245664393,2.3348780677395604,0.4347276177098916,0.5735404452127179,89.76079806036961,104.07468978769286,0.4339824896018107,0.5672300280585121,89.41892798560684,104.25384931010544,0,obs,35,1,500
0.19834511810071456,0.24999107378705235,4.458859134889257,5.959866299057636,0.19165799820112597,0.2376028033660418,1.6101938564915048,1.8428802678602443,0.4479812934959696,0.5554845215310075,88.62231773117017,102.87515067722809,0.44594406574979295,0.551127499707989,86.24017130413863,98.9066482688344,1,obs,35,1,500
0.1788142255587597,0.22665380156069695,4.367554850358021,5.706086449534879,0.1729599718674148,0.21644597622366255,1.9895211355511406,2.258686291311293,0.45790586338055556,0.5485555653768643,89.77540763306381,103.7896422197759,0.4593145967255291,0.5402129604411124,90.0260980275776,102.75426553520605,2,obs,35,1,500
0.17689892269722654,0.21870164277096882,4.222247843799059,5.499477022235396,0.17076323123822296,0.20883820037386483,1.9165986283383163,2.142135263415706,0.4333066576772007,0.5745123802474179,89.65481229401973,103.8445155076765,0.4357966592420883,0.5643461065384905,88.8835639054073,102.20358791186742,3,obs,35,1,500
0.1993685628977808,0.2461431598536639,4.5239071922415794,6.0718320030773745,0.19320857285561696,0.2349266316984459,1.8493200011737827,2.0840621741215783,0.4237334647551803,0.5794078852474287,88.7625733417891,103.03291743376988,0.42330239855818635,0.5738868446633768,86.59271004387533,99.44426188441315,4,obs,35,1,500
0.3939141014781673,0.48953235717051596,38.11578582690535,52.19020503018563,0.39544418375333007,0.4849136727978763,18.587477747360087,22.803468419120403,0.43319660081751693,0.5718394270412906,89.55929373494018,103.95901037227216,0.4338835357765391,0.5672529924894131,89.31300394167953,104.28593697372428,0,obs,30,20,100
0.3926833161678801,0.4953370766334961,36.04009123313713,49.388023668833185,0.39471768092658627,0.4905648130834258,14.401547039096465,18.10914241087624,0.44660929491491,0.5537172109695206,88.07477256015295,102.35189538477229,0.4459516375983865,0.5510819233114711,85.81384976984968,98.48451049309874,1,obs,30,20,100
0.3872766434623665,0.49089156758181596,36.84233343300932,50.02339027366888,0.38846286856594286,0.4865927603686896,18.412675139886062,21.814135500243204,0.45650630443590545,0.5464501029752689,89.53767400969856,103.48489258127232,0.4594166813963476,0.5400592105184819,89.86304763322259,102.56336460624888,2,obs,30,20,100
0.39145946865521913,0.4846711367850206,36.4300488209435,49.78065167333305,0.3922190015995971,0.48079472057179395,18.17997633136463,22.26315884749889,0.4317622151588726,0.5723842495002067,89.56679441671871,103.7407421269693,0.43586185955249934,0.5642390148184471,88.59146966078822,101.73611057517131,3,obs,30,20,100
0.39793367154531667,0.4908865812905027,36.48352089072787,49.99380569673339,0.39980175543623897,0.4863638737536691,16.191457221894932,19.241982502333244,0.42239835108202745,0.5778154563723279,88.31447377244473,102.64457001556744,0.42330935351396964,0.5739971145210612,86.6302693479173,99.53170241854316,4,obs,30,20,100
0.39368690901002623,0.48922161385469587,35.426506106297765,48.77826373964152,0.39542112821964887,0.4849341774631141,18.55420292021999,22.745509068961447,0.432972933410554,0.5715232544357138,89.5715519442928,104.0302269527138,0.43387637653899275,0.5673027843072131,89.35245412223584,104.30255811922348,0,obs,30,20,200
0.3923390976925104,0.4947111152814078,32.76116186493101,45.02657920762214,0.39456932519486115,0.49027747684321854,14.334980355183202,18.03500403029001,0.44639807804558546,0.5533870881064383,87.9619358755686,102.16735534691706,0.44592909421792537,0.5510862733703663,85.81080434781907,98.43015641037962,1,obs,30,20,200
0.38716323130716584,0.49067774466649416,34.209494507021226,46.484526950251485,0.3885662311261975,0.48672753409086084,18.405677764657497,21.792783087332797,0.45630684645643116,0.546026139545712,89.597636383363,103.47188084879122,0.4594666561214845,0.5400299886536625,89.93677150900702,102.64156863336939,2,obs,30,20,200
0.3910264930661387,0.4839573766558441,33.433893908784036,45.82656399645589,0.3920112288696435,0.4804301781664174,18.018958042813512,22.07501550492416,0.43153640032758245,0.5721074391000416,89.53583698912607,103.66547498649264,0.43585733221598966,0.5643259681263929,88.68805635510313,101.7446544205902,3,obs,30,20,200
0.39692269833609256,0.4893870442430526,32.94838934088596,45.2919622953751,0.39897366044798577,0.48517385117977324,15.919161105035286,18.87515939744153,0.42215439129036125,0.577574036097793,88.1779999299677,102.44802400459739,0.42326207220684203,0.5740580230037452,86.72479777218973,99.52333284081217,4,obs,30,20,200
0.3940600118011891,0.48973193800510445,33.89742695854098,46.704854207745065,0.3959423855906059,0.48566916718670994,18.745074592083757,22.927750885380462,0.43284008620247477,0.5713104274053008,89.55051798305361,104.03250594088809,0.433877319374392,0.5673202269475348,89.36565376164006,104.29644295880281,0,obs,30,20,500
0.3923074500246426,0.494657442188655,30.65444736698028,42.12340527880578,0.39465211742667283,0.4904018637146779,14.39879893859185,18.06962614806597,0.4462919100852623,0.5532172300714653,87.98696664148942,102.10878511013466,0.4459455998098656,0.5511231759073854,86.11342290641475,98.59859471953368,1,obs,30,20,500
0.38696439568340657,0.4902818757913821,32.441269546008385,44.03169937302655,0.3884875114029785,0.4865344171337762,18.341100557892887,21.72595608694794,0.45616733782683366,0.5457920781605022,89.57795823341493,103.39495416086838,0.4594512342082091,0.5400024073745058,89.91647592313417,102.62131039036012,2,obs,30,20,500
0.3909690535652497,0.48390272947340573,31.617672524449123,43.309784754705525,0.39208565444132243,0.48059014131944744,18.068558753477706,22.13658630573862,0.43133744082354253,0.5719401488166623,89.51734991028565,103.61393920199366,0.4357892584542319,0.5643780317088181,88.6860824872907,101.74550045313066,3,obs,30,20,500
0.39709785644345375,0.4895764567992532,31.175113387374218,42.8787679337251,0.39928227942127703,0.48556172166851186,16.027550542224365,18.975215947573034,0.421978800140635,0.5773768448527284,88.10120606887224,102.3498991781876,0.42321698913513395,0.5740774386441445,86.52674045957241,99.39221337446062,4,obs,30,20,500
0.3682266715295619,0.45312173106838916,27.148733229918328,38.55583324142012,0.3690052558626146,0.4477831403740803,11.340676108121908,13.514338000732158,0.43368775400774207,0.5724884268971219,89.72328305384814,104.09359148903846,0.4338899322754285,0.5672809647969878,89.22925328933157,104.23700563402991,0,obs,30,10,100
0.3681492185546946,0.45944257991992776,25.46680002830207,35.88946203543379,0.3694978743799769,0.4540750270920725,8.8310869023642,10.644912608201878,0.4472170680836721,0.5542759423358873,88.36777873680923,102.62425390803429,0.44611245720060166,0.5510247821114861,85.89080762437786,98.62508254628588,1,obs,30,10,100
0.36042585987179804,0.45134371224116265,25.283925812207467,35.09648554595996,0.36094244014448856,0.4464179015941504,11.071965460427714,13.025906351244583,0.45689504564486444,0.5473129171307551,89.59636967878644,103.60900753524162,0.4593234908355238,0.5401813765962343,90.15249726767533,102.84679878364211,2,obs,30,10,100
0.36386516272875724,0.4452436195882979,25.036597235337997,34.95253727441109,0.363974007820908,0.44072609666480966,10.883413051307446,12.761567584217657,0.43231451299792023,0.5733414240492483,89.7599360630007,103.92308295952692,0.4359173301312937,0.5644656795928951,88.73600393236005,101.85459873877747,3,obs,30,10,100
0.37333453694749946,0.4566409871703969,25.99047383055901,36.65207757797258,0.3745430937596679,0.4515505852061136,10.018051132613328,11.660841921013471,0.4227415303701631,0.5783737369436167,88.43164798218369,102.74115145864435,0.42323664785493154,0.5739633932950771,86.4354028370763,99.29394467751285,4,obs,30,10,100
0.3677571779766185,0.45237906681667245,24.273260208787065,34.44106623675144,0.36885470802014014,0.4475327965946826,11.269251395489285,13.439480212138838,0.43339595420976956,0.5720038709948901,89.6046384673418,104.04407220054304,0.4339426607690731,0.5673056943888861,89.33996568286358,104.24012212029736,0,obs,30,10,200
0.3678868373512596,0.4590205979760984,22.326118305927732,31.171159093409077,0.3695446294883086,0.4541415615516164,8.842429821208654,10.64993366302065,0.4468567163976603,0.553873128444673,88.19142759537819,102.4202926013223,0.44605402351431633,0.5511248363497129,85.9565348010402,98.71545601329484,1,obs,30,10,200
0.36026496799138547,0.4510560894520155,22.567743423912244,30.913060282686118,0.36110997489249413,0.4466342156500228,11.06493211936442,12.995600783745628,0.4566122376168969,0.5467390589253213,89.6417220432443,103.57234082481014,0.45941195262849194,0.5401763061814819,90.07887745007378,102.77830585968502,2,obs,30,10,200
0.36326160778348154,0.444391387366134,22.099546592557633,30.44505437367899,0.36371397083265167,0.44038696317282644,10.791408315337822,12.667078659866393,0.4319388135362659,0.5726648731780871,89.61447212944958,103.80182756779668,0.4358933798008723,0.5643365521132303,88.76455450545927,101.94274522290401,3,obs,30,10,200
0.3716932561277918,0.4541473510699049,22.34434694764648,31.159115972336174,0.37320164064728917,0.44953482778811754,9.794008121343015,11.395194281083377,0.42242566287559735,0.5780551079674395,88.3840889848473,102.671408755047,0.42322043266890297,0.5740908376987284,86.64502095111312,99.4277374252442,4,obs,30,10,200
0.36835075765203507,0.4532399643190938,22.68665549717093,32.081301696333234,0.3696873052949569,0.4487192206159079,11.39819020502419,13.55517570479529,0.4331659149924581,0.571662019002537,89.52865068213961,103.98883175987991,0.43391786117503156,0.5672966970063748,89.32950956834891,104.22716334006215,0,obs,30,10,500
0.3678447848847115,0.45900653430206917,20.267630251962125,27.92171245994943,0.36967010527239547,0.45437732039883305,8.868351215431073,10.661422007869012,0.44660746402663676,0.5535582648374355,88.13311002035664,102.32756869108532,0.4460020698302923,0.5510999412327182,86.10021984492016,98.6604052159167,1,obs,30,10,500
0.3602029028832578,0.45087524411059376,20.86711187382292,28.181847000946938,0.3612460033355162,0.4467593430230219,11.081915176288652,13.014232191247327,0.45644027962359984,0.5463674637123405,89.63555529713511,103.48257860158043,0.4594446883168338,0.5401302638719246,90.01459316131655,102.67868148957439,2,obs,30,10,500
0.36299308561448457,0.4440397014348127,20.199094806084386,27.4202469669053,0.36365518837405847,0.44035364550493494,10.793588115322063,12.673557004381557,0.4316617462346683,0.572339654090499,89.55198542155716,103.69944001030943,0.4358284762631686,0.5643392775404712,88.71123782717304,101.84510405381715,3,obs,30,10,500
0.3720198528185877,0.4545799266392096,20.657388558081273,28.602044873374137,0.37371461385857896,0.4502351204031122,9.850812582463824,11.434657244919634,0.42220290630700574,0.5776683215380145,88.22196012126668,102.48380014039198,0.423199898575239,0.5740166324387794,86.41449657511643,99.22956648064829,4,obs,30,10,500
0.331628740842437,0.4070219910372979,19.01688804793141,28.22143989466253,0.3308767306672832,0.4000249722732518,6.9658472207385245,8.079943082914605,0.43421302084801644,0.5732167124659457,89.74944485574164,104.08781974055563,0.43381370107791417,0.5672450725107732,89.43726768705724,104.4594979932618,0,obs,30,5,100
0.3327309889283929,0.41387724251054026,17.7266476431989,25.68649023947807,0.332610493904402,0.4069907717217268,5.464328884379596,6.450628434238459,0.4476462458745592,0.5551610515968355,88.47453312095449,102.76323205802993,0.4459691028566439,0.5511505544395867,86.04854071215892,98.70796556528319,1,obs,30,5,100
0.3222281009375029,0.40196082019485824,17.13329154147466,24.094787211508713,0.3214377840479625,0.39562324389193654,6.803325114381696,7.935638774953847,0.4573834045129253,0.5482073328666018,89.58615356171245,103.63905581595161,0.45919881457150225,0.5402510486849823,90.15523444585712,102.89549861260085,2,obs,30,5,100
0.32440472549410465,0.39516570036462145,16.849444639309663,23.724222626460516,0.3231907596174242,0.38921486222708696,6.646551168968551,7.637786971614672,0.43280542908007097,0.5739443782163786,89.54992256052223,103.74383459866316,0.43574961368675175,0.5642413632251081,88.48540099595778,101.69632849423847,3,obs,30,5,100
0.33804125630983034,0.4124189098499173,18.094951620925702,26.32269454577085,0.33788132266341964,0.40597325494354425,6.171833645472588,7.095795797621891,0.42340505909721604,0.5788513746882448,88.5336023790025,102.8502245345034,0.42336613363600434,0.5737578017358327,86.45340638041749,99.18848482494816,4,obs,30,5,100
0.33091040130659793,0.4059253847509542,16.528905304982857,24.31570043713779,0.33062585549691237,0.3996023087155823,6.9396538099625875,8.04348846876661,0.4337217099712037,0.5726040487135189,89.70252064787914,104.12496475496108,0.4338394306636664,0.567360208338604,89.38540754632783,104.3425445723467,0,obs,30,5,200
0.3326669145143109,0.4138133553878852,15.115474945019383,21.438683309455225,0.3330170267161441,0.40760530833803077,5.485292570917646,6.4599566683126275,0.4471540917167787,0.5543675107548665,88.32256755879773,102.59818712208047,0.44595189514125605,0.5510995563231526,86.01917639191814,98.61242412035621,1,obs,30,5,200
0.32161486240151943,0.4011172506177998,14.812557626828928,20.2376860170018,0.3212823733826021,0.3954881370517408,6.769761335748053,7.873531387743832,0.45699219435450356,0.5472352852637259,89.62036367687018,103.57498999371265,0.4593530203525233,0.5400834816606369,90.03740250290748,102.79445286257342,2,obs,30,5,200
0.32342612580245167,0.39379406411057083,14.42311575753161,19.698971150498952,0.32270192851220936,0.3885253354030692,6.563628293499186,7.542221591055469,0.4322725657840786,0.5733360730774824,89.53009880823797,103.72405933674592,0.4357545685998594,0.5644041761869215,88.78758030840817,101.96254410761127,3,obs,30,5,200
0.33565434343561407,0.4090808330874297,15.037507744509048,21.21984964510579,0.3359683301358935,0.40334513010403555,6.061473226287037,6.959623565307148,0.4228955426126855,0.5783969217178924,88.56665377136113,102.8448736961555,0.42330216852886804,0.5739327404392619,86.74253071023041,99.42709010467674,4,obs,30,5,200
0.33159268879047515,0.4068333679020387,15.111221065147035,22.02635845169356,0.3316484626714228,0.40095369416074333,6.993772240535306,8.0873720623194,0.43347674937436226,0.5720535387757403,89.66206554795971,104.10137056247623,0.4339080977938216,0.5672767763233596,89.34964945487592,104.27340289042836,0,obs,30,5,500
0.3324750559445093,0.4135427040304722,13.382760660238603,18.489301086653022,0.33306090268861527,0.4076496755144606,5.484391295965705,6.44236304471068,0.44687701438492655,0.5539866417542255,88.25715086387089,102.45206684762175,0.4459765062729164,0.5511264696487435,86.16763566680102,98.6187175081631,1,obs,30,5,500
0.32173336792231066,0.4010937482493965,13.461392144316406,18.00751470981171,0.32168893023954087,0.3958711815490101,6.795291207183982,7.899153770567984,0.45668541126635026,0.5466978955506332,89.68351217098403,103.53861089562587,0.45936859961337545,0.5400372930531991,89.9959698588376,102.73626960164101,2,obs,30,5,500
0.3229715045446017,0.3932820925627072,12.896762141075316,17.127902625604676,0.32255319976425695,0.3884529233683424,6.572300770738753,7.539839924350749,0.43195340503416546,0.572794305187346,89.49804806542174,103.66944698782905,0.4357651783325863,0.5643353122818954,88.7383332734347,101.88165470262625,3,obs,30,5,500
0.33611111825012824,0.40968684210001166,13.664312060595758,19.07504578995994,0.33667058456766075,0.4042727712323369,6.115726987098979,7.000596908674446,0.422504499127761,0.5779720685824932,88.38284171310868,102.5683848101841,0.4232169218112065,0.5739416433777691,86.47367792482912,99.18740223668044,4,obs,30,5,500
0.2552741463716953,0.3186055657934402,10.785858264704478,18.05038210904646,0.24738718122671532,0.3039297439100587,3.3307293598497107,3.726034345645341,0.4354306882831365,0.5745649038115846,89.80686805080263,104.09797506442668,0.43391965559401285,0.5672785454577068,89.46884907066259,104.41222938029038,0,obs,30,1,100
0.2576193597426206,0.32590933000234923,9.807122861209413,15.610930264092287,0.25063571940746787,0.3116861399576846,2.545558211505844,2.899755212221868,0.4486929739140131,0.5564015942667573,88.67381382612564,102.95533961853637,0.4459146485542561,0.5511473318140289,85.97670778961532,98.86146555237009,1,obs,30,1,100
0.24162346744545563,0.3071581542778595,9.181835173529931,13.694809712676648,0.23470726206569031,0.2942642273643266,3.2401561208263834,3.6688783297344854,0.4586344834423242,0.5496589844352742,89.55626547240018,103.58812029684023,0.45925019616072577,0.5403080750417927,90.1876799431354,102.87712994824217,2,obs,30,1,100
0.24172980451282225,0.2994200661696801,8.939074390778398,13.342332335778849,0.23405557963017087,0.2865239113230056,3.1458228594141504,3.5076209975778143,0.433855805506161,0.5754909534907278,89.51798206900436,103.80004612400344,0.4355384532968306,0.5642907334810237,88.3770228243136,101.69566931874988,3,obs,30,1,100
0.2633059511235211,0.32631464804552396,10.08004878627502,16.032689530802184,0.25693869699918886,0.31341537314261464,3.0309963674176053,3.4099330363694724,0.42446366010330205,0.5801280135625743,88.75626915090702,103.01337741014792,0.42336267561519597,0.5738377323010376,86.41287369321935,99.23015499483506,4,obs,30,1,100
0.2539729821374163,0.3168424255156175,9.033311598604202,14.777700945156122,0.24681730578228342,0.3031353218499485,3.3046627393830184,3.6845603503616204,0.43451013761512597,0.5735173858946045,89.88265296388441,104.19290047036631,0.43390893504669353,0.5673917761930618,89.51718466791326,104.37772298404222,0,obs,30,1,200
0.25801726915378925,0.32640082068059956,8.099252412406342,12.350352238126227,0.25184367945740255,0.31321365721486094,2.575801386789376,2.9228013568841287,0.4477471436112989,0.5552139162749197,88.46640623333482,102.71899363087557,0.4458447186689868,0.5511473906256342,85.91092635143836,98.74878455396255,1,obs,30,1,200
0.24044056984634762,0.30560741111231743,7.675397202442321,10.911930968258286,0.23432674381496385,0.29382910904085013,3.222205328941301,3.6390511110084764,0.45779714326185983,0.5482214651843477,89.65939730433197,103.63043110613202,0.459368901708086,0.5401513104703549,90.22888123780555,102.97032852832656,2,obs,30,1,200
0.2402009074212387,0.2974166468514842,7.4112858140585685,10.515290452328697,0.23327792569572484,0.2854976590619711,3.1030064803130744,3.447354614576347,0.4329946440064752,0.5743207422414403,89.56689329403115,103.7965655080045,0.43564138611960246,0.5643770261489259,88.74582470011951,102.08578990158844,3,obs,30,1,200
0.25946713796396786,0.32121480176893746,8.022792477763527,12.004760239743103,0.25395220351955267,0.30947168048923834,2.9681197146965674,3.3326594616114376,0.42348601498619215,0.579194648542995,88.62928973024177,102.8904731093818,0.42318006527812296,0.5739411430324062,86.44917424708059,99.20839228833174,4,obs,30,1,200
0.2548653821100474,0.317938124612729,8.039498067229962,12.914852086478266,0.24823993239719638,0.30486839535488774,3.3282681406005494,3.706565970115258,0.434015707088832,0.5726458769442497,89.78626331340361,104.15339596778801,0.4339612734123923,0.567290187820053,89.48064997133743,104.36778208264828,0,obs,30,1,500
0.2576946187080218,0.3260444281840441,6.941770169011644,10.166584295676376,0.2518281178754392,0.3132714426281119,2.5777511448201214,2.9160047761670826,0.4472960130422045,0.5545168836442523,88.28179693830177,102.4939231888286,0.44592046746319924,0.5510962796219451,86.00432070702833,98.5575698230187,1,obs,30,1,500
0.24074450369923847,0.30588305804933447,6.824948094059557,9.46747483344548,0.23509268611591275,0.2946891674773475,3.2340576887225674,3.650885325029835,0.4572991751800466,0.5474549295707923,89.69879030729412,103.62318169272228,0.4594438689507169,0.5401544082762483,90.08063702610252,102.86436483253976,2,obs,30,1,500
0.2395619442971262,0.2966978384445634,6.450003971624189,8.82459719734201,0.23317690594104382,0.2854802952898467,3.1101808645345916,3.449413779738823,0.43250673895365,0.5735600340312512,89.57342326893684,103.76541333412283,0.4357480281603043,0.5644082474016362,88.73167091275505,101.97887913277691,3,obs,30,1,500
0.26019687006730247,0.32217472522015045,7.131018902855061,10.501099096108216,0.25496306510759137,0.3107835085474344,2.9922226332454014,3.353669553974255,0.4229612450466684,0.5784448337448682,88.52585728333757,102.74266863396677,0.4231993250704635,0.5738607615886671,86.32220925683018,99.08631993225136,4,obs,30,1,500
0.4055339724315266,0.5079061283844563,47.29509364046691,63.23966716668278,0.4074251891287717,0.5035817610474034,26.0969019615627,30.946473130470128,0.4329826800003508,0.5713085767110686,89.56074120399748,104.04014917897332,0.4339589545049295,0.5672216158794782,89.35809897300699,104.3198470102591,0,obs,25,20,100
0.40353614840172236,0.5130817761570544,44.217767507565384,59.36620659959955,0.4059292874431116,0.5085998902788683,19.669194682539963,23.923840129767395,0.44639137823603925,0.553262392072444,87.84051951466928,102.02766236412347,0.44599677998358667,0.5510948820628851,85.85456922676183,98.46864438912881,1,obs,25,20,100
0.3987822160845501,0.5099085028071596,45.32754757358713,60.191565950988604,0.40031459887348203,0.5059338074653278,25.71058791925241,30.289129463718552,0.45623215620954044,0.5458439064619965,89.5110076839001,103.36495981901709,0.4594446473119304,0.5399714185829046,89.90364547842924,102.58263708493085,2,obs,25,20,100
0.4033250492258965,0.5031509740778863,44.69930746159538,59.8235284835386,0.40443195978704255,0.4996198014194048,25.12965945729102,29.90033694006882,0.43147388644151463,0.571901723120597,89.47967822252525,103.59668313160321,0.4358757989417555,0.5642687481219246,88.62927200277767,101.74909802284176,3,obs,25,20,100
0.40932542704530295,0.5086384802278932,45.00183955791791,60.303464787763254,0.41154984742849643,0.5044030202054047,22.984233602060968,27.247927005247927,0.42208636366641894,0.5772548726907926,88.06665078239699,102.31780369270464,0.4232735207658424,0.573903341814426,86.45296484654227,99.31048269709207,4,obs,25,20,100
0.40530723412328507,0.5076290942024544,45.192587877845575,60.82338892944241,0.40734879753760883,0.5035533316247179,25.97254990373714,30.821097026806527,0.43277354709174864,0.5710968752257745,89.56823941033304,104.06356942649651,0.4339083347236269,0.5672736394936655,89.36835062860936,104.32039738629145,0,obs,25,20,200
0.4034947673206222,0.5129497532949449,41.49956277346882,56.04923778958992,0.40604056041372993,0.5087206703720758,19.71593817812358,23.94000954500013,0.44621021139021544,0.5530161089172719,87.68172537864916,101.77033418997421,0.44595867488258917,0.5511013899594652,85.8794205727283,98.4464410897863,1,obs,25,20,200
0.3986086934704499,0.5095749580438093,43.16297873823619,57.48952088662071,0.4002984212777575,0.5058550583003583,25.604800051853683,30.17502157302424,0.4561117389047643,0.5455304031306516,89.56562724791132,103.30262772988272,0.45951137856538365,0.539950957137444,89.90157321448531,102.61414395667836,2,obs,25,20,200
0.4030195440913331,0.5026604327478938,42.253620227998006,56.83778628080957,0.4042994227731431,0.4993930382758635,24.89665772059181,29.619393642147006,0.431282782424095,0.5717298489190579,89.4751726470177,103.56138308411508,0.4358474226882103,0.5643680991403794,88.6712239053166,101.74289281529003,3,obs,25,20,200
0.4085981224972632,0.5075521371967118,41.877939413946415,56.53512341771399,0.41096135836700975,0.5035516541668055,22.544856464867713,26.604000553681022,0.4218923730588537,0.5771704782216592,87.89863629270774,102.09133025305361,0.42322152925057194,0.5740399248256942,86.64160322816352,99.45942662928448,4,obs,25,20,200
0.4055068889805335,0.5078583464674379,44.11942128652636,59.52748177601461,0.40766038857158654,0.5039538564504626,26.191755693550704,31.042643995589593,0.4326871314966877,0.5709849933926349,89.55022292155276,104.0849169587197,0.4339217610669762,0.5673312815767048,89.43424223410652,104.36581333569504,0,obs,25,20,500
0.40345539155910115,0.5129179585892922,39.69272296459844,53.74638909659998,0.4060821234374789,0.508820719039263,19.78658588966414,23.974555305932235,0.4461270960050692,0.5529184865257469,87.70397153468299,101.7246990244113,0.445966288861562,0.551154846361055,86.0867103345344,98.55668066374966,1,obs,25,20,500
0.39862854327149466,0.5094938243204886,41.932596058923515,55.84397342498305,0.4004135072022026,0.5059299848385235,25.662518083848415,30.274023551675185,0.4559959033997665,0.5453211988011232,89.50549965473404,103.18382952966049,0.4594868182771676,0.5399068453121983,89.85966276307792,102.55011052619685,2,obs,25,20,500
0.4029679640525612,0.5026154349897561,40.780140421266466,54.921668889790155,0.4043441759471142,0.4995055630791673,24.959856985383354,29.688831717393327,0.4311428619950559,0.5716244397921981,89.48585389314746,103.49931636202392,0.4358080695620425,0.5644242203260563,88.67248111569876,101.74194601193133,3,obs,25,20,500
0.4087252698097963,0.5077042718233248,40.55622420347943,54.8818716750278,0.4111871145202105,0.5038492852777756,22.7214333759114,26.80143984981044,0.4217696969798569,0.5770746424144724,87.85823269178614,101.9962560480585,0.42319313718050594,0.5741016657339499,86.51401654484077,99.3791922620887,4,obs,25,20,500
0.38931680305118727,0.4850319699424462,37.98536471274228,53.25763220740195,0.39069743306866483,0.4801355948887892,16.772430284159615,19.46530011038513,0.43326067193842493,0.5716673167552613,89.67409541234193,104.09948052303287,0.43394824423781436,0.5672246707969144,89.35412370110464,104.34978643585511,0,obs,25,10,100
0.3879119970377683,0.4901341407234191,34.840128010761305,48.87247449010107,0.3898356345092015,0.4851754664715027,12.719504882618434,14.896567029444462,0.446728963313746,0.5537831842383012,88.0736387920188,102.23669764890529,0.44605846994171594,0.5512513260675186,85.99053790338068,98.64001388017462,1,obs,25,10,100
0.38200395248542557,0.48512483013174745,35.27941144735012,48.86004493654613,0.38307439890854833,0.4806252755198487,16.443963542711877,18.986390910378315,0.45652823057693154,0.5463659986720468,89.5582426319067,103.43051541642602,0.4594604877631534,0.5400644142956056,90.11712168410459,102.76225104477248,2,obs,25,10,100
0.3859773319514482,0.4783207006427524,34.80192879758954,48.57005138485861,0.38661874423764087,0.4742486213390458,16.069968346766004,18.42551549091433,0.4317900029593996,0.5725073184385422,89.62758793055514,103.76124224480371,0.4358962051509644,0.5644307979759482,88.67139648285956,101.79707195620729,3,obs,25,10,100
0.3938669141141328,0.48718874124073086,35.84620871904652,50.19173331090078,0.3956668915387068,0.48252293058818496,14.957089991548294,17.214515915191186,0.42225076485591945,0.5776834905594289,88.15451114208874,102.37392847587039,0.42319619881694465,0.573973743303913,86.45268892604354,99.28431250476004,4,obs,25,10,100
0.3889163289289213,0.48435588245344485,35.27860283310741,49.928735555469274,0.3905270743785565,0.4798149412553025,16.64231146417873,19.308851255859253,0.4330342714260348,0.5713461949017455,89.54896032286636,104.01091044944178,0.4339639164012915,0.5672485357429279,89.42794756159952,104.34530091573023,0,obs,25,10,200
0.38809091999454687,0.49043661188251986,31.953793925904442,45.10543555360511,0.3902481144181872,0.48583296118243385,12.839322656951161,15.00809231610367,0.44647983389878854,0.5533922661049545,87.91565066220234,102.02359771830746,0.44602940169599065,0.5512215966393315,85.98052046627654,98.61366390373468,1,obs,25,10,200
0.38176366327009564,0.4846747569050179,32.642430931151694,45.28949477701527,0.3830667625972302,0.4805357784550948,16.38386620696843,18.895953930593357,0.4562914721661319,0.5460055208054442,89.58691644584488,103.33872561492139,0.459483009949319,0.5401061504804573,90.05948408182385,102.73664969550799,2,obs,25,10,200
0.3855188251302842,0.4776184393051749,31.938172343904263,44.69447414300166,0.386406740383371,0.4739154537888574,15.9408694318297,18.287584484987235,0.4315263371815276,0.572065049047926,89.51288656290839,103.6384289513129,0.435874015411413,0.5643750979778396,88.72713783665289,101.87369113244443,3,obs,25,10,200
0.39281988460367223,0.4854966133112617,32.168253777315044,45.3613034996904,0.3948344203942265,0.4811746280267691,14.669381765304427,16.870801360000364,0.4220100776419367,0.5774834974172244,88.02168269507033,102.21893773373732,0.42316007929710237,0.5740901859767902,86.63876452849802,99.38526076924195,4,obs,25,10,200
0.38921818788088747,0.48476198226085654,33.94756012404492,48.23340555340133,0.39099906634777254,0.48045769926468546,16.80538571240661,19.463851574808135,0.4328587642091374,0.5711851907269224,89.50513275521685,104.02646022341362,0.43392747920503927,0.567318000937262,89.41443277321659,104.31521249755961,0,obs,25,10,500
0.387973563521523,0.49034177275459356,29.893883465047214,42.2463349054289,0.39024728619140653,0.4859102510566083,12.882220183784742,15.035299209876719,0.446284340052149,0.5531463145185043,87.77668497195505,101.83564918015183,0.44597198268486826,0.5511743809777622,86.05901557057648,98.58270107557676,1,obs,25,10,500
0.38193081902132964,0.4848234529646326,31.17719666850773,43.12662687204108,0.38337936065524314,0.4809129668676964,16.48090120531506,19.008588078771787,0.4561504109036288,0.5456636361746308,89.52342316212912,103.22158537096941,0.4594831642891354,0.540001970034366,89.91141500272433,102.56870978953918,2,obs,25,10,500
0.38537996905973176,0.47740204460369967,30.04794711355999,41.96722778026279,0.38642109452869766,0.47392400707198024,15.965442263115808,18.317588414808668,0.4313117505211622,0.5718395615829293,89.45687768430821,103.5311229912491,0.43581128988184115,0.564386150991362,88.67157638119374,101.79873811873794,3,obs,25,10,500
0.3929868593559824,0.4857634336970152,30.61706530480542,43.28083775481018,0.3951330262788484,0.4816262016720326,14.745095774757118,16.932194458401554,0.4218956200882643,0.5772316910965343,87.99943756170376,102.12473570339914,0.4231865123632556,0.5740598465037273,86.45315771345068,99.26891097866688,4,obs,25,10,500
0.36680279381802633,0.45657198045092023,29.90575555795805,44.58162200118507,0.36714598570150325,0.45043724686398706,11.080824707636955,12.60335146899633,0.4334650382237354,0.5721523752986905,89.60688559786765,104.0402486973344,0.43381617078421963,0.5672885765307186,89.36677402346884,104.39874082130643,0,obs,25,5,100
0.3661341706818947,0.4621837821078523,27.18122820026104,40.304931955621356,0.3670564911495831,0.45606113926764374,8.479486316684609,9.739573067389191,0.4469456667499406,0.5541628040067023,88.15642163923916,102.35809906090896,0.4459311842330794,0.551174886105702,85.72957742751571,98.37198726325286,1,obs,25,5,100
0.35895333510525473,0.45520348255774506,27.06213069096611,39.38806394312898,0.3590960142170062,0.4495737466969792,10.965867855848817,12.502659672748784,0.45677550328223043,0.5468518413749368,89.57485047562275,103.48735756228741,0.4593672784272347,0.5400940930553391,90.03757585892347,102.68511123135862,2,obs,25,5,100
0.36168151808261745,0.44724262431025447,26.379848446373703,38.6886806098426,0.3613242960135863,0.44196080625707806,10.5923692897607,11.946846523903469,0.43204626247985434,0.5728909797400477,89.52739852974216,103.66323054563176,0.43577285712915126,0.5643293254342422,88.47247839388339,101.59341408294866,3,obs,25,5,100
0.3723313982767475,0.4601923335808291,27.902987448081973,41.303540292655796,0.37323520612974037,0.45453716720472387,9.912978187193183,11.247208800291373,0.4226507446421272,0.5779822468543012,88.26079266604219,102.49737184313967,0.42330243409862056,0.5739069438769518,86.5700485255368,99.29501515343489,4,obs,25,5,100
0.3662857524048109,0.455670198409879,27.249077691918558,41.12879004814122,0.3669417233092943,0.4499917869794458,11.012267895763454,12.519955705787012,0.43318717163455056,0.5717294425953311,89.71958808130549,104.19395181557175,0.4338729934952225,0.5673359999141712,89.37385473754968,104.31862789742759,0,obs,25,5,200
0.36659244771311006,0.4628409473575765,24.39702350116424,36.42469843150396,0.3678554919423439,0.4572025942004699,8.580947589390636,9.826053660565435,0.446609603741178,0.5536289815465856,87.91810041219878,102.06685735390337,0.44592765729992095,0.5511621265836316,85.86614521054659,98.41029887270746,1,obs,25,5,200
0.35833579743624466,0.4542954138696508,24.233543487157014,35.16799704201378,0.35879492637841454,0.449161177644395,10.886882609198706,12.394634773132566,0.45651373597549166,0.5462196790989179,89.58226614550652,103.41501778507468,0.4594629771793042,0.5400002721700656,89.91090871712689,102.61154422887255,2,obs,25,5,200
0.3610653226589898,0.44632440724912353,23.55945173219407,34.49634812784214,0.36104431803841375,0.4415130905451366,10.503257294103006,11.830315194158416,0.431721122992495,0.5724894602698818,89.48882468309573,103.61286304171587,0.43580796802407007,0.5644559264822702,88.73869247210312,101.86969055997132,3,obs,25,5,200
0.37097343303276625,0.4581479969913285,24.340911825017233,36.19894318883021,0.3721899459400749,0.45296468584751876,9.796453481996922,11.102054517618987,0.4223093717726511,0.5776203923885262,88.14365849579077,102.35163123758822,0.4232567515911184,0.5739597537830736,86.67268702849621,99.36838453381324,4,obs,25,5,200
0.36662887252090887,0.45609708873114324,25.836487837490285,39.23077171668317,0.3675126854130418,0.45072048904823775,11.092218437967938,12.597220368722152,0.43301765167981304,0.571407146407622,89.56129654775381,104.12084983553483,0.4339033806461792,0.5673105309196885,89.33422994928435,104.26073519593959,0,obs,25,5,500
0.3662867375220003,0.4623883527255565,22.32655963160873,33.3297223038847,0.3677012827667237,0.45695508635471155,8.56153393274028,9.791096759099492,0.44644542684399646,0.5533807879409115,87.89126531367071,101.93989391568694,0.4459658716498908,0.5511838085544148,86.05766624011437,98.5179816540393,1,obs,25,5,500
0.35863490619138,0.4545814412433538,22.778662433544003,32.85157147293303,0.3592983325152684,0.4497370603042233,10.960418048763545,12.474701316558656,0.4562966634689045,0.545818654472672,89.55075930873683,103.26646882302754,0.4594615891285023,0.539932218531846,89.85025560147416,102.56993948601938,2,obs,25,5,500
0.36081384322552834,0.4460771134027707,21.66593575055521,31.46468569302513,0.36101290883068843,0.4415781954695871,10.514151026107509,11.839867008489003,0.43146778679664655,0.5720808531027044,89.42440538171488,103.5381124106831,0.43577409818961893,0.5643760254018055,88.65812965541637,101.77823473413146,3,obs,25,5,500
0.3711843493218823,0.4584611798072142,22.895007589751607,34.175363078288186,0.37256669532458825,0.4535023486394741,9.85758035648629,11.15390332385997,0.42205417266967704,0.577387525641625,88.08607917434708,102.18189272132719,0.423199833330608,0.5740150909811934,86.52648937349745,99.24983464765295,4,obs,25,5,500
0.32072920833841334,0.4024176344366105,20.91643482815969,35.24821435099464,0.31646628053217934,0.3910233355348793,6.1718802433808815,6.89639315101843,0.4340661749759187,0.5729262550207727,89.71228819063718,104.1057839773647,0.43380843501407856,0.5673237861904041,89.30496145038768,104.22564232441091,0,obs,25,1,100
0.3207487573316117,0.4083416559744804,18.429173406180155,30.77017893081691,0.3172131011636599,0.3971427945915905,4.687241857396212,5.274185524894035,0.44737666917561913,0.5549127196878862,88.38047683289528,102.58492775301926,0.44578516632351595,0.551246612358955,85.73666091553311,98.47042381017846,1,obs,25,1,100
0.3110882756798013,0.39791548686137035,17.90961038710339,28.871755014449462,0.30710598750513435,0.38753451356073154,6.117404839536628,6.8762010222925625,0.4573573461633394,0.5474713716525291,89.39774237564886,103.33423055468745,0.4592932648341231,0.5399601789546099,89.81724806250521,102.46512177511258,2,obs,25,1,100
0.3116085762023323,0.38840689998532235,17.141525922793914,27.864120496585535,0.30668381693311264,0.37789928894925506,5.878836940904431,6.526838585587707,0.4326969597800104,0.5738649340449693,89.56161492187127,103.75312400618743,0.43574371727771843,0.5644559335133431,88.71740676667609,101.82520948646956,3,obs,25,1,100
0.32755903113938956,0.40801049356905705,18.871650664406506,31.222284021381324,0.32456366602479375,0.39807777024157276,5.613775595124585,6.293310569508825,0.42319929566723224,0.5786773316095367,88.36110059213082,102.5764478083033,0.423266404826065,0.5739130453515008,86.28697287447278,99.30584253706712,4,obs,25,1,100
0.31985822929036933,0.40114102664343293,18.571893152636253,31.708437387376392,0.31604706697348306,0.39036896097649704,6.1238238524655,6.830159169807813,0.43358044271669327,0.5722558528953874,89.74840468730314,104.19107826382418,0.43387763024868053,0.5673814997730677,89.38106907960331,104.27487890147694,0,obs,25,1,200
0.32179716000603553,0.40965461040424017,16.16415799941846,27.017287435190354,0.3188476542502644,0.3992063128191958,4.770292261415016,5.352259822108521,0.446882082167465,0.5540337620885817,88.06939482382423,102.23678317363591,0.44583793641206587,0.5511498820524701,85.81333176792644,98.4306735289408,1,obs,25,1,200
0.3099274876336202,0.3963730017613639,15.455377743247855,24.555642039828413,0.3064914724639329,0.38677407242122025,6.073601945984369,6.816234069270502,0.45692486278501027,0.5466746316837473,89.55897215536766,103.41406402809295,0.45945195525879917,0.5399620594570961,89.82900470417316,102.5669318303952,2,obs,25,1,200
0.31085928095434656,0.3872531582913522,14.853991282079832,23.760880152412486,0.30643694896957885,0.37739248741462866,5.843090780447183,6.470361781462187,0.43212899117495474,0.5730692602154525,89.60467296918648,103.76670513505843,0.43576644865148506,0.5644820989619206,88.86892623254354,101.99832656395154,3,obs,25,1,200
0.3255425128844767,0.40509498448240566,15.870884731745807,26.14515922591797,0.32305755506612566,0.3958572248337824,5.548514199224277,6.211336200248826,0.42264579774371847,0.578096825413282,88.27576214301935,102.43690300855654,0.4232072963395897,0.5740028946441811,86.40070309334868,99.24492324125627,4,obs,25,1,200
0.3203355653446142,0.401700996568204,17.337598311909698,29.766399930060732,0.31685598657801367,0.3913360202561612,6.1606375880904,6.870347084240661,0.4332223277333813,0.5717448733225512,89.67508003706867,104.14733880580955,0.4338523779827193,0.5673393004010875,89.28030483894894,104.20270809516073,0,obs,25,1,500
0.3213070097795993,0.40905715476868554,14.449935559094389,23.97140270762349,0.31853684935406223,0.3988780226422469,4.750961033776146,5.322752676550707,0.446606973704933,0.5536523111668141,87.8985536318115,101.98006048023375,0.44589184358628753,0.5511626539809023,86.06545225912484,98.55127611427285,1,obs,25,1,500
0.31036059700867397,0.396842780258399,14.276955193466453,22.30590237922112,0.30724032856962535,0.38765135118307736,6.1143128724805935,6.860223386943385,0.4565458055383208,0.5462127738002067,89.48842823133637,103.27472875924165,0.4594290709190171,0.539994610239469,89.78621481853271,102.49957560087351,2,obs,25,1,500
0.310564618159425,0.386938101644803,13.343064442941396,20.78964860278456,0.3064997627907756,0.37754629905314807,5.859609984397712,6.486895354036757,0.43179812367935105,0.5725143451833192,89.50550945453168,103.62872112485873,0.43580125994334074,0.5644345053946863,88.69023126554865,101.82353794068266,3,obs,25,1,500
0.3258259138069462,0.4055108912934157,14.771082667437382,24.347345738547997,0.32353908648355795,0.3965298270089847,5.576720750343577,6.240499296173854,0.4223038130574292,0.5776667163341804,88.20452915035295,102.30532025376256,0.4232021667230703,0.57400287614086,86.32596167241033,99.05830343831708,4,obs,25,1,500
0.417872495119452,0.5278051690918948,60.59528674561591,77.42335987897157,0.4201672570517392,0.5238763731556834,48.4038619199267,59.0337652058956,0.43271974350871395,0.5707317515093825,89.51522651313606,104.06075506141003,0.43400725218356584,0.5671705030859902,89.42410985886966,104.40927490054584,0,obs,20,20,100
0.41520529634524594,0.5323782202224626,57.12861787661543,73.36237662357772,0.41798393778226467,0.5282423987619822,33.85360567659843,41.67374646757173,0.4460456488776978,0.5528133911082639,87.46996826693203,101.44954604777303,0.4459368601969013,0.5511470637366298,85.76358169429541,98.27095192228826,1,obs,20,20,100
0.41174999595253303,0.5316838506573329,59.09008322677224,74.84336252728734,0.4136772895536334,0.5281029587329811,45.58788180026029,56.17388002070679,0.4560283666264415,0.5451845853134595,89.54185390299604,103.12773467784622,0.4595803226122941,0.5398853436007829,89.87544814203353,102.4979080269178,2,obs,20,20,100
0.41665916527241326,0.5243115171702519,58.39889981770693,74.71291123466368,0.41815843934587776,0.5211961233007842,44.887866779063735,54.73027294877695,0.43115739477535064,0.571384993746989,89.36167680213599,103.3776808009705,0.43588769171367614,0.5643222198186727,88.5901609072966,101.67083797511681,3,obs,20,20,100
0.421450909236198,0.5277810974538839,57.9242344385965,74.15444281418819,0.4240676144919881,0.5238961299500083,41.1565142226226,50.74503495615784,0.4217712764195421,0.5768348253890889,87.70827406607056,101.80648658660853,0.4232441535020065,0.5739708373150385,86.41369023510802,99.31438679393649,4,obs,20,20,100
0.41777344132378824,0.5276223865772336,59.47582485999209,76.24408748818055,0.4201628586628482,0.5238486481477047,48.23916056489348,58.867914430613304,0.43258369970111027,0.5706487087024839,89.53293828220329,104.07822484826681,0.4339715240519259,0.5672492406926446,89.47509904003739,104.42724336746984,0,obs,20,20,200
0.4153781016161114,0.5326323170206451,55.806385929884335,71.8603886847884,0.4182600093183005,0.5286635802179595,34.45878097831218,42.39333567707193,0.4459794048737029,0.552702733439489,87.32235353807066,101.20438706698882,0.4459578748515055,0.5511977146083307,85.89463272305976,98.38266464022418,1,obs,20,20,200
0.41160950955767095,0.5313904548491287,57.87908005350747,73.43308389765933,0.41363607409047914,0.527973361976366,45.43562774942678,56.00972367026747,0.4559265901905686,0.5449524103725034,89.48121627522582,102.9984426446992,0.4595939168908076,0.539840630023365,89.81489308957185,102.48288622531756,2,obs,20,20,200
0.416547434316386,0.524179811970935,57.31729654624182,73.49926726766739,0.41815398373674056,0.5212344852991313,44.96062556253341,54.8251133125837,0.4310290103210647,0.5712656298320734,89.35364543079832,103.31574565920818,0.43586014245469995,0.5643736235871107,88.63254523668878,101.69577336377814,3,obs,20,20,200
0.4211301396065697,0.527262246361576,56.0926610158822,72.14058455968461,0.4238349332522964,0.5235227358437454,40.79776970374521,50.260666980688136,0.42166235396023116,0.5768245605050368,87.64276139683838,101.62714884463803,0.423223419407032,0.5740934946870009,86.57481355941546,99.40801998140188,4,obs,20,20,200
0.4178841828227753,0.527692125774787,59.09170727965657,75.79747182208162,0.4203424320088129,0.5240234714854586,48.56165470754134,59.210649345320945,0.4324933663568197,0.5705764545505283,89.47994950876114,104.04467731108575,0.43393923606102996,0.5672845216625955,89.47532493942666,104.43766686610603,0,obs,20,20,500
0.4153105710874512,0.5325498257981823,54.72275090023461,70.62638015209943,0.41824244171358155,0.5286608510488036,34.476486832154755,42.33625623479208,0.44594423570941066,0.5526222912108445,87.35792913859224,101.14948951254839,0.4459807161349689,0.5512066039968752,86.03335180961616,98.47885558300948,1,obs,20,20,500
0.41172653286142397,0.5314896151595323,57.44007872272929,72.88258012650658,0.41381446193663546,0.5281798103438292,45.863429358116676,56.63227269407346,0.45584510777985393,0.5448434158584353,89.4358708871389,102.88523478233633,0.45956679644850407,0.539835995107173,89.80345067640364,102.4642567617854,2,obs,20,20,500
0.4165204971973418,0.5241694611724141,56.628650504096115,72.6879956181245,0.41818858337588755,0.521324905247699,45.04914646615541,54.923851294631476,0.4309181470623542,0.5712049913439619,89.31928564061272,103.1979340756562,0.435812129684785,0.5644116305898241,88.61276270164431,101.70170968409076,3,obs,20,20,500
0.42120072942449993,0.5273197073269928,55.38079488295659,71.31409825791104,0.42396370518963433,0.523670501084775,41.00094800725378,50.47320847102039,0.4216177217667169,0.5767797961699186,87.60725698521416,101.52787863424415,0.4232351444891281,0.5741430508289626,86.54054337762142,99.39997304257957,4,obs,20,20,500
0.40991001854111436,0.5165277200843145,54.402977170119065,71.67598699324158,0.4119838200819547,0.5123301156665654,32.81702338632667,38.38995818459336,0.4327345251381097,0.5709416596157026,89.4625258778358,104.02126777323916,0.43388241768764274,0.5672366258348637,89.35581961589675,104.36047591224812,0,obs,20,10,100
0.4075469610162167,0.5211406702447239,50.79280728985849,67.32164094040999,0.4101278176656669,0.5167749895728787,23.428396143936666,27.261857264008775,0.4462169232210433,0.5530853892690383,87.58773636967656,101.55229662339791,0.4459860974448553,0.5512500546618905,85.82826606879114,98.28452281665349,1,obs,20,10,100
0.4039591031898689,0.5201216880762659,52.749502320273784,68.78231820777921,0.40569622930738475,0.5162958112066882,32.728078489676484,39.16985610515878,0.45614488076100607,0.5453746052810811,89.5148982505031,103.14465574716915,0.45957107106290584,0.5398844176936861,89.81760539073686,102.45324599992938,2,obs,20,10,100
0.4083007855391012,0.5122755695580937,51.982393936959085,68.53465407463517,0.4095841192832199,0.5088768747752441,31.373356115962117,36.75642204313711,0.4312439927109666,0.5716680318431975,89.37342246501942,103.43373256802107,0.43584454945956436,0.56441273630305,88.51004095174586,101.6457473700866,3,obs,20,10,100
0.414036869128647,0.5175821096553294,51.727407550533854,68.25392699803285,0.4164825266394112,0.5135089259044017,29.145742812628477,34.59514954986223,0.4218744336838237,0.5770611065404294,87.83660901470697,101.88821183795,0.4232403971079764,0.5740381101026181,86.428292364469,99.2007341215325,4,obs,20,10,100
0.40975100663998404,0.5161576036919985,52.81215297183787,69.9639781625358,0.4119584715627463,0.5121645836070465,32.56131669095023,38.14840320088249,0.4326477347305099,0.5707547376341415,89.48655316554996,104.03932357847566,0.4339401932659787,0.5672442558484051,89.44388568735887,104.3956551691039,0,obs,20,10,200
0.4078584812456149,0.5216071137698114,49.1547466628475,65.46193209075093,0.41058332040701245,0.5174628711503804,23.902965744414313,27.752163405942678,0.44609930423956273,0.5528799068953337,87.48762922195468,101.3762608797811,0.44599602325479903,0.5512627382413506,85.98375106199566,98.44050539353839,1,obs,20,10,200
0.40370891824728855,0.519660438638619,50.98981030571035,66.73554713088836,0.4055737230354113,0.5160448401472515,32.437129061797556,38.683500960353044,0.4560032874382179,0.5451393579738284,89.49748765928184,103.02785549888068,0.4595776820084733,0.5398902957738351,89.79622758498965,102.4970357455334,2,obs,20,10,200
0.4081543970910771,0.5120430178319225,50.5373391256284,66.88464158905748,0.4095823330454848,0.508867431334185,31.172533154455433,36.3789561730479,0.4310993383419268,0.5714121719435872,89.34449265195792,103.347528043678,0.43583854657775467,0.5643826091981625,88.59675918841103,101.72121078412398,3,obs,20,10,200
0.4136096000529191,0.5167922995161571,49.32885267939294,65.55371820685508,0.41617854610656974,0.512916034445321,28.764399838724103,34.0501821736486,0.42175468957096207,0.5769187704808618,87.67511846680334,101.66330907267862,0.42323754503739175,0.5740851073468581,86.52911217245523,99.27796602175927,4,obs,20,10,200
0.4098853818068867,0.5162837684839489,52.216214463100066,69.27397485036009,0.41218651877217416,0.512422468917245,32.82795681148761,38.41421152937805,0.4325402878655733,0.5706516989277128,89.40937040133595,103.9915402935153,0.4339157177900314,0.5672770685847958,89.43666384288467,104.39315346593214,0,obs,20,10,500
0.4077422834575797,0.5214725286141149,47.78024503345864,63.87621322395053,0.4105319474276522,0.5174290294384345,23.910932177225632,27.7246260529831,0.44603390698957346,0.5527533006746396,87.39083753904343,101.1764033915504,0.4460090148652555,0.5512490173718182,86.07315798683054,98.48855259547872,1,obs,20,10,500
0.40383459309276065,0.5197786882294161,50.36802346687143,65.94758697335685,0.40578215630050074,0.5162987882487239,32.70653129553574,39.07806103995569,0.45589531668124567,0.5449930934090284,89.48239779621056,102.95138411802597,0.4595519926867088,0.5398839425886762,89.78356045656056,102.42844102889502,2,obs,20,10,500
0.40811466977259325,0.5120013640125807,49.5346194789386,65.67880085043504,0.40963384832143873,0.5089611323739649,31.27770660788733,36.528984718333774,0.43096465072728146,0.5713152707551649,89.30574899411066,103.2329762494257,0.4357938193347252,0.5644203261561456,88.61115431715531,101.74281171500236,3,obs,20,10,500
0.41364083480167896,0.5167908573573033,48.331966363013,64.431729987835,0.416286272258386,0.5130201794829145,28.832520775758802,34.06247906543597,0.42167965265600427,0.5768255092084257,87.61036664662882,101.52731315366299,0.4232471542287154,0.5741113998053987,86.4985966062665,99.31155149039118,4,obs,20,10,500
0.3994525032207881,0.5031910757490857,48.44062969694492,66.26200574667874,0.40108869374768363,0.4984393316289467,22.82249071685216,25.98064023257066,0.4328102195968206,0.5711522053302676,89.46266664535676,104.00383130423724,0.4338124900277516,0.5672651923742721,89.3220680346585,104.35025062468503,0,obs,20,5,100
0.3973359995688748,0.5080277124808152,44.853748597870606,61.76960710454846,0.39949688011780415,0.5031325679882586,16.8445849031418,19.16693494300641,0.44626639826128806,0.5532476572352415,87.58670342442106,101.60260594555675,0.44588642622149166,0.5512277741472428,85.76017852902706,98.25058583149547,1,obs,20,5,100
0.3936595721554226,0.5065742178575288,46.71098493386177,63.13063316497555,0.3949996906021963,0.5022299374245819,23.07468659421293,26.369001185409513,0.4562455437081916,0.5455330668034473,89.46462289264473,103.1328440997936,0.4595325379060637,0.5398598422384384,89.83471579981236,102.48838520944292,2,obs,20,5,100
0.3970057408604164,0.49773107503835906,45.55556824153361,62.406053592219514,0.39783099525376653,0.49375345173494783,21.91190821796308,24.845238960108393,0.43132702767839565,0.571808029086995,89.33716964418564,103.4261208518394,0.4357616881812383,0.5643545820478568,88.43440776788535,101.58680610079998,3,obs,20,5,100
0.40412533028520936,0.5051350752923156,45.63775375750864,62.52799041645594,0.40620743381629654,0.500641540352468,20.657519430234935,23.713407760594546,0.42204049891271483,0.5772188817689731,87.89491085728355,101.943201954132,0.4232890989796066,0.5740555905638622,86.52809872920064,99.24787294222935,4,obs,20,5,100
0.3992272586832916,0.5027294572007754,46.54668785791418,64.17147943530155,0.40103256402124987,0.49822326713085024,22.64761858814782,25.789552026786694,0.4326687494935732,0.5708908647614696,89.45016977215064,104.0166007811001,0.4338579725940644,0.5672624728552307,89.36779599288518,104.32967917592748,0,obs,20,5,200
0.3978338542457673,0.5086990021071384,42.996558517061914,59.63456075128946,0.4001958698248432,0.5040931322903996,17.182100683697335,19.512015989694795,0.4460950872709297,0.5529929555008947,87.47167807048363,101.37814255157089,0.44589459858891545,0.5512646479662051,86.02078920634551,98.45675537912831,1,obs,20,5,200
0.3932157908181836,0.5059119965067533,44.48017513688965,60.443678611334356,0.3947253896059409,0.5018403676248846,22.79328453067636,25.981116320307706,0.45607472227884144,0.5451718729789639,89.51829841126735,103.0676359908113,0.4595566228853896,0.5398000452932218,89.73676176347558,102.42985787847076,2,obs,20,5,200
0.3968564545628853,0.4975060518333048,43.87550409659737,60.44712040006394,0.3978745121937003,0.49379771383019355,21.852858820525448,24.74849319954686,0.4311913907286434,0.5715784379319903,89.33911974692806,103.34611129546542,0.4358222828432161,0.5644095550749297,88.64004487828576,101.75004919182125,3,obs,20,5,200
0.40362062139376037,0.5042455267380334,42.975715654657584,59.473318433038514,0.4058685356004939,0.499999285768232,20.486243620862354,23.493940412734993,0.42184652864876804,0.5769988615966334,87.80120542276958,101.78590226497413,0.4232508858602866,0.5740649523619202,86.59338653168791,99.31112921673947,4,obs,20,5,200
0.399399010638189,0.5028804107426819,45.77849623183156,63.30478199435917,0.4013210953258462,0.4985296100850189,22.813703302201922,25.96230530396176,0.4326167971444965,0.5707610529529051,89.45067287479957,104.02579778874788,0.4339175076765205,0.5672954296505104,89.41936740489518,104.36439152955548,0,obs,20,5,500
0.3976277800952274,0.5083719987535036,41.40286557963454,57.75594646943664,0.4000705062300885,0.5038894772828069,17.131036825434627,19.426662148322333,0.4460458976416065,0.5528322365955378,87.3971220027634,101.1890939563685,0.4459533740833898,0.5512479313788438,86.07692940429129,98.47035662278192,1,obs,20,5,500
0.39330886534532256,0.5060117320636703,43.66147459328195,59.40901626752354,0.3949271213498068,0.5021062237229283,22.930139722007873,26.13852195607046,0.45595994644210336,0.5450370025179319,89.49444148155828,102.96521223829888,0.45955633389659994,0.5398406851277197,89.7859773088105,102.43803885054176,2,obs,20,5,500
0.3967853308376992,0.4974466551951775,42.67526349352054,58.92233880108087,0.3979240563264219,0.4939084491565241,21.907575093499116,24.811199040104835,0.43101633620749985,0.5714206871220947,89.31119645964989,103.23254463891776,0.4357678852819081,0.5644343368238349,88.59875710637458,101.73643354013294,3,obs,20,5,500
0.40365470731269476,0.5042417264451861,41.852532190378604,58.17231458578968,0.40599524245461494,0.5001206700927069,20.544909024878006,23.552761311087263,0.4217333203350692,0.5769092511608952,87.6786581505953,101.56863672494121,0.4232438131477508,0.5741217996053594,86.5740682851598,99.33209136756729,4,obs,20,5,500
0.3791511616363445,0.4788966957806511,40.76417613442258,59.50061009501469,0.3790529711215833,0.4720735894348403,14.464279589163226,16.281273638903087,0.43303133110093134,0.571486272542384,89.64028161581709,104.14378168762069,0.4337998827479191,0.5673075902966087,89.40124919491737,104.36004615273113,0,obs,20,1,100
0.37733969188055816,0.4837102288675812,37.2265740745147,54.91421490586295,0.37782445578582313,0.4768107144373597,10.75683865904159,12.073361148629742,0.4464400081063334,0.5535156360191456,87.74424655022067,101.79345664556296,0.4458401310108021,0.5512079566211149,85.8172239938256,98.3430325795841,1,obs,20,1,100
0.373395587516796,0.4816672714027594,38.720009453052825,55.69724790574361,0.3731927945983175,0.4754317518153333,14.75079325052536,16.60214212154226,0.456449904697968,0.5458951744834418,89.49252676784862,103.16360858139268,0.4594840383523137,0.539935160042103,89.93374630972248,102.59930466135211,2,obs,20,1,100
0.37504759047781866,0.4711926201139792,37.28302828681114,54.622810648007054,0.37405067294257555,0.46502309305871226,13.867291480498924,15.499983732839635,0.43153843040810036,0.5721365005572724,89.30498100981126,103.37806535883637,0.4357128355434522,0.5643519835795906,88.3970594426014,101.5065164724973,3,obs,20,1,100
0.38479699346807417,0.4821206847419513,37.6775827295139,55.17047393402134,0.3854554554431682,0.4759860086517136,13.231460344584272,14.970432977096067,0.4222937521228129,0.5773792245291818,87.98444591846624,102.06417277444667,0.4233107289746505,0.5739377104251083,86.39071548878447,99.15345090802744,4,obs,20,1,100
0.37879944727286635,0.47827582801995033,38.7331036897696,57.1166382488491,0.37893066032808753,0.4717544681518772,14.357373155569446,16.155857722505147,0.43283614876595977,0.5711901534716989,89.59484166790861,104.08407288140094,0.4338819489837235,0.5673702719840683,89.4516996083583,104.33927280643354,0,obs,20,1,200
0.37805104213560675,0.48466209753076417,35.24532464321348,52.425021278145465,0.3788557405820067,0.4781786174623623,10.96973058996393,12.289523316417693,0.44622057261079384,0.5530702397991192,87.45962906329122,101.40694921707109,0.44589017136742537,0.5511665060740315,85.92250267790327,98.4254657701233,1,obs,20,1,200
0.37269833123187934,0.4807115487603946,36.15163782583793,52.351382202746734,0.3727554225603552,0.47486545292644367,14.573777175769063,16.3741177091943,0.45619119334210056,0.5454232868657967,89.58484449407064,103.16107506657316,0.45951478435942134,0.5398744278545312,89.75993089526845,102.50913585380577,2,obs,20,1,200
0.37501494961272985,0.4710805313984488,35.508473362347594,52.297496633891576,0.3742999277794109,0.4652657240505279,13.882340231426433,15.502199972669542,0.4313077150091657,0.5717358630230309,89.31985540056574,103.36110704112066,0.4357701283438977,0.5643543162207577,88.61493079428051,101.72239752392395,3,obs,20,1,200
0.38407509752914376,0.4809397066485709,34.952193714356504,51.7981548396685,0.3849760962643415,0.4751435705809214,13.145689194711435,14.863443816106654,0.42200655486098054,0.577097567896671,87.89766665322709,101.90862129631851,0.4232589398027856,0.5739890182647763,86.4850950011515,99.24750737394561,4,obs,20,1,200
0.3790306011174147,0.47844441323771597,37.87337583733855,56.06504022925378,0.37930998950479056,0.47211035203582563,14.432365795823275,16.248895786896355,0.4326691158912755,0.5708975823968576,89.48763280724062,104.02307949717093,0.4338752002124438,0.5673089574057766,89.38909428767069,104.32021428375594,0,obs,20,1,500
0.37774081021480194,0.4842716240991968,33.60479817762776,50.32846717232528,0.378641893806484,0.4779444983562751,10.933815824864629,12.231258825305044,0.44611324960291054,0.5529193263114903,87.39845679656541,101.23394974448652,0.44593517373024266,0.5512159160659298,85.98519320936335,98.44782317620623,1,obs,20,1,500
0.3727157168828026,0.480765174400891,35.20891955751484,51.064766343024935,0.3729154534543422,0.47512127029715345,14.65239875022787,16.45375686267946,0.4560397239760472,0.545222073738028,89.50635115458829,103.00002473652094,0.4595355805172459,0.5399092006339427,89.83458249497586,102.48301071215968,2,obs,20,1,500
0.374918960463816,0.47100137293073613,34.21531201308597,50.49881386564048,0.3743756214367062,0.46541319972339706,13.936173117033215,15.559476403694086,0.4311138956829834,0.5715537526021937,89.29854247885126,103.24340959375098,0.4357496019461808,0.5644232916973819,88.51635963489251,101.65190362327314,3,obs,20,1,500
0.38401187237214,0.4808477005153509,33.826826441899385,50.376808027448426,0.38502199799713416,0.47519234510186886,13.154378900620818,14.863030172801055,0.42179155236336513,0.5769357297037857,87.71059509547261,101.61051206388015,0.4232125793244373,0.5740384926294788,86.43213382180164,99.19842468788535,4,obs,20,1,500
0.42875538482488307,0.5452768929113353,74.87422053074893,90.94586779501867,0.43138842470822136,0.5417304082647787,73.04987720875428,88.38861410005065,0.4324562650554314,0.5702655382809989,89.45809093746733,104.08732717127774,0.4340241016429552,0.5671880720422696,89.49392415671862,104.49582504358429,0,obs,15,20,100
0.42560843415905053,0.5497076323340996,72.46998461578166,87.88931829322023,0.42871324673803507,0.5458939984790373,63.634969197162704,76.81250227667084,0.44583473280274477,0.5524911077486205,87.03719092635374,100.67652668937566,0.4459912400497017,0.5512768314119841,86.00599282712007,98.40611646183307,1,obs,15,20,100
0.42316349578151374,0.5510989389802756,74.30730787498221,89.0941841384005,0.42543742209551594,0.547929920055486,69.69529289265996,83.10093952745012,0.4558064705971226,0.5445433517660824,89.42162330610795,102.73480062556253,0.45965198909601235,0.5397733167076963,89.66291580853346,102.25786156964578,2,obs,15,20,100
0.42846163664096293,0.5435566552063594,73.84889305571333,89.49780456421435,0.4302928829733883,0.5408360187465104,70.62989314722913,84.91599193398929,0.43083878611454945,0.5708948813816497,89.29770983611742,103.04054535034223,0.43587696469563314,0.564349161986118,88.59056558150726,101.69599464779223,3,obs,15,20,100
0.43207503453771356,0.5446278219376693,73.08621196857852,88.43710881116864,0.4350132759623196,0.5410600925265394,67.87927083873441,81.41710062027487,0.4215942937653038,0.5764785345696459,87.36236018907901,101.12461042776489,0.42332506266394676,0.5740384350513086,86.4405843841836,99.28717705106172,4,obs,15,20,100
0.42871254813256804,0.5452175099580295,74.58944461438789,90.6389388309695,0.4313912735987664,0.5417408541965286,73.02180269823631,88.36783210211934,0.43239054180478076,0.5702283073720663,89.47171392054287,104.09968503598272,0.4340078251993868,0.5672183621730955,89.55394857512766,104.56102391818581,0,obs,15,20,200
0.42571867964229193,0.5498787121535991,72.14046636614461,87.49150521314652,0.42887522085203705,0.5461463004173143,64.21292105963839,77.4395019252652,0.44580676973004274,0.55243151657273,86.98341931361938,100.53571826771383,0.44600298252344484,0.5512892855560296,86.02493864849399,98.43863701076265,1,obs,15,20,200
0.4231221928338158,0.550959274468123,73.8987839880638,88.62782808343793,0.42544476556998134,0.5478635602992831,69.56300163916913,82.98542359639407,0.4557854769861452,0.5444146105837854,89.40750524536305,102.68880772273766,0.4596859508483259,0.5397274207609946,89.64930646584148,102.29158284916916,2,obs,15,20,200
0.42850819666516116,0.5436011391501302,73.70651578122224,89.31558098676167,0.43039169941738625,0.540964060580129,70.80459676326355,85.110099781896,0.43079436861317116,0.5708341033063777,89.25575323995655,102.96495500696221,0.4358753462413761,0.564372686442455,88.62541421885895,101.70525654277687,3,obs,15,20,200
0.431959664289418,0.544405106746739,72.44524839037102,87.74901604216706,0.4349383832108263,0.5409028537729524,67.73786366357139,81.25037310655077,0.42153664787176925,0.5765274395289315,87.33563753350634,101.00976583254794,0.4233049740296788,0.5741467025749181,86.57967322243817,99.40716294058005,4,obs,15,20,200
0.4287380801218239,0.545213393617582,74.5937923926263,90.61259094925606,0.43144456404689374,0.5417850042928037,73.05247345841195,88.38703300459106,0.4323402063214197,0.5701936129211842,89.4580116222138,104.09858896432532,0.43398206940717027,0.5672377172219171,89.54398278402812,104.5469405596795,0,obs,15,20,500
0.4256687410440376,0.5498337889038154,71.77355374466366,87.08399396760555,0.4288502976998146,0.5461379560225216,64.25859648532418,77.44997430957015,0.4457887236466609,0.552395098817251,86.97322127280742,100.44266261988457,0.4460090420557048,0.5512959202415476,86.05339301214786,98.45096968652783,1,obs,15,20,500
0.42312673108827276,0.5509461714029616,73.74823666983401,88.43228619959318,0.42547525583505524,0.5479029841991852,69.63719517049789,83.0715224661507,0.45574964826080844,0.54440244346596,89.39368626258707,102.63267268770001,0.45967587460016973,0.539765265268449,89.67695140524822,102.2930155050024,2,obs,15,20,500
0.428503875759533,0.5436426676019619,73.55833706974995,89.14518414872893,0.43041806721396725,0.5410561272810916,70.91131481222938,85.22824634087881,0.4307458734971213,0.5707869135590424,89.21827597175563,102.902239916617,0.4358553060109076,0.5643783232091117,88.57346307695025,101.68033652480413,3,obs,15,20,500
0.4319685749797464,0.5443909957925988,72.16248666978973,87.42992413796989,0.434972286965475,0.5409299504511812,67.78438910449853,81.31223467105816,0.42150738864087905,0.5765109108388804,87.31680676180605,100.93144671448546,0.42329768026983494,0.5741768107312969,86.55626180651875,99.39973304851188,4,obs,15,20,500
0.42630845734554396,0.5418459843511195,72.56603347893288,89.00076380771479,0.42890722993053415,0.5382590667684206,69.3056229963643,84.4152071602455,0.4324463499022563,0.5702977216957951,89.40504512214055,104.04110907611813,0.43398882755872714,0.5672026979381449,89.52654560841638,104.53609139650996,0,obs,15,10,100
0.4232601796277498,0.5462425375371331,69.88809512682775,85.69470575221423,0.4263384119580403,0.5423997710365955,57.80411206857236,70.35873098004974,0.4459042975743092,0.5525812792439424,87.09066340908713,100.69714461566154,0.44603094737262017,0.5513361487283728,86.07581199388748,98.46775757673969,1,obs,15,10,100
0.4209711693671331,0.5477982420582975,72.07054206585383,87.1804267142454,0.42322097212817705,0.5445926591419692,65.90058179419272,79.21787800766108,0.45585833749692545,0.5445933535416297,89.42192956663696,102.74372138823958,0.4596776169472898,0.5397799244283974,89.59857421227345,102.17253051591321,2,obs,15,10,100
0.42596485413842805,0.5398648628031242,71.51874459859434,87.50292148108846,0.4277592421603367,0.5370913428991679,66.47924090659322,80.51132912666486,0.43087195610642154,0.5709974600758612,89.31144518875755,103.0763506892624,0.43587770962195344,0.5643990407612205,88.58126454193878,101.71422698992087,3,obs,15,10,100
0.4298529615421948,0.541550105943487,70.57549942803772,86.29329664916618,0.4327660647857707,0.5379533082817461,63.23544656488912,76.53461387021805,0.42160567212619526,0.5766152242565116,87.4457621688141,101.20506185818775,0.42331116046345085,0.574137525587132,86.56106044837006,99.37184231923237,4,obs,15,10,100
0.42627513559866664,0.54170667095463,72.14055001193485,88.55166470861407,0.4289310876975039,0.5382012245799851,69.22982294943071,84.34770749312075,0.43239347603733064,0.5702331511675869,89.41940839931677,104.07288034619957,0.43399414913337314,0.5672135850657664,89.57054509378527,104.60875517541008,0,obs,15,10,200
0.4233723671510402,0.5463846110368816,69.34510915466328,85.08579204198492,0.4265133484893389,0.5426387253830801,58.450687773135364,71.07766196709933,0.4458491714601467,0.5525073851145664,87.05461129188508,100.582866838205,0.44602777682924943,0.5513477230413294,86.11435462961252,98.50062253521165,1,obs,15,10,200
0.4208721947498684,0.5475744386120753,71.46378772493895,86.51452364780378,0.42317506314734554,0.5444536199446702,65.68263937258857,79.00550794950034,0.4558177945616932,0.5444623122804162,89.43504843171995,102.68787843387864,0.4597001773504785,0.5397454403649199,89.58443981023517,102.23552808239816,2,obs,15,10,200
0.42599029012770745,0.5399142036574944,71.2527737863035,87.20821513181153,0.42784823269386807,0.5372442727595477,66.67139796894503,80.74058799254057,0.43079956917243006,0.5708664742030811,89.26951272552195,102.99811793222196,0.4358620783100409,0.5643727122652734,88.57949524089157,101.68428201907535,3,obs,15,10,200
0.42971446239652883,0.541268589766468,69.72048078598499,85.3982767369255,0.4326796157025988,0.5377546696575878,63.05363060786724,76.31176706227522,0.4215302481324102,0.5765960329322791,87.39023116557287,101.08157446244232,0.42328231060494065,0.5741968642035595,86.63640117442874,99.43903232751934,4,obs,15,10,200
0.4262887527279974,0.5416893049867559,72.0751680215105,88.44685087244957,0.4289762343083863,0.5382365982737961,69.25077172564926,84.35090198893236,0.4323482340079058,0.570193664142679,89.42475551394793,104.08793442728025,0.43397943506202324,0.567228170293309,89.55965613647217,104.58425796108156,0,obs,15,10,500
0.42332696492562427,0.5463735755692228,68.90672777896327,84.60678766046718,0.4264957471116452,0.5426717673108162,58.57377283589602,71.17683573356503,0.445806821075581,0.5524577347400852,86.9988763248566,100.46623561053981,0.44601390300995014,0.5513417757321478,86.12551408847631,98.48161678711811,1,obs,15,10,500
0.4208354778535362,0.5475177690070883,71.24517444935958,86.26018363386524,0.42316944697535314,0.5444574436006667,65.74938601303255,79.09213462882754,0.45578570992796763,0.5444286070909915,89.41479150255252,102.6363940289682,0.45969950437892715,0.5397708571550877,89.6361112489892,102.2622298342682,2,obs,15,10,500
0.42600181052264485,0.5399495416451843,71.04499212218518,86.96250062705923,0.4278982157723438,0.5373378429475346,66.8287363265468,80.92562110031044,0.43074498780449305,0.5708165716105288,89.21850821188524,102.9235205681776,0.4358400626552767,0.5643857653815229,88.55039110251744,101.66678512365874,3,obs,15,10,500
0.4296799760419465,0.5411797694870439,69.32846185589723,84.97390169937918,0.4326756222745119,0.537714413561782,63.008218356876775,76.2820629975714,0.42151834568172075,0.5765274361562567,87.32320296343856,100.93669579249159,0.4233010302581081,0.5741811879034961,86.56802172072524,99.40450456519346,4,obs,15,10,500
0.42336793909890147,0.5380427950526151,70.16654339970448,87.00167705789677,0.4258871758845206,0.5343557951972322,64.6696498970975,79.3507146919437,0.43241559150052933,0.5703784534897182,89.448744380839,104.10005304903083,0.43391985216821527,0.5672361473262361,89.45608393848016,104.49390775841152,0,obs,15,5,100
0.4203459589357227,0.5424667712385441,67.27511528675214,83.54339090582539,0.42335717201302403,0.5385384090960201,50.982153362399984,62.32671559321069,0.44589623605439616,0.5526313544170857,87.07970022117813,100.72171932623216,0.4459832841422652,0.5513390407746144,85.9424757834301,98.3199853136163,1,obs,15,5,100
0.41818986861613616,0.5441274219733683,69.71970032463479,85.22462289623765,0.420373157879164,0.5408255739125093,61.53961371418044,74.59774778636952,0.45581451764020475,0.5446646904760944,89.38118485240301,102.70844608442509,0.45959067408745863,0.5398099809325192,89.60849269839439,102.23725944346258,2,obs,15,5,100
0.4228133291366221,0.5357330204981857,68.8924509864808,85.30270939918728,0.4245293333258954,0.5328612038803255,61.353154641941984,74.88858500148004,0.43092466901448956,0.570961336982762,89.31116138159182,103.07292961440038,0.4358907348360463,0.5643232091947901,88.55809046953301,101.65193714748474,3,obs,15,5,100
0.4271214218919684,0.5380919110669357,67.92032068492793,84.05733427832229,0.4299761227794123,0.5344323983488031,57.64671627251321,70.44937609069241,0.4216614298695842,0.5766971672062566,87.50101940681914,101.22210483069881,0.4233351407555756,0.5741916456555893,86.63671927002798,99.44199123962663,4,obs,15,5,100
0.4233001083415055,0.537871138480892,69.60118349187749,86.43350270755434,0.4258869507112624,0.5342746520778375,64.53341206037156,79.2276103142679,0.432359614966675,0.5702859239872238,89.42559235329256,104.07910332783686,0.4339355372305702,0.5672340654663292,89.52279433845327,104.5686798407345,0,obs,15,5,200
0.4204862014503873,0.5426532480625335,66.59294877798919,82.79228150251853,0.4235746378744358,0.5388400330461338,51.732088579997736,63.23104125345073,0.4458352135266682,0.5525205046610808,86.99087044799225,100.55922575907184,0.44598982705411794,0.5513381177067994,86.05349717409626,98.43169717907158,1,obs,15,5,200
0.41804862011286775,0.5438627515409086,68.92299802718168,84.36961659115849,0.4202979067031055,0.5406654452363853,61.245009500284205,74.28548915780907,0.4558074147054919,0.5444940279070556,89.36670775719405,102.63461973619076,0.459665226965674,0.5397563330481262,89.59038194338454,102.2528821256417,2,obs,15,5,200
0.4228555230793957,0.5357769780738526,68.58868371442131,84.95550971997582,0.42464394320622106,0.5330158674144952,61.597738835302735,75.19373843105892,0.43084442189639616,0.5708628797376207,89.2643898619054,102.99276388874281,0.4358768753210812,0.5643463974298395,88.59050864285645,101.6928403069313,3,obs,15,5,200
0.42695590433581365,0.5377869066633435,66.93109930675843,83.0433951956583,0.4298735787287653,0.5342232217880405,57.50734330851407,70.29335561395166,0.4215702585672939,0.5766130969645815,87.44277726280583,101.09901422326237,0.42330266542445977,0.5741969794695169,86.62027757225631,99.41684041935835,4,obs,15,5,200
0.423329906326511,0.5378487934880487,69.48072780817584,86.2737156905006,0.4259550594785417,0.5343122460578278,64.5674225899415,79.27722141726962,0.43236257498501957,0.5702243555789326,89.42631353717744,104.0939468435576,0.4339775484257204,0.5672391709786537,89.54287514081592,104.56512123128805,0,obs,15,5,500
0.42039853367105884,0.5425496120018586,65.98601908423116,82.15844268886683,0.423518484239067,0.5387861588690728,51.68089049724241,63.10980623587852,0.4458034516989111,0.5524643758908607,86.97480435052454,100.46074983864139,0.4459961521965077,0.5513342776509449,86.10154548471866,98.46894311596331,1,obs,15,5,500
0.4179552310171277,0.5437153934759315,68.58055932821865,83.99465112369835,0.42024040436687227,0.5405860529569447,61.21421171744822,74.27310055318287,0.4557822500636122,0.54442432443225,89.39516389641665,102.63042414308102,0.4596824935401724,0.5397501039695094,89.6361137838942,102.26372285087794,2,obs,15,5,500
0.42285367077301583,0.5358142139083999,68.3286938467559,84.6646875259163,0.424687393290745,0.533119393287137,61.76951990413056,75.41376661506145,0.430778886251088,0.5708092737872271,89.21450014359183,102.90844592349362,0.43585080409479254,0.5643633437990745,88.54303977060655,101.6647950256459,3,obs,15,5,500
0.42689145322848343,0.537643902904106,66.44835315516077,82.52500195971078,0.42984427610017834,0.5341314010621981,57.395502721745174,70.15735459663593,0.42154358761154437,0.5765465480533777,87.3651335013528,100.96656065562354,0.423314365529036,0.5741894109374939,86.56050961935212,99.39171681092152,4,obs,15,5,500
0.4183399413586231,0.5317437753558714,66.75038478001878,84.2605569294131,0.4205863968882644,0.5277161625874666,55.98252880807778,69.20831045291794,0.4324967810187557,0.5704306116402693,89.42721349777793,104.05594907175357,0.43395040848930494,0.5672191416039132,89.55454105275153,104.5846112119032,0,obs,15,1,100
0.4153294042139294,0.5361258744399197,63.64498286235098,80.66409942427458,0.41809493690303917,0.5318933863164903,39.53115296256102,47.9258101780884,0.44590608605330107,0.5527712718859992,87.10237230684452,100.76817096496661,0.4459409475875651,0.5514091191317935,85.98247193594841,98.34701831352956,1,obs,15,1,100
0.41338116307989703,0.537944942706247,66.3190374809354,82.45477933745858,0.41534085512262087,0.5343499660619777,53.45259570766566,65.49446458806938,0.4558661587942968,0.544643172996532,89.39606771135077,102.7374096219315,0.45958152530208335,0.5397189181550845,89.56389867868785,102.22278055425042,2,obs,15,1,100
0.41743905665807035,0.5289657112554511,65.32643584655361,82.39567601306403,0.4188799183582041,0.5257472149538077,52.11563592756749,64.07685924565402,0.43095670953570053,0.5710059549632437,89.24748567585326,103.01166424015483,0.43586194005807033,0.564298972859172,88.56248468651903,101.67600976538698,3,obs,15,1,100
0.4223639417993863,0.5321992383235588,64.24877827601941,81.08043289016307,0.4250107064305786,0.5282872209872645,48.074389095175725,59.26663833057185,0.4216912619028345,0.5766613838656789,87.542978298836,101.28850074372973,0.42331736220196886,0.5740861570464902,86.44476123437268,99.26480332838419,4,obs,15,1,100
0.4182370690732401,0.5315369754241571,66.04657069656494,83.52911976123696,0.42056631465687033,0.5276185748578637,55.80653243553192,68.99232992897866,0.43240181977578923,0.5703577576746056,89.48693575490614,104.12516150815235,0.4339429589711413,0.5672673610186632,89.56281405161855,104.59552741665995,0,obs,15,1,200
0.41548092771088013,0.5363416353960059,62.772745247232365,79.69569699167899,0.4183488229748887,0.5322554522552254,40.23204094182542,48.823372605039935,0.44582278175372725,0.5525703754454955,87.03506347581235,100.62114604509145,0.44594701408009174,0.5513448562234357,86.05839087731543,98.42394788343348,1,obs,15,1,200
0.41321349907527666,0.5376530886668943,65.35689215824628,81.41266521259661,0.4152560734803796,0.5341869179000575,53.13016631266171,65.10458661656402,0.455823711928831,0.5445014494419126,89.40763435259255,102.6989423739881,0.4596460180701837,0.5397214076292767,89.56141668337567,102.2433672508639,2,obs,15,1,200
0.41755932703641513,0.529052226484021,64.91786423206808,81.91461316667555,0.41909418455921665,0.5259663217726387,52.51577047989674,64.54115284024763,0.4308542816222217,0.5709024208569046,89.21003795782325,102.96525828728223,0.435849291775095,0.5643399182258699,88.59290831067378,101.71287721767136,3,obs,15,1,200
0.42214353501184804,0.5318392899959677,63.01664320314001,79.78546039015824,0.42486960671805374,0.5280439137979681,47.90458398601769,59.04473603526154,0.4215840856382124,0.5766079883082698,87.44818236750744,101.12481319927431,0.42328641547272994,0.5741472699524814,86.51672972652722,99.33259567018509,4,obs,15,1,200
0.4182571650136949,0.5315178220475015,65.83647642880625,83.2765722875171,0.4206305644414412,0.5276656800769964,55.89952117480967,69.12555465527963,0.4323643623301206,0.5702654153682793,89.43933855279899,104.1100852843219,0.43395973187992987,0.5672536633932266,89.54179877089193,104.56942569228463,0,obs,15,1,500
0.41536963486760803,0.5362284461304895,62.05367620303355,78.9281390676288,0.41827519839566296,0.5322013547603127,40.17168581622519,48.60333296717371,0.44580071894264595,0.5524969808392043,87.01338971105612,100.51496756577095,0.44597461547594347,0.5513380572966639,86.06858862589482,98.4293614918133,1,obs,15,1,500
0.41304658858526355,0.537422511469474,64.90193094055421,80.9268033797264,0.41513051207406326,0.5340286684161354,53.04522897668554,65.01904892874005,0.4558008359359938,0.5444277237125869,89.39591072764844,102.64367184892406,0.45967916177778745,0.539728665413491,89.61750428925298,102.24504080275877,2,obs,15,1,500
0.41755904658815063,0.5290972430417069,64.58209736934619,81.53194854756933,0.4191505265172651,0.5260908842333056,52.71866874892691,64.79239109710308,0.430796965837966,0.5708480451295569,89.22494662136351,102.93955738699763,0.4358438186959625,0.5643700006915391,88.525612456796,101.65795777782692,3,obs,15,1,500
0.42203875635350835,0.5316580820809168,62.43367828835664,79.16091410192625,0.4248094004634786,0.5279250482305037,47.69554326885197,58.767575005069716,0.42154534941786964,0.5765609911525809,87.35793622823348,100.9683184313251,0.4233007014168315,0.5741772965598555,86.53255811021765,99.37422687471927,4,obs,15,1,500
0.43549155114929694,0.5562650456624022,84.30419073802672,99.27469847987419,0.43829043066709267,0.5529380880699337,83.70149931301786,98.91126794727444,0.4322681795582649,0.5699768901730359,89.5246399075525,104.20700209128124,0.4340379044964454,0.5672383063196242,89.63295127521374,104.6917359645801,0,obs,10,20,100
0.4321022221218294,0.5606217006256494,83.74047727159623,97.58834277436065,0.4353779058791925,0.5569806948991674,81.90060373978103,95.09076560527252,0.4457192536986882,0.5523414855924869,86.78747571418765,100.06099481903416,0.4460573178893283,0.5514466555776139,86.18815466524138,98.54913978476254,1,obs,10,20,100
0.42981263542197345,0.5626335330716993,84.25798383431692,97.60709861801317,0.4322656665680507,0.5596983526860424,82.99258639105472,95.71077316791212,0.4557481459201535,0.5441075448680671,89.38072681732551,102.467122207531,0.4597910212653434,0.5396937987599988,89.4576497525271,102.018476958832,2,obs,10,20,100
0.4357417488590914,0.5557269298717342,83.96288609982008,98.34941373180199,0.437751315530739,0.5532415555973839,83.31741638374798,97.38699995363903,0.4306710195658501,0.5704976008385373,89.15327219646996,102.6532841751831,0.43590725367898875,0.5643285155155633,88.53613970760429,101.64790828323727,3,obs,10,20,100
0.4384149291552302,0.5547947297337129,83.96029214491078,97.74706602689152,0.4415088994664012,0.5513945235585165,82.908163128115,96.04382258380822,0.42152060557835835,0.5763313907463535,87.11590925009673,100.49056268033355,0.42340770154694823,0.5741904115339286,86.55438418892417,99.4244828641798,4,obs,10,20,100
0.43547498977473326,0.5562220171532622,84.26333315878485,99.23500130020099,0.43828640655281154,0.5529089405131692,83.68944633733061,98.9097365845696,0.4322648342448275,0.569954975333712,89.53048337236378,104.22078102720396,0.43404621280234246,0.5672266109503983,89.65371612540827,104.71988598893503,0,obs,10,20,200
0.43210230418125617,0.5606305600931578,83.66950587528305,97.47919469905975,0.4353917822632118,0.5570088318184698,81.96595411587901,95.1609504083564,0.44571022436398366,0.5523314691234723,86.7906012312073,100.0296133774148,0.4460587172298865,0.5514524006612215,86.17914239889754,98.52440520362038,1,obs,10,20,200
0.42981957012844624,0.5626053165271713,84.18863809023264,97.52403988329061,0.43228761263664345,0.5596928570884699,82.96063754370708,95.68236030278797,0.4557547132671924,0.5440672963079285,89.38302878220729,102.47133633546267,0.4598133904955013,0.5396756968048935,89.46431007619519,102.04814783279011,2,obs,10,20,200
0.43574982853262456,0.5557348145007823,83.97317256914363,98.34523176268638,0.4377743317828053,0.5532732045494332,83.3561674959742,97.43518255378773,0.4306586584991783,0.570483802787072,89.1351288083871,102.60869386359973,0.4359079955414486,0.5643425703698027,88.56192627774479,101.66353337482711,3,obs,10,20,200
0.4383971987924821,0.5547582607298629,83.8649429442097,97.63661904340451,0.4415004127844371,0.5513725822960788,82.89982812255424,96.03508957089277,0.4215056525974132,0.5763442040717477,87.10039000328909,100.4505492811862,0.4233995784164238,0.5742153013534638,86.59036855341733,99.47297154091038,4,obs,10,20,200
0.43546406245411906,0.556215383440537,84.24561178468791,99.20952909937355,0.43828202164110514,0.5529155367047635,83.67804758060097,98.89431242270638,0.4322587570063706,0.5699378291955413,89.51389384523425,104.21249088760148,0.43404489197291485,0.5672269490981098,89.65311025112071,104.7131437314419,0,obs,10,20,500
0.4320908444889225,0.5606090845629115,83.63257155551672,97.42219068151307,0.43538518487977357,0.5569971443745331,81.97722231944724,95.17220354666678,0.4457015391236812,0.5523172394810327,86.74820834323187,99.94965225943265,0.446054546828589,0.5514484259688017,86.16250558802832,98.52145122666134,1,obs,10,20,500
0.4297941443394282,0.5625784909533378,84.1513874695874,97.47908262310402,0.4322691490896796,0.5596811090779843,82.94651160563257,95.67634344607498,0.45575395539852037,0.544057205798042,89.37985021971139,102.4638175091306,0.45982138602679934,0.5396786984613947,89.4855326250316,102.05643881284631,2,obs,10,20,500
0.4357480892804762,0.5557432920506622,83.95025581657964,98.32295619419381,0.4377802745817478,0.5532943508728382,83.37611530636951,97.4664001205176,0.4306481601064789,0.5704669610926084,89.10241903966693,102.58761091994863,0.43590400946205216,0.5643404583702389,88.54018725227229,101.653080635201,3,obs,10,20,500
0.43839646834016766,0.5547245806296102,83.79779492200696,97.55616496420889,0.4415071257573834,0.5513510038832478,82.87875619073542,96.01699397245117,0.4215138342557453,0.5763480170857324,87.100264722905,100.42925923132697,0.4234150625276787,0.5742297458953544,86.60544264170767,99.48990000659796,4,obs,10,20,500
0.4351801195450957,0.55581619234361,84.00855527279093,99.02843733368476,0.43798062857885683,0.5524947877054518,83.33792022564765,98.57054989058878,0.43226212024302907,0.5699755847069069,89.51966899581082,104.20538601800885,0.43403072030950524,0.5672383250822737,89.61112546954827,104.68616321951257,0,obs,10,10,100
0.4318166854992453,0.5601776729667537,83.37077592423044,97.28400360293448,0.43509627989643357,0.5565429696336145,81.26266295007073,94.48600102827703,0.44573583454290855,0.5523502010823593,86.84893720906807,100.1086796761189,0.44607226973047387,0.5514518829634905,86.20116464597149,98.5702265459591,1,obs,10,10,100
0.42954854479050003,0.5622330115243331,83.98206282797908,97.36689647154455,0.4320069490012469,0.5593038000983794,82.56908196090842,95.31578594395648,0.45573972058317663,0.5440999671382465,89.38820063604292,102.46894470417983,0.45978331216799534,0.5396833184656996,89.4182732821004,101.97473925170839,2,obs,10,10,100
0.43545871491572025,0.5553074775796855,83.68553757424175,98.11263875285928,0.4374714967857046,0.5528289825668132,82.9570489953044,97.04214487112138,0.4306657263466247,0.5705012140048815,89.12203350539282,102.62980026303379,0.435900549899885,0.5643318029433875,88.50848126166824,101.6242037881714,3,obs,10,10,100
0.43814418050510157,0.5544112433534153,83.61912170230065,97.46446854679309,0.44124086801940177,0.5510157001643026,82.41334463586391,95.58233989235013,0.42151637020970484,0.5763612925114651,87.13887102674808,100.51227283244707,0.4234037465686261,0.574217884652516,86.55199785011436,99.42066262050001,4,obs,10,10,100
0.4351648734407599,0.5557674075418262,83.95273192398156,98.97014965243227,0.4379803971781164,0.5524609970453204,83.32192584888672,98.5599551981948,0.4322617462228062,0.569948882514886,89.50985621419005,104.2071814254914,0.43404374971242077,0.5672238048713514,89.63715043446621,104.71370596117755,0,obs,10,10,200
0.43181816881833884,0.5601883058562469,83.28275885879154,97.15552278832916,0.4351122821533146,0.5565748851011927,81.34517703223327,94.5749530370668,0.4457184518178651,0.552340834084816,86.80712631639224,100.02117178685982,0.4460677903988801,0.5514628088874081,86.20843629218395,98.54360482501474,1,obs,10,10,200
0.4295606302957186,0.5622005309736205,83.88963672302151,97.26925008372066,0.43203449901096924,0.5592952870958098,82.54065979880353,95.29418874957007,0.45575760234616824,0.5440830209211399,89.4062173390985,102.4823704593784,0.45981726160691283,0.5396912642470043,89.4606874009888,102.04235467576031,2,obs,10,10,200
0.435464698895526,0.5552996230996198,83.6725035717077,98.08857675123025,0.437493216439785,0.5528464423408419,82.98763082409253,97.0878096680324,0.4306583070918547,0.5704672120853593,89.12234423749285,102.59906903846718,0.4359071853841834,0.5643286942732615,88.54332378629722,101.64021255110626,3,obs,10,10,200
0.4381220103016945,0.5543651961609497,83.4956395823609,97.32474025499549,0.44123048099139195,0.55098528491805,82.40245913340448,95.571761754855,0.4214937224019066,0.5763498241302297,87.09760367772247,100.45205995673535,0.42338928599985703,0.5742226470132955,86.58602739255046,99.4702735044192,4,obs,10,10,200
0.43516738363781604,0.5557686873892442,83.95332665494774,98.96122755387077,0.43798935780536896,0.5524752673567683,83.32941555579218,98.56511085007031,0.43225990494773825,0.5699374246558978,89.50761851108443,104.2148228780375,0.43404676453797253,0.5672291372726428,89.64614959271422,104.71290450226306,0,obs,10,10,500
0.4318074977957246,0.5601798179703125,83.24328555143825,97.09527355046023,0.4351071506759341,0.5565776082355219,81.37852035613449,94.60766381191988,0.44571138226410156,0.5523168490305816,86.7590981003167,99.94953576490266,0.4460658345416952,0.5514488911325912,86.1822775589465,98.52994737565449,1,obs,10,10,500
0.4295275843580647,0.5621678845616298,83.84099080736316,97.21162666545322,0.4320082298444989,0.5592788298583334,82.52797518901488,95.29205739293342,0.4557611532436552,0.5440604026408583,89.38795648285888,102.46635083128739,0.4598289017911508,0.5396828796133449,89.47658464783281,102.04899185757304,2,obs,10,10,500
0.43546581047916716,0.5553121792990287,83.65017538982701,98.06532758928795,0.437503119738058,0.5528724307402221,83.01283183470545,97.12152276051788,0.43063867543712575,0.5704653896128098,89.10154205871886,102.58642095568209,0.43589424184643166,0.5643398856449183,88.52808594188859,101.63476405722534,3,obs,10,10,500
0.438113825851885,0.5543244799397247,83.40958016736717,97.22632601369072,0.4412308113062338,0.5509582772612692,82.36391379008042,95.53548597791563,0.42151022114782966,0.5763441631623945,87.1021952284617,100.42883191546758,0.42341347045057937,0.5742273099635975,86.59593271759458,99.49198307615053,4,obs,10,10,500
0.4348951667856483,0.5554251554433592,83.74486248506508,98.80779800662197,0.43769571293679044,0.5521035262132015,83.01576336280905,98.26943418315075,0.43226107361428256,0.5700072297059149,89.51783001813466,104.20071246381823,0.43402757734268593,0.5672649361639743,89.61098635079205,104.69229397103074,0,obs,10,5,100
0.431539538812007,0.5597999305989674,83.03663221732948,97.01299541392905,0.4348207875880775,0.5561712108641121,80.69232662601877,93.94219663338119,0.44572621658955397,0.5523403481365681,86.83597925760688,100.09485205142136,0.44606066035290937,0.5514412056192969,86.18203302970467,98.54333422316748,1,obs,10,5,100
0.42928302818202274,0.561862585654723,83.71522448043413,97.14746396623799,0.43174223407621654,0.5589342552646546,82.20524519608182,94.97751454115736,0.4557503138546331,0.5440774329833952,89.37308891275556,102.44793504906374,0.4597912721706225,0.5396572619219023,89.39419474922231,101.94402685784586,2,obs,10,5,100
0.4351476844644938,0.554896682214619,83.37071873155276,97.84670915973896,0.4371633296767757,0.5524232332207325,82.5635651417226,96.67108481135936,0.43066265995078123,0.5704678983815668,89.12574436699217,102.62506136537016,0.4358923676706843,0.5642995304654056,88.50688918783716,101.60794646797778,3,obs,10,5,100
0.43785418306681145,0.5540359571057161,83.26611033396254,97.17359837695084,0.44095294497632403,0.5506426015563273,81.90234335299087,95.1015944643945,0.4215261445803578,0.5763763841668259,87.15441887898668,100.51680257785382,0.42341222556621855,0.5742323814644368,86.55931999920142,99.43475809378735,4,obs,10,5,100
0.4348706674206885,0.5553751222920474,83.688633675987,98.74997013987883,0.4376868726326041,0.5520699260898008,82.98475326913471,98.24783408317629,0.43225719170428395,0.569968158084652,89.51025678572617,104.21006168192574,0.434038476810739,0.5672410278998509,89.6335958337397,104.70947481842556,0,obs,10,5,200
0.43153138337006525,0.5598083226327255,82.92956619143854,96.86407909352508,0.43482860905965653,0.5562005029681532,80.78707638758532,94.03555388576284,0.4457100752899502,0.5523312309119933,86.80374610943775,100.01401938215912,0.44605883242701366,0.5514538974660366,86.21188073286815,98.54111559426738,1,obs,10,5,200
0.42928809295493864,0.5618250212512926,83.61612063306477,97.04369565773041,0.43176378534734006,0.5589222270978706,82.16297424604714,94.9408738898866,0.4557588740394558,0.5440672200737985,89.39934805045904,102.4765484667761,0.4598183296437545,0.5396757095960676,89.4480757631321,102.01722420674284,2,obs,10,5,200
0.4351604743516814,0.5548939581751124,83.36644630764454,97.83221957901779,0.43719063818744713,0.5524454516572446,82.60864900639282,96.72749210488813,0.4306608703788672,0.5704532324685379,89.11461836971998,102.59587610129368,0.4359060631645604,0.5643156471681592,88.53955859512526,101.63267481480734,3,obs,10,5,200
0.4378307217193703,0.5539911216387146,83.13569098553867,97.02620709241857,0.4409419188670737,0.5506153249075039,81.90358471973911,95.10543821682799,0.421499605376822,0.5763534239668182,87.10272205880321,100.44709388889167,0.423395174006238,0.5742262495931644,86.59740540370517,99.48175611467948,4,obs,10,5,200
0.4348751608236544,0.5553734267592331,83.68089645963164,98.73180318006064,0.43769841978337803,0.5520814482572562,82.99462542999528,98.255215856016,0.4322588829985388,0.5699562271190202,89.51302464995908,104.22208318913431,0.4340455597757626,0.5672460951562392,89.65230310877027,104.71627389555266,0,obs,10,5,500
0.4315119653249933,0.5597822424169057,82.87082735453671,96.79002895883569,0.4348147478291613,0.5561855330751737,80.79435533390148,94.05061573513508,0.4457060488676972,0.5523141522437254,86.75264795487071,99.94110163108117,0.4460610358485898,0.5514465475224305,86.19218604476283,98.54180000725897,1,obs,10,5,500
0.4292461244329832,0.5617766782102412,83.54897029158396,96.96544027929946,0.4317293718249784,0.5588920961340176,82.13329051598595,94.92488864622393,0.4557559644354959,0.5440534437684336,89.37804421274141,102.45341257143188,0.4598233378717398,0.5396759745502887,89.46825689337325,102.0317488483681,2,obs,10,5,500
0.43516539095433177,0.5549012423035415,83.34990781853865,97.81427421949769,0.4372049857173268,0.5524669468029837,82.64192217845775,96.76883670291018,0.4306430750732903,0.5704619294165287,89.09809509367342,102.58163544383545,0.43589609643685595,0.5643375287977915,88.52387234770117,101.62923951139219,3,obs,10,5,500
0.4378255639326359,0.5539481314624354,83.0371657437672,96.91452284235085,0.4409455891909129,0.5505867580514042,81.87050435299318,95.07116874371376,0.421507442455949,0.5763509329095131,87.09425733199343,100.41540692800467,0.4234103089566205,0.5742334434079935,86.59168163265585,99.48433768994839,4,obs,10,5,500
0.43453378750490607,0.5549137164459512,83.40032853519438,98.52079719467751,0.43732963370122224,0.5515859230369295,82.57489107880832,97.84578253274405,0.43225654930257407,0.5700038946289157,89.52327832663806,104.20437940985077,0.4340193820402342,0.5672590283962747,89.60555332338386,104.69149888912814,0,obs,10,1,100
0.43117134534326346,0.5592854216324895,82.61038129914397,96.67393683235234,0.4344494400669947,0.5556561220309034,79.93546627419418,93.22038057799601,0.4457124595540981,0.5523571349316048,86.84580380738396,100.10424598236169,0.4460464824146794,0.5514539610146024,86.21587410991337,98.55997176978141,1,obs,10,1,100
0.42892928776783174,0.5613662401977554,83.35603366426936,96.85170604642117,0.43138393237303047,0.5584336210417079,81.67847427820276,94.48687204495475,0.4557353695370802,0.5440677905689192,89.35276233920864,102.43756630629579,0.45976996318144436,0.5396479299622239,89.40092069721355,101.95366589237783,2,obs,10,1,100
0.43478208288506376,0.554379296790285,83.0210238703347,97.55544216396198,0.43679340747660184,0.5519035001964517,82.08913159489906,96.21550029448454,0.4306631448314965,0.5704577848875043,89.1279392023372,102.6282795931567,0.4358872828430901,0.5642858579586378,88.50103062147464,101.60305707358819,3,obs,10,1,100
0.4374785429232456,0.553519763578847,82.7970542758188,96.79682789445648,0.44057559145016123,0.5501260463745571,81.19782381686808,94.43757029032521,0.4215220673710731,0.5763829035116937,87.15690002884587,100.53621128388477,0.4234042859658804,0.5742296094995643,86.52466667879499,99.4055960280664,4,obs,10,1,100
0.4345013858277409,0.5548620087454438,83.33491610978909,98.45431437234859,0.43731403592065543,0.5515534288939286,82.5369878556274,97.81617327990419,0.4322520681980251,0.5699667837362922,89.51490142535172,104.21465884060137,0.43403060728040954,0.5672393910054341,89.62722641707785,104.70446681091323,0,obs,10,1,200
0.4311605718435426,0.5592870241452329,82.47591127226626,96.49565710912657,0.43445569130647005,0.5556806522016475,80.0225468699047,93.30637830396749,0.44571070742353897,0.5523390851279303,86.82191608430146,100.03517947959755,0.44605848090962263,0.5514588537007207,86.2350866862527,98.55632496996039,1,obs,10,1,200
0.4289362398724895,0.5613154353831681,83.24654368745735,96.73546051060318,0.4314098895833113,0.5584094924946744,81.62974860631395,94.44136524384886,0.4557470342511506,0.5440653467021507,89.3819781547832,102.4668194808692,0.4598034270231073,0.5396722547852404,89.44894079829892,102.02665621716298,2,obs,10,1,200
0.4348008708614837,0.5543721043560779,83.01089791521659,97.53469858804257,0.4368282634719378,0.5519225563163277,82.13287552638143,96.27203444004006,0.43065742934914947,0.5704492369612743,89.12190436693946,102.60323878278162,0.4358986903712927,0.5643087158207734,88.53021934473698,101.62870945373145,3,obs,10,1,200
0.43744847515743857,0.5534827972187022,82.65220462801162,96.63059815443357,0.44055934144811304,0.5501081851411475,81.21323353441781,94.4505020115712,0.421498666138283,0.5763609419694995,87.09562252419082,100.4501342905198,0.42339134165450404,0.5742286540805188,86.5876971189156,99.47494552097845,4,obs,10,1,200
0.43450046774075024,0.5548553587820054,83.33121193369284,98.43838439918915,0.4373202945293498,0.5515603073840646,82.54512273719602,97.82076683999897,0.43225442092102134,0.5699582318774054,89.51904796007804,104.22844903857447,0.43403961768156823,0.5672471727137882,89.65277355395014,104.72001433565683,0,obs,10,1,500
0.4311418993307745,0.559264566252243,82.39815061138982,96.40190883578437,0.43444361674896276,0.5556701748555471,80.03483626842535,93.32085641807889,0.4457120910246391,0.5523165076980994,86.76459801577329,99.95580387692121,0.4460655966743069,0.5514464930788304,86.1916851705886,98.53619571573853,1,obs,10,1,500
0.4288904475979404,0.5612651728079279,83.16999057662805,96.64727398239542,0.43137239597785076,0.558378284905156,81.59667127998416,94.42097297330248,0.4557557963800067,0.5440499479618727,89.37972223400375,102.45414671258969,0.45982119754811257,0.5396715566835949,89.46918562500677,102.03713604484903,2,obs,10,1,500
0.4348040379496375,0.554381203572705,82.9816513328313,97.50634254122238,0.4368417924932705,0.5519467239010275,82.1684662892134,96.31490118029646,0.4306371866541566,0.5704614349525469,89.09352389480327,102.57793374013295,0.4358876510360972,0.5643366034068993,88.51398044837124,101.62398840732249,3,obs,10,1,500
0.4374454345346249,0.5534449199129503,82.5463467933173,96.50957493798,0.44056627673688425,0.5500852251096254,81.18250666488366,94.4157345758034,0.42150733288396014,0.5763561837298861,87.09122556660625,100.41976624404121,0.42340903187558965,0.5742373541489593,86.5875771443403,99.48471484801156,4,obs,10,1,500
0.43769275858021256,0.5598219906053756,86.92927578550267,101.56373594416029,0.44054301122892325,0.5565911071147152,86.61118741902365,101.6724272321108,0.4322186660884954,0.5698145403150073,89.64919103970574,104.38915417982615,0.4340814400019347,0.5672297624329435,89.74906347810352,104.92964188061033,0,obs,5,20,100
0.43424984639092756,0.5641585785759597,87.66463812150745,100.73197240967116,0.43758208167656615,0.5605712250939895,87.16752373458095,99.95801097405835,0.4456966904696017,0.5523303929721831,86.6615459183768,99.60209903676171,0.44612207839386603,0.5515818093773398,86.2055880142881,98.58554452455486,1,obs,5,20,100
0.43185100231649276,0.5662156082820795,87.3099443274943,100.01335436407477,0.4343673473455401,0.5633784269294672,86.86709541387214,99.13514958944629,0.4558574890663444,0.5439027728289079,89.30854737690692,102.2230660705758,0.45999907151537,0.539659771489786,89.28299329772574,101.78819243006545,2,obs,5,20,100
0.43803642316898495,0.5596326061986014,87.01484471016965,100.86992153641539,0.4401079128520365,0.5572424518760853,86.80889269776493,100.61679382549661,0.4306413297817352,0.5702663711222704,89.02861356090816,102.38974949518348,0.4359709477145985,0.5642895707823347,88.46939267661399,101.63369523262247,3,obs,5,20,100
0.44045101692822025,0.5580658176900921,87.5993550800814,100.61034950629013,0.4435956696442632,0.5547372858723537,87.29367127387474,100.04916406556593,0.42164009586947354,0.5762177003108966,86.90364084305335,99.94325747337177,0.4235826781514074,0.5742164179761854,86.5467398355714,99.50915126457096,4,obs,5,20,100
0.43769430398286446,0.5598199276204486,86.93285962126448,101.57289794098223,0.44054501636166915,0.55658666241148,86.61289595601022,101.68699018983092,0.4322217967039858,0.5698104569140433,89.65037035565818,104.40205049614401,0.4340844682566116,0.5672228209245238,89.75347607220219,104.94314337700881,0,obs,5,20,200
0.43425401480762443,0.5641548651959475,87.67063430426404,100.72168648423792,0.43758884247477386,0.5605675072108149,87.17109928104627,99.96984980878089,0.4456961801593689,0.5523188434802074,86.65324478224036,99.58147482527673,0.4461244664585295,0.5515702189152584,86.1941446226328,98.58722458177182,1,obs,5,20,200
0.43185663828354076,0.566216564888427,87.31144328501152,100.00931418041526,0.4343774500690652,0.5633854576004176,86.87246884766378,99.13611974743746,0.45586646288789745,0.5438975008792079,89.32342550736571,102.23850907835599,0.4600124123591474,0.5396592874151719,89.29743049974158,101.80643586762768,2,obs,5,20,200
0.43802786722008413,0.5596364879624339,87.00736884407274,100.8616925106226,0.4401034980019958,0.5572547567831332,86.80770692456997,100.61761037904921,0.43064267301330805,0.5702451444579676,89.0181141957176,102.37139870326925,0.4359766107930098,0.5642776009511993,88.4665469828819,101.62851879863096,3,obs,5,20,200
0.4404487644788073,0.5580653187920348,87.60537896461346,100.61125996205654,0.44359421672162813,0.5547365473996828,87.2979299096574,100.05535566716739,0.42164424204271234,0.5762172586045583,86.90046631611762,99.92905380640693,0.42358918252558136,0.5742166046820757,86.55081241341783,99.5197111176917,4,obs,5,20,200
0.4376918284455778,0.5598219907016272,86.93431268387701,101.57876463384365,0.44054484755076934,0.5565910591384648,86.61254550906153,101.68086651817296,0.4322205552273851,0.5698041239780763,89.6501423291153,104.40430674169741,0.4340847705449998,0.5672207306699091,89.76040463324387,104.9442645173254,0,obs,5,20,500
0.43425216215724555,0.5641587154204702,87.66650231838841,100.7092292212072,0.43758673876823506,0.5605737156498841,87.17096332022746,99.97148061578876,0.4456949729942349,0.5523147548712927,86.65105722458227,99.57213878965254,0.44612284253854745,0.551568617522115,86.18665557912759,98.57896806189068,1,obs,5,20,500
0.4318535045624256,0.5662162387036375,87.3100933451304,99.99947833608813,0.43437718021586336,0.5633886448502431,86.87796992779026,99.1434434833149,0.45586845836434564,0.5438818309368157,89.30619044217231,102.21146230425641,0.4600175002273387,0.5396469764620536,89.28730255248432,101.79559814925793,2,obs,5,20,500
0.43802513189466447,0.559637722285001,87.00411083196991,100.87552419892535,0.440101493438837,0.5572584779362716,86.80806702964671,100.63599332161668,0.43063632516277367,0.5702477137323879,89.02279996348906,102.39164049767486,0.4359702182909798,0.5642821474945094,88.46733423047044,101.64636385217831,3,obs,5,20,500
0.4404443137512909,0.5580651973901605,87.60133450232237,100.5983615251653,0.44359092842241254,0.5547385393361186,87.29819438422528,100.0489005508252,0.42164933405726535,0.5762203742507903,86.90419288093454,99.9312772663437,0.4235954631786645,0.5742218515657087,86.55052930912352,99.5163080019669,4,obs,5,20,500
0.43769281897652856,0.5598178805321664,86.92762672161133,101.5629395678803,0.4405435180138808,0.5565873498024011,86.61002606667668,101.67135301809932,0.43221595086417136,0.569812959543595,89.64678191860162,104.38799178722095,0.43407908295214787,0.5672283124933946,89.74769178536202,104.92770037126124,0,obs,5,10,100
0.43424939768185183,0.564155001942117,87.65977633137643,100.72762092791152,0.4375819017969711,0.5605679539227892,87.16352332453498,99.95365253678862,0.4456966417443137,0.5523294696069306,86.66214763647078,99.60368580602419,0.44612221938305646,0.5515808973154054,86.2078082411765,98.5846066128826,1,obs,5,10,100
0.43185018750860865,0.5662083365825471,87.30529794618025,100.00995397916347,0.43436688839744436,0.5633711245302965,86.86140891155324,99.12972517061799,0.4558591701718046,0.5439036621845142,89.3090112289984,102.22201099830187,0.46000085221216147,0.5396603030221226,89.27999886552543,101.78466062300538,2,obs,5,10,100
0.4380349468549515,0.5596312916605442,87.01191519237194,100.86699605875674,0.4401068084384141,0.5572418982279274,86.8069803002496,100.61414359149896,0.43064118027120407,0.5702671791900393,89.0296307698942,102.39093589141171,0.4359709432620841,0.5642912725724841,88.47008824230464,101.6337138005565,3,obs,5,10,100
0.44044883388838096,0.558062916750663,87.59680733506255,100.60706226418318,0.44359376107471615,0.5547345715502776,87.2896338035921,100.04607127972257,0.42164211221343767,0.5762202400913871,86.90266915652957,99.93988831761905,0.423585273848981,0.5742193531753498,86.54986993175076,99.51141034020718,4,obs,5,10,100
0.43769366958179445,0.5598167227308168,86.9314717209864,101.57154288229825,0.44054478089705357,0.5565838727287018,86.61111117287935,101.68521974175701,0.4322208529906961,0.5698086105985924,89.64965255096608,104.40165514696727,0.4340838331955329,0.5672213206341594,89.7523743169615,104.94203404636714,0,obs,5,10,200
0.43425208209858157,0.5641516036798677,87.66605334644542,100.71679650075502,0.43758703290353324,0.5605644528813655,87.16545838785882,99.96317089371921,0.4456961407917994,0.5523188893485332,86.6520407626928,99.58179783364277,0.44612451665671954,0.5515704673589348,86.19514876368919,98.58538652579854,1,obs,5,10,200
0.431855216616838,0.566209416862433,87.30603432089309,100.00503409358903,0.4343764335975654,0.5633785141846254,86.86604581156224,99.13033200542861,0.4558679979310638,0.5438993873141531,89.32245524479697,102.23677165660116,0.46001423285543397,0.539660946996875,89.29687425740738,101.8048270628607,2,obs,5,10,200
0.43802644376337097,0.5596339677713743,87.00489709293777,100.85942851556491,0.4401024380910481,0.5572528473755576,86.80525816643929,100.6151626256858,0.4306416066149306,0.5702437707705629,89.01806997999007,102.3718405315433,0.43597580823692794,0.5642768910025465,88.46497698142524,101.6269888414514,3,obs,5,10,200
0.4404459259063899,0.558061924923518,87.60160865032069,100.60665304287437,0.44359171600132097,0.5547334760528049,87.2925959104523,100.05041017692763,0.4216455072379914,0.5762161175035452,86.89746401089653,99.92451547593149,0.4235907737224902,0.5742160082591797,86.54864879584662,99.51753024427443,4,obs,5,10,200
0.43769175136399113,0.5598186067198647,86.93224634858592,101.57717974773502,0.4405450618055143,0.5565881459375219,86.61052097997195,101.67978647697484,0.43222036191009006,0.5698044599547097,89.65032755959137,104.40472203295806,0.43408495853228085,0.5672213576916421,89.76035537794893,104.94486986275764,0,obs,5,10,500
0.4342504453751613,0.5641553837658476,87.66189957749394,100.70396404988527,0.43758536956529637,0.5605706018836346,87.16495927462651,99.9656988475625,0.4456945282891246,0.5523151329870267,86.65176222021616,99.57084818501548,0.44612265726886274,0.5515691718968109,86.18650445379662,98.57792891692189,1,obs,5,10,500
0.4318526005270921,0.5662098368429174,87.30604653697988,99.99586948472911,0.43437672580786546,0.5633825814373437,86.87269631529448,99.13896736036288,0.45587002057632386,0.5438832425196447,89.30671237024649,102.21052043112218,0.46001931957667225,0.5396482837738045,89.28682723631997,101.7942959072188,2,obs,5,10,500
0.43802336479190235,0.5596346945193837,87.00148541906803,100.87290351383568,0.4401000726387965,0.5572560111718561,86.80533470472258,100.63323651245993,0.4306358721291625,0.5702455979893397,89.02173433518271,102.39076999893481,0.43596986524159126,0.5642805097390957,88.4661380810764,101.6453202551625,3,obs,5,10,500
0.4404418890907933,0.5580611160392448,87.59808323789295,100.59468733641478,0.44358893469594396,0.554734782003149,87.29290514456555,100.04462309442324,0.4216510169095697,0.5762211752293481,86.90320047167495,99.92917062072132,0.4235974622912056,0.5742230309892441,86.5493641244932,99.51522923675657,4,obs,5,10,500
0.43769219535117,0.5598178051544594,86.92697175986397,101.56184767519713,0.44054295391047515,0.5565874308290313,86.60979685544103,101.67136348277941,0.4322132405423763,0.5698116844235092,89.64553745190854,104.38644592684759,0.4340766207065205,0.5672274846029344,89.74600327860344,104.92586313645823,0,obs,5,5,100
0.43424866677869367,0.564153184180256,87.65832783773858,100.72616527761501,0.43758120318616184,0.5605661868579337,87.16079583696592,99.95106694462899,0.44569748636124834,0.5523299588060441,86.66226400211119,99.6039266980623,0.44612332643164837,0.5515818236613526,86.21148476985171,98.58736081804476,1,obs,5,5,100
0.4318489304771605,0.5662045108524602,87.3035101448405,100.00800923405977,0.43436601048134144,0.5633675276665806,86.85898936530772,99.12753277183883,0.45585847396331486,0.5439016823545713,89.30843774851115,102.22214468500104,0.4600002377731958,0.5396585109357396,89.2782150970641,101.78342853195574,2,obs,5,5,100
0.43803371744240466,0.5596299969797518,87.01114610861532,100.86581795578711,0.4401056739161557,0.5572407963006119,86.80572127936914,100.6129215873952,0.4306406508588087,0.570266130113767,89.02851621929103,102.39002302362562,0.43597032756788734,0.5642901593411918,88.46902231410895,101.63306642343078,3,obs,5,5,100
0.44044817518959095,0.5580598836444653,87.59362274401849,100.60438966248083,0.4435931767494565,0.554731858813142,87.28577404841,100.0430092433867,0.42164226239280533,0.576218777386057,86.90008428462585,99.93832402770107,0.4235853776946001,0.5742183530758128,86.54975916437462,99.51092873260568,4,obs,5,5,100
0.43769342636962283,0.5598161881448713,86.93098975924069,101.57089692527808,0.44054460818741836,0.55658347241463,86.61117723762914,101.68560451516815,0.43222043218996564,0.5698077835014187,89.64832270704385,104.40018683835072,0.4340835124622621,0.5672208884626904,89.75208435017556,104.9414529989388,0,obs,5,5,200
0.434251625590276,0.5641497748921374,87.66447555815948,100.71565568622364,0.4375865899950369,0.5605627240708602,87.16309613234502,99.96039495635229,0.4456961821027283,0.5523194476494777,86.6523043509606,99.58216722190114,0.44612472812549864,0.5515712847501226,86.19587779584448,98.58660176187598,1,obs,5,5,200
0.43185460372106077,0.5662055911562235,87.30477189115055,100.00362753871343,0.4343760786652231,0.5633750453000388,86.86374861087735,99.12855363180648,0.45586789013070506,0.543897837566865,89.32133331812523,102.23629567873625,0.4600143321272396,0.5396596653000199,89.29563917315171,101.80415125752924,2,obs,5,5,200
0.4380255489358897,0.5596328340552101,87.00339251591885,100.85779282658937,0.4401016546210809,0.5572519574151216,86.80439610029414,100.61427017061445,0.43064026216006357,0.5702433638434113,89.0162736905829,102.36993698611654,0.4359744184726392,0.564276684421492,88.4643415626804,101.62669361358522,3,obs,5,5,200
0.44044518233850344,0.5580599671165888,87.5996298315448,100.60362993654172,0.4435910557750326,0.5547317760704457,87.28990264576017,100.04791758683368,0.4216455278765832,0.5762160981578216,86.8947344560018,99.92180127515896,0.4235906625627658,0.5742160873861596,86.5479802674071,99.51700493039806,4,obs,5,5,200
0.437691757738861,0.5598169551847023,86.93118654220912,101.57594416918285,0.4405451312981627,0.5565865441161507,86.6099740084598,101.67990037232636,0.4322201312750741,0.5698045493739309,89.64967967756935,104.40409951035119,0.4340848929349729,0.5672216247701665,89.76053729257606,104.94535470681501,0,obs,5,5,500
0.43424972808778955,0.5641536818562162,87.65996280195377,100.70226510758677,0.4375846805713052,0.5605689762620601,87.16268471396948,99.96298519528645,0.4456947954677292,0.5523157797151618,86.65157767389006,99.57010552726419,0.44612297707069287,0.5515698960711124,86.1873075315865,98.57905232990656,1,obs,5,5,500
0.4318514347589715,0.5662064679762167,87.30429947692377,99.99405217818992,0.4343757040579727,0.5633794523755545,86.87003532238224,99.13637115782954,0.45586977703819903,0.5438828192648948,89.30583748162522,102.20982508143837,0.46001915915562586,0.5396479570006955,89.28621722550884,101.79394256573565,2,obs,5,5,500
0.43802242299705163,0.5596337024920706,87.0002833783621,100.87192230001074,0.4400991884715447,0.5572551564601523,86.80443516509206,100.63216286062345,0.4306346739817633,0.5702447824076169,89.02126989411406,102.39067883298321,0.4359686330542407,0.5642797340032802,88.4654582940426,101.64490385584432,3,obs,5,5,500
0.4404416337341038,0.5580592637785019,87.59704115007092,100.59281565143294,0.4435887584988031,0.5547330749306065,87.29151372464791,100.04286111839752,0.4216515687996446,0.5762211314194572,86.90259312751063,99.92829580079402,0.4235979969146708,0.5742230849429651,86.5499089165709,99.51579228812875,4,obs,5,5,500
0.43769193768845216,0.559816543652688,86.92626745719754,101.56121911638574,0.44054268526829493,0.5565862248274854,86.60943698643872,101.67093808279877,0.4322140488234661,0.5698117723970557,89.64614692727484,104.3870212836545,0.4340774559590986,0.5672275015616268,89.74595295796676,104.9255100745564,0,obs,5,1,100
0.43424850536460613,0.5641524633229393,87.65694251903388,100.72530734401505,0.4375811035817468,0.5605655589105845,87.15974758640164,99.94984486203724,0.4456967231797054,0.5523300966636624,86.661241185294,99.6025939276017,0.446122572739049,0.5515818971187962,86.21041673845804,98.58612623031155,1,obs,5,1,100
0.4318490756594501,0.566202832422935,87.30246949003707,100.00708785337588,0.4343661305553551,0.56336584099551,86.85695902753255,99.12555889833922,0.4558585182574116,0.5439011073673615,89.3076328870526,102.22096834033017,0.4600002803469823,0.5396577808045186,89.27808740051798,101.783094687566,2,obs,5,1,100
0.438033511296659,0.5596292224150546,87.01053559281866,100.86528987991449,0.4401054818685637,0.5572400097738118,86.80494266592001,100.61211737457307,0.4306404406500654,0.5702641672311415,89.02827711398452,102.38944475325548,0.43597018679374006,0.5642883494654489,88.46826572555679,101.632107226824,3,obs,5,1,100
0.44044650919137845,0.5580593920166815,87.59195921803186,100.60234997940232,0.44359161752118564,0.5547314639102606,87.2832230209642,100.0402373781451,0.42164306168197174,0.5762181438813688,86.90125525541576,99.93884775625241,0.4235861459025217,0.5742178111770699,86.55047367322801,99.51185992239003,4,obs,5,1,100
0.4376929889785646,0.5598151503611118,86.93012807869465,101.57019698966343,0.4405441406955483,0.5565824762422772,86.61031909210973,101.68485897566708,0.4322208074566739,0.5698074917264098,89.64817984192413,104.40029408732259,0.43408392688474046,0.5672205635015105,89.75176652745172,104.94079337577331,0,obs,5,1,200
0.4342512743080417,0.5641486974447335,87.66288156343967,100.71428395717362,0.4375862347989741,0.5605617324495652,87.16137214000317,99.95892134348342,0.4456959660377678,0.5523201103751328,86.65345468608012,99.58241064323654,0.446124490052914,0.5515718197249381,86.1964214026839,98.58686114405876,1,obs,5,1,200
0.4318543621817506,0.5662035110744585,87.30359579490943,100.00243354376339,0.43437586283868623,0.5633730326170664,86.86156702943808,99.12639255107679,0.4558676936627508,0.5438972916512104,89.3204090384552,102.2351921441712,0.4600141431224498,0.5396590023876259,89.29594387699983,101.80465353769884,2,obs,5,1,200
0.4380252676916425,0.5596323271589821,87.00314794830538,100.85751769802417,0.4401014209256804,0.5572514324676365,86.80384292607779,100.6137065555953,0.43063997919452707,0.5702422601943139,89.01612427373324,102.36960709900636,0.4359742518313613,0.5642756509254128,88.46410071588986,101.6262011463644,3,obs,5,1,200
0.44044399886085034,0.558059181187547,87.59821659098596,100.60200639061031,0.4435899304674669,0.5547310507086111,87.28779197448655,100.04584372865386,0.4216457072267017,0.5762164731195681,86.8949473136171,99.9217380762262,0.4235908155453005,0.5742164799897085,86.54877764381824,99.5178419782282,4,obs,5,1,200
0.4376913287199798,0.5598160706298694,86.93059449688677,101.57531035212757,0.440544741778275,0.5565857031339317,86.6093680305861,101.67930462104601,0.43222004398771263,0.5698038601561755,89.64956889133929,104.4041091285242,0.4340848516435029,0.5672209845543571,89.759995652881,104.94478359029932,0,obs,5,1,500
0.43424957915563756,0.5641527850290166,87.65890232225537,100.70109938463573,0.4375845376239458,0.5605681486252369,87.16145160589197,99.96181679537973,0.4456948083925823,0.5523163833427497,86.65159769627998,99.56985730704447,0.44612302890578553,0.5515704434650914,86.18728387292266,98.57902546042644,1,obs,5,1,500
0.4318511574733977,0.5662041182994115,87.30291511055724,99.99282240941338,0.4343754771925523,0.563377158249866,86.86771475981179,99.13409033366443,0.4558696799132535,0.5438823493400575,89.30493222099783,102.20892239748686,0.4600191051192529,0.5396474366635329,89.28664757912209,101.79417974566974,2,obs,5,1,500
0.43802216559237855,0.559633187387719,87.0001002747209,100.87165353464788,0.4400989560114899,0.5572546522697971,86.80410808545088,100.63177097909858,0.4306343927081762,0.5702443660177,89.02120177138646,102.39052784828635,0.43596840721541835,0.5642793401347852,88.46522426139026,101.6447219372971,3,obs,5,1,500
0.4404407727150062,0.5580576160035767,87.59506832052317,100.59091050481345,0.44358796191450234,0.5547315209964596,87.28908854347908,100.04080283573002,0.4216513563327109,0.5762218071031264,86.90242088549476,99.92808492238801,0.4235977883459492,0.5742236836765156,86.550038559027,99.51596940902128,4,obs,5,1,500
0.43796131654588016,0.560116693758158,87.12667329972774,101.85104488693776,0.4408285402037167,0.556913363389876,86.81331119976133,101.94542119263868,0.43214332914133824,0.5698122478446468,89.71892243198815,104.55395956568852,0.4340282759747722,0.5672584902615998,89.85642088575547,105.16526273039527,0,obs,3,20,100
0.4345158053050972,0.5644354906748822,87.95240786840976,100.8916076748929,0.4378583115296152,0.5608696558909277,87.51763126101515,100.32472216795738,0.4457359226682771,0.552373224232146,86.59503597844692,99.39409953571109,0.4461784816026674,0.5516515300357769,86.18810132280194,98.57279721900464,1,obs,3,20,100
0.4320848553300464,0.5665408392509961,87.59638565508217,100.1540496043487,0.4346401167474458,0.5637470321908488,87.21982138998273,99.41101935767591,0.4560215765442253,0.5438084676203894,89.19197234373462,102.00874051677117,0.4601994047738719,0.5396292326059443,89.09631702083125,101.5679139481162,2,obs,3,20,100
0.4382734403794261,0.5599695491527678,87.23029819011302,101.00968293298224,0.44036800675026255,0.5576188011641658,87.0353599982738,100.83935125999975,0.43063697272407125,0.5701617977315873,88.95891741180226,102.2743829940063,0.4359933443240936,0.564238195454669,88.37386373922357,101.58453927369159,3,obs,3,20,100
0.44063800456185614,0.5583677846867671,87.86879000139518,100.72014855235844,0.4437959833802365,0.5550731332505264,87.6441789970391,100.39049326202817,0.4217854764275969,0.5761742352171754,86.83699115248604,99.78487705466966,0.4237360999483768,0.5742177254862039,86.51410803962169,99.56559049566866,4,obs,3,20,100
0.43796054085338765,0.5601171967821806,87.12632703055114,101.85480708639595,0.4408262730840117,0.5569104245978697,86.81339911245418,101.95846450540803,0.43214554780278647,0.5698105972736595,89.71944712012984,104.55801658908126,0.43402858215739376,0.5672530301793137,89.85590062257822,105.17249696344346,0,obs,3,20,200
0.43451681431301753,0.5644344449695852,87.96037605487646,100.92008099729495,0.4378629623462913,0.560867121630976,87.52588441084728,100.33745849866648,0.4457320952331598,0.5523680852579242,86.58130169690293,99.40533404948279,0.446178183647083,0.5516447460373496,86.18234277718913,98.57486432616633,1,obs,3,20,200
0.4320812069814637,0.566543646839555,87.5958412344821,100.14997818955398,0.434638800843782,0.56375455094636,87.22040950052629,99.40016646104472,0.45602015544594143,0.5438088214021832,89.20692051793175,102.02512725148942,0.46020030521786714,0.5396325336942245,89.10777890040345,101.57505584920783,2,obs,3,20,200
0.43826941500928246,0.5599727307732463,87.22725679726895,101.01377870898177,0.44036461929927045,0.5576272705324655,87.03776026692877,100.8447459495964,0.4306352200562985,0.5701474160737241,88.95174712527485,102.27150927755962,0.43599246506874606,0.5642293375420013,88.37209113528864,101.58490837908796,3,obs,3,20,200
0.4406386998487454,0.5583667278469384,87.87216951437205,100.72142674249385,0.4437975721119124,0.5550719782842828,87.64768959760009,100.38751410935099,0.42178894990763366,0.5761762003247345,86.8346305280345,99.77908604357408,0.42374011644294335,0.5742202828746985,86.51401634628583,99.55720137387107,4,obs,3,20,200
0.4379603888275874,0.5601166704606041,87.12566445017139,101.85505459822478,0.44082737153904517,0.5569108174700168,86.81236911772235,101.95485500831332,0.43214529230797594,0.5698067852125314,89.71937172433911,104.5608116835763,0.4340297542677095,0.5672512263111141,89.86062484277335,105.17521215802414,0,obs,3,20,500
0.4345146417337795,0.5644374224089398,87.96044469500147,100.9226326315231,0.4378591298723572,0.5608713187115508,87.5256023114438,100.3367932045034,0.44573140612692214,0.5523591348716586,86.57683131400103,99.40658132283369,0.4461757794748521,0.5516373773039022,86.17704180467574,98.56990665558484,1,obs,3,20,500
0.43207899408828865,0.5665407041856108,87.59149240851092,100.14587052672475,0.4346381852581535,0.563753903709453,87.21926600545855,99.401970632418,0.4560191055570637,0.5438046413892037,89.19373478743537,102.01111561928994,0.46020186187910167,0.5396305137379346,89.1036218183708,101.57415317216534,2,obs,3,20,500
0.4382677689929029,0.5599726891841385,87.2254633759459,101.02581142338639,0.4403626220125537,0.5576272410597838,87.03820959885206,100.86350942896846,0.4306330239012682,0.5701555946231672,88.95986638754684,102.29377584765116,0.43598964265049744,0.5642363332674272,88.3781728291483,101.60791109820236,3,obs,3,20,500
0.44063855011498715,0.5583664921600527,87.87540469382745,100.72116115425911,0.44379766433903034,0.5550705650495535,87.64953118899865,100.38627425322741,0.42179654502070046,0.576177805033878,86.83546447366234,99.77707226907269,0.4237477616372297,0.5742206521328128,86.51566680202438,99.55720754169914,4,obs,3,20,500
0.43796124223780764,0.5601167505524632,87.12665121572874,101.85089182404596,0.4408284997452553,0.5569134063220227,86.81338615061429,101.94530568419118,0.43214327317621426,0.5698122211025495,89.71866975724954,104.55340625838932,0.4340282657833173,0.5672584723100089,89.8564350197049,105.16514682178766,0,obs,3,10,100
0.4345158053050972,0.5644354906748822,87.95240786840976,100.8916076748929,0.4378583115296152,0.5608696558909277,87.51763126101515,100.32472216795738,0.4457359226682771,0.552373224232146,86.59503597844692,99.39409953571109,0.4461784816026674,0.5516515300357769,86.18810132280194,98.57279721900464,1,obs,3,10,100
0.4320849456492719,0.5665406889586381,87.59631580616582,100.15398908439344,0.43464026621280727,0.5637468808880342,87.21968437216034,99.4108725254331,0.45602122403755596,0.543808427605008,89.1919571005809,102.0087028420359,0.4601990579630335,0.5396291703178495,89.09618482113142,101.56782165456568,2,obs,3,10,100
0.4382734403794261,0.5599695491527678,87.23029819011302,101.00968293298224,0.44036800675026255,0.5576188011641658,87.0353599982738,100.83935125999975,0.43063697272407125,0.5701617977315873,88.95891741180226,102.2743829940063,0.4359933443240936,0.564238195454669,88.37386373922357,101.58453927369159,3,obs,3,10,100
0.4406383340350525,0.5583673694626564,87.86934899341304,100.72089609833219,0.4437963200755658,0.555072771104883,87.64494547666882,100.39213260368615,0.42178553154820325,0.5761737399347048,86.83522080648383,99.7829866031332,0.4237361363044533,0.5742173045687747,86.51296064867567,99.56606564200044,4,obs,3,10,100
0.43796055373696946,0.5601171772927116,87.12629241254552,101.85475775218924,0.44082630919112803,0.5569103977386224,86.8135126070375,101.95857648562907,0.4321456696829522,0.5698106406051772,89.71934128270064,104.55767223716002,0.4340287421292283,0.5672530777219691,89.85616044342973,105.17267875981425,0,obs,3,10,200
0.43451681431301753,0.5644344449695852,87.96037605487646,100.92008099729495,0.4378629623462913,0.560867121630976,87.52588441084728,100.33745849866648,0.4457320952331598,0.5523680852579242,86.58130169690293,99.40533404948279,0.446178183647083,0.5516447460373496,86.18234277718913,98.57486432616633,1,obs,3,10,200
0.4320813179190288,0.5665435024383326,87.59581701206842,100.14996793629734,0.43463894434162154,0.5637544149205922,87.22036014315853,99.4001229975364,0.4560200315267517,0.5438087408428081,89.20682433727019,102.02504987700648,0.4602001776505142,0.5396324502796404,89.10766772213508,101.57498043344538,2,obs,3,10,200
0.43826941500928246,0.5599727307732463,87.22725679726895,101.01377870898177,0.44036461929927045,0.5576272705324655,87.03776026692877,100.8447459495964,0.4306352200562985,0.5701474160737241,88.95174712527485,102.27150927755962,0.43599246506874606,0.5642293375420013,88.37209113528864,101.58490837908796,3,obs,3,10,200
0.44063892869570775,0.5583664941356797,87.87250045090182,100.72183167471614,0.4437978047442058,0.5550717575407139,87.64821058515845,100.38836073290048,0.42178898630405126,0.5761760112291959,86.83375093399114,99.77803032240476,0.4237401166506475,0.5742201325850891,86.51352723179608,99.55744600539693,4,obs,3,10,200
0.43796041910202155,0.5601166506151813,87.12561409535205,101.85501529789488,0.4408274269259073,0.5569108128832356,86.81236242985574,101.95474102921574,0.4321453299213042,0.5698068345011564,89.71934719382023,104.56064089842901,0.43402982217235,0.5672512838799332,89.86075662847485,105.17524857711376,0,obs,3,10,500
0.4345146319450056,0.5644373993177283,87.96040317939485,100.92263493697871,0.43785912161139157,0.5608712973923538,87.52556544288895,100.33679212569683,0.44573139292801794,0.5523591811016556,86.57690670324583,99.40663511532095,0.4461757687615529,0.5516374349426998,86.17708022039831,98.56992421913961,1,obs,3,10,500
0.43207920014464907,0.5665403926855419,87.59142653747631,100.14587906866291,0.4346383971477746,0.5637536275178933,87.21914101656448,99.40193267724591,0.45601911244950977,0.5438047194947769,89.19385221447317,102.01131109027007,0.4602018684885661,0.5396305518596886,89.10363650600958,101.57423957959968,2,obs,3,10,500
0.4382677689929029,0.5599726891841385,87.2254633759459,101.02581142338639,0.4403626220125537,0.5576272410597838,87.03820959885206,100.86350942896846,0.4306330239012682,0.5701555946231672,88.95986638754684,102.29377584765116,0.43598964265049744,0.5642363332674272,88.3781728291483,101.60791109820236,3,obs,3,10,500
0.44063863991100166,0.5583663721908471,87.8755780323913,100.72139064111676,0.4437977902300696,0.5550704655844538,87.64970474117841,100.38683115711353,0.421796718312292,0.5761776875495116,86.83504478061957,99.77630921546374,0.4237479494142826,0.5742205694039854,86.51540020944071,99.5573893822229,4,obs,3,10,500
0.4379612708493489,0.5601167401689997,87.12670062688987,101.85094435673874,0.4408285257148131,0.5569133954175419,86.81342732811751,101.94535503312727,0.43214316814745085,0.569812235106363,89.71856663004904,104.5533390593246,0.4340281680343926,0.5672584862694273,89.85633994659436,105.1650869654292,0,obs,3,5,100
0.4345158053050972,0.5644354906748822,87.95240786840976,100.8916076748929,0.4378583115296152,0.5608696558909277,87.51763126101515,100.32472216795738,0.4457359226682771,0.552373224232146,86.59503597844692,99.39409953571109,0.4461784816026674,0.5516515300357769,86.18810132280194,98.57279721900464,1,obs,3,5,100
0.43208484770207556,0.5665406731740011,87.59631412294573,100.15398393750503,0.43464019337513576,0.5637468798945122,87.21954289303356,99.41074557250745,0.45602117873949277,0.5438082955611473,89.19173684777132,102.00850323486449,0.46019899141108056,0.539629027065777,89.09595085073578,101.56753144283914,2,obs,3,5,100
0.4382734403794261,0.5599695491527678,87.23029819011302,101.00968293298224,0.44036800675026255,0.5576188011641658,87.0353599982738,100.83935125999975,0.43063697272407125,0.5701617977315873,88.95891741180226,102.2743829940063,0.4359933443240936,0.564238195454669,88.37386373922357,101.58453927369159,3,obs,3,5,100
0.4406383340350525,0.5583673694626564,87.86934899341304,100.72089609833219,0.4437963200755658,0.555072771104883,87.64494547666882,100.39213260368615,0.42178553154820325,0.5761737399347048,86.83522080648383,99.7829866031332,0.4237361363044533,0.5742173045687747,86.51296064867567,99.56606564200044,4,obs,3,5,100
0.43796056805308353,0.5601171721030331,87.12631640917955,101.85478350724188,0.4408263221744916,0.5569103922877486,86.81353326189029,101.95860120212636,0.43214561723302075,0.5698106476374356,89.71929079301438,104.5576405040417,0.4340286932493474,0.5672530847033377,89.85611286035,105.17264872379982,0,obs,3,5,200
0.43451681431301753,0.5644344449695852,87.96037605487646,100.92008099729495,0.4378629623462913,0.560867121630976,87.52588441084728,100.33745849866648,0.4457320952331598,0.5523680852579242,86.58130169690293,99.40533404948279,0.446178183647083,0.5516447460373496,86.18234277718916,98.57486432616633,1,obs,3,5,200
0.43208130752946,0.5665434625742417,87.5958620213773,100.1500541643893,0.434638978839405,0.563754408534009,87.2204440316827,99.40019351362041,0.4560200765171963,0.543808626765024,89.20654283542227,102.02480768826733,0.4602002446904911,0.5396323365124406,89.10741123788263,101.57474012676104,2,obs,3,5,200
0.43826941500928246,0.5599727307732463,87.22725679726895,101.01377870898177,0.44036461929927045,0.5576272705324655,87.03776026692877,100.8447459495964,0.4306352200562985,0.5701474160737241,88.95174712527486,102.27150927755962,0.43599246506874606,0.5642293375420013,88.37209113528864,101.58490837908796,3,obs,3,5,200
0.44063892093490276,0.558366515682001,87.87230489625946,100.72121809602719,0.4437978008014282,0.5550719268263655,87.6481532889646,100.38839890627057,0.42178890401523667,0.5761760998067377,86.83420396550409,99.77834609033332,0.42374004479365424,0.5742203779826035,86.51401972746685,99.55806279032723,4,obs,3,5,200
0.43796042483205866,0.5601166485364676,87.1256239721842,101.85502618589392,0.4408274321189164,0.5569108107027968,86.81237069056756,101.95475090906206,0.43214530892189534,0.5698068373015498,89.71932615951815,104.56062730474918,0.4340298026209513,0.5672512866729778,89.860737556289,105.1752365617253,0,obs,3,5,500
0.4345146319450056,0.5644373993177283,87.96040317939485,100.92263493697871,0.43785912161139157,0.5608712973923538,87.52556544288895,100.33679212569683,0.44573139292801794,0.5523591811016556,86.57690670324583,99.40663511532095,0.4461757687615529,0.5516374349426998,86.17708022039831,98.56992421913961,1,obs,3,5,500
0.4320792020828407,0.5665403524611902,87.59146453510128,100.14592354289653,0.4346384124298637,0.5637536045742193,87.21915013259623,99.40193620874686,0.45601914493456613,0.5438047424458405,89.19376075770289,102.0112528959273,0.4602019053846073,0.5396305651868124,89.10354265458685,101.57415392877687,2,obs,3,5,500
0.4382677689929029,0.5599726891841385,87.2254633759459,101.02581142338639,0.4403626220125537,0.5576272410597838,87.03820959885206,100.86350942896844,0.4306330239012682,0.5701555946231672,88.95986638754684,102.29377584765116,0.43598964265049744,0.5642363332674272,88.3781728291483,101.60791109820236,3,obs,3,5,500
0.44063869389815163,0.5583663120575972,87.87542236632947,100.72104367513788,0.4437978527961973,0.5550704721336658,87.64961678284676,100.38684553891508,0.4217968474740602,0.5761777374348039,86.83522168884053,99.77637693699552,0.4237480751634335,0.5742206937319446,86.51558828789398,99.55771084267901,4,obs,3,5,500
0.4379612708493489,0.5601167401689997,87.12670062688987,101.85094435673874,0.4408285257148131,0.5569133954175419,86.81342732811751,101.94535503312727,0.43214316814745085,0.569812235106363,89.71856663004904,104.5533390593246,0.4340281680343926,0.5672584862694273,89.85633994659436,105.1650869654292,0,obs,3,1,100
0.4345158053050972,0.5644354906748822,87.95240786840976,100.8916076748929,0.4378583115296152,0.5608696558909277,87.51763126101515,100.32472216795738,0.4457359226682771,0.552373224232146,86.59503597844692,99.39409953571109,0.4461784816026674,0.5516515300357769,86.18810132280194,98.57279721900464,1,obs,3,1,100
0.43208484770207556,0.5665406731740011,87.59631412294573,100.15398393750503,0.43464019337513576,0.5637468798945122,87.21954289303356,99.41074557250745,0.45602117873949277,0.5438082955611473,89.19173684777132,102.00850323486449,0.46019899141108056,0.539629027065777,89.09595085073578,101.56753144283914,2,obs,3,1,100
0.4382734403794261,0.5599695491527678,87.23029819011302,101.00968293298224,0.44036800675026255,0.5576188011641658,87.0353599982738,100.83935125999975,0.43063697272407125,0.5701617977315873,88.95891741180228,102.2743829940063,0.4359933443240936,0.564238195454669,88.37386373922357,101.58453927369159,3,obs,3,1,100
0.4406383340350525,0.5583673694626564,87.86934899341304,100.72089609833219,0.4437963200755658,0.555072771104883,87.64494547666882,100.39213260368615,0.42178553154820325,0.5761737399347048,86.83522080648383,99.7829866031332,0.4237361363044533,0.5742173045687747,86.51296064867567,99.56606564200044,4,obs,3,1,100
0.43796056805308353,0.5601171721030331,87.12631640917955,101.85478350724188,0.4408263221744916,0.5569103922877486,86.81353326189029,101.95860120212636,0.43214561723302075,0.5698106476374356,89.71929079301438,104.5576405040417,0.4340286932493474,0.5672530847033377,89.85611286035,105.17264872379982,0,obs,3,1,200
0.43451681431301753,0.5644344449695852,87.96037605487646,100.92008099729495,0.4378629623462913,0.560867121630976,87.52588441084728,100.33745849866648,0.4457320952331598,0.5523680852579242,86.58130169690293,99.40533404948279,0.446178183647083,0.5516447460373496,86.18234277718916,98.57486432616633,1,obs,3,1,200
0.43208130752946,0.5665434625742417,87.5958620213773,100.1500541643893,0.434638978839405,0.563754408534009,87.2204440316827,99.40019351362041,0.4560200765171963,0.543808626765024,89.20654283542227,102.02480768826733,0.4602002446904911,0.5396323365124406,89.10741123788263,101.57474012676104,2,obs,3,1,200
0.43826941500928246,0.5599727307732463,87.22725679726895,101.01377870898177,0.44036461929927045,0.5576272705324655,87.03776026692877,100.8447459495964,0.4306352200562985,0.5701474160737241,88.95174712527485,102.27150927755962,0.43599246506874606,0.5642293375420013,88.37209113528864,101.58490837908796,3,obs,3,1,200
0.44063892093490276,0.558366515682001,87.87230489625946,100.72121809602719,0.4437978008014282,0.5550719268263655,87.6481532889646,100.38839890627057,0.42178890401523667,0.5761760998067377,86.83420396550409,99.77834609033332,0.42374004479365424,0.5742203779826035,86.51401972746685,99.55806279032723,4,obs,3,1,200
0.43796042483205866,0.5601166485364676,87.1256239721842,101.85502618589392,0.4408274321189164,0.5569108107027968,86.81237069056756,101.95475090906206,0.43214530892189534,0.5698068373015498,89.71932615951815,104.56062730474918,0.4340298026209513,0.5672512866729778,89.860737556289,105.1752365617253,0,obs,3,1,500
0.4345146596006459,0.5644373895850148,87.9603657757011,100.92260944705961,0.437859145592757,0.5608712870076592,87.52560928456212,100.3368410058091,0.44573137398237295,0.5523591632061509,86.57680425965306,99.40652778324042,0.44617575133864795,0.5516374174600214,86.17698479964953,98.56980672146915,1,obs,3,1,500
0.4320792095015651,0.5665403575843355,87.59147129444297,100.14592415144911,0.4346384183983916,0.5637536075826324,87.21915811326946,99.40193812797327,0.4560191428596121,0.5438047370615109,89.19376150088168,102.01125614596722,0.4602019014654198,0.53963056120231,89.10353586858325,101.57415519669915,2,obs,3,1,500
0.4382677689929029,0.5599726891841385,87.2254633759459,101.02581142338639,0.4403626220125537,0.5576272410597838,87.03820959885206,100.86350942896844,0.4306330239012682,0.5701555946231672,88.95986638754684,102.29377584765116,0.43598964265049744,0.5642363332674272,88.3781728291483,101.60791109820236,3,obs,3,1,500
0.44063869389815163,0.5583663120575972,87.87542236632947,100.72104367513788,0.4437978527961973,0.5550704721336658,87.64961678284676,100.38684553891508,0.4217968474740602,0.5761777374348039,86.83522168884053,99.77637693699552,0.4237480751634335,0.5742206937319446,86.51558828789398,99.55771084267901,4,obs,3,1,500
0.4385067142760713,0.5603072044786768,87.32794017423194,101.82353086910291,0.44152701927332016,0.557149978103344,87.26670361715006,102.41846071512069,0.4317202211837568,0.5697594255220001,89.96561362114369,104.83908120134492,0.4337925866804303,0.5672846091940829,90.1237498093797,105.70018986642634,0,obs,1,20,100
0.43491174491822515,0.5645503751301196,88.21042144200528,100.95858421823459,0.43835314974241685,0.5610237109088039,87.85787125341271,100.83457996659389,0.44588974039056717,0.5525785649513737,86.69220873842363,99.26217008830177,0.44646458252956267,0.5518841368387154,86.40335692805286,98.78774439424289,1,obs,1,20,100
0.4323650385380673,0.5667414632719527,87.83016596105963,100.4197612397379,0.4350055999379066,0.5640292159479846,87.67397041418891,99.82350546562542,0.4565679042173829,0.5437567572386085,89.10609729481722,101.88606776331984,0.46080394439169303,0.5396770925855989,89.36576782068578,101.81040191523309,2,obs,1,20,100
0.43875095341417747,0.5601643214503478,87.51899840768247,101.06300372278852,0.44098433925264363,0.5578786145777836,87.43492646991122,101.29593221513943,0.43049848419653586,0.5701166923823716,88.94555057149977,102.12967755246929,0.43597056421140096,0.5642471291767621,88.47100268486862,102.01437111328119,3,obs,1,20,100
0.4408048261648293,0.5585759704509524,88.06374164408943,101.06969527550667,0.4439893807300097,0.5553427121500042,87.9069231732835,100.80600365205086,0.4224570177251379,0.576256833696307,87.13420757206771,100.33963765694696,0.4244019113902501,0.5743687310339378,87.08070533361278,100.28801993887254,4,obs,1,20,100
0.4385073846776519,0.5603068044557051,87.32841513526739,101.81713292835764,0.4415266985482831,0.5571468365398486,87.26779308002185,102.43407232248873,0.43172522802287966,0.5697601596251162,89.96569034267286,104.83279497552132,0.4337963858066505,0.5672823689125787,90.129104756309,105.71272407487398,0,obs,1,20,200
0.4349109614876304,0.564550661785267,88.2055678882631,100.97622915419473,0.43835444175641597,0.5610246069577783,87.86043582034466,100.83243605529155,0.4458887471818967,0.552578538094087,86.68016638356093,99.26722832430688,0.4464656580004459,0.55188451621938,86.40324410630738,98.78020044470644,1,obs,1,20,200
0.4323640926096957,0.5667415710542123,87.8299918920148,100.4078797340528,0.435005595694313,0.5640313642393966,87.67554180220182,99.82286664329713,0.4565636983061032,0.5437618414852676,89.11551340469565,101.88858882897814,0.46080087795015495,0.53968189577512,89.38215006803098,101.82085758212477,2,obs,1,20,200
0.43875058924225563,0.5601645189365766,87.51782110869922,101.06623319281603,0.4409834809842097,0.5578794758082501,87.43486231228114,101.2997740633772,0.43049812560977246,0.5701164009411447,88.94486634022394,102.13447891082778,0.4359696301187077,0.5642476879722919,88.47007246163145,102.01865594621039,3,obs,1,20,200
0.4408043566823678,0.5585752632761319,88.06177490723029,101.06691250397508,0.44398974964127624,0.5553422493360856,87.90755947712803,100.80605193134465,0.4224589888301377,0.5762555391871333,87.13549373799984,100.34130783161501,0.4244046270543101,0.5743680358772713,87.08499830939114,100.29153969591987,4,obs,1,20,200
0.43850716939106643,0.5603066628317298,87.32825671002027,101.81404900267901,0.44152767994217235,0.5571473173685354,87.26672083598802,102.43278251875616,0.43172331211326376,0.5697553111138574,89.96756698350634,104.83128178236569,0.43379606559069567,0.5672784349529614,90.12731191600133,105.70900365937575,0,obs,1,20,500
0.4349109734749898,0.5645503346013032,88.20487622703071,100.97792211523125,0.43835432511170547,0.5610237518508533,87.8597517142064,100.83873090098315,0.4458875513488134,0.5525736679375826,86.6766646909561,99.2654567563235,0.4464643233085993,0.5518792305467723,86.3999062439324,98.78295931149596,1,obs,1,20,500
0.4323614745454042,0.5667415105111846,87.82425946779775,100.39619529219186,0.4350043565574535,0.564034191622028,87.67727123802784,99.8357419996265,0.4565541717629025,0.5437444766792846,89.08042622228653,101.84945931536885,0.46079417173924075,0.5396673859279054,89.34395683051866,101.78254188214518,2,obs,1,20,500
0.4387512277571044,0.560164682160127,87.517715760102,101.07432487320365,0.44098345303963343,0.5578796516857304,87.43617651679088,101.31833561228586,0.43049849701021803,0.5701209155523606,88.94529784453289,102.14680178791174,0.43596927737251884,0.5642511071849856,88.47401119593756,102.04115198735094,3,obs,1,20,500
0.4408043221135865,0.5585752323297791,88.06184146642734,101.06491176391542,0.4439899016792077,0.555342051591212,87.90833562210575,100.80311377914254,0.42245908308274166,0.5762561348002908,87.13597458127225,100.3382707478432,0.42440478217468897,0.5743682836674061,87.08452567744129,100.28623286879464,4,obs,1,20,500
0.4385067142760713,0.5603072044786768,87.32794017423194,101.82353086910291,0.44152701927332016,0.557149978103344,87.26670361715006,102.41846071512069,0.4317202211837568,0.5697594255220001,89.96561362114369,104.83908120134492,0.4337925866804303,0.5672846091940829,90.1237498093797,105.70018986642634,0,obs,1,10,100
0.43491174491822515,0.5645503751301196,88.21042144200528,100.95858421823459,0.43835314974241685,0.5610237109088039,87.85787125341271,100.83457996659389,0.44588974039056717,0.5525785649513737,86.69220873842363,99.26217008830177,0.44646458252956267,0.5518841368387154,86.40335692805286,98.78774439424289,1,obs,1,10,100
0.4323650385380673,0.5667414632719527,87.83016596105963,100.4197612397379,0.4350055999379066,0.5640292159479846,87.67397041418891,99.8235054656254,0.4565679042173829,0.5437567572386085,89.10609729481722,101.88606776331984,0.46080394439169303,0.5396770925855989,89.36576782068578,101.81040191523309,2,obs,1,10,100
0.43875095341417747,0.5601643214503478,87.51899840768247,101.06300372278852,0.44098433925264363,0.5578786145777836,87.43492646991122,101.29593221513943,0.43049848419653586,0.5701166923823716,88.94555057149977,102.12967755246929,0.43597056421140096,0.5642471291767621,88.47100268486862,102.01437111328119,3,obs,1,10,100
0.4408048261648293,0.5585759704509524,88.06374164408943,101.06969527550667,0.4439893807300097,0.5553427121500042,87.9069231732835,100.80600365205086,0.4224570177251379,0.576256833696307,87.13420757206771,100.33963765694696,0.4244019113902501,0.5743687310339378,87.08070533361278,100.28801993887254,4,obs,1,10,100
0.4385073846776519,0.5603068044557051,87.32841513526739,101.81713292835764,0.4415266985482831,0.5571468365398486,87.26779308002185,102.43407232248873,0.43172522802287966,0.5697601596251162,89.96569034267286,104.83279497552132,0.4337963858066505,0.5672823689125787,90.129104756309,105.71272407487398,0,obs,1,10,200
0.4349109614876304,0.564550661785267,88.2055678882631,100.97622915419473,0.43835444175641597,0.5610246069577783,87.86043582034466,100.83243605529155,0.4458887471818967,0.552578538094087,86.68016638356093,99.26722832430688,0.4464656580004459,0.55188451621938,86.40324410630738,98.78020044470644,1,obs,1,10,200
0.4323640926096957,0.5667415710542123,87.8299918920148,100.4078797340528,0.435005595694313,0.5640313642393966,87.67554180220182,99.82286664329713,0.4565636983061032,0.5437618414852676,89.11551340469565,101.88858882897814,0.46080087795015495,0.53968189577512,89.38215006803098,101.82085758212477,2,obs,1,10,200
0.43875058924225563,0.5601645189365766,87.51782110869922,101.06623319281603,0.4409834809842097,0.5578794758082501,87.43486231228114,101.2997740633772,0.43049812560977246,0.5701164009411447,88.94486634022394,102.13447891082778,0.4359696301187077,0.5642476879722919,88.47007246163145,102.01865594621039,3,obs,1,10,200
0.4408043566823678,0.5585752632761319,88.06177490723029,101.06691250397508,0.44398974964127624,0.5553422493360856,87.90755947712803,100.80605193134465,0.4224589888301377,0.5762555391871333,87.13549373799984,100.34130783161501,0.4244046270543101,0.5743680358772713,87.08499830939114,100.29153969591987,4,obs,1,10,200
0.43850716939106643,0.5603066628317298,87.32825671002027,101.81404900267901,0.44152767994217235,0.5571473173685354,87.26672083598802,102.43278251875616,0.43172331211326376,0.5697553111138574,89.96756698350634,104.83128178236569,0.43379606559069567,0.5672784349529614,90.12731191600133,105.70900365937575,0,obs,1,10,500
0.4349109734749898,0.5645503346013032,88.20487622703071,100.97792211523125,0.43835432511170547,0.5610237518508533,87.8597517142064,100.83873090098315,0.4458875513488134,0.5525736679375826,86.6766646909561,99.2654567563235,0.4464643233085993,0.5518792305467723,86.3999062439324,98.78295931149596,1,obs,1,10,500
0.4323614745454042,0.5667415105111846,87.82425946779775,100.39619529219186,0.4350043565574535,0.564034191622028,87.67727123802784,99.8357419996265,0.4565541717629025,0.5437444766792846,89.08042622228653,101.84945931536885,0.46079417173924075,0.5396673859279054,89.34395683051866,101.78254188214518,2,obs,1,10,500
0.4387512277571044,0.560164682160127,87.517715760102,101.07432487320365,0.44098345303963343,0.5578796516857304,87.43617651679088,101.31833561228586,0.43049849701021803,0.5701209155523606,88.94529784453289,102.14680178791174,0.43596927737251884,0.5642511071849856,88.47401119593756,102.04115198735094,3,obs,1,10,500
0.4408043221135865,0.5585752323297791,88.06184146642734,101.06491176391542,0.4439899016792077,0.555342051591212,87.90833562210575,100.80311377914254,0.42245908308274166,0.5762561348002908,87.13597458127225,100.3382707478432,0.42440478217468897,0.5743682836674061,87.08452567744129,100.28623286879464,4,obs,1,10,500
0.4385067142760713,0.5603072044786768,87.32794017423194,101.82353086910291,0.44152701927332016,0.557149978103344,87.26670361715006,102.41846071512069,0.4317202211837568,0.5697594255220001,89.96561362114369,104.83908120134492,0.4337925866804303,0.5672846091940829,90.1237498093797,105.70018986642634,0,obs,1,5,100
0.43491174491822515,0.5645503751301196,88.21042144200528,100.95858421823459,0.43835314974241685,0.5610237109088039,87.85787125341271,100.8345799665939,0.44588974039056717,0.5525785649513737,86.69220873842363,99.26217008830177,0.44646458252956267,0.5518841368387154,86.40335692805286,98.78774439424289,1,obs,1,5,100
0.4323650385380673,0.5667414632719527,87.83016596105963,100.4197612397379,0.4350055999379066,0.5640292159479846,87.67397041418891,99.8235054656254,0.4565679042173829,0.5437567572386085,89.10609729481722,101.88606776331984,0.46080394439169303,0.5396770925855989,89.36576782068578,101.81040191523309,2,obs,1,5,100
0.43875095341417747,0.5601643214503478,87.51899840768247,101.06300372278852,0.44098433925264363,0.5578786145777836,87.43492646991122,101.29593221513943,0.43049848419653586,0.5701166923823716,88.94555057149977,102.12967755246929,0.43597056421140096,0.5642471291767621,88.47100268486862,102.01437111328119,3,obs,1,5,100
0.4408048261648293,0.5585759704509524,88.06374164408943,101.06969527550667,0.4439893807300097,0.5553427121500042,87.9069231732835,100.80600365205086,0.4224570177251379,0.576256833696307,87.13420757206771,100.33963765694696,0.4244019113902501,0.5743687310339378,87.08070533361278,100.28801993887254,4,obs,1,5,100
0.4385073846776519,0.5603068044557051,87.32841513526739,101.81713292835764,0.4415266985482831,0.5571468365398486,87.26779308002185,102.43407232248873,0.43172522802287966,0.5697601596251162,89.96569034267286,104.83279497552132,0.4337963858066505,0.5672823689125787,90.129104756309,105.71272407487398,0,obs,1,5,200
0.4349109614876304,0.564550661785267,88.2055678882631,100.97622915419473,0.43835444175641597,0.5610246069577783,87.86043582034466,100.83243605529155,0.4458887471818967,0.552578538094087,86.68016638356093,99.26722832430688,0.4464656580004459,0.55188451621938,86.40324410630738,98.78020044470644,1,obs,1,5,200
0.4323640926096957,0.5667415710542123,87.8299918920148,100.4078797340528,0.435005595694313,0.5640313642393966,87.67554180220182,99.82286664329713,0.4565636983061032,0.5437618414852676,89.11551340469565,101.88858882897814,0.46080087795015495,0.53968189577512,89.38215006803098,101.82085758212477,2,obs,1,5,200
0.43875058924225563,0.5601645189365766,87.51782110869922,101.06623319281603,0.4409834809842097,0.5578794758082501,87.43486231228114,101.2997740633772,0.43049812560977246,0.5701164009411447,88.94486634022394,102.13447891082778,0.4359696301187077,0.5642476879722919,88.47007246163145,102.01865594621039,3,obs,1,5,200
0.4408043566823678,0.5585752632761319,88.06177490723029,101.06691250397508,0.44398974964127624,0.5553422493360856,87.90755947712803,100.80605193134465,0.4224589888301377,0.5762555391871333,87.13549373799984,100.34130783161501,0.4244046270543101,0.5743680358772713,87.08499830939114,100.29153969591987,4,obs,1,5,200
0.43850716939106643,0.5603066628317298,87.32825671002027,101.81404900267901,0.44152767994217235,0.5571473173685354,87.26672083598802,102.43278251875616,0.43172331211326376,0.5697553111138574,89.96756698350634,104.83128178236569,0.43379606559069567,0.5672784349529614,90.12731191600133,105.70900365937575,0,obs,1,5,500
0.4349109734749898,0.5645503346013032,88.20487622703071,100.97792211523125,0.43835432511170547,0.5610237518508533,87.8597517142064,100.83873090098315,0.4458875513488134,0.5525736679375826,86.6766646909561,99.2654567563235,0.4464643233085993,0.5518792305467723,86.3999062439324,98.78295931149596,1,obs,1,5,500
0.4323614745454042,0.5667415105111846,87.82425946779775,100.39619529219186,0.4350043565574535,0.564034191622028,87.67727123802784,99.8357419996265,0.4565541717629025,0.5437444766792847,89.08042622228653,101.84945931536885,0.46079417173924075,0.5396673859279054,89.34395683051866,101.78254188214518,2,obs,1,5,500
0.4387512277571044,0.560164682160127,87.517715760102,101.07432487320365,0.44098345303963343,0.5578796516857304,87.43617651679088,101.31833561228586,0.43049849701021803,0.5701209155523606,88.94529784453289,102.14680178791174,0.43596927737251884,0.5642511071849856,88.47401119593756,102.04115198735094,3,obs,1,5,500
0.4408043221135865,0.5585752323297791,88.06184146642734,101.06491176391542,0.4439899016792077,0.555342051591212,87.90833562210575,100.80311377914254,0.42245908308274166,0.5762561348002908,87.13597458127225,100.3382707478432,0.42440478217468897,0.5743682836674061,87.08452567744129,100.28623286879464,4,obs,1,5,500
0.4385067142760713,0.5603072044786768,87.32794017423194,101.82353086910291,0.44152701927332016,0.557149978103344,87.26670361715006,102.41846071512069,0.4317202211837568,0.5697594255220001,89.96561362114369,104.83908120134492,0.4337925866804303,0.5672846091940829,90.1237498093797,105.70018986642634,0,obs,1,1,100
0.43491174491822515,0.5645503751301196,88.21042144200528,100.95858421823459,0.43835314974241685,0.5610237109088039,87.85787125341271,100.8345799665939,0.44588974039056717,0.5525785649513737,86.69220873842363,99.26217008830177,0.44646458252956267,0.5518841368387154,86.40335692805286,98.78774439424289,1,obs,1,1,100
0.4323650385380673,0.5667414632719527,87.83016596105963,100.4197612397379,0.4350055999379066,0.5640292159479846,87.67397041418891,99.8235054656254,0.4565679042173829,0.5437567572386085,89.10609729481722,101.88606776331984,0.46080394439169303,0.5396770925855989,89.36576782068578,101.81040191523309,2,obs,1,1,100
0.43875095341417747,0.5601643214503478,87.51899840768247,101.06300372278852,0.44098433925264363,0.5578786145777836,87.43492646991122,101.29593221513943,0.43049848419653586,0.5701166923823716,88.94555057149977,102.12967755246929,0.43597056421140096,0.5642471291767621,88.47100268486862,102.01437111328119,3,obs,1,1,100
0.4408048261648293,0.5585759704509524,88.06374164408943,101.06969527550667,0.4439893807300097,0.5553427121500042,87.9069231732835,100.80600365205086,0.4224570177251379,0.576256833696307,87.13420757206771,100.33963765694696,0.4244019113902501,0.5743687310339378,87.08070533361277,100.28801993887254,4,obs,1,1,100
0.4385073846776519,0.5603068044557051,87.32841513526739,101.81713292835764,0.4415266985482831,0.5571468365398486,87.26779308002185,102.43407232248873,0.43172522802287966,0.5697601596251162,89.96569034267286,104.83279497552132,0.4337963858066505,0.5672823689125787,90.129104756309,105.71272407487398,0,obs,1,1,200
0.4349109614876304,0.564550661785267,88.2055678882631,100.97622915419473,0.43835444175641597,0.5610246069577783,87.86043582034466,100.83243605529155,0.4458887471818967,0.552578538094087,86.68016638356093,99.26722832430688,0.4464656580004459,0.55188451621938,86.40324410630738,98.78020044470644,1,obs,1,1,200
0.4323640926096957,0.5667415710542123,87.8299918920148,100.4078797340528,0.435005595694313,0.5640313642393966,87.67554180220186,99.82286664329713,0.4565636983061032,0.5437618414852676,89.11551340469565,101.88858882897814,0.46080087795015495,0.53968189577512,89.38215006803098,101.82085758212477,2,obs,1,1,200
0.43875058924225563,0.5601645189365766,87.51782110869922,101.06623319281603,0.4409834809842097,0.5578794758082501,87.43486231228114,101.2997740633772,0.43049812560977246,0.5701164009411447,88.94486634022394,102.13447891082778,0.4359696301187077,0.5642476879722919,88.47007246163145,102.01865594621039,3,obs,1,1,200
0.4408043566823678,0.5585752632761319,88.06177490723029,101.06691250397508,0.44398974964127624,0.5553422493360856,87.90755947712803,100.80605193134467,0.4224589888301377,0.5762555391871333,87.13549373799984,100.34130783161501,0.4244046270543101,0.5743680358772713,87.08499830939114,100.29153969591987,4,obs,1,1,200
0.43850716939106643,0.5603066628317298,87.32825671002027,101.81404900267901,0.44152767994217235,0.5571473173685354,87.26672083598802,102.43278251875616,0.43172331211326376,0.5697553111138574,89.96756698350634,104.83128178236569,0.43379606559069567,0.5672784349529614,90.12731191600133,105.70900365937575,0,obs,1,1,500
0.4349109734749898,0.5645503346013032,88.20487622703071,100.97792211523125,0.43835432511170547,0.5610237518508533,87.8597517142064,100.83873090098315,0.4458875513488134,0.5525736679375826,86.67666469095612,99.2654567563235,0.4464643233085993,0.5518792305467723,86.39990624393242,98.78295931149596,1,obs,1,1,500
0.4323614745454042,0.5667415105111846,87.82425946779775,100.39619529219186,0.4350043565574535,0.564034191622028,87.67727123802784,99.8357419996265,0.4565541717629025,0.5437444766792847,89.08042622228653,101.84945931536885,0.46079417173924075,0.5396673859279054,89.34395683051866,101.78254188214518,2,obs,1,1,500
0.4387512277571044,0.560164682160127,87.517715760102,101.07432487320365,0.44098345303963343,0.5578796516857304,87.43617651679088,101.31833561228586,0.43049849701021803,0.5701209155523606,88.94529784453289,102.14680178791174,0.43596927737251884,0.5642511071849856,88.47401119593756,102.04115198735094,3,obs,1,1,500
0.4408043221135865,0.5585752323297791,88.06184146642734,101.06491176391542,0.4439899016792077,0.555342051591212,87.90833562210575,100.80311377914254,0.42245908308274166,0.5762561348002908,87.13597458127225,100.3382707478432,0.42440478217468897,0.5743682836674061,87.08452567744129,100.28623286879464,4,obs,1,1,500
