fold,perm,train_tn,train_fp,train_fn,train_tp,train_accuracy,train_bal_acc,train_f1_macro,train_f1_weighted,train_roc_auc,train_prec_left,train_prec_right,train_rec_left,train_rec_right,test_tn,test_fp,test_fn,test_tp,test_accuracy,test_bal_acc,test_f1_macro,test_f1_weighted,test_roc_auc,test_prec_left,test_prec_right,test_rec_left,test_rec_right,train_sac_tn,train_sac_fp,train_sac_fn,train_sac_tp,train_sac_accuracy,train_sac_bal_acc,train_sac_f1_macro,train_sac_f1_weighted,train_sac_roc_auc,train_sac_prec_left,train_sac_prec_right,train_sac_rec_left,train_sac_rec_right,test_sac_tn,test_sac_fp,test_sac_fn,test_sac_tp,test_sac_accuracy,test_sac_bal_acc,test_sac_f1_macro,test_sac_f1_weighted,test_sac_roc_auc,test_sac_prec_left,test_sac_prec_right,test_sac_rec_left,test_sac_rec_right,train_sac_opt_tn,train_sac_opt_fp,train_sac_opt_fn,train_sac_opt_tp,train_sac_opt_accuracy,train_sac_opt_bal_acc,train_sac_opt_f1_macro,train_sac_opt_f1_weighted,train_sac_opt_roc_auc,train_sac_opt_prec_left,train_sac_opt_prec_right,train_sac_opt_rec_left,train_sac_opt_rec_right,train_sac_opt_thr,test_sac_opt_tn,test_sac_opt_fp,test_sac_opt_fn,test_sac_opt_tp,test_sac_opt_accuracy,test_sac_opt_bal_acc,test_sac_opt_f1_macro,test_sac_opt_f1_weighted,test_sac_opt_roc_auc,test_sac_opt_prec_left,test_sac_opt_prec_right,test_sac_opt_rec_left,test_sac_opt_rec_right,test_sac_opt_thr
0,obs,335776,439,178759,128933,0.7217020470347426,0.7088634784569677,0.6896803256774444,0.6940960204714389,0.9554825615932347,0.9986942878812665,0.9966066845994497,0.6525814570437385,0.41903266903266906,72827,6158,76206,6617,0.49097696034806687,0.5009645479755523,0.3886083807765312,0.3826743737021383,0.4990105220920362,0.9220358295878964,0.5179647749510763,0.4886635845752283,0.07989326636320829,1644,0,1384,125,0.5610529654297495,0.5414181577203446,0.4283829496487316,0.44017389904335785,1.0,1.0,1.0,0.5429326287978864,0.0828363154406892,386,0,403,0,0.4892268694550063,0.5,0.32851063829787236,0.32143246231426803,0.5025199604006223,1.0,,0.4892268694550063,0.0,1644,0,0,1509,1.0,1.0,1.0,1.0,1.0,1.0,1.0,1.0,1.0,0.466,176,210,170,233,0.5183776932826363,0.5170611604674784,0.5158508700538698,0.5166044839992914,0.5025199604006223,0.45595854922279794,0.5259593679458239,0.5086705202312138,0.5781637717121588,0.48
1,obs,330375,1397,166450,146929,0.7398330003363554,0.7323216422105969,0.7169474812628926,0.7192420712366081,0.9487575423154478,0.9957892769733432,0.9905815568410123,0.66497257585669,0.46885400744785066,73338,10090,67571,9565,0.5163237089260357,0.5015295769618657,0.42573113274268815,0.4346692176586498,0.5094604657298482,0.8790573908040467,0.4866446196896464,0.5204635615893946,0.12400176311968471,1619,0,1118,416,0.6454170631144941,0.635593220338983,0.5850045913682278,0.5892731367534585,1.0,1.0,1.0,0.5915235659481184,0.2711864406779661,411,0,378,0,0.5209125475285171,0.5,0.3425,0.35682509505703425,0.5320035015898763,1.0,,0.5209125475285171,0.0,1619,0,0,1534,1.0,1.0,1.0,1.0,1.0,1.0,1.0,1.0,1.0,0.47600000000000003,216,195,171,207,0.5361216730038023,0.5365832464372611,0.5360613071139386,0.5362826487101051,0.5320035015898763,0.5255474452554745,0.5149253731343284,0.5581395348837209,0.5476190476190477,0.487
2,obs,322829,6237,102958,213027,0.8307188113808055,0.8276072165204967,0.8256674207871301,0.8262692061859013,0.9571897796173348,0.9810463554423733,0.9715548380035026,0.7581936508160183,0.6741680775986202,65215,20919,56792,17738,0.5163135487725937,0.4975661771344822,0.47003536846323896,0.48134636124521235,0.4981972122163466,0.7571342327071772,0.45885609333367827,0.534518511232962,0.2379981215617872,1612,0,2,1540,0.9993658845909955,0.9993514915693904,0.9993655539655291,0.9993658754069549,1.0,1.0,1.0,0.9987608426270136,0.9987029831387808,418,0,370,0,0.5304568527918782,0.5,0.3466003316749585,0.36771304223383927,0.46280227596017065,1.0,,0.5304568527918782,0.0,1612,0,0,1542,1.0,1.0,1.0,1.0,1.0,1.0,1.0,1.0,1.0,0.47700000000000004,35,383,22,348,0.4860406091370558,0.5121362989784043,0.38976050480424496,0.374995504778766,0.46280227596017065,0.08373205741626795,0.47606019151846785,0.6140350877192983,0.9405405405405406,0.483
3,obs,332078,1469,154681,156574,0.7578326369955428,0.7493183690413944,0.7384565953407842,0.7409176829545587,0.953674211429404,0.9955958230774073,0.9907050612807907,0.6822226194071399,0.5030409150053814,71245,10408,69160,10100,0.5055216172714448,0.4999812432885345,0.42207446535128024,0.42534029304847465,0.49735835584022825,0.8725337709575888,0.49249073532280085,0.507424949253944,0.1274287156194802,1627,0,753,774,0.7612555485098288,0.7534381139489195,0.7424149199136192,0.7446236688697986,1.0,1.0,1.0,0.6836134453781513,0.5068762278978389,403,0,385,0,0.5114213197969543,0.5,0.33837111670864817,0.3461004061766122,0.4914504849988721,1.0,,0.5114213197969543,0.0,1627,0,0,1527,1.0,1.0,1.0,1.0,1.0,1.0,1.0,1.0,1.0,0.47300000000000003,339,64,318,67,0.5152284263959391,0.5076085205117463,0.44965628199502705,0.4539956150803815,0.4914504849988721,0.8411910669975186,0.5114503816793893,0.5159817351598174,0.17402597402597403,0.488
4,obs,327896,2304,134500,179249,0.7875546044795473,0.7821678926820945,0.7755971795709543,0.7769205268108668,0.9605811633746072,0.9930224106602059,0.9873094908924667,0.7091237813475895,0.5713133747039831,71081,13919,63780,12986,0.5196827516288961,0.5027052452755586,0.4485613661991008,0.4586416396758017,0.5066006634370915,0.8362470588235295,0.4826612153874745,0.5270686113850557,0.16916343172758774,1618,0,172,1364,0.9454660748256183,0.9440104166666667,0.9451100858021693,0.9452250113924165,1.0,1.0,1.0,0.9039106145251397,0.8880208333333334,412,0,376,0,0.5228426395939086,0.5,0.3433333333333333,0.3590186125211506,0.5202050196240446,1.0,,0.5228426395939086,0.0,1618,0,0,1536,1.0,1.0,1.0,1.0,1.0,1.0,1.0,1.0,1.0,0.47500000000000003,46,366,33,343,0.4936548223350254,0.5119422639950424,0.4098153866368832,0.3996530307946842,0.5202050196240446,0.11165048543689321,0.4837799717912553,0.5822784810126582,0.9122340425531915,0.483
0,0,332051,100,248185,63571,0.6144086024845202,0.601805803704775,0.533266431562953,0.539430371431641,0.9004970725371182,0.999698932112202,0.9984294262694162,0.5722688699081063,0.20391267529734794,79645,3404,75394,3365,0.5130154256897064,0.500868712647714,0.37386300999634947,0.38168896520511325,0.49769414506914966,0.9590121494539369,0.4971192199734082,0.5137094537503467,0.042725275841491134,1638,0,1515,0,0.5195052331113226,0.5,0.34189104571070755,0.35522837480122993,0.512116925978312,1.0,,0.5195052331113226,0.0,406,0,383,0,0.514575411913815,0.5,0.3397489539748954,0.3496529158778391,0.4870930815830429,1.0,,0.514575411913815,0.0,812,826,722,793,0.5090390104662227,0.5095794194804095,0.5090211816701821,0.5091365996656027,0.512116925978312,0.49572649572649574,0.4898085237801112,0.529335071707953,0.5234323432343234,0.484,37,369,31,352,0.49302915082382764,0.5050965285727148,0.3968996514401027,0.3898806721200212,0.4870930815830429,0.09113300492610837,0.4882108183079057,0.5441176470588235,0.9190600522193212,0.483
1,0,332228,128,244391,68404,0.6209895047826013,0.6091506154386386,0.5448814990810866,0.5505244606749041,0.905740824443694,0.999614870801189,0.9981322593824783,0.5761655443195594,0.21868636007608816,78986,3858,74099,3621,0.5144802072693755,0.5000104341980722,0.3772876593762079,0.3866152599255954,0.5000854219787134,0.9534305441552798,0.4841556357801845,0.5159617206127315,0.04659032424086464,1649,0,1504,0,0.5229939739930225,0.5,0.34339858392336525,0.3591907801393145,0.5113673019108937,1.0,,0.5229939739930225,0.0,395,0,394,0,0.5006337135614702,0.5,0.33361486486486486,0.3340376973932107,0.5095868405834352,1.0,,0.5006337135614702,0.0,1330,319,1168,336,0.5283856644465589,0.5149768396062088,0.47634137436248886,0.4839333482681128,0.5113673019108937,0.8065494238932687,0.5129770992366413,0.5324259407526021,0.22340425531914893,0.486,234,161,229,165,0.5057034220532319,0.5055933945897321,0.5018939393939393,0.5019491492875523,0.5095868405834352,0.5924050632911393,0.5061349693251533,0.5053995680345572,0.41878172588832485,0.485
2,0,331973,143,252613,60322,0.6081612151597315,0.5961657513703721,0.5236863427151782,0.5296510272860393,0.8927305966065079,0.9995694275494105,0.9976349954519144,0.5678770959277164,0.19276207519133368,79672,3412,74400,3180,0.5156849076333218,0.49996153689053424,0.3737274305263207,0.38394201445662623,0.5017039936312339,0.9589331279187329,0.4824029126213592,0.517108884158056,0.040989945862335654,1620,0,1534,0,0.5136334812935954,0.5,0.33933808127356513,0.34859080004006054,0.5072858821446392,1.0,,0.5136334812935954,0.0,424,0,364,0,0.5380710659898477,0.5,0.34983498349834985,0.3764721649829958,0.5302716151772756,1.0,,0.5380710659898477,0.0,1224,396,1127,407,0.5171211160431198,0.5104374909459655,0.48238960103023343,0.4860455499789583,0.5072858821446392,0.7555555555555555,0.5068493150684932,0.5206295193534666,0.2653194263363755,0.486,175,249,136,228,0.5114213197969543,0.5195547377151151,0.5092010644923843,0.506687567921173,0.5302716151772756,0.41273584905660377,0.4779874213836478,0.5627009646302251,0.6263736263736264,0.485
3,0,332327,116,245516,66843,0.6190582535413972,0.6068226110824966,0.5412986642671255,0.5471812168540401,0.9043697032327829,0.999651068002635,0.9982675965889575,0.5751164243574812,0.21399415416235806,79117,3640,74715,3441,0.5130598522182794,0.5000215676324972,0.37477671755052167,0.3831841479459754,0.4978837892828416,0.9560158053095207,0.4859483123852563,0.5143078163191014,0.04402732995547367,1635,0,1519,0,0.5183893468611287,0.5,0.3414073919398622,0.3539639098425331,0.5096629240627888,1.0,,0.5183893468611287,0.0,409,0,379,0,0.5190355329949239,0.5,0.341687552213868,0.3546959615621117,0.4846688299540033,1.0,,0.5190355329949239,0.0,1081,554,963,556,0.5190234622701332,0.5135961812958388,0.5053171025789563,0.5083455553869115,0.5096629240627888,0.6611620795107034,0.5009009009009009,0.5288649706457925,0.36603028308097435,0.485,19,390,11,368,0.49111675126903553,0.5087155105121572,0.3669389333317306,0.35626462233425454,0.4846688299540033,0.04645476772616137,0.48548812664907653,0.6333333333333333,0.9709762532981531,0.483
4,0,331592,142,241945,70270,0.6240587375708325,0.6123206046829333,0.5499417564965806,0.5554777976779137,0.9060976695615603,0.9995719461978573,0.9979832983014258,0.5781527608506513,0.22506926316800924,79136,4330,74350,3950,0.5136184365070534,0.4992847937807149,0.379597359086876,0.38880589373365376,0.4994219623814825,0.948122588838569,0.47705314009661837,0.515590998527553,0.05044699872286079,1634,0,1520,0,0.5180722891566265,0.5,0.3412698412698413,0.35360489577357046,0.5101353636539329,1.0,,0.5180722891566265,0.0,410,0,378,0,0.5203045685279187,0.5,0.34223706176961605,0.35613501351660554,0.5010904632855853,1.0,,0.5203045685279187,0.0,1309,325,1171,349,0.5256816740646798,0.5153534271725826,0.4772520096129941,0.48300303226663177,0.5101353636539329,0.8011015911872705,0.5178041543026706,0.5278225806451613,0.22960526315789473,0.486,258,152,231,147,0.5139593908629442,0.5090785907859079,0.504119956031895,0.5069565498570623,0.5010904632855853,0.6292682926829268,0.4916387959866221,0.5276073619631901,0.3888888888888889,0.485
0,1,331587,263,212593,99464,0.6694305233519747,0.6589720571591796,0.6200551204014577,0.6242653337392122,0.9358016326499818,0.9992074732559891,0.9973628004452154,0.6093333088316366,0.31873664106237004,78017,5333,73478,4980,0.5129350835558193,0.4997451237020688,0.38830575070008183,0.39665339225614615,0.4986019857895917,0.9360167966406718,0.4828856782701445,0.5149806924320934,0.0634734507634658,1661,0,1492,0,0.5267998731366952,0.5,0.34503531366846696,0.36352911893645645,0.5099006864626594,1.0,,0.5267998731366952,0.0,417,0,372,0,0.5285171102661597,0.5,0.34577114427860695,0.3654919319751055,0.4848766148371625,1.0,,0.5285171102661597,0.0,1299,362,1134,358,0.5255312400888044,0.511002690649549,0.47913808502011057,0.487470118183351,0.5099006864626594,0.7820590006020469,0.49722222222222223,0.5339087546239211,0.23994638069705093,0.486,384,33,334,38,0.5348542458808618,0.5115069234934633,0.424104772227802,0.4385086055063792,0.4848766148371625,0.920863309352518,0.5352112676056338,0.5348189415041783,0.10215053763440861,0.486
1,1,331942,156,232703,80350,0.6390627930515492,0.6280980316666372,0.5743265540210697,0.5792269549572501,0.9241780248619966,0.9995302591403742,0.9980622562293494,0.587877338858929,0.25666580419290025,78941,4161,73649,3813,0.5153957300515682,0.49957656930866645,0.37956277690593565,0.389760011701769,0.5019465510269573,0.9499290029120839,0.4781790820165538,0.5173405858837408,0.04922413570524903,1652,0,1501,0,0.5239454487789407,0.5,0.3438085327783559,0.3602738320011696,0.511243513202659,1.0,,0.5239454487789407,0.0,426,0,363,0,0.5399239543726235,0.5,0.3506172839506173,0.3786133408440126,0.502470285440836,1.0,,0.5399239543726235,0.0,742,910,631,870,0.5112591183000317,0.5143830666561275,0.5104523162410171,0.5095005419370231,0.511243513202659,0.4491525423728814,0.4887640449438202,0.5404224326292789,0.5796135909393737,0.485,167,259,124,239,0.514575411913815,0.5252104915997362,0.5104991277049651,0.5069323790222213,0.502470285440836,0.392018779342723,0.4799196787148594,0.5738831615120275,0.6584022038567493,0.485
2,1,332445,198,228295,84113,0.6457752952867293,0.6343228158917671,0.5841408438877114,0.5891630445064764,0.9278819997423082,0.9994047672730224,0.9976515519920295,0.5928683525341513,0.2692408645105119,78257,4300,74155,3952,0.5116827665189464,0.49925601582153106,0.37881490193753825,0.3867721322368084,0.4995434887003881,0.9479147740349092,0.47891420261754725,0.5134569456473244,0.05059725760815292,1687,0,1467,0,0.5348763474952442,0.5,0.34848171865317085,0.3727892576841466,0.512961097514212,1.0,,0.5348763474952442,0.0,391,0,397,0,0.49619289340101524,0.5,0.33163698049194235,0.32911182581814585,0.46180110418934844,1.0,,0.49619289340101524,0.0,769,918,622,845,0.5117311350665821,0.5159221101740766,0.5114474639758437,0.5106263108184431,0.512961097514212,0.45583876704208653,0.4792966534316506,0.5528396836808052,0.5760054533060668,0.484,0,391,0,397,0.5038071065989848,0.5,0.33502109704641353,0.3375720191051425,0.46180110418934844,0.0,0.5038071065989848,,1.0,0.0
3,1,332016,187,216433,96166,0.6640519105089624,0.653535416403415,0.6121638694970465,0.6164768360266102,0.9368901434179455,0.9994370911761784,0.9980592197440661,0.605372605292379,0.30763374163065144,78135,4862,73295,4621,0.5142903307998732,0.5003635143485929,0.3861745098798145,0.39502937407023836,0.4989042761028297,0.9414195693820259,0.48729305072234524,0.5159809813114971,0.05930745931515992,1654,0,1500,0,0.5244134432466709,0.5,0.3440099833610649,0.36080691977121204,0.5183039097138251,1.0,,0.5244134432466709,0.0,424,0,364,0,0.5380710659898477,0.5,0.34983498349834985,0.3764721649829958,0.4843847190545304,1.0,,0.5380710659898477,0.0,559,1095,465,1035,0.5053899809765378,0.5139842805320435,0.4938618310198186,0.49013213544558604,0.5183039097138251,0.33796856106408707,0.4859154929577465,0.5458984375,0.69,0.484,77,347,63,301,0.4796954314720812,0.5042634252539913,0.43395565273456116,0.4217039262870112,0.4843847190545304,0.18160377358490565,0.4645061728395062,0.55,0.8269230769230769,0.484
4,1,331861,145,228030,83913,0.6456629329341299,0.6342821642038201,0.5839854247765134,0.588976131885126,0.9309295924350105,0.9995632609049234,0.9982750005948274,0.5927242981223131,0.26900106750271685,78961,4233,74664,3908,0.5122769926931494,0.4994283734671336,0.37849162972748746,0.38673055352303576,0.49857522129288523,0.949118926845686,0.48003930721041643,0.5139853539462979,0.04973782008858117,1658,0,1496,0,0.5256816740646798,0.5,0.34455527847049044,0.36225279118837866,0.5167882346490521,1.0,,0.5256816740646798,0.0,420,0,368,0,0.5329949238578681,0.5,0.347682119205298,0.37062560930514,0.5162590579710146,1.0,,0.5329949238578681,0.0,712,946,576,920,0.517438173747622,0.522203156950904,0.5153302777377284,0.5136885510377152,0.5167882346490521,0.4294330518697226,0.4930332261521972,0.5527950310559007,0.6149732620320856,0.484,144,276,104,264,0.5177664974619289,0.5301242236024845,0.5063177609538632,0.501356641800368,0.5162590579710146,0.34285714285714286,0.4888888888888889,0.5806451612903226,0.717391304347826,0.484
0,2,331798,81,245887,66141,0.6180069482083593,0.6058636483447573,0.5396485063129526,0.5455037761912758,0.9003388645068398,0.9997559351450378,0.9987768415330253,0.574357997870812,0.21197136154447677,79969,3352,75403,3084,0.5132811727479482,0.4995315886566977,0.37134392728906773,0.3802679650668947,0.49795520610443395,0.959770045966803,0.4791796146674953,0.5146937672167443,0.03929313134659243,1590,0,1563,0,0.5042816365366318,0.5,0.33523086654016443,0.33810153999293463,0.5175766647754481,1.0,,0.5042816365366318,0.0,418,0,371,0,0.5297845373891001,0.5,0.34631317315658655,0.36694272846502707,0.5216278259972401,1.0,,0.5297845373891001,0.0,570,1020,504,1059,0.5166508087535681,0.5180168761090791,0.5047382637992194,0.5040805159183044,0.5175766647754481,0.3584905660377358,0.5093795093795094,0.5307262569832403,0.6775431861804223,0.484,304,114,239,132,0.5525982256020279,0.5415339377603529,0.5302755604726977,0.5363753585022241,0.5216278259972401,0.7272727272727273,0.5365853658536586,0.5598526703499079,0.3557951482479784,0.485
1,2,332462,45,256951,55693,0.6016498463150487,0.5890000898289602,0.5118018823149169,0.5182500398359349,0.8878792838253209,0.9998646645033037,0.9991926513330224,0.5640561032756318,0.17813551515461676,79969,2724,75321,2550,0.5139321392092873,0.4999026728726447,0.3666975163418032,0.37586794416271285,0.5018563011101758,0.96705888043728,0.48350398179749715,0.5149655483289329,0.0327464653080094,1619,0,1534,0,0.5134792261338408,0.5,0.3392707460184409,0.34841696023079977,0.514772023550198,1.0,,0.5134792261338408,0.0,389,0,400,0,0.49302915082382764,0.5,0.3302207130730051,0.3256168755016451,0.4902634961439588,1.0,,0.49302915082382764,0.0,588,1031,516,1018,0.5093561687281953,0.5134058318227244,0.5000577563142719,0.49821969804640326,0.514772023550198,0.3631871525633107,0.4968277208394339,0.532608695652174,0.6636245110821382,0.484,371,18,380,20,0.4955640050697085,0.5018637532133676,0.3711006969478491,0.36720013743405855,0.4902634961439588,0.9537275064267352,0.5263157894736842,0.4940079893475366,0.05,0.486
2,2,332124,163,223892,88872,0.6526553714357469,0.641829904990028,0.5950711570440093,0.5996927700937268,0.9277350137238289,0.9995094601955539,0.9981692592800584,0.5973281344421744,0.28415034978450204,78619,4294,73666,4085,0.5147637305183489,0.5003751461632419,0.38169560424030685,0.390911501251701,0.5011775744425977,0.9482107751498559,0.4875283446712018,0.5162622713990216,0.052539517176627956,1610,0,1544,0,0.5104629042485732,0.5,0.33795130142737195,0.3450232056424026,0.5178877160235574,1.0,,0.5104629042485732,0.0,398,0,390,0,0.5050761421319797,0.5,0.33558178752107926,0.3389887092218009,0.5260340162350212,1.0,,0.5050761421319797,0.0,871,739,789,755,0.5155358275206088,0.5149917130627877,0.5148796186127603,0.5152529788534327,0.5178877160235574,0.5409937888198758,0.5053547523427041,0.5246987951807229,0.4889896373056995,0.485,222,176,204,186,0.5177664974619289,0.5173560108233475,0.5167579012600703,0.5169820337493721,0.5260340162350212,0.5577889447236181,0.5138121546961326,0.5211267605633803,0.47692307692307695,0.485
3,2,332274,87,249501,62940,0.6129230368392158,0.6005921347233577,0.5311150048047029,0.5371655442766131,0.9013744985102561,0.9997382364356829,0.9986196392022466,0.5711383266726827,0.20144603301103248,79750,3089,75220,2854,0.5133457209796598,0.4996329318067998,0.369322477304561,0.3782471386147962,0.5009008759272451,0.9627108004683784,0.4802288406528689,0.5146157320771763,0.0365550631452212,1602,0,1552,0,0.5079264426125555,0.5,0.3368376787216148,0.3421775277818814,0.5175638216404752,1.0,,0.5079264426125555,0.0,406,0,382,0,0.5152284263959391,0.5,0.34003350083752093,0.3503898511168363,0.48936760116575967,1.0,,0.5152284263959391,0.0,629,973,573,979,0.5098287888395688,0.5117165881565569,0.5037173737452694,0.5028443144460837,0.5175638216404752,0.39263420724094883,0.5015368852459017,0.5232945091514143,0.6307989690721649,0.484,19,387,10,372,0.49619289340101524,0.5103100095427231,0.3697079593419767,0.36110841708300523,0.48936760116575967,0.046798029556650245,0.4901185770750988,0.6551724137931034,0.9738219895287958,0.483
4,2,331647,119,237365,74818,0.6312068191735681,0.6196510126409729,0.5614466341360037,0.5667657908651528,0.9079754964483819,0.9996413134558695,0.9984119994128401,0.5828471104300085,0.23966071182607637,79633,3801,74789,3543,0.5141747956925435,0.49983679496611183,0.37614847323517137,0.38540343837089897,0.5020700924448053,0.9544430328163579,0.4824346405228758,0.5156842936887231,0.0452305571158658,1611,0,1543,0,0.5107799619530755,0.5,0.338090241343127,0.34537944121989705,0.5226591486833271,1.0,,0.5107799619530755,0.0,397,0,391,0,0.5038071065989848,0.5,0.33502109704641353,0.3375720191051425,0.4969625129648837,1.0,,0.5038071065989848,0.0,1245,366,1139,404,0.5228281547241598,0.5173197633090391,0.4863044867476477,0.48925764896215757,0.5226591486833271,0.7728119180633147,0.5246753246753246,0.522231543624161,0.26182760855476345,0.486,221,176,207,184,0.5139593908629442,0.5136316491332049,0.5128854456684018,0.5130595989431924,0.4969625129648837,0.5566750629722922,0.5111111111111111,0.5163551401869159,0.47058823529411764,0.485
0,3,331187,339,209948,102433,0.6734202299400379,0.6634439620357448,0.6262494643781158,0.6301973048822513,0.9321194259578063,0.9989774557651587,0.9967014361888452,0.6120228778400953,0.327910468306331,77755,5919,72748,5386,0.5138250271927223,0.49909701961480246,0.39225498460052083,0.40156142846406456,0.4999282943613094,0.9292611802949542,0.4764263600176913,0.5166342199158821,0.06893285893465073,1618,0,1535,0,0.513162067871868,0.5,0.3391322573883882,0.3480596209669598,0.49108321287792467,1.0,,0.513162067871868,0.0,399,0,390,0,0.5057034220532319,0.5,0.33585858585858586,0.33968967238929215,0.49978793136687877,1.0,,0.5057034220532319,0.0,1532,86,1439,96,0.5163336504915953,0.5046943385286858,0.3897532690984607,0.39706954462466554,0.49108321287792467,0.9468479604449939,0.5274725274725275,0.5156512958599798,0.06254071661237785,0.488,390,9,367,23,0.523447401774398,0.5182089839984576,0.39187261188277933,0.39509924160764187,0.49978793136687877,0.9774436090225563,0.71875,0.5151915455746368,0.05897435897435897,0.487
1,3,332644,286,207404,104817,0.6780753653020766,0.6674275430667953,0.6322096750337096,0.6363787707939471,0.9399633217683174,0.9991409605622804,0.9972788597851632,0.6159526560602021,0.3357141255713101,76407,5863,72688,5606,0.5107807478637801,0.5001682824670522,0.3926977683672145,0.39932900135090604,0.5018691598520781,0.9287346541874316,0.48879588455837475,0.5124719138804118,0.0716019107466728,1617,0,1536,0,0.5128449096098954,0.5,0.3389937106918239,0.3477023978361429,0.505543315811173,1.0,,0.5128449096098954,0.0,400,0,389,0,0.5069708491761724,0.5,0.33641715727502103,0.3411073838023027,0.4982647814910025,1.0,,0.5069708491761724,0.0,1412,205,1306,230,0.5207738661592134,0.5114807997062462,0.44241291108618214,0.4477828242510853,0.505543315811173,0.873222016079159,0.5287356321839081,0.5194996320824136,0.14973958333333334,0.486,85,315,75,314,0.5057034220532319,0.509848971722365,0.46023365141734496,0.4580495139632194,0.4982647814910025,0.2125,0.49920508744038156,0.53125,0.8071979434447301,0.483
2,3,332002,271,202365,110413,0.6858604978521078,0.676095985032421,0.6438298802318285,0.6475276580570244,0.9421560679038178,0.9991844055941951,0.9975515883054461,0.621299593724912,0.3530075644706469,76812,6115,72077,5660,0.5133197231489319,0.4995350237698946,0.39458074639606877,0.4032418562643417,0.5002274870650242,0.9262604459343761,0.48067940552016986,0.5159011075364869,0.07280960160541312,1608,0,1546,0,0.5098287888395688,0.5,0.3376732465350693,0.344311084608999,0.4985514696890708,1.0,,0.5098287888395688,0.0,409,0,379,0,0.5190355329949239,0.5,0.341687552213868,0.3546959615621117,0.4946939249472618,1.0,,0.5190355329949239,0.0,1540,68,1448,98,0.5193405199746354,0.5105504173826856,0.39231696802583316,0.3977784522289023,0.4985514696890708,0.9577114427860697,0.5903614457831325,0.5153949129852744,0.06338939197930142,0.488,76,333,66,313,0.4936548223350254,0.5058382953467818,0.4432968881412952,0.4369224660914559,0.4946939249472618,0.18581907090464547,0.4845201238390093,0.5352112676056338,0.8258575197889182,0.484
3,3,331863,221,218512,94206,0.6607749355616143,0.6502917771955594,0.6074481369381917,0.6117935876597829,0.9353856767755164,0.9993345057274665,0.9976595677083885,0.6029761526232115,0.30124904866365226,78402,4714,73295,4502,0.5152100824669231,0.5005763201180765,0.3856306193432153,0.39495718449010303,0.5000092922006906,0.943284084893402,0.4884982638888889,0.5168328971568323,0.057868555342751,1607,0,1547,0,0.5095117311350665,0.5,0.3375341314849821,0.3439551993001689,0.5104602560951622,1.0,,0.5095117311350665,0.0,410,0,378,0,0.5203045685279187,0.5,0.34223706176961605,0.35613501351660554,0.4700671054329591,1.0,,0.5203045685279187,0.0,1205,402,1127,420,0.5152187698161065,0.510668821642869,0.4832052026841156,0.48565209953496835,0.5104602560951622,0.7498444306160548,0.5109489051094891,0.5167238421955404,0.27149321266968324,0.486,409,1,373,5,0.5253807106598984,0.5053942444186347,0.35614163870246085,0.36954671370899056,0.4700671054329591,0.9975609756097561,0.8333333333333334,0.5230179028132992,0.013227513227513227,0.487
4,3,331693,294,205443,106519,0.6805073072556989,0.6702815305651308,0.6359995793060729,0.6399577061421696,0.9334546510736803,0.9991144231551236,0.9972475260501998,0.6175214470823032,0.341448637975138,77081,6132,72781,5772,0.5121780843935066,0.4998943217045144,0.3945226134807053,0.40221132731000664,0.49907036519330017,0.9263095910494754,0.4848790322580645,0.5143465321429048,0.07347905235955342,1618,0,1536,0,0.5129993658845909,0.5,0.3390611902766136,0.3478763512159548,0.5132908265090648,1.0,,0.5129993658845909,0.0,399,0,389,0,0.5063451776649747,0.5,0.33614153327716934,0.34040728877561055,0.49011990129565564,1.0,,0.5063451776649747,0.0,1572,46,1459,77,0.5228281547241598,0.5108500238205603,0.38455073592342803,0.3921351829747057,0.5132908265090648,0.9715698393077874,0.6260162601626016,0.5186407126360937,0.050130208333333336,0.488,137,262,123,266,0.5114213197969543,0.5135815116196661,0.49796707942869717,0.4969241150590648,0.49011990129565564,0.3433583959899749,0.5037878787878788,0.5269230769230769,0.6838046272493573,0.484
0,4,331503,165,226283,85956,0.6483218849927086,0.6373958180185054,0.588478604649777,0.5932137270246495,0.9242512434316444,0.9995025145627555,0.9980840909882607,0.5943193267668962,0.27528912147425527,78861,4671,74015,4261,0.5137076040739642,0.4992584485271155,0.3824402782045867,0.3916888179468045,0.4991486607440968,0.9440813101565867,0.4770488132557098,0.5158494466103247,0.05443558689764423,1669,0,1484,0,0.529337139232477,0.5,0.34612194110327665,0.36643039625840074,0.5082332174309067,1.0,,0.529337139232477,0.0,429,0,360,0,0.5437262357414449,0.5,0.3522167487684729,0.3830189739459439,0.5,1.0,,0.5437262357414449,0.0,1284,385,1120,364,0.5226768157310498,0.5073029833704512,0.478256151258344,0.48718856748383377,0.5082332174309067,0.7693229478729778,0.48598130841121495,0.5341098169717138,0.24528301886792453,0.486,0,429,0,360,0.45627376425855515,0.5,0.3133159268929504,0.2859156747312095,0.5,0.0,0.45627376425855515,,1.0,0.0
1,4,332477,46,246911,65717,0.6172105445081849,0.605034981192663,0.5382685434625215,0.544156049500921,0.9055229124432242,0.9998616637044656,0.999300518528656,0.5738417088376011,0.21020829868086033,79605,3072,74970,2917,0.5139508233476994,0.500147523547598,0.37030683933933517,0.3792789690519377,0.502604058630444,0.962843354258137,0.48705960928368675,0.5149927219796215,0.03745169283705881,1673,0,1480,0,0.5306057722803679,0.5,0.3466639038541235,0.3678837368524888,0.5131326634464709,1.0,,0.5306057722803679,0.0,425,0,364,0,0.5386565272496832,0.5,0.3500823723228995,0.3771483098535673,0.46723981900452494,1.0,,0.5386565272496832,0.0,1078,595,931,549,0.5160164922296225,0.5076487051905462,0.5019982263748493,0.5071126409494642,0.5131326634464709,0.6443514644351465,0.4798951048951049,0.5365853658536586,0.37094594594594593,0.485,12,413,8,356,0.4664131812420786,0.5031286360698125,0.3411763539177088,0.318968660700306,0.46723981900452494,0.02823529411764706,0.46293888166449937,0.6,0.978021978021978,0.483
2,4,332564,95,235795,76597,0.6343079849500272,0.6224547808582277,0.5659630089643461,0.5713744394546116,0.918852691167142,0.9997144222762648,0.9987612788817608,0.5851301730068496,0.24519513944019053,78909,3632,74724,3399,0.5122989593188269,0.49975296961767546,0.3740297483721635,0.38211971491914215,0.49777451607131085,0.9559976254225173,0.4834305219741146,0.5136201206771983,0.043508313812833606,1693,0,1461,0,0.5367786937222575,0.5,0.34928821951722716,0.37498094841006063,0.5221007061730611,1.0,,0.5367786937222575,0.0,405,0,383,0,0.5139593908629442,0.5,0.3394803017602682,0.34895817820535185,0.4991393482255101,1.0,,0.5139593908629442,0.0,798,895,621,840,0.5193405199746354,0.5231506468839563,0.519255270888096,0.5187843711719735,0.5221007061730611,0.4713526284701713,0.484149855907781,0.5623678646934461,0.5749486652977412,0.484,178,227,163,220,0.5050761421319797,0.506959352738291,0.5036661390871798,0.5029275660637132,0.4991393482255101,0.43950617283950616,0.49217002237136465,0.5219941348973607,0.5744125326370757,0.484
3,4,332237,130,233246,79189,0.6380656387542222,0.6265331926334091,0.5721758056024335,0.5773657938828445,0.9190514646046458,0.9996088661028321,0.9983610484247154,0.5875278301911817,0.2534575191639861,78760,4073,74192,3888,0.5136191606644585,0.5003119289690713,0.3792208827203576,0.3877527105741389,0.5010769780615274,0.9508287759709294,0.48838085667629694,0.5149327893718291,0.04979508196721311,1674,0,1480,0,0.5307545973367153,0.5,0.3467274233637117,0.3680543479460072,0.5001985856824567,1.0,,0.5307545973367153,0.0,424,0,364,0,0.5380710659898477,0.5,0.34983498349834985,0.3764721649829958,0.5469559921210865,1.0,,0.5380710659898477,0.0,290,1384,225,1255,0.489854153455929,0.5106053634279442,0.4371661880436636,0.4265739960333221,0.5001985856824567,0.17323775388291518,0.47555892383478593,0.5631067961165048,0.847972972972973,0.483,130,294,84,280,0.5203045685279187,0.5379172714078375,0.5022692181724606,0.49505507803027726,0.5469559921210865,0.30660377358490565,0.4878048780487805,0.6074766355140186,0.7692307692307693,0.484
4,4,331468,115,237039,75327,0.6317192821170621,0.6204014919392498,0.5624988219689367,0.5676920927950306,0.9052014508661731,0.9996531788420999,0.9984756501683413,0.5830499888303926,0.2411498050363996,79472,4145,74311,3838,0.5150031527020511,0.4997700267858773,0.3793194122099615,0.3891287399330854,0.4983105905557598,0.9504287405671096,0.48077163973443565,0.5167801382467503,0.049111313004644976,1683,0,1471,0,0.5336081166772353,0.5,0.347942939838743,0.3713303536769845,0.5129028518479473,1.0,,0.5336081166772353,0.0,415,0,373,0,0.5266497461928934,0.5,0.34497090606816294,0.3633576802494609,0.5078910817532867,1.0,,0.5266497461928934,0.0,450,1233,337,1134,0.5022194039315155,0.519141912991635,0.4776526235619513,0.47003835830120916,0.5129028518479473,0.26737967914438504,0.4790874524714829,0.5717916137229987,0.7709041468388851,0.484,214,201,181,192,0.5152284263959391,0.5152039794567008,0.5148502723785577,0.5155722027753765,0.5078910817532867,0.5156626506024097,0.48854961832061067,0.5417721518987342,0.514745308310992,0.485
0,5,331684,330,225934,85959,0.6486076405443644,0.6373050997390572,0.588711480317914,0.5936160306889239,0.9189977991686901,0.9990060660092647,0.9961756423182561,0.5948229791721215,0.2756041334688499,77847,5339,73557,5065,0.5124097696034806,0.5001203495335909,0.3887362813366372,0.39649157523416506,0.4981316627689388,0.9358185271560119,0.4868319876970396,0.5141673931996512,0.0644221719111699,1641,0,1512,0,0.5204567078972407,0.5,0.3423028785982478,0.35630765859798585,0.5063155128663965,1.0,,0.5204567078972407,0.0,420,0,369,0,0.532319391634981,0.5,0.34739454094292804,0.3698497013841059,0.45776229190863343,1.0,,0.532319391634981,0.0,383,1258,328,1184,0.4969869965112591,0.5082315274271398,0.46228373747070906,0.45669482309339204,0.5063155128663965,0.23339427178549665,0.48484848484848486,0.5386779184247539,0.783068783068783,0.483,5,415,2,367,0.4714828897338403,0.5032423538521099,0.33056277302905324,0.3107093864214727,0.45776229190863343,0.011904761904761904,0.46930946291560105,0.7142857142857143,0.994579945799458,0.482
1,5,332599,96,237258,75198,0.6320954319221391,0.6201894667019195,0.5624437512180163,0.5679203436390664,0.9209639962236723,0.9997114474218127,0.9987249980078093,0.5836534428812843,0.24066748598202628,78930,3575,74559,3500,0.5133778431030617,0.5007535859051742,0.3755693149696791,0.3836920342601606,0.501192096301791,0.9566692927701351,0.49469964664310956,0.5142388053867052,0.04483787904021317,1664,0,1489,0,0.5277513479226134,0.5,0.3454432219223583,0.3646162520005102,0.5071356615177972,1.0,,0.5277513479226134,0.0,397,0,392,0,0.5031685678073511,0.5,0.33473861720067455,0.3368599012133531,0.5628630545417159,1.0,,0.5031685678073511,0.0,1193,471,1018,471,0.5277513479226134,0.5166333965103064,0.5016183967834822,0.5079525608407508,0.5071356615177972,0.7169471153846154,0.5,0.5395748530076888,0.31631967763599733,0.485,333,64,304,88,0.5335868187579215,0.5316403639541458,0.48381499601774947,0.48483074750224275,0.5628630545417159,0.8387909319899244,0.5789473684210527,0.5227629513343799,0.22448979591836735,0.485
2,5,331999,230,218915,93907,0.6602671726731685,0.649750393740347,0.6066819016879097,0.611049664376328,0.9268196618023973,0.9993077064314072,0.9975567523927892,0.6026330788471522,0.3001930810492868,77526,5445,72560,5133,0.5144836428820395,0.5002211945677476,0.39079870471215045,0.39981627690367,0.499768139179722,0.9343746610261416,0.4852524106636415,0.5165438481937022,0.06606772810935348,1652,0,1502,0,0.5237793278376665,0.5,0.34373699542238867,0.3600846648305555,0.5082295438205073,1.0,,0.5237793278376665,0.0,409,0,379,0,0.5190355329949239,0.5,0.341687552213868,0.3546959615621117,0.5163117456180529,1.0,,0.5190355329949239,0.0,247,1405,207,1295,0.4889029803424223,0.5058497467460658,0.42547052843736965,0.4163914561227151,0.5082295438205073,0.14951573849878935,0.47962962962962963,0.5440528634361234,0.8621837549933422,0.483,64,345,47,332,0.5025380710659898,0.5162343317571011,0.4374708624708625,0.43018721971767654,0.5163117456180529,0.15647921760391198,0.49039881831610044,0.5765765765765766,0.8759894459102903,0.484
3,5,331843,199,225040,87720,0.6506850164856809,0.6399356633239837,0.5922365784474588,0.5968531151205826,0.9207253656548573,0.9994006782274532,0.9977365529635233,0.5958935718993038,0.2804706484205141,78282,4876,73143,4612,0.5151479370840143,0.5003395723600591,0.38657088619899677,0.39600080076302213,0.4995954764755855,0.9413646311840111,0.4860876897133221,0.5169687964338782,0.059314513536107005,1657,0,1497,0,0.5253646163601775,0.5,0.34441903970068594,0.3618911533189833,0.518461586218101,1.0,,0.5253646163601775,0.0,404,0,384,0,0.5126903553299492,0.5,0.3389261744966443,0.34752836166660994,0.44556389232673266,1.0,,0.5126903553299492,0.0,909,748,757,740,0.5228281547241598,0.5214518757893982,0.5214541964512098,0.5227549853486773,0.518461586218101,0.5485817742908872,0.49731182795698925,0.5456182472989196,0.49432197728790916,0.485,403,1,380,4,0.516497461928934,0.5039707095709571,0.3497941495593869,0.358150205317259,0.44556389232673266,0.9975247524752475,0.8,0.5146871008939975,0.010416666666666666,0.489
4,5,331662,158,229038,83091,0.6440774036453197,0.6328655397311701,0.581757607680025,0.5866943826954235,0.9143588858615195,0.9995238382255439,0.9981020793042559,0.59151417870519,0.26620724123679634,78751,4629,73900,4486,0.5145518835849313,0.5008563483988681,0.38491483698163675,0.3936323675914375,0.49957778870531155,0.9444830894698969,0.49215578716401537,0.515889185134719,0.05722960732783915,1630,0,1524,0,0.5168040583386176,0.5,0.3407190635451505,0.3521699895869343,0.49801700400946813,1.0,,0.5168040583386176,0.0,431,0,357,0,0.5469543147208121,0.5,0.3535684987694832,0.38677163190265806,0.5358653902396225,1.0,,0.5469543147208121,0.0,1310,320,1194,330,0.5199746353836399,0.5101082073329791,0.4686783017310173,0.4742266806771173,0.49801700400946813,0.803680981595092,0.5076923076923077,0.5231629392971247,0.21653543307086615,0.486,85,346,54,303,0.49238578680203043,0.5229776365302501,0.4503156499598898,0.436034961307053,0.5358653902396225,0.19721577726218098,0.46687211093990755,0.6115107913669064,0.8487394957983193,0.484
0,6,331736,99,239030,73042,0.6286280472179989,0.6168783103162613,0.5571479609460358,0.5626087019952786,0.9133817183565051,0.9997016589570118,0.9986464500075197,0.5812119152156926,0.2340549616755108,79577,3788,74622,3821,0.5154133293780283,0.5016358976913863,0.37937417081992364,0.38821287321211684,0.5011444947096945,0.9545612667186469,0.5021684846891838,0.5160669005635575,0.04871052866412554,1669,0,1484,0,0.529337139232477,0.5,0.34612194110327665,0.36643039625840074,0.5240463889638065,1.0,,0.529337139232477,0.0,424,0,365,0,0.5373891001267427,0.5,0.34954657873042044,0.37568504279264453,0.4870186094598088,1.0,,0.5373891001267427,0.0,1017,652,831,653,0.5296542974944497,0.5246869342489248,0.52330100185413,0.5265300120009959,0.5240463889638065,0.609346914319952,0.5003831417624521,0.5503246753246753,0.44002695417789756,0.485,73,351,61,304,0.47782002534854245,0.5025232618247609,0.42886358844613115,0.4163595634364244,0.4870186094598088,0.1721698113207547,0.46412213740458014,0.5447761194029851,0.8328767123287671,0.484
1,6,332211,181,231497,81262,0.6408933722492873,0.629639260437158,0.5768728726744173,0.5818815177303985,0.917726264940365,0.9994554622253243,0.9977775867784832,0.5893317107438603,0.2598230586489917,78215,4593,73478,4278,0.5137702100097158,0.499776303382033,0.38292216449510064,0.39186280755527125,0.4995287865567234,0.9445343445077771,0.48224551910720326,0.5156137725537764,0.055018262256288905,1687,0,1466,0,0.5350459879479861,0.5,0.3485537190082645,0.3729845378794432,0.5194121485947835,1.0,,0.5350459879479861,0.0,406,0,383,0,0.514575411913815,0.5,0.3397489539748954,0.3496529158778391,0.494868101197443,1.0,,0.514575411913815,0.0,976,711,806,660,0.518870916587377,0.5143732143160401,0.5139892047525426,0.5174033133458922,0.5194121485947835,0.5785417901600475,0.4814004376367615,0.547699214365881,0.45020463847203274,0.485,385,21,354,29,0.5247148288973384,0.511996938867381,0.4032191373276723,0.4110685780751507,0.494868101197443,0.9482758620689655,0.58,0.5209742895805142,0.07571801566579635,0.486
2,6,332034,186,232852,79979,0.6387293407808065,0.6275510664204709,0.5736277750029751,0.5786356274909892,0.9149262883572334,0.9994401300343146,0.9976797854425248,0.5877893946743237,0.2556620028066272,78205,4775,73311,4373,0.5139794851366828,0.4993740857352781,0.3838641082843405,0.39319733826334696,0.49896090984395947,0.9424560134972283,0.4780279842588544,0.5161501095593864,0.056292157973327844,1659,0,1495,0,0.525998731769182,0.5,0.34469146062746725,0.3626145422834294,0.5307738674827283,1.0,,0.525998731769182,0.0,434,0,354,0,0.550761421319797,0.5,0.35515548281505727,0.3912118770094793,0.4792626728110599,1.0,,0.550761421319797,0.0,584,1075,432,1063,0.5221940393151554,0.5315280390129042,0.5109134079864996,0.507051145903202,0.5307738674827283,0.35201928872814947,0.4971936389148737,0.5748031496062992,0.7110367892976589,0.484,69,365,53,301,0.46954314720812185,0.5046343304954568,0.4191987586401467,0.40183862465118975,0.4792626728110599,0.15898617511520738,0.4519519519519519,0.5655737704918032,0.8502824858757062,0.484
3,6,332331,140,225702,86629,0.6497498456890642,0.6384708542214407,0.5902551679871789,0.5951318999996004,0.9302546749944166,0.9995789106418305,0.9983865205315262,0.5955400487067969,0.27736279780105083,78075,4654,73731,4453,0.5128734160695532,0.5003497095047683,0.3839060226476354,0.3918677297881996,0.5009556768078504,0.9437440317180191,0.48896453277698476,0.5143077348721394,0.056955387291517445,1684,0,1470,0,0.5339251743817375,0.5,0.34807771806531623,0.37169491263284243,0.5246719828073747,1.0,,0.5339251743817375,0.0,409,0,379,0,0.5190355329949239,0.5,0.341687552213868,0.3546959615621117,0.4848881692267,1.0,,0.5190355329949239,0.0,714,970,568,902,0.5123652504755866,0.5187979704946112,0.5106265180523895,0.508647322634495,0.5246719828073747,0.42399049881235157,0.48183760683760685,0.5569422776911076,0.6136054421768707,0.484,24,385,13,366,0.4949238578680203,0.5121894575223693,0.3777054645025596,0.36742314929506303,0.4848881692267,0.05867970660146699,0.4873501997336884,0.6486486486486487,0.9656992084432717,0.483
4,6,331760,122,239934,72133,0.6272127140503363,0.6153891375963428,0.554852328951591,0.5603749480579692,0.9139121018259277,0.9996323994672806,0.9983115355338731,0.5803104457979269,0.23114587572540513,79579,3739,74817,3631,0.5143849758292843,0.5007045901279611,0.37707830124655656,0.385882792546102,0.5021565590034709,0.9551237427686694,0.4926729986431479,0.5154213839736781,0.0462854374872527,1673,0,1481,0,0.5304375396322131,0.5,0.3465920861818935,0.3676909069006391,0.5097321602623064,1.0,,0.5304375396322131,0.0,420,0,368,0,0.5329949238578681,0.5,0.347682119205298,0.37062560930514,0.5032543995859213,1.0,,0.5329949238578681,0.0,1044,629,897,584,0.5161699429296132,0.5091784238126046,0.5056546162761413,0.5100436221836774,0.5097321602623064,0.6240286909742977,0.4814509480626546,0.5378670788253478,0.39432815665091153,0.485,295,125,249,119,0.5253807106598984,0.5128752587991718,0.5004610419548179,0.5078236713449554,0.5032543995859213,0.7023809523809523,0.48770491803278687,0.5422794117647058,0.3233695652173913,0.485
0,7,331465,198,211169,101075,0.6717429690933628,0.6615540938791695,0.6235494177964646,0.6276115323528014,0.9398974792772027,0.9994030084754706,0.9980448885685227,0.6108445102960743,0.3237051792828685,77674,5863,72804,5467,0.5138250271927223,0.49983130031929296,0.39293383811762833,0.401750337926088,0.49878769170823367,0.9298155308426206,0.4825242718446602,0.5161817674344422,0.0698470697959653,1594,0,1559,0,0.5055502695845226,0.5,0.33579102591110177,0.3395184873468419,0.5047238562183557,1.0,,0.5055502695845226,0.0,421,0,368,0,0.5335868187579215,0.5,0.34793388429752065,0.37130586892080153,0.4979926159248167,1.0,,0.5335868187579215,0.0,872,722,817,742,0.5118934348239772,0.5114987811090821,0.5110622601077797,0.5112860379159866,0.5047238562183557,0.5470514429109159,0.5068306010928961,0.5162818235642392,0.4759461193072482,0.485,81,340,63,305,0.4892268694550063,0.510601698853661,0.444448715372721,0.43385388427289456,0.4979926159248167,0.19239904988123516,0.4728682170542636,0.5625,0.8288043478260869,0.484
1,7,332424,138,226987,85602,0.6479506348126253,0.6367167238777325,0.5875866827957026,0.5924713738428297,0.927422469117366,0.9995850397820557,0.9983904828551434,0.5942392981189144,0.27384840797340915,77973,4665,73588,4338,0.5126367056127151,0.49960858533081853,0.3828376060824189,0.3911436203010209,0.4977478405302125,0.9435489726276047,0.481839386871043,0.514466122551316,0.055668198034032286,1604,0,1549,0,0.5087218522042499,0.5,0.33718730292200966,0.34306909856448053,0.5253059249874024,1.0,,0.5087218522042499,0.0,411,0,378,0,0.5209125475285171,0.5,0.3425,0.35682509505703425,0.4845904298459043,1.0,,0.5209125475285171,0.0,640,964,551,998,0.5195052331113226,0.5216445651526446,0.5132298235700831,0.5122657243388871,0.5253059249874024,0.39900249376558605,0.508664627930683,0.5373635600335852,0.6442866365397031,0.484,293,118,268,110,0.5107731305449936,0.5019503340671224,0.48295848103328853,0.4879742375026124,0.4845904298459043,0.7128953771289538,0.4824561403508772,0.5222816399286988,0.291005291005291,0.485
2,7,332391,152,223616,88892,0.653100297495857,0.6419950172041072,0.5954535741596086,0.6001967234211733,0.9324429389861466,0.9995429162544393,0.9982929787520777,0.5978180130825691,0.28444711815377527,77689,4968,73364,4643,0.5124483393915251,0.4997082484997666,0.38540763681395745,0.39349485948166946,0.4999078722612751,0.9398961975392284,0.48309229008427845,0.5143161671731115,0.05952029946030484,1634,0,1520,0,0.5180722891566265,0.5,0.3412698412698413,0.35360489577357046,0.5150889003414288,1.0,,0.5180722891566265,0.0,381,0,407,0,0.48350253807106597,0.5,0.32591958939264326,0.3151658973568454,0.46630811197740335,1.0,,0.48350253807106597,0.0,661,973,563,957,0.5129993658845909,0.5170670134638923,0.5086719201630815,0.507005268770338,0.5150889003414288,0.40452876376988983,0.4958549222797927,0.5400326797385621,0.6296052631578948,0.484,1,380,0,407,0.5177664974619289,0.5013123359580053,0.3434888228226648,0.35464946208527787,0.46630811197740335,0.0026246719160104987,0.5171537484116899,1.0,1.0,0.482
3,7,332023,139,223328,89312,0.6534331469195195,0.64262597457332,0.5962238162764806,0.6008253405288358,0.9302006441205017,0.9995815294946442,0.9984460766229556,0.5978615326163094,0.2856704196519959,77838,5200,73055,4820,0.5136813060473672,0.49963606443386244,0.38757730019595305,0.39649393694594415,0.5006776679666703,0.9373780678725403,0.4810379241516966,0.5158489790778896,0.06189406099518459,1623,0,1531,0,0.5145846544071021,0.5,0.3397529830437513,0.3496633427267015,0.4981425161571514,1.0,,0.5145846544071021,0.0,392,0,396,0,0.49746192893401014,0.5,0.33220338983050846,0.3305170782070033,0.5118403421974851,1.0,,0.49746192893401014,0.0,525,1098,470,1061,0.50285351934052,0.5082430750322056,0.4880686346970422,0.48553093061644526,0.4981425161571514,0.3234750462107209,0.49143121815655394,0.5276381909547738,0.6930111038536904,0.484,72,320,58,338,0.5203045685279187,0.5186044114615543,0.4586141464372178,0.45954182195737875,0.5118403421974851,0.1836734693877551,0.513677811550152,0.5538461538461539,0.8535353535353535,0.484
4,7,331709,161,215498,96581,0.6650992547546467,0.6544954982588992,0.6135805779838703,0.6179169655343554,0.9408318804820675,0.9995148702805315,0.9983357797027145,0.6061855933860495,0.30947612623726684,78114,5216,73663,4773,0.5123882645302474,0.4991288279712126,0.38622666820827434,0.3946453542420036,0.49828050315138217,0.9374054962198488,0.4778256081689859,0.514662959473438,0.06085215972257637,1605,0,1549,0,0.5088776157260622,0.5,0.33725572599285564,0.343243779466413,0.5083923101830343,1.0,,0.5088776157260622,0.0,410,0,378,0,0.5203045685279187,0.5,0.34223706176961605,0.35613501351660554,0.5058846302748742,1.0,,0.5203045685279187,0.0,608,997,537,1012,0.5136334812935954,0.5160704625031927,0.5055203638407686,0.504395773302753,0.5083923101830343,0.37881619937694705,0.5037332005973121,0.5310043668122271,0.6533247256294383,0.484,16,394,11,367,0.4860406091370558,0.5049619305716867,0.3588257393875956,0.34722780254434,0.5058846302748742,0.03902439024390244,0.48226018396846254,0.5925925925925926,0.9708994708994709,0.483
0,8,331509,157,238912,73329,0.6287212283761475,0.6171870368869503,0.5575971179272774,0.5629483683938872,0.9154913494772614,0.9995266322143361,0.9978635386332091,0.5811654900503312,0.23484744155956458,79622,3912,74550,3724,0.51509196084248,0.5003726158870716,0.37830768203833554,0.3877873166335792,0.5006123456928456,0.9531687696027965,0.48768988999476165,0.5164491606776846,0.047576462171346805,1630,0,1523,0,0.5169679670155407,0.5,0.34079029897553836,0.35235533608000474,0.5222075416215172,1.0,,0.5169679670155407,0.0,394,0,395,0,0.49936628643852976,0.5,0.3330515638207946,0.33262944523547044,0.519777677825612,1.0,,0.49936628643852976,0.0,828,802,719,804,0.5176022835394862,0.5179404549464448,0.5175743320504429,0.5176989491057611,0.5222075416215172,0.5079754601226993,0.5006226650062267,0.535229476405947,0.5279054497701904,0.485,353,41,333,62,0.5259822560202788,0.526450555805436,0.4513498438197233,0.45109337504927466,0.519777677825612,0.8959390862944162,0.6019417475728155,0.5145772594752187,0.1569620253164557,0.486
1,8,331963,116,241039,72033,0.6262037879504178,0.6148675694730573,0.5537684805853882,0.5590652061926176,0.9110342708092434,0.9996506855296481,0.9983922161083314,0.579340037207549,0.2300844534164665,79405,3716,73934,3509,0.5163922174335468,0.5003024170081837,0.377251553930818,0.3876610707349776,0.5004304089503837,0.9552940893396374,0.48567474048442905,0.5178395581032875,0.045310744676729985,1598,0,1555,0,0.5068189026324136,0.5,0.33635024205430436,0.34093732115621844,0.535020463682497,1.0,,0.5068189026324136,0.0,426,0,363,0,0.5399239543726235,0.5,0.3506172839506173,0.3786133408440126,0.50075013903439,1.0,,0.5399239543726235,0.0,766,832,641,914,0.532825880114177,0.5335652684827095,0.5317942780410918,0.531494555817155,0.535020463682497,0.4793491864831039,0.5234822451317297,0.5444207533759773,0.5877813504823152,0.485,166,260,134,229,0.5006337135614702,0.5102626779963528,0.49742948046405155,0.4942252473666328,0.50075013903439,0.38967136150234744,0.46830265848670755,0.5533333333333333,0.6308539944903582,0.485
2,8,332623,50,246429,65949,0.6178922286764923,0.605484461602017,0.5391226309047303,0.5451173247510668,0.9181890956990544,0.9998497022601774,0.9992424127638297,0.5744268217707563,0.2111192209438565,79461,3066,75145,2992,0.5132014639247124,0.5005701203469236,0.37062698653369974,0.37881202825971355,0.5009228306622401,0.9628485223017922,0.4938923737206999,0.513958061136049,0.03829171839205498,1623,0,1531,0,0.5145846544071021,0.5,0.3397529830437513,0.3496633427267015,0.5130969614212417,1.0,,0.5145846544071021,0.0,401,0,387,0,0.5088832487309645,0.5,0.33725820016820857,0.34325009712551174,0.5139670204334126,1.0,,0.5088832487309645,0.0,1454,169,1342,189,0.5209258084971464,0.5096602842950355,0.4290866560982216,0.43576586718177973,0.5130969614212417,0.895871842267406,0.5279329608938548,0.5200286123032904,0.12344872632266493,0.486,345,56,314,73,0.5304568527918782,0.5244898090690586,0.4669445663302618,0.4702135810746097,0.5139670204334126,0.8603491271820449,0.5658914728682171,0.5235204855842185,0.18863049095607234,0.485
3,8,332407,180,233798,78417,0.6371320188212816,0.6253111246516708,0.5704889793737724,0.575834276431234,0.9205056597933077,0.9994587882268399,0.9977098362532921,0.5870788848561916,0.2511634610765018,78076,4537,74101,4199,0.5113011378819611,0.49935417897903345,0.3807798618312702,0.38839980123875334,0.49776219542105093,0.9450812826068536,0.4806547619047619,0.5130604493451705,0.053627075351213284,1609,0,1545,0,0.510145846544071,0.5,0.33781230317027083,0.3446670867476004,0.5224262391362502,1.0,,0.510145846544071,0.0,415,0,373,0,0.5266497461928934,0.5,0.34497090606816294,0.3633576802494609,0.5066894925546691,1.0,,0.5266497461928934,0.0,438,1171,358,1187,0.5152187698161065,0.520251779533007,0.4862456141472283,0.48376993729434675,0.5224262391362502,0.27221876942200124,0.503392705682782,0.550251256281407,0.7682847896440129,0.483,185,230,155,218,0.5114213197969543,0.5151167673374463,0.5105629542392979,0.5094704889840987,0.5066894925546691,0.4457831325301205,0.48660714285714285,0.5441176470588235,0.5844504021447721,0.484
4,8,331623,172,215331,96823,0.6653415099642984,0.654829317812285,0.6140256401724018,0.6183182083094659,0.9342916144344946,0.9994816076191624,0.9982267127171504,0.6063087572263847,0.3101770280054076,78470,4935,73600,4761,0.5145147929725653,0.5007940749470278,0.387308572628345,0.3960134550092788,0.49907663551967274,0.9408308854385229,0.4910272277227723,0.5160123627276912,0.06075726445553273,1636,0,1518,0,0.518706404565631,0.5,0.341544885177453,0.3543230387763558,0.5314973375726006,1.0,,0.518706404565631,0.0,388,0,400,0,0.49238578680203043,0.5,0.3299319727891156,0.3249076280258296,0.5035373711340206,1.0,,0.49238578680203043,0.0,955,681,815,703,0.5256816740646798,0.5234250928547729,0.5226342777755071,0.5240612331807546,0.5314973375726006,0.5837408312958435,0.5079479768786127,0.53954802259887,0.4631093544137022,0.485,24,364,16,384,0.5177664974619289,0.5109278350515464,0.390569539874304,0.3948094384605581,0.5035373711340206,0.061855670103092786,0.5133689839572193,0.6,0.96,0.483
0,9,331417,100,238269,74121,0.6298083418878814,0.618484537818454,0.5594693949681365,0.5646982871302143,0.9141019792244077,0.999698356343717,0.9986526724242465,0.5817538082382224,0.2372707192931912,79937,3746,74677,3448,0.5153329872441412,0.49968511522770453,0.3758641768325593,0.38599854449676685,0.4988414684559588,0.955235830455409,0.4792882958020573,0.517010102578033,0.0441344,1647,0,1506,0,0.5223596574690771,0.5,0.343125,0.35846931493815415,0.5257444216253786,1.0,,0.5223596574690771,0.0,439,0,350,0,0.5564005069708492,0.5,0.3574918566775244,0.39781730058664944,0.47474129515131797,1.0,,0.5564005069708492,0.0,1234,413,1074,432,0.5283856644465589,0.5180468169822229,0.4957617088459547,0.5014973419378315,0.5257444216253786,0.7492410443230115,0.5112426035502958,0.5346620450606586,0.2868525896414343,0.486,6,433,2,348,0.44866920152091255,0.5039765701269119,0.321115126484254,0.2879212297641879,0.47474129515131797,0.01366742596810934,0.44558258642765686,0.75,0.9942857142857143,0.482
1,9,332613,83,236662,75793,0.6330393969783819,0.62116152672218,0.5639386903505466,0.5693847903538719,0.9221813822259008,0.9997505229999759,0.9989061099688966,0.5842747354090729,0.24257253044438398,78648,3856,74582,3478,0.5114845170773025,0.49890917112716826,0.3743591350232632,0.38246589567043826,0.4995477833213201,0.9532628721031707,0.47422961548950093,0.5132676368857273,0.04455547015116577,1669,0,1484,0,0.529337139232477,0.5,0.34612194110327665,0.36643039625840074,0.5212928315452705,1.0,,0.529337139232477,0.0,417,0,372,0,0.5285171102661597,0.5,0.34577114427860695,0.3654919319751055,0.5123127304607926,1.0,,0.5285171102661597,0.0,1463,206,1240,244,0.5413891531874405,0.5204966416289433,0.4607928521350968,0.4730244482751162,0.5212928315452705,0.8765727980826843,0.5422222222222223,0.5412504624491306,0.16442048517520216,0.486,44,373,27,345,0.49302915082382764,0.5164674711843428,0.4066776958941194,0.39376800994117306,0.5123127304607926,0.10551558752997602,0.4805013927576602,0.6197183098591549,0.9274193548387096,0.483
2,9,332161,69,253530,59291,0.6068543417497221,0.5946644103267182,0.5211691917148296,0.5272639000998746,0.9006373414484399,0.9997923125545556,0.9988376010781671,0.5671266930856032,0.18953650809888084,80082,2888,75011,2683,0.5151434048697904,0.4998625746613409,0.36861236958520754,0.3786008415572157,0.49855844770712865,0.9651922381583705,0.48160114880631844,0.5163482555627914,0.03453291116431127,1667,0,1487,0,0.5285351934051997,0.5,0.3457788840489525,0.3655126187124945,0.5150242311994897,1.0,,0.5285351934051997,0.0,419,0,369,0,0.5317258883248731,0.5,0.3471416735708368,0.3691684295080726,0.4794290186338618,1.0,,0.5317258883248731,0.0,873,794,738,749,0.5142675967025999,0.5136969916036968,0.5135156468667,0.5146071869510707,0.5150242311994897,0.5236952609478105,0.4854180168502916,0.5418994413407822,0.503698722259583,0.485,40,379,27,342,0.4847715736040609,0.5111473310437162,0.3960659946388795,0.3813796405055713,0.4794290186338618,0.0954653937947494,0.47434119278779474,0.5970149253731343,0.926829268292683,0.484
3,9,332371,99,253109,59223,0.6073089103321639,0.5946588830426901,0.5214294593422062,0.5277609733347516,0.8977825330788229,0.9997022287725208,0.9983311419035097,0.5676897588303614,0.1896155373128594,79851,2879,75490,2693,0.5129728486822072,0.4998224382548143,0.3675616488498186,0.3761308798516314,0.5001007751977894,0.9652000483500544,0.4833094041636755,0.5140368608416322,0.03444482815957433,1691,0,1463,0,0.536144578313253,0.5,0.34901960784313724,0.37424994094023145,0.517601325500731,1.0,,0.536144578313253,0.0,395,0,393,0,0.501269035532995,0.5,0.3338968723584108,0.3347443263491682,0.4945276516249557,1.0,,0.501269035532995,0.0,1505,186,1262,201,0.5409004438807863,0.5136974202615835,0.4462439828792453,0.4627943456923982,0.517601325500731,0.8900059136605559,0.5193798449612403,0.5439103722443079,0.13738892686261106,0.486,310,85,301,92,0.5101522842639594,0.5094534093471189,0.46955460221129364,0.469927058009942,0.4945276516249557,0.7848101265822784,0.519774011299435,0.5073649754500819,0.2340966921119593,0.485
4,9,331815,72,252284,59778,0.6081118225201064,0.5956705732537729,0.5229805572474665,0.5291845932206249,0.9012110331823772,0.9997830586916632,0.998796992481203,0.5680800686185047,0.19155808781588274,80188,3125,75598,2855,0.5133526204517637,0.4994410314446426,0.3691895162119924,0.378249460693718,0.50016730761974,0.9624908477668551,0.4774247491638796,0.5147317473970704,0.03639121512242999,1670,0,1484,0,0.5294863665187064,0.5,0.34618573797678276,0.36660125708384733,0.5161184369804865,1.0,,0.5294863665187064,0.0,416,0,372,0,0.5279187817258884,0.5,0.34551495016611294,0.36480766311955076,0.514119365177833,1.0,,0.5279187817258884,0.0,1421,249,1225,259,0.5326569435637286,0.5127132527398034,0.4592601173926475,0.47100866271779473,0.5161184369804865,0.8508982035928143,0.5098425196850394,0.5370370370370371,0.17452830188679244,0.486,294,122,245,127,0.5342639593908629,0.5240643093465674,0.512362259824131,0.5181327674944077,0.514119365177833,0.7067307692307693,0.5100401606425703,0.5454545454545454,0.34139784946236557,0.485
0,10,331804,98,231067,80938,0.640996292942925,0.6295586207673176,0.5767524048932577,0.5818477970170379,0.9295005773010168,0.9997047321197221,0.9987906609408165,0.5894849796845103,0.25941250941491323,79335,3963,74786,3724,0.5133182537328191,0.49992863783567887,0.3773594298159122,0.3859689026295789,0.49927438809905617,0.9524238277029461,0.4844542734486796,0.5147578850383789,0.04743344796841167,1622,0,1531,0,0.514430700919759,0.5,0.3396858638743456,0.3494896740908268,0.4989997108665065,1.0,,0.514430700919759,0.0,410,0,379,0,0.5196451204055766,0.5,0.3419516263552961,0.3553869881005612,0.4884355492631443,1.0,,0.5196451204055766,0.0,1047,575,962,569,0.5125277513479226,0.5085759490867328,0.5010605970909896,0.50324367457505,0.4989997108665065,0.6454993834771886,0.4973776223776224,0.5211548033847685,0.37165251469627697,0.485,108,302,94,285,0.49809885931558934,0.507696762983461,0.4715016441359152,0.46684337481066157,0.4884355492631443,0.2634146341463415,0.4855195911413969,0.5346534653465347,0.7519788918205804,0.484
1,10,332411,132,226184,86424,0.6492046048134468,0.6380321569214074,0.5895310559752516,0.594367052170536,0.9307149606711629,0.9996030588525394,0.9984749757382504,0.5950840949167107,0.27646125499027535,77832,4825,73524,4383,0.5120388131835281,0.4989428123716584,0.38290971192248563,0.3912605843780664,0.4979853978038753,0.9416262385520887,0.4759991311902693,0.5142313486085784,0.056259386191228,1626,0,1527,0,0.5156993339676499,0.5,0.34023854362837413,0.35092158067855145,0.5001284786914667,1.0,,0.5156993339676499,0.0,406,0,383,0,0.514575411913815,0.5,0.3397489539748954,0.3496529158778391,0.5051061749990354,1.0,,0.514575411913815,0.0,58,1568,38,1489,0.4906438312718046,0.5053924802509322,0.3585072453192744,0.34936572050494846,0.5001284786914667,0.03567035670356704,0.4870788354596009,0.6041666666666666,0.9751146037982973,0.481,298,108,277,106,0.5120405576679341,0.505376274936012,0.48132610043079826,0.4850054364539968,0.5051061749990354,0.7339901477832512,0.4953271028037383,0.5182608695652174,0.27676240208877284,0.485
2,10,332494,82,246685,65790,0.6174457523513645,0.6051491417013737,0.5385627124422108,0.544507985048598,0.9176621039045194,0.9997534398152603,0.9987551615253826,0.5740781347390013,0.210544843587487,79332,3292,74888,3152,0.5133944131852811,0.5002731994873629,0.372263493239686,0.38075580273076776,0.5006709437745882,0.9601568551510457,0.489137181874612,0.5144079885877318,0.040389543823680166,1636,0,1518,0,0.518706404565631,0.5,0.341544885177453,0.3543230387763558,0.4988503886531951,1.0,,0.518706404565631,0.0,396,0,392,0,0.5025380710659898,0.5,0.3344594594594595,0.33615722321306085,0.504251700680272,1.0,,0.5025380710659898,0.0,642,994,575,943,0.5025364616360177,0.5068163295547159,0.4979640594636463,0.49617155628643755,0.4988503886531951,0.3924205378973105,0.48683531233866806,0.5275267050123253,0.6212121212121212,0.484,321,75,316,76,0.5038071065989848,0.5022418058132343,0.4507085693299746,0.45157548422416244,0.504251700680272,0.8106060606060606,0.5033112582781457,0.5039246467817896,0.19387755102040816,0.485
3,10,331735,157,229908,83002,0.6432005483853959,0.6323926677778016,0.5808258334672458,0.5855859450671395,0.9226172368477604,0.9995269545514806,0.9981120504094566,0.5906510007246596,0.2652583810041226,78574,4734,73337,4268,0.5148247810928887,0.4990855907651631,0.38332622551827794,0.39341876531912856,0.49836674457017666,0.9431747251164354,0.47411686291935123,0.5172370664402183,0.05499645641389086,1608,0,1546,0,0.5098287888395688,0.5,0.3376732465350693,0.344311084608999,0.4956552135827975,1.0,,0.5098287888395688,0.0,424,0,364,0,0.5380710659898477,0.5,0.34983498349834985,0.3764721649829958,0.5335955318266639,1.0,,0.5380710659898477,0.0,373,1235,342,1204,0.5,0.5053745663660997,0.46270122948141196,0.4599184090576425,0.4956552135827975,0.23196517412935325,0.49364493644936447,0.5216783216783217,0.7787839586028461,0.484,164,260,120,244,0.5177664974619289,0.5285610615799294,0.5127444088625062,0.5089778424129391,0.5335955318266639,0.3867924528301887,0.48412698412698413,0.5774647887323944,0.6703296703296703,0.485
4,10,331771,116,236016,76046,0.6333063643238828,0.6216696188027535,0.564649779400788,0.5699723595008969,0.9213885995016645,0.9996504834476795,0.9984769307528689,0.5843229943623225,0.24368875415782762,79564,3749,74842,3611,0.5141686139238159,0.5005142890749248,0.3767775606367779,0.38556879362263763,0.5002642217872358,0.9550010202489407,0.490625,0.515290856572931,0.04602755790090882,1636,0,1518,0,0.518706404565631,0.5,0.341544885177453,0.3543230387763558,0.5150419900074412,1.0,,0.518706404565631,0.0,396,0,392,0,0.5025380710659898,0.5,0.3344594594594595,0.33615722321306085,0.4625012883941455,1.0,,0.5025380710659898,0.0,1063,573,925,593,0.5250475586556753,0.520200543760127,0.514261192974145,0.5169692592516355,0.5150419900074412,0.6497555012224939,0.5085763293310464,0.5347082494969819,0.3906455862977602,0.485,393,3,386,6,0.5063451776649747,0.503865182436611,0.34943067862259247,0.3510525339098523,0.4625012883941455,0.9924242424242424,0.6666666666666666,0.5044929396662388,0.015306122448979591,0.487
0,11,331549,349,222389,89620,0.654083586604898,0.6430918881153851,0.5972256075677157,0.6018999059985385,0.9133568054265411,0.9989484721209528,0.9961208860829841,0.598530882517538,0.28723530410981735,77762,5540,73350,5156,0.5124468505883516,0.49958575145983164,0.3895307281597922,0.39764997069026314,0.49949851161615044,0.9334949941177882,0.4820493642483171,0.5145984435385674,0.06567650880187502,1587,0,1566,0,0.5033301617507137,0.5,0.3348101265822785,0.3370400703368703,0.5078189568661724,1.0,,0.5033301617507137,0.0,413,0,376,0,0.523447401774398,0.5,0.34359400998336104,0.35970678358207375,0.509749626500438,1.0,,0.523447401774398,0.0,365,1222,322,1244,0.5103076435141135,0.5121871431434042,0.4690418603677179,0.46805598841541496,0.5078189568661724,0.22999369880277254,0.5044606650446066,0.5312954876273653,0.7943805874840357,0.483,295,118,259,117,0.5221799746514575,0.5127279635258359,0.49655657990274815,0.5018827911707383,0.509749626500438,0.7142857142857143,0.4978723404255319,0.5324909747292419,0.31117021276595747,0.485
1,11,332233,213,224891,87814,0.6510832347775947,0.640089938070105,0.5926099338618391,0.5973326494992401,0.9271289178364495,0.999359294441804,0.9975802878662229,0.5963358246997078,0.28082058169840585,78271,4483,73507,4303,0.5142746817468424,0.5005643835869856,0.3834232271314918,0.39216930099611286,0.5001239336856849,0.9458273920293883,0.489756430685181,0.5156939740937422,0.05530137514458296,1609,0,1544,0,0.5103076435141135,0.5,0.3378832423351533,0.3448488023579205,0.5055013573261802,1.0,,0.5103076435141135,0.0,391,0,398,0,0.4955640050697085,0.5,0.3313559322033898,0.3284161457326373,0.5369815831073526,1.0,,0.4955640050697085,0.0,302,1307,261,1283,0.5026958452267681,0.5093263846176139,0.4493955261181364,0.445863904566596,0.5055013573261802,0.18769422001243008,0.49536679536679534,0.5364120781527532,0.8309585492227979,0.483,272,119,252,146,0.5297845373891001,0.5312431723836574,0.5174789209504735,0.516795275592772,0.5369815831073526,0.6956521739130435,0.5509433962264151,0.5190839694656488,0.36683417085427134,0.485
2,11,332368,180,236251,76252,0.6334692915753948,0.6217313911582857,0.5648728668776843,0.5702415878207945,0.9086754235675161,0.999458724755524,0.9976449654594934,0.5845179285250757,0.24400405756104743,78456,4196,74160,3852,0.5122989593188269,0.4993049736714754,0.37823448586385927,0.3865726333737924,0.5000223544357644,0.9492329284227847,0.47862823061630216,0.514074540022016,0.049377018920166126,1598,0,1556,0,0.5066582117945466,0.5,0.3362794612794613,0.34075750103017066,0.48887788720476427,1.0,,0.5066582117945466,0.0,402,0,386,0,0.5101522842639594,0.5,0.3378151260504202,0.3446743164270785,0.5439705616992757,1.0,,0.5101522842639594,0.0,43,1555,31,1525,0.49714648065948003,0.5034928783086827,0.35466507177033496,0.3506271371054604,0.48887788720476427,0.02690863579474343,0.49512987012987014,0.581081081081081,0.9800771208226221,0.481,150,252,117,269,0.5317258883248731,0.5350127600340268,0.5207973855562862,0.5193280070327787,0.5439705616992757,0.373134328358209,0.5163147792706334,0.5617977528089888,0.6968911917098446,0.484
3,11,331996,212,223077,89517,0.6537092006538441,0.6428650530089889,0.5966726603125659,0.6012863163498057,0.9251881062592304,0.9993618455907143,0.997637330183107,0.598112320361466,0.2863682604272635,78345,4647,73524,4397,0.5142033272638009,0.5002177992552986,0.38414085825937094,0.39305992003685597,0.49988210124243654,0.9440066512434934,0.48617868199911546,0.5158722319894119,0.05642894726710386,1619,0,1535,0,0.5133164235890932,0.5,0.3391996647810601,0.34823351761606613,0.5157416107180006,1.0,,0.5133164235890932,0.0,381,0,407,0,0.48350253807106597,0.5,0.32591958939264326,0.3151658973568454,0.5275074645153385,1.0,,0.48350253807106597,0.0,273,1346,221,1314,0.5031705770450222,0.5123243325895867,0.44243022506116003,0.43752898628436426,0.5157416107180006,0.1686226065472514,0.493984962406015,0.5526315789473685,0.8560260586319218,0.483,78,303,68,339,0.5291878172588832,0.5188241211863259,0.47117250910327535,0.4769518118314202,0.5275074645153385,0.2047244094488189,0.5280373831775701,0.5342465753424658,0.8329238329238329,0.484
4,11,331590,110,236813,75436,0.6320780061775079,0.620628809759426,0.5629166310485966,0.5681683854917536,0.9136676233919369,0.9996683750376847,0.9985439334974717,0.5833713052183046,0.24158924448116728,79420,4080,74500,3766,0.5142366133798202,0.49962784063131244,0.3782464200579868,0.38765468230250094,0.49975652997278897,0.9511377245508982,0.47998980372164163,0.5159823284823285,0.048117956711726674,1587,0,1567,0,0.5031705770450222,0.5,0.3347395064332419,0.3368621412235605,0.5112313713568565,1.0,,0.5031705770450222,0.0,413,0,375,0,0.5241116751269036,0.5,0.34388009991673607,0.360463150420335,0.5269410815173527,1.0,,0.5241116751269036,0.0,509,1078,458,1109,0.5129993658845909,0.5142263501028821,0.49471344374405746,0.49410391300603973,0.5112313713568565,0.3207309388783869,0.507087334247828,0.5263702171664943,0.7077217613273772,0.484,251,162,212,163,0.5253807106598984,0.5212074253430186,0.5193868232224397,0.5219750927977059,0.5269410815173527,0.6077481840193705,0.5015384615384615,0.5421166306695464,0.43466666666666665,0.485
0,12,331629,194,208538,103546,0.6758351749553895,0.6656021141543554,0.6293268535499833,0.6333518258461268,0.9385416985742026,0.9994153509551779,0.9981299402352034,0.6139379117939452,0.331788877353533,78104,5273,73557,4874,0.5128176604370612,0.4994504672210277,0.3873286623529474,0.3958042677677231,0.4982136533895313,0.9367571392590283,0.4803390164580664,0.5149906699810762,0.062143795183027116,1656,0,1497,0,0.5252140818268316,0.5,0.34435433562071116,0.3617194924122409,0.5378187937872524,1.0,,0.5252140818268316,0.0,396,0,393,0,0.5019011406844106,0.5,0.3341772151898734,0.3354478509890744,0.4840003084277894,1.0,,0.5019011406844106,0.0,964,692,780,717,0.5331430383761497,0.5305417598481988,0.5302603133476378,0.5321159946412952,0.5378187937872524,0.5821256038647343,0.5088715400993612,0.5527522935779816,0.4789579158316633,0.485,395,1,389,4,0.5057034220532319,0.5038264322615468,0.3447960139681458,0.34603059766189326,0.4840003084277894,0.9974747474747475,0.8,0.5038265306122449,0.010178117048346057,0.487
1,12,332187,305,222199,90460,0.65511329905712,0.6442037381211172,0.5987883043802731,0.6034096070044147,0.9171885679299238,0.9990826846961731,0.9966396738831047,0.5991980316963271,0.2893247915460614,77827,4881,73309,4547,0.5130290725193692,0.4996939223673037,0.3849102071748494,0.39339318663243145,0.4992466591994365,0.9409851525849978,0.4822868052609249,0.5149468028795258,0.05840269214960953,1657,0,1496,0,0.5255312400888044,0.5,0.3444906444906445,0.36208119119631965,0.5264640530047537,1.0,,0.5255312400888044,0.0,395,0,394,0,0.5006337135614702,0.5,0.33361486486486486,0.3340376973932107,0.5209149906830303,1.0,,0.5006337135614702,0.0,916,741,760,736,0.5239454487789407,0.5223924430144034,0.5223888685538585,0.5237811430885153,0.5264640530047537,0.5528062764031382,0.4983073798239675,0.5465393794749404,0.4919786096256685,0.485,232,163,214,180,0.5221799746514575,0.5220972820150357,0.520095447527254,0.5201355345873349,0.5209149906830303,0.5873417721518988,0.5247813411078717,0.5201793721973094,0.45685279187817257,0.485
2,12,332296,163,226770,85822,0.6481937087145048,0.6370296432927969,0.5880486340968123,0.5928966188636831,0.9167712065918633,0.999509713979769,0.9981043205210212,0.5943770502945985,0.27454957260582485,78362,4379,73834,4089,0.5131890155853209,0.49977534696975934,0.3808760567600217,0.38945903894224526,0.5011790420530865,0.9470758148922541,0.4828767123287671,0.5148755552051302,0.052474879047264604,1642,0,1512,0,0.5206087507926442,0.5,0.34236864053377813,0.3564802205177322,0.5164997518834303,1.0,,0.5206087507926442,0.0,410,0,378,0,0.5203045685279187,0.5,0.34223706176961605,0.35613501351660554,0.5065943992773261,1.0,,0.5203045685279187,0.0,994,648,870,642,0.518706404565631,0.5149812462540843,0.5126360317155907,0.514877930779526,0.5164997518834303,0.6053593179049939,0.49767441860465117,0.5332618025751072,0.4246031746031746,0.485,278,132,246,132,0.5203045685279187,0.5136275648470771,0.5032520162500751,0.5069895619548079,0.5065943992773261,0.6780487804878049,0.5,0.5305343511450382,0.3492063492063492,0.485
3,12,331989,187,229500,83126,0.6437867748549168,0.6326665180791196,0.5814380360965437,0.5863359833314729,0.9162371238491467,0.9994370454217042,0.9977554523303687,0.591265367620737,0.265895990736535,78784,4240,73879,4010,0.5145264832549266,0.5002069755883808,0.3808265111240906,0.39000816994790427,0.4979255622530426,0.9489304297552515,0.4860606060606061,0.5160647963160687,0.051483521421510095,1637,0,1517,0,0.5190234622701332,0.5,0.3416823210185765,0.35468228250311334,0.5347769063221184,1.0,,0.5190234622701332,0.0,415,0,373,0,0.5266497461928934,0.5,0.34497090606816294,0.3633576802494609,0.5044155172970703,1.0,,0.5266497461928934,0.0,886,751,748,769,0.5247305009511731,0.5240777601356889,0.5240755838493292,0.5247472936973743,0.5347769063221184,0.5412339645693341,0.5059210526315789,0.5422276621787026,0.5069215557020436,0.485,13,402,4,369,0.4847715736040609,0.5103007203075035,0.35264504014504017,0.337057078332459,0.5044155172970703,0.03132530120481928,0.4785992217898833,0.7647058823529411,0.9892761394101877,0.483
4,12,331502,348,207894,104205,0.6766172476391764,0.6664178869739239,0.6305926508566226,0.6345919636986409,0.9376455437881562,0.9989513334337803,0.9966715445754785,0.6145800117168092,0.3338844405140676,77905,5445,73314,5102,0.5131300767775676,0.49986815889219627,0.3894694447709786,0.39785016477318336,0.500105471356249,0.9346730653869226,0.48373945197686546,0.5151799707708687,0.0650632523974699,1616,0,1538,0,0.5123652504755866,0.5,0.3387840670859539,0.3471623667792653,0.5292772856609458,1.0,,0.5123652504755866,0.0,436,0,352,0,0.5532994923857868,0.5,0.3562091503267974,0.3941806841179788,0.49466352168473726,1.0,,0.5532994923857868,0.0,949,667,832,706,0.5247305009511731,0.5231450932804593,0.5218924856100423,0.5228034534973189,0.5292772856609458,0.5872524752475248,0.5142024763292061,0.5328467153284672,0.459037711313394,0.485,130,306,99,253,0.4860406091370558,0.5084575688073394,0.473205516535576,0.4644400874418825,0.49466352168473726,0.2981651376146789,0.4525939177101968,0.5676855895196506,0.71875,0.484
0,13,331637,156,236485,75629,0.6324919592425614,0.6209209656214261,0.5634912160718066,0.5687952129190039,0.91093381976774,0.9995298273321016,0.9979415451606518,0.5837425764184453,0.24231210391075056,79244,4163,74428,3973,0.5142947196677544,0.50038174806933,0.38016244965558926,0.3890830982942535,0.503093018810236,0.9500881221000635,0.4883235004916421,0.5156697381435785,0.05067537403859645,1625,0,1528,0,0.5153821757056771,0.5,0.3401004604437003,0.35056343052395367,0.511974627466774,1.0,,0.5153821757056771,0.0,380,0,409,0,0.4816223067173637,0.5,0.32506415739948674,0.313116298635754,0.45362887659245915,1.0,,0.4816223067173637,0.0,555,1070,480,1048,0.5084046939422772,0.5137011679420056,0.49608490507673464,0.4936609303912221,0.511974627466774,0.3415384615384615,0.4948064211520302,0.5362318840579711,0.6858638743455497,0.484,1,379,0,409,0.5196451204055766,0.5013157894736842,0.3443122241298785,0.356774611365161,0.45362887659245915,0.002631578947368421,0.5190355329949239,1.0,1.0,0.482
1,13,332311,135,223563,89142,0.6532625695379841,0.6423306574003869,0.5958454901856922,0.6005067363292943,0.927135133942413,0.999593919012411,0.9984878524143956,0.5978171312203845,0.2850673957883628,78333,4421,73474,4336,0.5148663461298921,0.5011510428415061,0.38404414355604133,0.3927848353344258,0.5009713719211766,0.9465766005268628,0.4951467397510563,0.5160038733391741,0.0557254851561496,1615,0,1538,0,0.5122105930859499,0.5,0.3387164429530201,0.34698830026585953,0.502558910087887,1.0,,0.5122105930859499,0.0,390,0,399,0,0.49429657794676807,0.5,0.33078880407124683,0.3270155477510425,0.48670393933551825,1.0,,0.49429657794676807,0.0,292,1323,256,1282,0.4992071043450682,0.5071775092899387,0.4444352939955536,0.44017526430170245,0.502558910087887,0.18080495356037152,0.4921305182341651,0.5328467153284672,0.8335500650195059,0.483,390,0,397,2,0.4968314321926489,0.5025062656641603,0.3363384232706255,0.33261564729047544,0.48670393933551825,1.0,1.0,0.49555273189326554,0.005012531328320802,0.487
2,13,332408,103,224594,87946,0.6516601012943163,0.6405407088702304,0.5932383430721198,0.5980110313977307,0.9356805499004786,0.9996902358117475,0.998830196822224,0.596780621972632,0.28139118192871315,78355,4334,73949,4026,0.5127533237066175,0.4996093369954442,0.38006776843076695,0.38848278420617577,0.5015703432405212,0.9475867406789295,0.48157894736842105,0.5144644920684945,0.051631933311958964,1590,0,1564,0,0.5041217501585289,0.5,0.3351602023608769,0.3379230955953039,0.5030135598127684,1.0,,0.5041217501585289,0.0,415,0,373,0,0.5266497461928934,0.5,0.34497090606816294,0.3633576802494609,0.5208049355599341,1.0,,0.5266497461928934,0.0,625,965,603,961,0.50285351934052,0.5037659444417636,0.49714666867314294,0.49670506713340545,0.5030135598127684,0.39308176100628933,0.4989615784008307,0.508957654723127,0.6144501278772379,0.484,311,104,262,111,0.5355329949238579,0.523492360864369,0.5035528381393043,0.5102686710640605,0.5208049355599341,0.7493975903614458,0.5162790697674419,0.5427574171029669,0.2975871313672922,0.485
3,13,332329,102,230921,81450,0.6417148209838058,0.6302204030169951,0.5778012971508835,0.5829117499511912,0.9206330441364701,0.9996931694095917,0.9987492642731018,0.5900204172214825,0.26074763662439854,78698,4071,74234,3910,0.5133705791328234,0.5004253749573933,0.37928825140808853,0.3875800999095447,0.5014188728885278,0.9508149186289553,0.4899135446685879,0.5145947218371564,0.050035831285831285,1594,0,1560,0,0.5053899809765378,0.5,0.33572030328559394,0.3393393553818876,0.5105624457098735,1.0,,0.5053899809765378,0.0,411,0,377,0,0.5215736040609137,0.5,0.3427856547122602,0.35757589869730694,0.5107230214202276,1.0,,0.5215736040609137,0.0,1050,544,988,572,0.5142675967025999,0.5126934337097449,0.5028487847599481,0.5036610015090071,0.5105624457098735,0.6587202007528231,0.5125448028673835,0.5152109911678115,0.36666666666666664,0.485,317,94,279,98,0.5266497461928934,0.5156182436575086,0.4870284109650723,0.4931796684890262,0.5107230214202276,0.7712895377128953,0.5104166666666666,0.5318791946308725,0.259946949602122,0.485
4,13,331427,192,220632,91698,0.6570784332299607,0.6465071685405057,0.601905749932669,0.6063450371616711,0.9227672052221939,0.9994210223177803,0.9979105452171074,0.6003470643536288,0.2935933147632312,78331,5250,73369,4816,0.5139955243994412,0.49939208715440114,0.38749693017111236,0.39678192526675354,0.5006938014995923,0.9371866811835226,0.47844228094575797,0.516354647330257,0.06159749312527978,1596,0,1558,0,0.5060240963855421,0.5,0.336,0.3400481927710844,0.5007130309728107,1.0,,0.5060240963855421,0.0,409,0,379,0,0.5190355329949239,0.5,0.341687552213868,0.3546959615621117,0.5279883363116166,1.0,,0.5190355329949239,0.0,1402,194,1360,198,0.507292327203551,0.5027660614952014,0.423245666678434,0.42589830214351243,0.5007130309728107,0.8784461152882206,0.5051020408163265,0.5076031860970311,0.12708600770218229,0.487,216,193,180,199,0.5266497461928934,0.5265916612369445,0.5264293367490795,0.5268182945911039,0.5279883363116166,0.5281173594132029,0.5076530612244898,0.5454545454545454,0.525065963060686,0.485
0,14,331779,110,244471,67547,0.6201609859808948,0.6080764346399806,0.543246867755324,0.5490310288079607,0.9153891240412225,0.9996685638873237,0.9983741519724493,0.5757553145336226,0.2164843053926376,80037,3274,75276,3221,0.5145481063977059,0.5008674416415893,0.37330820480443294,0.3821596014701018,0.5009831936206084,0.9607014679934223,0.49591993841416476,0.5153271136350467,0.0410334152897563,1678,0,1475,0,0.5321915635902316,0.5,0.3473400952183813,0.36970293674370047,0.5342987010363427,1.0,,0.5321915635902316,0.0,424,0,365,0,0.5373891001267427,0.5,0.34954657873042044,0.37568504279264453,0.48231455156371156,1.0,,0.5373891001267427,0.0,649,1029,479,996,0.5217253409451316,0.5310121007656411,0.5158615212300173,0.512431102203596,0.5342987010363427,0.3867699642431466,0.4918518518518519,0.575354609929078,0.6752542372881356,0.484,28,396,19,346,0.4740177439797212,0.5069914706642543,0.3720044419127843,0.35307744561734633,0.48231455156371156,0.0660377358490566,0.46630727762803237,0.5957446808510638,0.947945205479452,0.483
1,14,332362,125,250675,61989,0.611253799498102,0.5989423991041771,0.5284311776817489,0.5345035030702512,0.9022693761529967,0.9996240454514012,0.997987571239978,0.5700530155033042,0.19826075275695315,79366,3347,74778,3073,0.513433895518298,0.4995038080102624,0.371545504169315,0.38058776700782904,0.5006029682842214,0.959534776879088,0.47866043613707165,0.5148821880838697,0.039472839141436844,1668,0,1485,0,0.5290199809705043,0.5,0.3459863098942128,0.36606734215258296,0.5209541457742897,1.0,,0.5290199809705043,0.0,434,0,355,0,0.550063371356147,0.5,0.35486508585445625,0.39039657100338154,0.5317323294606349,1.0,,0.550063371356147,0.0,585,1083,465,1020,0.5090390104662227,0.5187940556645593,0.49951272453431966,0.4955051145905536,0.5209541457742897,0.35071942446043164,0.48502139800285304,0.5571428571428572,0.6868686868686869,0.484,92,342,59,296,0.4917617237008872,0.5228921918608425,0.4553515635086632,0.4412515504930471,0.5317323294606349,0.2119815668202765,0.46394984326018807,0.609271523178808,0.8338028169014085,0.484
2,14,332247,89,236288,76427,0.6335530058863563,0.6220652263699366,0.5651602468386226,0.5704058661227895,0.9269004066505022,0.999732198738626,0.9988368445815254,0.5843914622670549,0.24439825400124715,79287,3577,74487,3313,0.5141164168699895,0.4997082151768736,0.3741752176093661,0.3835029117291412,0.49740580967432746,0.9568328827959065,0.48084179970972424,0.5156073198330017,0.04258354755784062,1699,0,1455,0,0.5386810399492707,0.5,0.35009272614877396,0.3771766276009937,0.5252048405267703,1.0,,0.5386810399492707,0.0,403,0,385,0,0.5114213197969543,0.5,0.33837111670864817,0.3461004061766122,0.5292707292707293,1.0,,0.5114213197969543,0.0,974,725,765,690,0.527584020291693,0.5237526015909905,0.5237223651219309,0.5270401251973604,0.5252048405267703,0.5732783990582696,0.4876325088339223,0.5600920069005175,0.4742268041237113,0.485,255,148,225,160,0.5266497461928934,0.5241693790080887,0.5196684528507858,0.5209912242208694,0.5292707292707293,0.6327543424317618,0.5194805194805194,0.53125,0.4155844155844156,0.485
3,14,332078,117,233391,79216,0.6378609247489927,0.6265261157746101,0.5720483125821973,0.5771464983401332,0.9237322085868807,0.999647797227532,0.9985252038874113,0.587261193805496,0.25340443432168824,78944,4061,74192,3716,0.513693735123949,0.4993862602037559,0.3776768900550333,0.38689257915106484,0.4997502988184083,0.9510752364315402,0.47781921049247783,0.5155156201023926,0.04769728397597166,1678,0,1476,0,0.5320228281547241,0.5,0.3472682119205298,0.36950923246838874,0.5255530684031512,1.0,,0.5320228281547241,0.0,424,0,364,0,0.5380710659898477,0.5,0.34983498349834985,0.3764721649829958,0.48557692307692313,1.0,,0.5380710659898477,0.0,980,698,807,669,0.5228281547241598,0.5186403190015214,0.5181430911293732,0.5211861227890094,0.5255530684031512,0.5840286054827175,0.4893928310168252,0.5484051482932288,0.4532520325203252,0.485,88,336,68,296,0.4873096446700508,0.510366991499067,0.4489128929511148,0.43783690687834476,0.48557692307692313,0.20754716981132076,0.46835443037974683,0.5641025641025641,0.8131868131868132,0.484
4,14,331769,124,232547,79509,0.6386810135585271,0.6272085961952505,0.5731816786725521,0.5783323577581506,0.9288228607628879,0.9996263856122305,0.9984428566046739,0.5879135094521509,0.25479080677827054,79198,4109,74621,3838,0.51330934807067,0.49979684131938834,0.3784094231217243,0.3870876985483762,0.5012926339914022,0.9506764137467439,0.4829495407071851,0.5148778759451043,0.04891726889203278,1685,0,1469,0,0.5342422320862397,0.5,0.3482124405868981,0.37205958299868314,0.5226519180774584,1.0,,0.5342422320862397,0.0,417,0,371,0,0.5291878172588832,0.5,0.34605809128630705,0.36625945194515236,0.5185479648626112,1.0,,0.5291878172588832,0.0,1061,624,868,601,0.5269499048826887,0.5193977210520894,0.5166688646684161,0.5214964835516397,0.5226519180774584,0.629673590504451,0.4906122448979592,0.550025920165889,0.4091218515997277,0.485,283,134,242,129,0.5228426395939086,0.5131829846096169,0.5038946599958475,0.509554446109554,0.5185479648626112,0.6786570743405276,0.49049429657794674,0.539047619047619,0.3477088948787062,0.485
0,15,331757,243,203995,107912,0.6828144437007208,0.6726214971505833,0.6392131696685195,0.6431269510758729,0.9401875759441115,0.9992680722891566,0.9977532245388563,0.6192361391091401,0.34597492201200997,77385,5815,73053,5555,0.5125828141995451,0.5003876403752211,0.39295483811205895,0.4006025015701369,0.5023371128794877,0.9301081730769231,0.48856640281442393,0.5143979579627488,0.07066710767351923,1618,0,1535,0,0.513162067871868,0.5,0.3391322573883882,0.3480596209669598,0.5128187370904684,1.0,,0.513162067871868,0.0,409,0,380,0,0.5183776932826363,0.5,0.34140233722871455,0.3539507121078435,0.48168189422210783,1.0,,0.5183776932826363,0.0,417,1201,359,1176,0.50523311132255,0.5119246828231259,0.47479896059166316,0.4714708518819615,0.5128187370904684,0.257725587144623,0.49474127050904504,0.5373711340206185,0.7661237785016287,0.483,303,106,276,104,0.5158428390367554,0.5072577531849183,0.4829513483839978,0.48774458069017856,0.48168189422210783,0.7408312958435208,0.49523809523809526,0.5233160621761658,0.2736842105263158,0.485
1,15,331907,224,216150,96870,0.6646149506084622,0.6543973054164623,0.6132891029022536,0.617462438485644,0.9349560526021117,0.999325567321328,0.9976929573403094,0.6056067160897498,0.3094690435115967,77759,5310,72664,4831,0.5143743304850402,0.49920837138515833,0.3881521466011473,0.3977995036240852,0.5009373020724286,0.9360772369957505,0.4763829997041712,0.5169355750118001,0.0623395057745661,1620,0,1533,0,0.5137963843958135,0.5,0.33940917661847897,0.34877441555466915,0.5052696640976702,1.0,,0.5137963843958135,0.0,407,0,382,0,0.5158428390367554,0.5,0.3403010033444816,0.35108367138454755,0.497440086445322,1.0,,0.5158428390367554,0.0,1171,449,1087,446,0.5128449096098954,0.5068861588267981,0.48565005314480447,0.48891343592061537,0.5052696640976702,0.7228395061728395,0.4983240223463687,0.5186005314437555,0.29093281148075667,0.486,46,361,39,343,0.49302915082382764,0.5054639360922083,0.40933387234424834,0.40228881523317256,0.497440086445322,0.11302211302211303,0.4872159090909091,0.5411764705882353,0.8979057591623036,0.484
2,15,332340,175,207928,104608,0.677385198999769,0.6670903748509076,0.6314486916134359,0.635478715857159,0.9439080988692471,0.9994737079530247,0.9983298817556283,0.6151391531610237,0.3347070417487905,77515,5170,73001,4978,0.5134504307125429,0.5006556220336161,0.3888823199763391,0.39696395457832945,0.4984891300546079,0.9374735441736711,0.49054000788332675,0.5149950835791544,0.06383769989356108,1606,0,1548,0,0.5091946734305643,0.5,0.3373949579831933,0.34359943089474215,0.505089119934612,1.0,,0.5091946734305643,0.0,421,0,367,0,0.5342639593908629,0.5,0.348221670802316,0.372084577177094,0.4908580193777628,1.0,,0.5342639593908629,0.0,1029,577,966,582,0.5107799619530755,0.5083456418276424,0.500752110170932,0.5020532631985927,0.505089119934612,0.6407222914072229,0.5021570319240725,0.5157894736842106,0.375968992248062,0.485,134,287,109,258,0.49746192893401014,0.5106435307138188,0.4847019657577679,0.4791452076003721,0.4908580193777628,0.3182897862232779,0.47339449541284406,0.551440329218107,0.7029972752043597,0.484
3,15,332249,122,223835,88596,0.6526732237182887,0.6416013762565895,0.5948182578371963,0.5995529749129925,0.9351724938117361,0.9996329402986421,0.9986248562862102,0.5974798771408636,0.283569812214537,78494,4335,73969,4115,0.5133767936711142,0.500181457408761,0.38115606518397976,0.38959107179433283,0.5004240696197922,0.9476632580376438,0.48698224852071004,0.5148396660173288,0.05269965677987808,1625,0,1529,0,0.5152187698161065,0.5,0.3400292948315547,0.3503789499691036,0.5076154349247874,1.0,,0.5152187698161065,0.0,402,0,386,0,0.5101522842639594,0.5,0.3378151260504202,0.3446743164270785,0.48545485010182254,1.0,,0.5101522842639594,0.0,1343,282,1232,297,0.5199746353836399,0.5103530713890426,0.4606537453691154,0.4660981100358404,0.5076154349247874,0.8264615384615385,0.5129533678756477,0.5215533980582524,0.19424460431654678,0.486,12,390,6,380,0.49746192893401014,0.5071533524089398,0.35729115175481957,0.351196770138333,0.48545485010182254,0.029850746268656716,0.4935064935064935,0.6666666666666666,0.9844559585492227,0.483
4,15,331695,88,240213,71953,0.6268322491377423,0.6151153602371179,0.5543213592135331,0.5597977401132074,0.9139509301576784,0.9997347663985195,0.9987784733693313,0.5799796470761032,0.23049595407571613,79902,3515,75118,3231,0.5139089796372538,0.4995504335215046,0.3730767152545788,0.38238581407801137,0.5004713918134309,0.9578623062445305,0.4789504891787726,0.5154302670623145,0.0412385607984786,1639,0,1515,0,0.5196575776791376,0.5,0.34195702065512207,0.35540111404803115,0.5094296006781885,1.0,,0.5196575776791376,0.0,388,0,400,0,0.49238578680203043,0.5,0.3299319727891156,0.3249076280258296,0.4846520618556701,1.0,,0.49238578680203043,0.0,936,703,829,686,0.5142675967025999,0.5119426036563388,0.5111965181135142,0.5127197730937008,0.5094296006781885,0.5710799267846248,0.49388048956083513,0.5303116147308782,0.4528052805280528,0.485,236,152,239,161,0.5038071065989848,0.5053737113402061,0.49927110978208056,0.49854535029137587,0.4846520618556701,0.6082474226804123,0.5143769968051118,0.4968421052631579,0.4025,0.485
0,16,330942,539,206640,105786,0.6782470139321362,0.6684846717522228,0.6334259132112126,0.6372191324646955,0.9323647512955173,0.9983739641186071,0.9949306371972725,0.6156121298704198,0.33859537938583856,77622,6097,72217,5872,0.5160066251359636,0.501184646794236,0.39754813794602817,0.4068432080906879,0.5011567589043774,0.9271730431562728,0.4906007185228507,0.5180360253338584,0.07519625043219916,1661,0,1492,0,0.5267998731366952,0.5,0.34503531366846696,0.36352911893645645,0.5052166642724674,1.0,,0.5267998731366952,0.0,394,0,395,0,0.49936628643852976,0.5,0.3330515638207946,0.33262944523547044,0.5157938700764634,1.0,,0.49936628643852976,0.0,1052,609,917,575,0.5160164922296225,0.5093710707558514,0.5046801072280078,0.508696562291473,0.5052166642724674,0.633353401565322,0.4856418918918919,0.5342813610970035,0.3853887399463807,0.486,379,15,368,27,0.514575411913815,0.5151416821949496,0.3939496647727615,0.3936069779911108,0.5157938700764634,0.9619289340101523,0.6428571428571429,0.5073627844712182,0.06835443037974684,0.487
1,16,332768,117,231239,81027,0.6413924802100593,0.6295646132083493,0.5769841925826373,0.582259592627087,0.9284922735403442,0.9996485272691771,0.9985581188997338,0.5900068616169657,0.25948069914752164,78387,3928,74517,3732,0.511440920754341,0.49998738625027084,0.37669245623749736,0.38403137870384907,0.4996791084953311,0.952280872259005,0.48720626631853786,0.5126549992151939,0.047693900241536635,1635,0,1518,0,0.5185537583254044,0.5,0.34147869674185466,0.3541501231670995,0.50490263625485,1.0,,0.5185537583254044,0.0,420,0,369,0,0.532319391634981,0.5,0.34739454094292804,0.3698497013841059,0.4904632855852368,1.0,,0.532319391634981,0.0,796,839,710,808,0.5087218522042499,0.5095647338966046,0.5087147360019072,0.5086453530290657,0.50490263625485,0.4868501529051988,0.49058894960534305,0.5285524568393094,0.5322793148880105,0.484,4,416,1,368,0.4714828897338403,0.5034068912117693,0.32857915412478955,0.30855692743231267,0.4904632855852368,0.009523809523809525,0.46938775510204084,0.8,0.997289972899729,0.481
2,16,332095,354,198216,114386,0.6921638754145021,0.6824254700567998,0.6525901652311021,0.6561978223606187,0.9439099334197067,0.9989351750193263,0.99691476381384,0.6262268744189731,0.3659157650942732,76118,6633,71785,6128,0.5119130607976896,0.499247849280541,0.3975922204267981,0.405494552555879,0.5007052567776258,0.9198438689562664,0.48021314943969906,0.5146481139665862,0.07865182960481563,1662,0,1492,0,0.5269499048826887,0.5,0.3450996677740864,0.3637004742172046,0.5117582582437259,1.0,,0.5269499048826887,0.0,393,0,395,0,0.4987309644670051,0.5,0.3327688399661304,0.3319242490017493,0.5054401391438786,1.0,,0.4987309644670051,0.0,634,1028,526,966,0.507292327203551,0.5144605969099538,0.5017717930545712,0.49894501352045506,0.5117582582437259,0.381468110709988,0.4844533600802407,0.5465517241379311,0.6474530831099196,0.484,103,290,82,313,0.5279187817258884,0.5272457886430251,0.4918279465505405,0.49217166879030577,0.5054401391438786,0.26208651399491095,0.5190713101160862,0.5567567567567567,0.7924050632911392,0.484
3,16,332207,288,213201,99106,0.6689076646784594,0.6582345038861152,0.6191329309552838,0.6234437332444352,0.9393945899390448,0.9991338215612264,0.9971024407911946,0.6090981430415395,0.31733518621100393,77643,5062,73294,4914,0.5130536376799886,0.5008134787092551,0.3880405019971288,0.3957703493917833,0.5010755724801665,0.9387945106099994,0.4925821972734563,0.5144066729827677,0.06283244680851063,1619,0,1535,0,0.5133164235890932,0.5,0.3391996647810601,0.34823351761606613,0.4915150503085308,1.0,,0.5133164235890932,0.0,436,0,352,0,0.5532994923857868,0.5,0.3562091503267974,0.3941806841179788,0.47325244995829857,1.0,,0.5532994923857868,0.0,1500,119,1412,123,0.5145846544071021,0.5033140656656601,0.4002705305177725,0.4072439411254004,0.4915150503085308,0.9264978381717109,0.5082644628099173,0.5151098901098901,0.08013029315960912,0.487,16,420,11,341,0.4530456852791878,0.502723623853211,0.3409363908569255,0.31196045014471,0.47325244995829857,0.03669724770642202,0.4480946123521682,0.5925925925925926,0.96875,0.482
4,16,331033,457,209544,102915,0.6738856648585525,0.6639962948568277,0.6270882045050207,0.630992335121579,0.9311392059247663,0.9986213762104438,0.9955790736369616,0.6123697456606552,0.32937121350321164,77999,5711,72642,5414,0.5156398748810009,0.500568414980747,0.39353781344685396,0.4030489390974521,0.5012875441928383,0.931776370803966,0.4866516853932584,0.5177806838775633,0.06936045915752793,1643,0,1511,0,0.5209258084971464,0.5,0.3425057327496352,0.35684015149502263,0.503747120427073,1.0,,0.5209258084971464,0.0,412,0,376,0,0.5228426395939086,0.5,0.3433333333333333,0.3590186125211506,0.4998192522206155,1.0,,0.5228426395939086,0.0,1375,268,1241,270,0.5215599239061509,0.5077866793846546,0.4546173343366919,0.4626140961676136,0.503747120427073,0.8368837492391966,0.5018587360594795,0.525611620795107,0.1786896095301125,0.487,330,82,296,80,0.5203045685279187,0.5068684156166081,0.466617959902873,0.47434883154487967,0.4998192522206155,0.8009708737864077,0.49382716049382713,0.5271565495207667,0.2127659574468085,0.486
0,17,331938,92,236851,75026,0.6320229474132134,0.6201428512870156,0.5623528167734008,0.5678179649283494,0.9248503056545259,0.9997229166039213,0.9987752602571953,0.5835872353368297,0.24056278597011002,79515,3655,75279,3359,0.5121749233659646,0.4993842918258804,0.37336401282379655,0.3816245707125657,0.5000078006857173,0.95605386557653,0.47889934416880525,0.5136827008798791,0.042714718075230806,1603,0,1550,0,0.5084046939422772,0.5,0.3370479394449117,0.34271350899473096,0.518742680055541,1.0,,0.5084046939422772,0.0,397,0,392,0,0.5031685678073511,0.5,0.33473861720067455,0.3368599012133531,0.483948491235285,1.0,,0.5031685678073511,0.0,638,965,568,982,0.5137963843958135,0.5157760650393416,0.5079392161699298,0.5070368036235,0.518742680055541,0.39800374298190894,0.5043656908063687,0.5290215588723052,0.6335483870967742,0.484,3,394,1,391,0.49936628643852976,0.5025028273274045,0.33968180652870794,0.3376240168391484,0.483948491235285,0.007556675062972292,0.4980891719745223,0.75,0.9974489795918368,0.48
1,17,332471,71,243219,69390,0.6228944851670384,0.6108785348987809,0.5476798914796734,0.5533787161609323,0.9169786702779352,0.9997864931347018,0.9989778436820662,0.5775174138859456,0.22197057666286,79486,3172,75039,2867,0.5128982835504845,0.49921288448182793,0.3692785133565663,0.3781859794937059,0.4990610339068462,0.9616250090735319,0.47474747474747475,0.5143892574017149,0.036800759890124,1607,0,1546,0,0.5096733269901681,0.5,0.33760504201680674,0.34413656994672276,0.5018141040451259,1.0,,0.5096733269901681,0.0,393,0,396,0,0.49809885931558934,0.5,0.33248730964467005,0.3312230993418386,0.4673516333821678,1.0,,0.49809885931558934,0.0,559,1048,524,1022,0.5014272121788773,0.5044569722857067,0.49043943481264596,0.48899180107757007,0.5018141040451259,0.3478531425015557,0.49371980676328503,0.5161588180978762,0.6610608020698577,0.484,1,392,1,395,0.5019011406844106,0.500009638368417,0.3364285179280311,0.3376884617561253,0.4673516333821678,0.002544529262086514,0.5019059720457433,0.5,0.9974747474747475,0.48
2,17,332315,84,242606,70046,0.6237661828289546,0.611892759732257,0.5492518601510441,0.5548622614181428,0.9144600654426369,0.9997472916585188,0.9988022244403251,0.5780185451566389,0.22403822780599517,79530,3271,74887,2976,0.5135313449185879,0.4993583120296187,0.3706434740458303,0.3798602400720298,0.5015043341901007,0.960495646187848,0.47638866655994877,0.5150339664674226,0.03822097787138949,1589,0,1565,0,0.5038046924540266,0.5,0.33502002951718324,0.3375693258736869,0.5155946332312604,1.0,,0.5038046924540266,0.0,411,0,377,0,0.5215736040609137,0.5,0.3427856547122602,0.35757589869730694,0.47370391166011605,1.0,,0.5215736040609137,0.0,899,690,836,729,0.5161699429296132,0.515789664164775,0.5147602294467404,0.514959247820793,0.5155946332312604,0.565764631843927,0.5137420718816068,0.5181556195965418,0.465814696485623,0.485,0,411,0,377,0.4784263959390863,0.5,0.3236051502145923,0.30964249144898803,0.47370391166011605,0.0,0.4784263959390863,,1.0,0.0
3,17,332288,75,248852,63587,0.6139481577290393,0.6016462349255703,0.5328203522098547,0.5388359248990677,0.9056430780492061,0.9997743431128013,0.998821903176149,0.5717864886258045,0.20351812673833933,79705,3132,75086,2990,0.5139112439641297,0.5002434138592204,0.370930759030893,0.37980425298601445,0.5013506560139562,0.9621908084551589,0.4884024828487422,0.5149201180947213,0.03829601926328193,1607,0,1547,0,0.5095117311350665,0.5,0.3375341314849821,0.3439551993001689,0.4993445370106302,1.0,,0.5095117311350665,0.0,393,0,395,0,0.4987309644670051,0.5,0.3327688399661304,0.3319242490017493,0.5034818178890069,1.0,,0.4987309644670051,0.0,972,635,919,628,0.507292327203551,0.5054003794806898,0.5013606148098864,0.5023952158087813,0.4993445370106302,0.6048537647790915,0.4972288202692003,0.514013749338974,0.4059469941822883,0.485,257,136,251,144,0.5088832487309645,0.5092504911907753,0.4985719570847207,0.498389456347619,0.5034818178890069,0.6539440203562341,0.5142857142857142,0.5059055118110236,0.36455696202531646,0.485
4,17,331294,172,215945,96538,0.6643880183057975,0.6542097496663767,0.6129481834291642,0.6171077464880984,0.9340648835296446,0.9994810930834535,0.9982214869196567,0.6053917940790039,0.30893840624929997,79098,4636,73630,4402,0.5161776887603081,0.5005234762571786,0.3850632016674795,0.39507196793881005,0.49963820848070695,0.9446341987723028,0.4870546581102014,0.5179011052328322,0.05641275374205454,1594,0,1560,0,0.5053899809765378,0.5,0.33572030328559394,0.3393393553818876,0.5140173084966059,1.0,,0.5053899809765378,0.0,406,0,382,0,0.5152284263959391,0.5,0.34003350083752093,0.3503898511168363,0.47912851726717043,1.0,,0.5152284263959391,0.0,689,905,624,936,0.5152187698161065,0.5161229611041405,0.5122272764834641,0.5118154919761368,0.5140173084966059,0.43224592220828106,0.5084193373166758,0.5247524752475248,0.6,0.485,397,9,367,15,0.5228426395939086,0.5085497640110386,0.3762620521241211,0.3854713036929036,0.47912851726717043,0.9778325123152709,0.625,0.5196335078534031,0.03926701570680628,0.487
0,18,331717,212,245488,66490,0.6184231573814231,0.6062426557645696,0.5404550113064475,0.5463199590015986,0.9016648493918287,0.9993613091956413,0.9968216845072112,0.5746952988972722,0.21312400233349788,79482,3789,74991,3546,0.5131266686443192,0.49982432889061107,0.375611604306868,0.3841845646231013,0.5012157106044448,0.9544979644774291,0.4834355828220859,0.5145365209454079,0.045150693303793114,1655,0,1498,0,0.5248969235648588,0.5,0.34421797004991683,0.36135790702988413,0.5164033414139296,1.0,,0.5248969235648588,0.0,388,0,401,0,0.4917617237008872,0.5,0.3296516567544605,0.3242201338928534,0.5228102424351493,1.0,,0.4917617237008872,0.0,658,997,552,946,0.5087218522042499,0.5145458799043237,0.504588493239059,0.502335238525396,0.5164033414139296,0.397583081570997,0.48687596500257335,0.543801652892562,0.6315086782376502,0.484,297,91,286,115,0.5221799746514575,0.5261234799598941,0.49532657953807024,0.49340847988711406,0.5228102424351493,0.7654639175257731,0.558252427184466,0.5094339622641509,0.286783042394015,0.485
1,18,332506,154,218721,93770,0.6607383387765035,0.6498048534815659,0.6069108479796214,0.6114583257872511,0.935932660414639,0.9995370648710395,0.9983603764745965,0.6032106555012726,0.3000726420920923,77918,4622,73536,4488,0.5132283699957649,0.5007618352616633,0.384498318694274,0.39241531326975443,0.500703846885034,0.9440029076811243,0.4926454445664105,0.514466438654641,0.0575207628422024,1631,0,1522,0,0.5172851252775135,0.5,0.34092809364548493,0.352714063264057,0.532568315432516,1.0,,0.5172851252775135,0.0,412,0,377,0,0.5221799746514575,0.5,0.3430474604496253,0.3582650284036644,0.49441168138858127,1.0,,0.5221799746514575,0.0,1047,584,890,632,0.5325087218522042,0.5285902814313026,0.5242671240504837,0.5264317846779235,0.532568315432516,0.6419374616799509,0.5197368421052632,0.5405265875064533,0.4152431011826544,0.485,381,31,345,32,0.523447401774398,0.5048189590790864,0.4075251637641796,0.4191506031061786,0.49441168138858127,0.9247572815533981,0.5079365079365079,0.5247933884297521,0.08488063660477453,0.486
2,18,331899,238,221638,91276,0.6560333989095436,0.6454900941780363,0.6004333161773143,0.6048751209522595,0.9247117277474758,0.9992834282238956,0.9973993050243679,0.5995967749220016,0.2916967601321769,78172,4891,72958,4643,0.5154546133545785,0.5004743433470785,0.3870782003765141,0.39661446454012556,0.5004161201415452,0.941116983494456,0.486993916509335,0.5172500496261496,0.05983170319970103,1634,0,1520,0,0.5180722891566265,0.5,0.3412698412698413,0.35360489577357046,0.5256667525607164,1.0,,0.5180722891566265,0.0,409,0,379,0,0.5190355329949239,0.5,0.341687552213868,0.3546959615621117,0.49324886620949476,1.0,,0.5190355329949239,0.0,798,836,677,843,0.520291693088142,0.5214886780905752,0.5201940217125185,0.5199465875609389,0.5256667525607164,0.4883720930232558,0.5020845741512805,0.5410169491525424,0.5546052631578947,0.485,194,215,172,207,0.5088832487309645,0.5102508854210347,0.5087495469372961,0.5084410043365231,0.49324886620949476,0.4743276283618582,0.490521327014218,0.5300546448087432,0.5461741424802111,0.485
3,18,332231,180,244111,68280,0.621137961730888,0.6090153698353727,0.544872701410836,0.5506572239608829,0.9046845860842486,0.9994585016741323,0.9973707274320771,0.5764476647546075,0.2185722379966132,79252,3537,74841,3283,0.5129169178375893,0.4996499354097384,0.3732121925204241,0.38179098839248476,0.499248174478386,0.9572769329258718,0.4813782991202346,0.5143127851362489,0.04202293789360504,1615,0,1539,0,0.5120481927710844,0.5,0.3386454183266932,0.3468055488887822,0.5252624739236004,1.0,,0.5120481927710844,0.0,428,0,360,0,0.5431472081218274,0.5,0.3519736842105263,0.3823470478226022,0.4902258566978193,1.0,,0.5431472081218274,0.0,636,979,543,996,0.517438173747622,0.5204907694071781,0.5110683149394446,0.5097235669688295,0.5252624739236004,0.3938080495356037,0.5043037974683544,0.539440203562341,0.6471734892787524,0.484,307,121,254,106,0.5241116751269036,0.5058670820353064,0.49099377651612375,0.5021978417177806,0.4902258566978193,0.7172897196261683,0.4669603524229075,0.5472370766488414,0.29444444444444445,0.485
4,18,331413,250,228482,83804,0.6447979576022325,0.6338013967010483,0.5831681516436727,0.5879910811416272,0.920977947220947,0.9992462228225638,0.9970257215599495,0.5919199135552202,0.2683565705795329,79009,4528,73881,4348,0.5152936958322515,0.5006884423876832,0.3840960275261028,0.3934234839406838,0.5007759135587349,0.945796473418964,0.48986029743127535,0.5167702269605599,0.055580411356402355,1637,0,1517,0,0.5190234622701332,0.5,0.3416823210185765,0.35468228250311334,0.5296185080591416,1.0,,0.5190234622701332,0.0,406,0,382,0,0.5152284263959391,0.5,0.34003350083752093,0.3503898511168363,0.47210043071209346,1.0,,0.5152284263959391,0.0,521,1116,403,1114,0.5183893468611287,0.5263046096590505,0.5007406680257651,0.49716926590056515,0.5296185080591416,0.3182651191203421,0.49955156950672647,0.5638528138528138,0.7343441001977588,0.484,10,396,5,377,0.49111675126903553,0.5057707683181596,0.3501598955280666,0.3409420085041339,0.47210043071209346,0.024630541871921183,0.48771021992238034,0.6666666666666666,0.9869109947643979,0.483
0,19,331706,125,223306,88770,0.6530073442282814,0.6420366219519961,0.5954177087368219,0.6001007662051829,0.9382270616782155,0.9996233022231196,0.9985938466730412,0.5976555461863887,0.2844499416808726,78894,4475,74210,4229,0.5137137842381093,0.50011874029072,0.3821573692508369,0.39084381036631605,0.49963989443293777,0.9463229737672276,0.48586856617647056,0.515296791723273,0.05391450681421232,1595,0,1558,0,0.5058674278464954,0.5,0.3359309182813816,0.33987301913022755,0.522939947927775,1.0,,0.5058674278464954,0.0,395,0,394,0,0.5006337135614702,0.5,0.33361486486486486,0.3340376973932107,0.5174709246289276,1.0,,0.5006337135614702,0.0,611,984,541,1017,0.5163336504915953,0.5179160244827988,0.508178888450994,0.5074357204817767,0.522939947927775,0.3830721003134796,0.5082458770614693,0.5303819444444444,0.6527599486521181,0.484,285,110,272,122,0.5158428390367554,0.5155818286962668,0.4942579268128977,0.4943903495872771,0.5174709246289276,0.7215189873417721,0.5258620689655172,0.5116696588868941,0.3096446700507614,0.485
1,19,332457,158,239019,73517,0.6292697368523028,0.6173761390694046,0.5580796469017006,0.5635999443301324,0.9146241653149462,0.9995249763239782,0.9978554462164914,0.5817514646284359,0.23522730181483092,78439,4146,74056,3923,0.5129543359657208,0.5000527975164579,0.37926022216754995,0.387524153244827,0.49871342846737393,0.9497971786644064,0.48618168298426073,0.5143709629823928,0.05030841636850947,1589,0,1564,0,0.5039644782746591,0.5,0.3350906790383804,0.33774759847255725,0.5232995707380825,1.0,,0.5039644782746591,0.0,401,0,388,0,0.5082382762991128,0.5,0.3369747899159664,0.3425269727662929,0.5132722317916549,1.0,,0.5082382762991128,0.0,649,940,554,1010,0.5261655566127498,0.5271065139329051,0.5198715983385329,0.5194357286519528,0.5232995707380825,0.408432976714915,0.517948717948718,0.5394846217788861,0.6457800511508951,0.484,295,106,269,119,0.5247148288973384,0.5211809394040672,0.4998267249321691,0.5016650507932328,0.5132722317916549,0.7356608478802993,0.5288888888888889,0.5230496453900709,0.30670103092783507,0.485
2,19,332026,116,238107,74802,0.6306912166634886,0.6193521392655418,0.560862244963544,0.5660834553199067,0.9223694338151671,0.9996507517868863,0.9984516404602365,0.5823658690165278,0.2390535267441972,79250,3808,74086,3520,0.5151745257182692,0.49975491882949996,0.3766893401092165,0.3866592494178202,0.4991680277531353,0.9541525199258349,0.48034934497816595,0.5168388375854333,0.04535731773316496,1598,0,1556,0,0.5066582117945466,0.5,0.3362794612794613,0.34075750103017066,0.5206733352423176,1.0,,0.5066582117945466,0.0,392,0,396,0,0.49746192893401014,0.5,0.33220338983050846,0.3305170782070033,0.46681096681096673,1.0,,0.49746192893401014,0.0,1181,417,1098,458,0.5196575776791376,0.5166966420107396,0.49301680734413744,0.49456440396110846,0.5206733352423176,0.7390488110137672,0.5234285714285715,0.5182097411145239,0.2943444730077121,0.486,1,391,1,395,0.5025380710659898,0.5000128839414554,0.3367174280879865,0.33840088639233173,0.46681096681096673,0.002551020408163265,0.5025445292620865,0.5,0.9974747474747475,0.482
3,19,332084,138,240452,72128,0.6268777081956942,0.6151675714858162,0.5544622173159697,0.5599338551002853,0.9137934548620341,0.999584615106766,0.9980903882877148,0.5800229155895874,0.2307505278648666,78774,4204,74104,3831,0.5133519355179507,0.4992461584044497,0.3785539838090091,0.38762469182000675,0.4982219558032623,0.9493359685699824,0.47678904791537025,0.515273616870969,0.04915634823891705,1578,0,1576,0,0.5003170577045022,0.5,0.3334742180896027,0.333685679229799,0.5159136090791531,1.0,,0.5003170577045022,0.0,412,0,376,0,0.5228426395939086,0.5,0.3433333333333333,0.3590186125211506,0.47268771947944643,1.0,,0.5228426395939086,0.0,925,653,869,707,0.517438173747622,0.5173945526368274,0.5151217269321645,0.5151429787378109,0.5159136090791531,0.5861850443599493,0.5198529411764706,0.5156075808249722,0.4486040609137056,0.485,69,343,52,324,0.4987309644670051,0.5145889279074571,0.44009828770018655,0.43182073333310633,0.47268771947944643,0.16747572815533981,0.48575712143928035,0.5702479338842975,0.8617021276595744,0.484
4,19,331806,184,228623,83336,0.6446814887514384,0.6332917175854286,0.5825268540427609,0.5875375977456205,0.9272667260549988,0.9994457664387482,0.9977969348659004,0.5920571562142573,0.26713766873210903,78522,4688,74163,4393,0.5125613540546221,0.4997912539154109,0.38299566659501966,0.39113011747709,0.49957560413608887,0.943660617714217,0.4837572954520427,0.5142744866882798,0.055921890116604714,1600,0,1554,0,0.507292327203551,0.5,0.33655868742111905,0.341467279564864,0.5178748391248391,1.0,,0.507292327203551,0.0,390,0,398,0,0.4949238578680203,0.5,0.3310696095076401,0.32770849672076047,0.5171240819482026,1.0,,0.4949238578680203,0.0,632,968,564,990,0.5142675967025999,0.5160328185328185,0.5079278565865327,0.507113253107932,0.5178748391248391,0.395,0.5056179775280899,0.5284280936454849,0.637065637065637,0.484,106,284,88,310,0.5279187817258884,0.5253446720783405,0.4940068493150685,0.4953367290174536,0.5171240819482026,0.2717948717948718,0.5218855218855218,0.5463917525773195,0.7788944723618091,0.484
0,20,331268,193,218826,93620,0.6598592653908095,0.6495267532241187,0.6062210197835489,0.6105127926586501,0.936048019562179,0.999417729385961,0.9979427158282967,0.6022025326580548,0.29963577706227634,78872,4867,73358,4711,0.5165566597448829,0.5011114939853953,0.38799699569871005,0.397826060775257,0.5024905246293514,0.9418789333524403,0.4918563374399666,0.5181107534651515,0.060344054618350434,1640,0,1513,0,0.520139549635268,0.5,0.34216565825161693,0.3559477827673021,0.5237305144036238,1.0,,0.520139549635268,0.0,401,0,388,0,0.5082382762991128,0.5,0.3369747899159664,0.3425269727662929,0.485712265727434,1.0,,0.5082382762991128,0.0,1171,469,1023,490,0.5267998731366952,0.5189421356374833,0.5036452081782316,0.5079633321866381,0.5237305144036238,0.7140243902439024,0.5109489051094891,0.5337283500455788,0.3238598810310641,0.486,393,8,379,9,0.5095057034220533,0.5016228758001903,0.3572605853935777,0.3624147169935001,0.485712265727434,0.9800498753117207,0.5294117647058824,0.5090673575129534,0.023195876288659795,0.487
1,20,332445,166,214561,97979,0.6671678413270692,0.6564967957141163,0.6165174767705726,0.6208533014403049,0.9370206592360246,0.9995009184903686,0.9983086249936318,0.607753845478843,0.313492672937864,77718,4871,73257,4718,0.5134152113798859,0.5007638869950359,0.38662878769307407,0.3946423843902104,0.5006584918188522,0.9410212013706426,0.49202210866618,0.5147739692001987,0.0605065726194293,1644,0,1509,0,0.5214081826831589,0.5,0.342714196372733,0.35738797262085187,0.5227757542337218,1.0,,0.5214081826831589,0.0,397,0,392,0,0.5031685678073511,0.5,0.33473861720067455,0.3368599012133531,0.4535739988690691,1.0,,0.5031685678073511,0.0,1090,554,932,577,0.5287028227085315,0.5226947318521958,0.5158873927490949,0.5192598743173676,0.5227757542337218,0.6630170316301703,0.5101679929266136,0.5390702274975272,0.38237243207422134,0.485,0,397,0,392,0.4968314321926489,0.5,0.331922099915326,0.32981866455464587,0.4535739988690691,0.0,0.4968314321926489,,1.0,0.0
2,20,331986,221,221270,91574,0.6566302509413985,0.6460246659590025,0.6012396398249699,0.6057008497606112,0.9298071907854497,0.9993347521274386,0.9975924614630427,0.6000585624014922,0.29271457979056653,78162,4831,73145,4526,0.5146641438032167,0.5000308491923865,0.3856042022062218,0.39493193604808186,0.49828818338184244,0.9417902714686781,0.4837020412525382,0.5165788760599311,0.05827142691609481,1627,0,1527,0,0.515852885225111,0.5,0.3403053754444677,0.35109501956128664,0.5089479312952795,1.0,,0.515852885225111,0.0,414,0,374,0,0.5253807106598984,0.5,0.34442595673876875,0.3619095078422595,0.5026931721305123,1.0,,0.5253807106598984,0.0,482,1145,421,1106,0.5034876347495244,0.5102733867621092,0.4832613194341277,0.48001992274896804,0.5089479312952795,0.2962507682851875,0.49133718347401156,0.5337763012181617,0.7242960052390308,0.484,58,356,38,336,0.5,0.5192461701413108,0.4289224883199058,0.41869550822205054,0.5026931721305123,0.14009661835748793,0.48554913294797686,0.6041666666666666,0.8983957219251337,0.484
3,20,332196,103,245740,66763,0.6187310213057652,0.606664793624414,0.5409406343707192,0.5467422434387934,0.9127075068429292,0.9996900381884989,0.9984596057787216,0.5747972093795852,0.21363954906032903,79649,3252,74972,3040,0.5138739567343844,0.4998704257537358,0.3713931215168283,0.3804859017825756,0.49904316979043806,0.9607724876660113,0.4831532104259377,0.515124077583252,0.03896836384146029,1615,0,1539,0,0.5120481927710844,0.5,0.3386454183266932,0.3468055488887822,0.5130097345186151,1.0,,0.5120481927710844,0.0,426,0,362,0,0.5406091370558376,0.5,0.35090609555189456,0.379406083007886,0.4932625217233419,1.0,,0.5406091370558376,0.0,1355,260,1250,289,0.5212428662016487,0.5133967817146352,0.4595000090791887,0.4639019388552741,0.5130097345186151,0.8390092879256966,0.5264116575591985,0.5201535508637236,0.18778427550357374,0.486,9,417,3,359,0.467005076142132,0.5064197338728503,0.3360136745552158,0.3120609611221798,0.4932625217233419,0.02112676056338028,0.46262886597938147,0.75,0.9917127071823204,0.483
4,20,332116,106,235077,76650,0.6347800835159306,0.6227845826824945,0.5665637263636124,0.5720364477427266,0.9212218566196664,0.999680936241429,0.9986190004690187,0.5855431925288218,0.24588822912356004,79153,3825,75032,3756,0.5125242634422561,0.5007878393184231,0.3772371877459083,0.3847554291503103,0.49953217129506966,0.9539034442864374,0.4954491491887614,0.5133638161948308,0.04767223435040869,1638,0,1516,0,0.5193405199746354,0.5,0.3418196994991653,0.3550416409509402,0.5143685104107267,1.0,,0.5193405199746354,0.0,403,0,385,0,0.5114213197969543,0.5,0.33837111670864817,0.3461004061766122,0.5057652025393962,1.0,,0.5114213197969543,0.0,800,838,700,816,0.5123652504755866,0.5133295317991888,0.512352701091535,0.5122570120381412,0.5143685104107267,0.4884004884004884,0.49334945586457074,0.5333333333333333,0.5382585751978892,0.484,186,217,168,217,0.5114213197969543,0.5125874125874126,0.5106640020774763,0.510224269208102,0.5057652025393962,0.46153846153846156,0.5,0.5254237288135594,0.5636363636363636,0.484
0,21,331979,74,236184,75670,0.6330867656354101,0.621211370494108,0.5640050946161308,0.5694492291292319,0.9180556407829259,0.999777144010143,0.9990230249260668,0.5843023920952262,0.24264559697807309,79196,3951,74910,3751,0.5126260753485613,0.5000836937817236,0.37723694987467954,0.38528725959534804,0.5011513391188473,0.9524817491911916,0.48701635938717214,0.5139060127444746,0.04768563837225563,1630,0,1523,0,0.5169679670155407,0.5,0.34079029897553836,0.35235533608000474,0.51467518499571,1.0,,0.5169679670155407,0.0,420,0,369,0,0.532319391634981,0.5,0.34739454094292804,0.3698497013841059,0.49413472706155637,1.0,,0.532319391634981,0.0,1074,556,957,566,0.520139549635268,0.5152653182892982,0.5073511271156816,0.5100447515440197,0.51467518499571,0.6588957055214724,0.5044563279857398,0.5288035450516987,0.3716349310571241,0.485,27,393,17,352,0.4803548795944233,0.5091076267905537,0.37416811118677645,0.3575049567597303,0.49413472706155637,0.06428571428571428,0.47248322147651006,0.6136363636363636,0.9539295392953929,0.483
1,21,331956,216,216806,96173,0.6636105345880267,0.6533161658549345,0.6117532106200743,0.6159744548103548,0.9289347795412064,0.9993497344749106,0.9977590803929909,0.6049179790145819,0.30728259723495827,77676,5352,72488,5048,0.5152088886674473,0.5003225296644975,0.3905042913579144,0.3999342308912068,0.5011813559852345,0.9355398178927591,0.48538461538461536,0.5172744466050452,0.06510524143623607,1641,0,1512,0,0.5204567078972407,0.5,0.3423028785982478,0.35630765859798585,0.5108967786451029,1.0,,0.5204567078972407,0.0,409,0,380,0,0.5183776932826363,0.5,0.34140233722871455,0.3539507121078435,0.4915004503924849,1.0,,0.5183776932826363,0.0,1106,535,962,550,0.5252140818268316,0.5188679473414392,0.5099764095141407,0.5135117687377686,0.5108967786451029,0.6739792809262645,0.5069124423963134,0.534816247582205,0.3637566137566138,0.486,1,408,0,380,0.4828897338403042,0.5012224938875306,0.3277814901436686,0.3159130493331081,0.4915004503924849,0.0024449877750611247,0.48223350253807107,1.0,1.0,0.48
2,21,332004,141,236071,76835,0.633808799614294,0.6225642320906515,0.5658756290055927,0.5709975923684653,0.9099914001222453,0.9995754866097638,0.9981682602369569,0.5844369141398583,0.24555297757153904,78987,4068,74005,3604,0.5140603993427276,0.49872916064594863,0.3768843291834222,0.38679453278486514,0.49994784220859856,0.9510204081632653,0.4697601668404588,0.5162818970926585,0.04643791312863199,1656,0,1498,0,0.5250475586556753,0.5,0.3442827442827443,0.3615296287458621,0.5154154815115807,1.0,,0.5250475586556753,0.0,394,0,394,0,0.5,0.5,0.3333333333333333,0.33333333333333326,0.5266304207786853,1.0,,0.5,0.0,1184,472,1026,472,0.5250475586556753,0.5150313138935649,0.49954389323246023,0.5052034144921063,0.5154154815115807,0.714975845410628,0.5,0.5357466063348416,0.315086782376502,0.486,15,379,5,389,0.5126903553299492,0.5126903553299492,0.3709995260545287,0.37099952605452874,0.5266304207786853,0.03807106598984772,0.5065104166666666,0.75,0.9873096446700508,0.483
3,21,332328,165,209664,102645,0.6745838257325505,0.6640843144628731,0.6272935481543899,0.6314493061453494,0.9427228542988771,0.9995037489511057,0.9983950977531368,0.6131603418500642,0.3286648799746405,77440,5267,73185,5021,0.5124570420040643,0.5002597982050306,0.38862592072826435,0.39632229705025684,0.5003623763841182,0.9363173612874364,0.4880443234836703,0.5141244813278009,0.06420223512262486,1641,0,1513,0,0.520291693088142,0.5,0.3422314911366006,0.35612040390308286,0.5143539658124409,1.0,,0.520291693088142,0.0,409,0,379,0,0.5190355329949239,0.5,0.341687552213868,0.3546959615621117,0.5142925340782267,1.0,,0.5190355329949239,0.0,726,915,604,909,0.5183893468611287,0.5216031444724635,0.5167625272247649,0.5156246424517893,0.5143539658124409,0.4424131627056673,0.49835526315789475,0.5458646616541354,0.6007931262392597,0.484,138,271,118,261,0.5063451776649747,0.5130313332602203,0.49401715045022,0.49101031454418226,0.5142925340782267,0.3374083129584352,0.4906015037593985,0.5390625,0.6886543535620053,0.484
4,21,331817,120,231120,80892,0.6409032392316782,0.6294488724377528,0.5766169449886797,0.5817216751382931,0.9262677419032816,0.9996384856162465,0.998518737964746,0.5894389603099459,0.25925925925925924,79082,4181,74438,4065,0.5139955243994412,0.5007835398218065,0.38084445541189466,0.38929319487602576,0.5013315431694664,0.9497856190624887,0.4929662866844531,0.5151250651380928,0.05178146058112429,1632,0,1522,0,0.517438173747622,0.5,0.34099456748850815,0.3528872125182278,0.5025568621009507,1.0,,0.517438173747622,0.0,418,0,370,0,0.5304568527918782,0.5,0.3466003316749585,0.36771304223383927,0.48323419112892796,1.0,,0.5304568527918782,0.0,613,1019,542,980,0.5050729232720355,0.5097511820102548,0.49827978665502504,0.49624369666082563,0.5025568621009507,0.3756127450980392,0.49024512256128067,0.5307359307359307,0.6438896189224704,0.484,418,0,367,3,0.5342639593908629,0.504054054054054,0.3555075670965571,0.37618300524144066,0.48323419112892796,1.0,1.0,0.532484076433121,0.008108108108108109,0.487
0,22,331325,175,226499,85908,0.6479709026303488,0.6372297663959756,0.5881420866871423,0.5927966606685847,0.9167571943859965,0.9994720965309201,0.997967078284911,0.5939597435750344,0.2749874362610313,78759,4941,73395,4713,0.5158706615247701,0.500653635908593,0.3876332186411139,0.3973177901318819,0.5024576284382516,0.9409677419354838,0.4881914232442511,0.5176268780314681,0.060339529881702256,1637,0,1516,0,0.5191880748493498,0.5,0.3417536534446764,0.3548688428093468,0.5270327663545677,1.0,,0.5191880748493498,0.0,403,0,386,0,0.5107731305449936,0.5,0.33808724832214765,0.345371764445692,0.47344398873731985,1.0,,0.5107731305449936,0.0,1154,483,982,534,0.5353631462099587,0.5285954099058223,0.516674620689381,0.5203218974442034,0.5270327663545677,0.7049480757483201,0.5250737463126843,0.5402621722846442,0.35224274406332456,0.486,0,403,0,386,0.4892268694550063,0.5,0.32851063829787236,0.32143246231426803,0.47344398873731985,0.0,0.4892268694550063,,1.0,0.0
1,22,332438,128,245184,67401,0.6197603351773461,0.6076198320573887,0.5425588844028579,0.548379061162801,0.9066293606298128,0.9996151139924105,0.998104518058908,0.5755286329121814,0.21562455012236673,78948,3686,74490,3440,0.5131162651652923,0.49976792125181146,0.3748673390661369,0.3834799754539425,0.5009826005585052,0.9553936636251422,0.4827392646646085,0.5145270402377508,0.04414217887848069,1645,0,1508,0,0.5217253409451316,0.5,0.3428511879949979,0.35774830590026746,0.519726201897882,1.0,,0.5217253409451316,0.0,395,0,394,0,0.5006337135614702,0.5,0.33361486486486486,0.3340376973932107,0.5307074471502924,1.0,,0.5006337135614702,0.0,1047,598,903,605,0.5239454487789407,0.5188338990429966,0.5144027141266021,0.517360530070879,0.519726201897882,0.6364741641337386,0.5029093931837074,0.536923076923077,0.40119363395225466,0.485,307,88,270,124,0.5462610899873257,0.5459680010280794,0.5204640834453815,0.5206050506942446,0.5307074471502924,0.7772151898734178,0.5849056603773585,0.5320623916811091,0.3147208121827411,0.485
2,22,332060,139,233749,79103,0.6374116155156724,0.6262131858628457,0.5715189783722876,0.5765586683228051,0.9231024340246259,0.9995815761034802,0.9982458797102547,0.586876490122992,0.2528447956222111,78787,4214,73830,3833,0.5142409002639048,0.49929189435753524,0.3791050391391529,0.3887290115313391,0.500646286156559,0.9492295273550921,0.4763265813346589,0.516239999475812,0.04935426135997837,1626,0,1528,0,0.5155358275206088,0.5,0.3401673640167364,0.35073692700774467,0.519117514473574,1.0,,0.5155358275206088,0.0,414,0,374,0,0.5253807106598984,0.5,0.34442595673876875,0.3619095078422595,0.469490299413573,1.0,,0.5253807106598984,0.0,1226,400,1109,419,0.5215599239061509,0.5141060998306318,0.48804357612413407,0.4921137150121609,0.519117514473574,0.7539975399753998,0.5115995115995116,0.5250535331905781,0.2742146596858639,0.486,44,370,31,343,0.49111675126903553,0.5116962463509778,0.4055269282071253,0.39407678465369245,0.469490299413573,0.10628019323671498,0.48106591865357645,0.5866666666666667,0.9171122994652406,0.484
3,22,332084,156,231619,80943,0.6405485714994681,0.6292483405051166,0.5762690433291372,0.5813056265845028,0.9189958961889131,0.9995304599084999,0.9980764251100507,0.5891116421236006,0.2589662211017334,78807,4153,73950,4003,0.5146259158675807,0.5006455926772433,0.380816468733738,0.38977299380992575,0.5009357847366946,0.9499397299903568,0.49080431584109857,0.5158977984642275,0.05135145536412967,1627,0,1527,0,0.515852885225111,0.5,0.3403053754444677,0.35109501956128664,0.5155808437270697,1.0,,0.515852885225111,0.0,413,0,375,0,0.5241116751269036,0.5,0.34388009991673607,0.360463150420335,0.5116448748991123,1.0,,0.5241116751269036,0.0,1279,348,1166,361,0.5199746353836399,0.511260333863435,0.47554528329074863,0.480385081993678,0.5155808437270697,0.7861094038106945,0.5091678420310296,0.5231083844580777,0.2364112639161755,0.486,258,155,225,150,0.5177664974619289,0.5123486682808717,0.5085346638655461,0.5117829016124216,0.5116448748991123,0.6246973365617433,0.4918032786885246,0.5341614906832298,0.4,0.485
4,22,332181,114,228401,83253,0.64513494081053,0.6333948566040991,0.5827903298183241,0.5879599174721442,0.9267873849316606,0.9996569313411277,0.9986325524488107,0.5925645133093821,0.2671327818670705,78703,4202,74698,4163,0.5122584473869664,0.501052283083587,0.3807820403397493,0.38791499700863774,0.5024186359964244,0.949315481575297,0.4976688583383144,0.5130540218121133,0.052789084591876846,1625,0,1529,0,0.5152187698161065,0.5,0.3400292948315547,0.3503789499691036,0.5220075464104241,1.0,,0.5152187698161065,0.0,415,0,373,0,0.5266497461928934,0.5,0.34497090606816294,0.3633576802494609,0.5329887916276366,1.0,,0.5266497461928934,0.0,856,769,753,776,0.517438173747622,0.5171452432459627,0.5171275110860574,0.5175003062799349,0.5220075464104241,0.5267692307692308,0.5022653721682848,0.5320074580484773,0.5075212557226946,0.484,219,196,181,192,0.5215736040609137,0.521228075842243,0.5210112622235837,0.5218860161927636,0.5329887916276366,0.5277108433734939,0.4948453608247423,0.5475,0.514745308310992,0.484
0,23,331646,233,239297,72731,0.6280052864777056,0.6161945989696824,0.5562593427165864,0.5617601006085663,0.9026689313248389,0.999297936898689,0.9968066443725673,0.5808740977645754,0.23309126104067585,79028,4293,74422,4065,0.5135283793137546,0.5001341955078575,0.3805815148030867,0.3891546127720123,0.5004837632401615,0.9484763745034265,0.48636037329504667,0.515008145975888,0.05179201651228866,1593,0,1560,0,0.50523311132255,0.5,0.3356510745891277,0.3391640734668445,0.5161821752217233,1.0,,0.50523311132255,0.0,407,0,382,0,0.5158428390367554,0.5,0.3403010033444816,0.35108367138454755,0.4868531072719554,1.0,,0.5158428390367554,0.0,1304,289,1232,328,0.5176022835394862,0.5144188517069873,0.4664810215074638,0.4682095068015793,0.5161821752217233,0.8185812931575643,0.5316045380875203,0.5141955835962145,0.21025641025641026,0.486,390,17,359,23,0.523447401774398,0.5092201911573639,0.39187261188277933,0.40083547222961985,0.4868531072719554,0.9582309582309583,0.575,0.520694259012016,0.060209424083769635,0.486
1,23,332137,339,220558,92117,0.6576041887868112,0.6467948981282617,0.6025993808351382,0.6071371285322096,0.9208680712881321,0.9989803775310098,0.9963333910184304,0.600940844407856,0.2946094187255137,77294,5430,72683,5157,0.5135086320719464,0.5003056626517639,0.39047944563646275,0.39880907601409005,0.49952603664096706,0.9343600406169914,0.4871068291300652,0.5153723570947545,0.06625128468653649,1581,0,1572,0,0.5014272121788773,0.5,0.33396704689480355,0.3349203305681474,0.5138874806263308,1.0,,0.5014272121788773,0.0,419,0,370,0,0.5310519645120405,0.5,0.3468543046357616,0.36839531975255796,0.5141843514158551,1.0,,0.5310519645120405,0.0,122,1459,87,1485,0.5096733269901681,0.5109114194803753,0.39698724831882665,0.39624317296443046,0.5138874806263308,0.07716635041113219,0.5044157608695652,0.583732057416268,0.9446564885496184,0.482,94,325,68,302,0.5019011406844106,0.5202799458169387,0.46469874339023953,0.45593471710459355,0.5141843514158551,0.2243436754176611,0.48165869218500795,0.5802469135802469,0.8162162162162162,0.484
2,23,332180,240,229072,83559,0.6445056282371472,0.6332773896814488,0.5824810694460314,0.5874179170732124,0.9132335760996033,0.9992780217796763,0.9971360040095943,0.591855351963111,0.2672767575832211,77767,5013,73118,4766,0.5136993975003734,0.5003177320509203,0.3871813643556446,0.39566662195864444,0.4987557208843145,0.9394418941773375,0.48737089681971574,0.5154057726082778,0.06119356992450311,1611,0,1543,0,0.5107799619530755,0.5,0.338090241343127,0.34537944121989705,0.5153761023231003,1.0,,0.5107799619530755,0.0,389,0,399,0,0.4936548223350254,0.5,0.33050127442650806,0.3263070958170346,0.5034694705916463,1.0,,0.4936548223350254,0.0,305,1306,248,1295,0.507292327203551,0.5142987714485595,0.4534426987060998,0.44974393634465876,0.5153761023231003,0.1893234016139044,0.49788542868127644,0.5515370705244123,0.8392741412832145,0.483,238,151,240,159,0.5038071065989848,0.5051607167017802,0.49876932437290855,0.4981316304202407,0.5034694705916463,0.6118251928020566,0.5129032258064516,0.497907949790795,0.39849624060150374,0.485
3,23,331957,303,227966,84576,0.645985899547458,0.6348474470033334,0.5848848758779097,0.5897550558218673,0.9160528818088829,0.9990880635646783,0.9964302124200333,0.5928618756507591,0.2706068304419886,77719,5221,73146,4827,0.5129852777587889,0.49947846227715653,0.3872486726412432,0.39581660489195447,0.49811494123603484,0.9370508801543285,0.48039410828025475,0.5151559341132801,0.06190604439998461,1598,0,1556,0,0.5066582117945466,0.5,0.3362794612794613,0.34075750103017066,0.5181685976365058,1.0,,0.5066582117945466,0.0,402,0,386,0,0.5101522842639594,0.5,0.3378151260504202,0.3446743164270785,0.5194880519681386,1.0,,0.5101522842639594,0.0,591,1007,522,1034,0.5152187698161065,0.5171808591073032,0.5054625114354588,0.5045375388576097,0.5181685976365058,0.36983729662077597,0.5066144047035767,0.5309973045822103,0.6645244215938303,0.484,250,152,228,158,0.5177664974619289,0.515608486067074,0.5111024033437827,0.5122613762338951,0.5194880519681386,0.6218905472636815,0.5096774193548387,0.5230125523012552,0.40932642487046633,0.485
4,23,331409,356,219962,92222,0.6578642097433182,0.6471680345028561,0.6031063671493819,0.6075891079163629,0.9211088910227779,0.9989269513058943,0.9961545939640087,0.6010635307261354,0.29540911769981804,77695,5740,72860,5471,0.5141129780052669,0.5005242824369351,0.3931439235282228,0.4016926892300786,0.4986807986355559,0.9312039312039312,0.488002854339488,0.5160572548238186,0.06984463366993911,1617,0,1537,0,0.5126823081800888,0.5,0.33892265772374763,0.3475193009126823,0.5231122318212197,1.0,,0.5126823081800888,0.0,383,0,405,0,0.4860406091370558,0.5,0.32707087959009395,0.3179394590939238,0.4925184540502208,1.0,,0.4860406091370558,0.0,929,688,822,715,0.5212428662016487,0.5198563248567896,0.5190286328308045,0.5198563836236435,0.5231122318212197,0.5745207173778603,0.5096222380612973,0.5305539691604797,0.4651919323357189,0.485,379,4,396,9,0.49238578680203043,0.5058891789962285,0.34881952880316663,0.3402831567059369,0.4925184540502208,0.9895561357702349,0.6923076923076923,0.4890322580645161,0.022222222222222223,0.487
0,24,331231,239,218428,94009,0.6604059281852814,0.6500842143770814,0.6070758307690317,0.6113546571178673,0.9318394964953731,0.9992789694391649,0.9974641371700195,0.6026118011348854,0.3008894593149979,78278,5452,72880,5198,0.5158953821813508,0.5007301970507879,0.3918402372665629,0.4014346499520908,0.5017336044938503,0.9348859429117401,0.48807511737089204,0.5178554889585731,0.0665744511898358,1623,0,1530,0,0.5147478591817317,0.5,0.3398241206030151,0.34984747715743325,0.5132313677165259,1.0,,0.5147478591817317,0.0,415,0,374,0,0.5259822560202788,0.5,0.3446843853820598,0.36259574127643807,0.5133883126087238,1.0,,0.5259822560202788,0.0,811,812,719,811,0.514430700919759,0.5148786440022712,0.514430700919759,0.514430700919759,0.5132313677165259,0.49969192852741834,0.49969192852741834,0.5300653594771242,0.5300653594771242,0.485,185,230,157,217,0.5095057034220533,0.512998518136718,0.5086975480171264,0.5076620989045639,0.5133883126087238,0.4457831325301205,0.4854586129753915,0.5409356725146199,0.5802139037433155,0.485
1,24,332443,149,244714,67845,0.6204562962779256,0.6083075110791191,0.5437027997822109,0.5495138897953579,0.9112872400644719,0.9995520036561313,0.9978086301732506,0.5760009841342997,0.2170630185021068,79202,3406,74758,3198,0.5131910017189407,0.4998961338680132,0.3726152148220339,0.3812194798691947,0.49925080343250394,0.9587691264768545,0.484251968503937,0.5144323200831384,0.04102314125917184,1627,0,1526,0,0.5160164922296225,0.5,0.3403765690376569,0.3512798463839314,0.5092814489435726,1.0,,0.5160164922296225,0.0,411,0,378,0,0.5209125475285171,0.5,0.3425,0.35682509505703425,0.48918626655852937,1.0,,0.5209125475285171,0.0,1089,538,997,529,0.513162067871868,0.507993992271635,0.4973046307835978,0.5001646328298751,0.5092814489435726,0.6693300553165334,0.4957825679475164,0.5220517737296261,0.34665792922673655,0.485,336,75,293,85,0.5335868187579215,0.5211929865214536,0.4810694881326852,0.48797415709934977,0.48918626655852937,0.8175182481751825,0.53125,0.534181240063593,0.22486772486772486,0.485
2,24,332328,138,247123,65462,0.6166799214325689,0.604503178665388,0.5375230812637719,0.543420112505653,0.901863129277034,0.9995849199617405,0.9978963414634147,0.5735221787519565,0.20942143736903562,79056,3678,74446,3484,0.5137429666882438,0.500125531282423,0.3755923219674119,0.3843743536357398,0.5020790679912676,0.9555442744216405,0.48645629712370847,0.515016090995557,0.04470678814320544,1650,0,1504,0,0.523145212428662,0.5,0.3434637801831807,0.3593628644909627,0.5059107027724049,1.0,,0.523145212428662,0.0,388,0,400,0,0.49238578680203043,0.5,0.3299319727891156,0.3249076280258296,0.5279317010309279,1.0,,0.49238578680203043,0.0,293,1357,249,1255,0.49080532656943565,0.5060086234687299,0.4385755605683358,0.430648797744884,0.5059107027724049,0.17757575757575758,0.48047473200612556,0.540590405904059,0.8344414893617021,0.483,135,253,110,290,0.5393401015228426,0.5364690721649484,0.520799304428239,0.5222347209774987,0.5279317010309279,0.3479381443298969,0.5340699815837937,0.5510204081632653,0.725,0.484
3,24,332261,77,244884,67580,0.6200988830679806,0.6080246118648315,0.5431150279910752,0.5488954849781594,0.91069430293869,0.9997683081681902,0.9988619063807145,0.5756976149841028,0.2162809155614727,79364,3498,74629,3422,0.5144767669485996,0.500814180745235,0.375346765096211,0.38416078683532556,0.5010517198307411,0.9577852332794284,0.49450867052023123,0.5153740754449878,0.0438431282110415,1623,0,1531,0,0.5145846544071021,0.5,0.3397529830437513,0.3496633427267015,0.5094278724394954,1.0,,0.5145846544071021,0.0,415,0,373,0,0.5266497461928934,0.5,0.34497090606816294,0.3633576802494609,0.47424658419199583,1.0,,0.5266497461928934,0.0,1080,543,972,559,0.5196575776791376,0.5152776084156031,0.5061829061286498,0.5085623107018644,0.5094278724394954,0.6654343807763401,0.5072595281306715,0.5263157894736842,0.3651208360548661,0.485,1,414,0,373,0.4746192893401015,0.5012048192771085,0.3239555702917772,0.30694515039922443,0.47424658419199583,0.0024096385542168677,0.47395171537484115,1.0,1.0,0.482
4,24,331748,186,228636,83379,0.6446581949812795,0.6333335923892168,0.5825588382205744,0.5875391581772377,0.9191201690995612,0.9994396476407961,0.9977741877580326,0.5920011991777067,0.26722753713763764,78266,5000,73777,4723,0.5130188049404696,0.5000585429460125,0.3861442549659236,0.39436643933668203,0.499988231714155,0.9399514807964836,0.4857554252802633,0.5147622711995948,0.0601656050955414,1629,0,1525,0,0.5164870006341155,0.5,0.3405812251724859,0.35181155092325905,0.5062142116756735,1.0,,0.5164870006341155,0.0,409,0,379,0,0.5190355329949239,0.5,0.341687552213868,0.3546959615621117,0.5021256555986349,1.0,,0.5190355329949239,0.0,650,979,596,929,0.5006341154090045,0.504099065100786,0.49669575349231876,0.49522769026889474,0.5062142116756735,0.39901780233271944,0.4868972746331237,0.521669341894061,0.6091803278688525,0.484,125,284,109,270,0.501269035532995,0.5090122636458059,0.4837903116920784,0.48017402400085435,0.5021256555986349,0.3056234718826406,0.48736462093862815,0.5341880341880342,0.712401055408971,0.484
0,25,331557,259,210725,101366,0.6723377754862115,0.6620078701555889,0.6243267910557967,0.6284408383812349,0.9328487916604704,0.9992194469223907,0.9974514145141451,0.6114106682500987,0.32479629338878724,78052,5332,73387,5037,0.513503658657174,0.5001413330229036,0.3891139656424986,0.39756391260343527,0.5006860133843275,0.9360548786337907,0.48577490596971745,0.5154022411664102,0.06422778741201673,1585,0,1568,0,0.5026958452267681,0.5,0.334529337273111,0.33633301590731424,0.5256590806669671,1.0,,0.5026958452267681,0.0,417,0,372,0,0.5285171102661597,0.5,0.34577114427860695,0.3654919319751055,0.5115520486836338,1.0,,0.5285171102661597,0.0,655,930,588,980,0.5185537583254044,0.5191246056782335,0.5133835797939442,0.5131131396861448,0.5256590806669671,0.41324921135646686,0.5130890052356021,0.5269509251810137,0.625,0.484,400,17,347,25,0.5386565272496832,0.5132184574920708,0.4040290851138005,0.4201843781701064,0.5115520486836338,0.9592326139088729,0.5952380952380952,0.535475234270415,0.06720430107526881,0.486
1,25,332224,185,215325,97417,0.6659541719690429,0.6554683181935493,0.6149485438401059,0.6192206809076201,0.9334956749109445,0.9994434567054442,0.9981045470379706,0.6067475239658916,0.3114931796816545,77605,5186,72817,4956,0.5141937171470566,0.5005421277844548,0.389137101189601,0.39777499157865676,0.49983837429034506,0.937360341099878,0.48866101360678366,0.5159152251665315,0.06372391446903167,1607,0,1546,0,0.5096733269901681,0.5,0.33760504201680674,0.34413656994672276,0.5279087047208566,1.0,,0.5096733269901681,0.0,395,0,394,0,0.5006337135614702,0.5,0.33361486486486486,0.3340376973932107,0.4632847137441367,1.0,,0.5006337135614702,0.0,967,640,872,674,0.5204567078972407,0.5188530772952421,0.5162795417003194,0.5171491906355146,0.5279087047208566,0.6017423771001866,0.512937595129376,0.5258292550299075,0.4359637774902975,0.485,391,4,389,5,0.5019011406844106,0.5012818865257341,0.3451729053376274,0.345578937035417,0.4632847137441367,0.9898734177215189,0.5555555555555556,0.5012820512820513,0.012690355329949238,0.487
2,25,332251,190,222004,90606,0.6555404146338817,0.6446328236639068,0.5993092862484127,0.6039239875954806,0.9295867165252024,0.9994284700142281,0.9979073968016212,0.5994551244463289,0.2898371773135856,78160,4599,73478,4427,0.5140355026639446,0.5006273128244932,0.38437681331696183,0.3929125202336783,0.5023849753154669,0.9444290047003951,0.49047196986483493,0.5154380828024637,0.056825620948591234,1590,0,1564,0,0.5041217501585289,0.5,0.3351602023608769,0.3379230955953039,0.5137705287201016,1.0,,0.5041217501585289,0.0,412,0,376,0,0.5228426395939086,0.5,0.3433333333333333,0.3590186125211506,0.5247624457756661,1.0,,0.5228426395939086,0.0,338,1252,281,1283,0.5139505389980976,0.5164555485853078,0.4660135834563543,0.4646946830922428,0.5137705287201016,0.21257861635220127,0.5061143984220907,0.5460420032310178,0.8203324808184144,0.483,111,301,85,291,0.5101522842639594,0.5216768229704607,0.483185624184428,0.47779229216852176,0.5247624457756661,0.26941747572815533,0.49155405405405406,0.5663265306122449,0.773936170212766,0.484
3,25,332075,209,208946,103572,0.6756291078501617,0.6653911653396858,0.6290432203578624,0.6330729996262868,0.9389499089350775,0.9993710199708683,0.9979861438991723,0.6137931799320174,0.3314113107085032,77809,5107,73105,4892,0.513948531193875,0.5005639530124067,0.3883522779589591,0.396825034238874,0.49959427181724936,0.9384075449852863,0.4892489248924892,0.5155850351856024,0.06272036103952716,1619,0,1535,0,0.5133164235890932,0.5,0.3391996647810601,0.34823351761606613,0.5142370828496297,1.0,,0.5133164235890932,0.0,383,0,405,0,0.4860406091370558,0.5,0.32707087959009395,0.3179394590939238,0.5268349289237018,1.0,,0.4860406091370558,0.0,959,660,857,678,0.5190234622701332,0.5170173811396829,0.5151751158074144,0.5163255111912877,0.5142370828496297,0.5923409512044472,0.5067264573991032,0.5280837004405287,0.44169381107491856,0.485,262,121,263,142,0.5126903553299492,0.5173451955001128,0.5011211058060092,0.49900007672662017,0.5268349289237018,0.6840731070496083,0.5399239543726235,0.4990476190476191,0.3506172839506173,0.485
4,25,331627,223,209013,103086,0.6750736471366521,0.6648135246853448,0.6282486382458947,0.6322953552489767,0.9381254903218131,0.9993280096429109,0.9978414271747863,0.6133970849363717,0.3302990397277787,77860,5490,73283,5133,0.5130435320153802,0.4997958766234919,0.38968439328918963,0.39805341704206026,0.49968417008293914,0.934133173365327,0.4831968370516803,0.5151412900365878,0.0654585798816568,1607,0,1547,0,0.5095117311350665,0.5,0.3375341314849821,0.3439551993001689,0.5243804476938925,1.0,,0.5095117311350665,0.0,395,0,393,0,0.501269035532995,0.5,0.3338968723584108,0.3347443263491682,0.546307211646858,1.0,,0.501269035532995,0.0,311,1296,236,1311,0.5142675967025999,0.5204874923019804,0.4599819663476131,0.456724828526314,0.5243804476938925,0.19352831362787803,0.5028768699654775,0.5685557586837294,0.8474466709760827,0.483,272,123,246,147,0.5317258883248731,0.5313266982317132,0.5196384055349328,0.5198318052595718,0.546307211646858,0.6886075949367089,0.5444444444444444,0.525096525096525,0.37404580152671757,0.485
0,26,331873,145,236771,75118,0.6320648789343802,0.6202058918453531,0.5625038947889159,0.5679573155591601,0.9087945222859667,0.999563276689818,0.9980734225316557,0.5836217387328452,0.24084850700088814,78901,4281,74461,4165,0.5133615148818352,0.5007534189808786,0.3813913696069412,0.38943643466089667,0.5011193665268941,0.9485345387223197,0.4931328439497987,0.5144755545702325,0.05297229923943734,1623,0,1530,0,0.5147478591817317,0.5,0.3398241206030151,0.34984747715743325,0.5209134218485094,1.0,,0.5147478591817317,0.0,433,0,356,0,0.5487959442332065,0.5,0.35433715220949263,0.38891758404742793,0.4900679866102706,1.0,,0.5487959442332065,0.0,398,1225,333,1197,0.5058674278464954,0.5137889166757276,0.4719585321220835,0.46801168944076893,0.5209134218485094,0.2452248921749846,0.49421965317919075,0.5444596443228454,0.7823529411764706,0.483,433,0,355,1,0.550063371356147,0.5014044943820225,0.3574284750755339,0.39176386168110616,0.4900679866102706,1.0,1.0,0.549492385786802,0.0028089887640449437,0.492
1,26,332170,233,228587,84161,0.6453233429073194,0.6342003422842626,0.5838208945027858,0.5886950346484704,0.9204770100750636,0.9992990436307735,0.9972391402232387,0.5923599705398238,0.2691016409377518,77516,5281,72809,4958,0.5136518771331058,0.49998602232380684,0.388849657901535,0.3975014283849386,0.5004901104375481,0.9362174958029881,0.4842269752905557,0.5156560784965907,0.06375454884462561,1646,0,1507,0,0.5220424992071043,0.5,0.34298812252552613,0.3581087533631564,0.5161671615893751,1.0,,0.5220424992071043,0.0,410,0,379,0,0.5196451204055766,0.5,0.3419516263552961,0.3553869881005612,0.49452989252847673,1.0,,0.5196451204055766,0.0,1301,345,1155,352,0.5242626070409134,0.5119888071946147,0.476871978699249,0.4838132825343295,0.5161671615893751,0.7904009720534629,0.5050215208034433,0.5297231270358306,0.23357664233576642,0.486,98,312,85,294,0.4968314321926489,0.5073749919557242,0.46373854015973154,0.4585044602973824,0.49452989252847673,0.23902439024390243,0.48514851485148514,0.5355191256830601,0.7757255936675461,0.484
2,26,331993,215,225823,87020,0.6495811959054401,0.6387557540611666,0.5905233698647572,0.5951918631324962,0.9239333137587447,0.9993528151037904,0.9975353929042242,0.595165789435943,0.27815869301854285,78008,4984,72923,4749,0.5150936115122242,0.5005438715334173,0.3878105314645256,0.39705370958398883,0.4990320295798104,0.9399460188933874,0.4879276687557793,0.5168454459322472,0.061141724173447314,1666,0,1488,0,0.5282181357006975,0.5,0.34564315352697095,0.3651499643474531,0.5206267991067395,1.0,,0.5282181357006975,0.0,390,0,398,0,0.4949238578680203,0.5,0.3310696095076401,0.32770849672076047,0.5114869217884294,1.0,,0.4949238578680203,0.0,528,1138,427,1061,0.5038046924540266,0.5149822025584427,0.48921766123630395,0.4843461949009293,0.5206267991067395,0.3169267707082833,0.48249204183719874,0.5528795811518324,0.7130376344086021,0.484,63,327,56,342,0.5139593908629442,0.5104174719752609,0.4442969381498537,0.44629442783338324,0.5114869217884294,0.16153846153846155,0.5112107623318386,0.5294117647058824,0.8592964824120602,0.484
3,26,332213,122,244497,67970,0.6206292784451661,0.6085799356926151,0.5440584380572369,0.5498156746040039,0.9108524208557887,0.9996329005371086,0.9982083064089761,0.5760486206238837,0.21752697084812156,78862,4003,74197,3851,0.5140231056533655,0.5005169714156412,0.3790988180829531,0.3877632845375621,0.5018517319178804,0.9516925119169733,0.490323402088108,0.5152392214766854,0.04934143091430914,1645,0,1509,0,0.5215599239061509,0.5,0.3427797457803709,0.35756035625156,0.5377812154429049,1.0,,0.5215599239061509,0.0,411,0,377,0,0.5215736040609137,0.5,0.3427856547122602,0.35757589869730694,0.5175769779343905,1.0,,0.5215736040609137,0.0,1084,561,921,588,0.5301204819277109,0.524314296591273,0.5182052629951452,0.5214723391540745,0.5377812154429049,0.6589665653495441,0.5117493472584856,0.5406483790523691,0.38966202783300197,0.485,130,281,115,262,0.49746192893401014,0.5056309576823043,0.4829533404029693,0.47921627972073144,0.5175769779343905,0.31630170316301703,0.48250460405156537,0.5306122448979592,0.6949602122015915,0.484
4,26,331680,156,243608,68505,0.6214544940670768,0.6095088509832759,0.545548964545323,0.5512375168727004,0.8995613766757975,0.9995298882580552,0.9977279678420063,0.5765460082602105,0.2194878137084966,78945,4419,74240,4162,0.5137482536503344,0.5000384438001828,0.38158478076113767,0.39035408865833615,0.5000931615533891,0.9469915071253778,0.48502505535485374,0.5153572477723015,0.053085380474987884,1644,0,1510,0,0.5212428662016487,0.5,0.342642767819925,0.35720019676344744,0.5304531025926105,1.0,,0.5212428662016487,0.0,412,0,376,0,0.5228426395939086,0.5,0.3433333333333333,0.3590186125211506,0.5154926668043793,1.0,,0.5228426395939086,0.0,666,978,544,966,0.517438173747622,0.5224222941944217,0.5130324306360622,0.511064532046232,0.5304531025926105,0.4051094890510949,0.49691358024691357,0.5504132231404959,0.6397350993377483,0.484,98,314,73,303,0.5088832487309645,0.5218575707498451,0.47323200655013914,0.4669713006061893,0.5154926668043793,0.23786407766990292,0.49108589951377635,0.5730994152046783,0.8058510638297872,0.484
0,27,331407,132,233605,78763,0.6370019272969544,0.6258749820778386,0.5709510611884832,0.5759630984985538,0.9178337255060185,0.9996018567951281,0.9983268901704797,0.5865486042774313,0.2521481073605491,79693,3968,74510,3637,0.5149930782161575,0.4995554935095286,0.3774489918950174,0.38742082964581637,0.4998041006918347,0.9525704928222231,0.4782380013149244,0.516805769018761,0.04654049419683417,1568,0,1585,0,0.49730415477323187,0.5,0.3321330226646897,0.3303422642170843,0.5143951586943927,1.0,,0.49730415477323187,0.0,399,0,390,0,0.5057034220532319,0.5,0.33585858585858586,0.33968967238929215,0.48851616220037275,1.0,,0.5057034220532319,0.0,409,1159,376,1209,0.513162067871868,0.5118089309856435,0.47966431752436645,0.48037614471925083,0.5143951586943927,0.26084183673469385,0.5105574324324325,0.5210191082802548,0.762776025236593,0.484,345,54,336,54,0.5057034220532319,0.5015615962984384,0.42787817938420347,0.43028514565231774,0.48851616220037275,0.8646616541353384,0.5,0.5066079295154186,0.13846153846153847,0.486
1,27,332160,153,225298,87540,0.6505453761987504,0.6396824657991818,0.5918693987317534,0.5965407856223174,0.9295477020904279,0.9995395906870932,0.9982552769320242,0.5958475795485938,0.27982534091127037,78462,4425,73452,4225,0.5149784509603648,0.5005029849357303,0.38310563809816656,0.3923605561984676,0.5032302270587669,0.9466140649317746,0.4884393063583815,0.516489592795924,0.05439190493968614,1587,0,1566,0,0.5033301617507137,0.5,0.3348101265822785,0.3370400703368703,0.5110041597558709,1.0,,0.5033301617507137,0.0,380,0,409,0,0.4816223067173637,0.5,0.32506415739948674,0.313116298635754,0.4963518208724746,1.0,,0.4816223067173637,0.0,500,1087,462,1104,0.5087218522042499,0.5100203521427692,0.49000683228367337,0.4893561445049779,0.5110041597558709,0.315059861373661,0.5038795070743952,0.5197505197505198,0.7049808429118773,0.484,48,332,42,367,0.5259822560202788,0.5118131514605585,0.43335509639757275,0.4417757472723642,0.4963518208724746,0.12631578947368421,0.525035765379113,0.5333333333333333,0.8973105134474327,0.484
2,27,332615,163,229382,82891,0.6441444164879986,0.632477101250776,0.5814073754275066,0.5865587546579586,0.921084894545783,0.9995101839664882,0.9980374214366556,0.5918447963245356,0.2654440185350639,78169,4253,74358,3884,0.5107117960464074,0.4990202784803715,0.3776708794950849,0.3851570615127806,0.49826592633165745,0.9483996991094611,0.4773257957478186,0.5124928701147994,0.04964085785128192,1578,0,1576,0,0.5003170577045022,0.5,0.3334742180896027,0.333685679229799,0.5087746810522862,1.0,,0.5003170577045022,0.0,389,0,399,0,0.4936548223350254,0.5,0.33050127442650806,0.3263070958170346,0.49517753252024665,1.0,,0.4936548223350254,0.0,1117,461,1076,500,0.5126823081800888,0.5125584657054808,0.4932910715105121,0.49335392803132117,0.5087746810522862,0.7078580481622306,0.5202913631633714,0.5093479252165982,0.31725888324873097,0.485,337,52,338,61,0.5050761421319797,0.5096030564843986,0.4358699483082707,0.4333624775175566,0.49517753252024665,0.8663239074550129,0.5398230088495575,0.49925925925925924,0.15288220551378445,0.485
3,27,332036,77,239648,73041,0.6282192052754179,0.6166790380075108,0.5566990065108033,0.5620628488274654,0.9120798531784864,0.9997681512015488,0.9989469077381766,0.5808033808887427,0.23358992481347282,79652,3435,74467,3359,0.515875038064047,0.5009090879269295,0.37548762543542613,0.3851684372771308,0.5008319099004711,0.9586577924344362,0.49440682955549015,0.5168214172165664,0.04316038341942281,1575,0,1579,0,0.49936588459099557,0.5,0.3330513850708395,0.33262899904031207,0.519741045668848,1.0,,0.49936588459099557,0.0,392,0,396,0,0.49746192893401014,0.5,0.33220338983050846,0.3305170782070033,0.5392960214388786,1.0,,0.49746192893401014,0.0,820,755,758,821,0.520291693088142,0.5202921278285433,0.5202916448651775,0.5202918377570355,0.519741045668848,0.5206349206349207,0.5209390862944162,0.5196451204055766,0.5199493350221659,0.485,200,192,183,213,0.5241116751269036,0.5240414347557205,0.5239821191252869,0.5240219825103998,0.5392960214388786,0.5102040816326531,0.5259259259259259,0.5221932114882507,0.5378787878787878,0.485
4,27,331885,172,222585,89307,0.6540766427154946,0.6429107593885379,0.5968702251353379,0.6016256745598689,0.9265291306491583,0.9994820166417212,0.9980777612624191,0.5985625913034068,0.28633950213535453,78448,4695,74270,4353,0.511856632419668,0.4994482515779687,0.3822542151373349,0.39016032116495003,0.5015094117817697,0.943531024860782,0.48110079575596815,0.5136788066894538,0.05536547829515536,1560,0,1594,0,0.49461001902346224,0.5,0.3309291472210437,0.32736174360483716,0.5154686645433195,1.0,,0.49461001902346224,0.0,407,0,381,0,0.516497461928934,0.5,0.34058577405857743,0.3518233757407132,0.48328142028929433,1.0,,0.516497461928934,0.0,1022,538,1010,584,0.5091946734305643,0.5107510536306019,0.49954324943992706,0.4987940521438502,0.5154686645433195,0.6551282051282051,0.5204991087344029,0.5029527559055118,0.36637390213299875,0.485,0,407,0,381,0.48350253807106597,0.5,0.32591958939264326,0.3151658973568454,0.48328142028929433,0.0,0.48350253807106597,,1.0,0.0
0,28,331338,175,234423,77971,0.6356647776775217,0.624531989395823,0.568921020302439,0.5739574847877673,0.914963061124712,0.9994721172322051,0.9977606019501958,0.5856501243457927,0.24959186155944096,79428,4259,74221,3900,0.5149807178878671,0.49951527087176073,0.3798664480321274,0.3898236298192401,0.5008544693298638,0.9491079857086525,0.4779997548719206,0.5169444643310402,0.04992255603486898,1600,0,1553,0,0.507453219156359,0.5,0.3366294971596886,0.34164744399334074,0.5291548615582743,1.0,,0.507453219156359,0.0,395,0,394,0,0.5006337135614702,0.5,0.33361486486486486,0.3340376973932107,0.5045878044078905,1.0,,0.5006337135614702,0.0,1136,464,1043,510,0.5220424992071043,0.5191983258209916,0.5024289669452946,0.5039015484409896,0.5291548615582743,0.71,0.5236139630390144,0.5213400642496558,0.3283966516419833,0.486,31,364,17,377,0.5171102661596958,0.5176669022682002,0.4021360169449389,0.4018037214269771,0.5045878044078905,0.07848101265822785,0.5087719298245614,0.6458333333333334,0.9568527918781726,0.484
1,28,332537,119,239109,73386,0.6291906855914352,0.617240615261128,0.5578469875767006,0.563397266355,0.9125838264097618,0.999642273098937,0.9983810625127543,0.5817184061464613,0.23483895742331878,78825,3719,74532,3488,0.5126491617049899,0.4998258634211863,0.37507040566543337,0.38333203397984666,0.49957863399422586,0.9549452413258384,0.48397391425003466,0.5139967526751306,0.04470648551653422,1618,0,1535,0,0.513162067871868,0.5,0.3391322573883882,0.3480596209669598,0.5082266682235277,1.0,,0.513162067871868,0.0,377,0,412,0,0.47782002534854245,0.5,0.32332761578044594,0.30898481913619297,0.5073073060183874,1.0,,0.47782002534854245,0.0,669,949,604,931,0.507453219156359,0.5099940409803393,0.5040286079938092,0.5029437120911694,0.5082266682235277,0.4134734239802225,0.4952127659574468,0.5255302435192458,0.606514657980456,0.484,111,266,110,302,0.523447401774398,0.5137197084803379,0.4937819944031124,0.4992180638166988,0.5073073060183874,0.29442970822281167,0.5316901408450704,0.502262443438914,0.7330097087378641,0.484
2,28,332628,91,240456,71876,0.6270884007621103,0.614926706081084,0.5542503727428634,0.5599452432605523,0.9135274238010526,0.9997264959320027,0.9987355315630775,0.5804175304143895,0.23012691623016535,79039,3442,74997,3186,0.5117823532340786,0.4995098619689436,0.37174482029602196,0.3796796589519455,0.498786334102271,0.9582691771438271,0.4806879903439952,0.5131203095380301,0.04075054679406009,1592,0,1562,0,0.5047558655675333,0.5,0.33544037083860095,0.3386309894578648,0.5223351874609926,1.0,,0.5047558655675333,0.0,403,0,385,0,0.5114213197969543,0.5,0.33837111670864817,0.3461004061766122,0.5102897102897103,1.0,,0.5114213197969543,0.0,367,1225,313,1249,0.5123652504755866,0.5150717576358104,0.47099650679099375,0.46958940666566745,0.5223351874609926,0.2305276381909548,0.5048504446240906,0.5397058823529411,0.7996158770806658,0.483,29,374,24,361,0.4949238578680203,0.5048113177145435,0.38591791979949874,0.38000795930180786,0.5102897102897103,0.07196029776674938,0.49115646258503404,0.5471698113207547,0.9376623376623376,0.483
3,28,332189,72,238176,74365,0.630509830924842,0.6188600427897464,0.5601936205569292,0.5655718462785658,0.9167189295752085,0.9997833028853823,0.9990327390948051,0.5824147694897127,0.23793678269411053,79295,3644,74459,3515,0.5146259158675807,0.5005716121196854,0.3763003568619279,0.38536325473027133,0.5024186378534808,0.9560640952989546,0.4909903617823718,0.5157264201256553,0.04507912894041603,1561,0,1593,0,0.4949270767279645,0.5,0.3310710498409332,0.3277120537740626,0.516664233696992,1.0,,0.4949270767279645,0.0,434,0,354,0,0.550761421319797,0.5,0.35515548281505727,0.3912118770094793,0.5156343565310214,1.0,,0.550761421319797,0.0,1282,279,1263,330,0.5110970196575777,0.5142123632660989,0.462089770934009,0.46044246845590586,0.516664233696992,0.8212684176809737,0.541871921182266,0.5037328094302554,0.2071563088512241,0.486,287,147,214,140,0.5418781725888325,0.5283852742846729,0.525360608007208,0.5343497587999287,0.5156343565310214,0.6612903225806451,0.4878048780487805,0.5728542914171657,0.3954802259887006,0.485
4,28,331386,265,216708,95590,0.6630587204887344,0.652643410588915,0.6108855429592382,0.615167666085705,0.9310558013785988,0.9992009672818716,0.9972354076469667,0.604615266724321,0.3060858538959583,78270,5279,73230,4987,0.5146755189594847,0.5002870196998886,0.3893555058265607,0.39847366842941195,0.4996422852910895,0.9368155214305378,0.4857782972920319,0.5166336633663366,0.06375851796923943,1609,0,1545,0,0.510145846544071,0.5,0.33781230317027083,0.3446670867476004,0.5217178452113014,1.0,,0.510145846544071,0.0,386,0,402,0,0.48984771573604063,0.5,0.3287904599659284,0.3221145115402243,0.5114002526228959,1.0,,0.48984771573604063,0.0,1406,203,1295,250,0.5250475586556753,0.5178234888300237,0.451343222572921,0.45542373944947484,0.5217178452113014,0.8738346799254195,0.5518763796909493,0.5205479452054794,0.16181229773462782,0.487,204,182,191,211,0.5266497461928934,0.5266865156084861,0.5266123901786937,0.5266977753540073,0.5114002526228959,0.5284974093264249,0.5368956743002544,0.5164556962025316,0.5248756218905473,0.485
0,29,331608,89,227404,84806,0.6466989798216202,0.6356814783265622,0.5858573211881808,0.5906612587648205,0.9376807725003661,0.9997316828310174,0.9989516461511279,0.59320372371255,0.2716312738221069,79382,4121,74445,3860,0.5144492237713834,0.499971452669329,0.37921436805451303,0.38852226217829544,0.4990469530337236,0.9506484796953403,0.4836486655807543,0.5160472478823613,0.0492944256433178,1620,0,1533,0,0.5137963843958135,0.5,0.33940917661847897,0.34877441555466915,0.5050075298172712,1.0,,0.5137963843958135,0.0,396,0,393,0,0.5019011406844106,0.5,0.3341772151898734,0.3354478509890744,0.4881705091628755,1.0,,0.5019011406844106,0.0,498,1122,445,1088,0.5030130034887409,0.5085634558237297,0.4849794789264059,0.4823202981858582,0.5050075298172712,0.3074074074074074,0.49230769230769234,0.528101802757158,0.7097195042400521,0.484,50,346,40,353,0.5107731305449936,0.5122407278895829,0.4261407316962873,0.4253027871532308,0.4881705091628755,0.12626262626262627,0.5050071530758226,0.5555555555555556,0.8982188295165394,0.484
1,29,332718,46,245534,66853,0.6193449285516104,0.6069343744092389,0.54147654859134,0.5474447052815792,0.9280696513820041,0.9998617638927287,0.9993123962988983,0.5753858179478843,0.21400698492574916,79396,3040,75302,2826,0.5120824095064896,0.4996471592427141,0.3684601751496664,0.37654068429958404,0.4991544256769053,0.9631229074676112,0.4817592908285032,0.5132322331251858,0.036171411017816915,1618,0,1535,0,0.513162067871868,0.5,0.3391322573883882,0.3480596209669598,0.5138458627090187,1.0,,0.513162067871868,0.0,398,0,391,0,0.5044359949302915,0.5,0.33529907329401853,0.33827384327254595,0.5170802863421969,1.0,,0.5044359949302915,0.0,786,832,705,830,0.5125277513479226,0.5132507660158719,0.5124328020207912,0.5122536930627934,0.5138458627090187,0.4857849196538937,0.4993983152827918,0.5271629778672032,0.5407166123778502,0.484,360,38,336,55,0.5259822560202788,0.5225937873510776,0.4427040053182649,0.44461530943273736,0.5170802863421969,0.9045226130653267,0.5913978494623656,0.5172413793103449,0.14066496163682865,0.485
2,29,332554,67,236709,75721,0.6329344501442522,0.6210800292583218,0.5637801921557402,0.5692167739931444,0.9287532164201484,0.9997985695431136,0.999115955032459,0.5841834090745402,0.24236148897353008,78952,3627,74655,3430,0.5127595478763133,0.5000024561189383,0.37456455622924234,0.3827879652022825,0.5004264240424267,0.9560784218748107,0.486042227575457,0.5139869927802769,0.04392649036306589,1620,0,1534,0,0.5136334812935954,0.5,0.33933808127356513,0.34859080004006054,0.49898232652469937,1.0,,0.5136334812935954,0.0,396,0,392,0,0.5025380710659898,0.5,0.3344594594594595,0.33615722321306085,0.5209299628942486,1.0,,0.5025380710659898,0.0,42,1578,31,1503,0.489854153455929,0.5028586604857791,0.35048517283902425,0.34228138616342274,0.49898232652469937,0.025925925925925925,0.4878286270691334,0.5753424657534246,0.9797913950456323,0.481,330,66,308,84,0.5253807106598984,0.5238095238095238,0.47413048598571095,0.4749638229722831,0.5209299628942486,0.8333333333333334,0.56,0.5172413793103449,0.21428571428571427,0.485
3,29,332022,98,236366,76316,0.6332765717227924,0.6218869900566153,0.5648419057824761,0.570044102979835,0.9269534490389684,0.9997049259303866,0.9987175124977098,0.5841467448292363,0.24406905418284391,79133,3947,74192,3641,0.514402192489109,0.49963560899101894,0.3773590619999857,0.386884115060925,0.4972310531144045,0.9524915743861339,0.4798365840801265,0.5161128322191424,0.04677964359590405,1608,0,1546,0,0.5098287888395688,0.5,0.3376732465350693,0.344311084608999,0.5097088940806962,1.0,,0.5098287888395688,0.0,408,0,380,0,0.5177664974619289,0.5,0.3411371237458194,0.3532587474322191,0.5092556759545923,1.0,,0.5177664974619289,0.0,887,721,820,726,0.5114140773620799,0.5106079402470185,0.5101376313459409,0.5106291819856963,0.5097088940806962,0.5516169154228856,0.5017277125086386,0.5196250732278852,0.46959896507115134,0.485,384,24,350,30,0.5253807106598984,0.510061919504644,0.40537661310499007,0.41486846262910704,0.5092556759545923,0.9411764705882353,0.5555555555555556,0.5231607629427792,0.07894736842105263,0.486
4,29,331484,114,226937,85414,0.6474084127780305,0.63655569683096,0.5871192866911101,0.5918349562558477,0.9327741506607767,0.9996562102304598,0.9986671031708914,0.5936094810188012,0.27345518343146014,78885,4717,73761,4403,0.5148671537900424,0.49995409237953714,0.3843521145510736,0.3938811387902389,0.50059490838046,0.9435779048348125,0.48278508771929823,0.5167839314492355,0.05633027992426181,1598,0,1556,0,0.5066582117945466,0.5,0.3362794612794613,0.34075750103017066,0.5086246143154521,1.0,,0.5066582117945466,0.0,418,0,370,0,0.5304568527918782,0.5,0.3466003316749585,0.36771304223383927,0.5116384326910642,1.0,,0.5304568527918782,0.0,833,765,781,775,0.5098287888395688,0.5096742875895641,0.5096629725094204,0.5097830464036658,0.5086246143154521,0.5212765957446809,0.5032467532467533,0.5161090458488228,0.4980719794344473,0.485,377,41,328,42,0.5317258883248731,0.5077136945557998,0.4284231569884357,0.44322474237395504,0.5116384326910642,0.9019138755980861,0.5060240963855421,0.5347517730496454,0.11351351351351352,0.486
0,30,331626,58,252292,59931,0.6080955790199516,0.5958872393326289,0.5232075691874144,0.5292879370975747,0.8947882753883866,0.9998251347668262,0.9990331560786144,0.5679324836706524,0.19194934389843157,80250,3266,75241,3051,0.5148138534559478,0.4999316098815071,0.3718242180964812,0.3815002223856281,0.5011667400585429,0.9608937209636477,0.4829824283678962,0.5161070415651067,0.038969498799366474,1688,0,1465,0,0.5353631462099587,0.5,0.3486882875438959,0.3733497173321258,0.517381476149653,1.0,,0.5353631462099587,0.0,415,0,374,0,0.5259822560202788,0.5,0.3446843853820598,0.36259574127643807,0.5115069905289608,1.0,,0.5259822560202788,0.0,183,1505,126,1339,0.48271487472248653,0.5112027481681575,0.4023824086094331,0.38688574775890466,0.517381476149653,0.10841232227488151,0.47081575246132207,0.5922330097087378,0.9139931740614334,0.483,257,158,217,157,0.5247148288973384,0.5195316023452097,0.5169553370415055,0.520136728702397,0.5115069905289608,0.619277108433735,0.4984126984126984,0.5421940928270043,0.4197860962566845,0.485
1,30,332615,56,256422,56058,0.602452759121508,0.5896143734662987,0.512954119076556,0.5194882767407902,0.8959831757514778,0.9998316655193871,0.9990020315785721,0.5646759032115131,0.17939708141321045,79699,2830,75359,2676,0.5130353005655066,0.5000006641149132,0.36748403134867796,0.37597639601715915,0.5017642094658404,0.9657090234947715,0.4860152560842717,0.5139947632498807,0.034292304735054784,1675,0,1478,0,0.5312400888043134,0.5,0.34693454846727423,0.3686110806740782,0.5112794619594854,1.0,,0.5312400888043134,0.0,428,0,361,0,0.5424588086185045,0.5,0.35168447000821695,0.381548677220575,0.5275519714189556,1.0,,0.5424588086185045,0.0,1174,501,999,479,0.5242626070409134,0.5124910629531638,0.49996743629778617,0.506853981098356,0.5112794619594854,0.7008955223880597,0.4887755102040816,0.5402669121030833,0.32408660351826796,0.485,146,282,102,259,0.5133079847908745,0.5292865094364045,0.5031160209396607,0.4970729981252241,0.5275519714189556,0.3411214953271028,0.4787430683918669,0.5887096774193549,0.7174515235457064,0.484
2,30,332200,93,244677,68081,0.6205416315919207,0.6086998051665062,0.5441103978626085,0.5497634714805689,0.9063796207644963,0.9997201265148529,0.9986358435767302,0.5758593252981138,0.2176794838181597,79380,3527,74354,3403,0.5152554399243141,0.5006114527417852,0.3756280930068762,0.38509254720518366,0.500122317896108,0.9574583569541776,0.4910533910533911,0.516346416537656,0.04376454852939285,1682,0,1472,0,0.533291058972733,0.5,0.347808105872622,0.3709659062002221,0.4995189635785555,1.0,,0.533291058972733,0.0,421,0,367,0,0.5342639593908629,0.5,0.348221670802316,0.372084577177094,0.4994401548149922,1.0,,0.5342639593908629,0.0,1549,133,1347,125,0.5307545973367153,0.502922972780851,0.4106116965532567,0.4283293996182331,0.4995189635785555,0.9209274673008323,0.4844961240310077,0.5348756906077348,0.08491847826086957,0.487,395,26,339,28,0.5368020304568528,0.5072682791070955,0.4084996555305344,0.4273779341300472,0.4994401548149922,0.9382422802850356,0.5185185185185185,0.5381471389645777,0.07629427792915532,0.486
3,30,332271,151,231701,80679,0.6404291549964175,0.6289088672708026,0.5758556097891617,0.5809995849276551,0.919341625830618,0.9995457581026527,0.9981318817270816,0.589162227912024,0.25827197643895256,78492,4286,74083,4052,0.5129728486822072,0.5000409599217873,0.3803660967444137,0.3886370955252731,0.49778400937102674,0.9482229577907173,0.48596785799952025,0.5144486318204162,0.051858962052857234,1691,0,1463,0,0.536144578313253,0.5,0.34901960784313724,0.37424994094023145,0.516909714208105,1.0,,0.536144578313253,0.0,412,0,376,0,0.5228426395939086,0.5,0.3433333333333333,0.3590186125211506,0.4830032534600289,1.0,,0.5228426395939086,0.0,1115,576,922,541,0.5250475586556753,0.5145806293056441,0.5087779053132382,0.5152404157001295,0.516909714208105,0.6593731519810763,0.4843330349149508,0.5473735886107021,0.3697881066302119,0.485,1,411,0,376,0.4784263959390863,0.5012135922330098,0.3257231131810318,0.31106359803625855,0.4830032534600289,0.0024271844660194173,0.4777636594663278,1.0,1.0,0.481
4,30,331624,106,240769,71450,0.6259408741996649,0.6142631205754248,0.5529675979939326,0.5584400187279416,0.9150827639816774,0.9996804630271606,0.9985186427413494,0.5793641781083976,0.2288457781236888,79775,3695,74804,3492,0.5147373366467614,0.5001662890515628,0.3759703078502182,0.38538237353973376,0.4999977112226865,0.955732598538397,0.4858772784193683,0.5160791569359356,0.04459997956472872,1676,0,1478,0,0.5313887127457197,0.5,0.34699792960662523,0.36878156627818887,0.5101076730794695,1.0,,0.5313887127457197,0.0,427,0,361,0,0.5418781725888325,0.5,0.351440329218107,0.38087568674145095,0.4980181255554762,1.0,,0.5418781725888325,0.0,1330,346,1134,344,0.5307545973367153,0.5131515206319577,0.4799276253632101,0.49013425868040483,0.5101076730794695,0.7935560859188544,0.4985507246376812,0.5397727272727273,0.2327469553450609,0.486,88,339,67,294,0.4847715736040609,0.5102467125536014,0.44697739702821737,0.434868583173821,0.4980181255554762,0.20608899297423888,0.46445497630331756,0.567741935483871,0.814404432132964,0.484
0,31,331406,162,234121,78218,0.636153978757802,0.624969016117401,0.569611205048572,0.5746649635033755,0.9154896991483794,0.9995114124402837,0.997933146210768,0.5860126925858535,0.25042661979451813,79562,4070,74439,3737,0.5148014931276574,0.49956840602233704,0.37827248062576296,0.3880964475523747,0.5004366072728048,0.9513344174478668,0.4786729857819905,0.5166330088765657,0.047802394596807206,1641,0,1512,0,0.5204567078972407,0.5,0.3423028785982478,0.35630765859798585,0.5061958123353614,1.0,,0.5204567078972407,0.0,401,0,388,0,0.5082382762991128,0.5,0.3369747899159664,0.3425269727662929,0.4460691055865491,1.0,,0.5082382762991128,0.0,198,1443,142,1370,0.49730415477323187,0.5133713956840099,0.4167125262245669,0.4078419459491593,0.5061958123353614,0.1206581352833638,0.4870245289726271,0.5823529411764706,0.906084656084656,0.483,2,399,0,388,0.49429657794676807,0.5024937655860349,0.33517554511377434,0.32981654659867354,0.4460691055865491,0.004987531172069825,0.49301143583227447,1.0,1.0,0.48
1,31,332184,165,218687,94115,0.6607739893451301,0.6501903830892364,0.6072998201230493,0.6116903942246082,0.9296334602215085,0.9995035339357121,0.9982498939329656,0.6030159511028897,0.3008772322427606,78316,4535,73460,4253,0.5142435415161556,0.49999509582810514,0.3829564379817039,0.39206426696459706,0.4979615585712561,0.9452631833049692,0.4839553937187073,0.5159972591187012,0.054727008351241106,1629,0,1524,0,0.5166508087535681,0.5,0.34065244667503136,0.3519967241570733,0.5113469932280564,1.0,,0.5166508087535681,0.0,413,0,376,0,0.523447401774398,0.5,0.34359400998336104,0.35970678358207375,0.4765854412446551,1.0,,0.523447401774398,0.0,1172,457,1050,474,0.5220424992071043,0.5152417066651199,0.49741189238016315,0.5011170696249035,0.5113469932280564,0.7194597912829958,0.5091299677765844,0.5274527452745275,0.3110236220472441,0.486,8,405,5,371,0.4803548795944233,0.5030362938540003,0.3408279538341158,0.32660620107066846,0.4765854412446551,0.01937046004842615,0.47809278350515466,0.6153846153846154,0.9867021276595744,0.483
2,31,332529,83,242354,70085,0.6241583998784592,0.6120331232184717,0.5496026757221713,0.5553334701903427,0.9183514271571513,0.9997504599954301,0.9988171246152092,0.5784290020752049,0.22431578644151337,79296,3292,75113,2963,0.5119939750037344,0.49904484497190615,0.3697218732296878,0.3781314958464394,0.4998070070024502,0.9601394875768877,0.4737010391686651,0.5135451949044421,0.037950202366924535,1652,0,1502,0,0.5237793278376665,0.5,0.34373699542238867,0.3600846648305555,0.49809858042384164,1.0,,0.5237793278376665,0.0,390,0,398,0,0.4949238578680203,0.5,0.3310696095076401,0.32770849672076047,0.49412446849632774,1.0,,0.4949238578680203,0.0,1079,573,975,527,0.5091946734305643,0.5020066062038347,0.4936859976944963,0.4979003117532105,0.49809858042384164,0.6531476997578692,0.47909090909090907,0.5253164556962026,0.35086551264980026,0.485,15,375,15,383,0.5050761421319797,0.5003865481252416,0.3670291646070193,0.3700301858575619,0.49412446849632774,0.038461538461538464,0.5052770448548812,0.5,0.9623115577889447,0.483
3,31,332223,177,232544,79858,0.6390814544619898,0.6275466366324681,0.5737948311126375,0.5789682976937416,0.9149095857592109,0.9994675090252707,0.9977884675454489,0.5882478969203229,0.25562576423966554,79005,3795,74480,3633,0.5135570152815496,0.5003381052663023,0.37683402505513197,0.38533613001707034,0.4998990566496907,0.9541666666666667,0.48909531502423265,0.5147408541551292,0.04650954386593781,1632,0,1522,0,0.517438173747622,0.5,0.34099456748850815,0.3528872125182278,0.5125399371312257,1.0,,0.517438173747622,0.0,410,0,378,0,0.5203045685279187,0.5,0.34223706176961605,0.35613501351660554,0.5358046199509614,1.0,,0.5203045685279187,0.0,617,1015,545,977,0.5053899809765378,0.5099911268712478,0.4988610849576436,0.496866144507426,0.5125399371312257,0.37806372549019607,0.4904618473895582,0.5309810671256454,0.6419185282522996,0.484,106,304,71,307,0.5241116751269036,0.535352948767583,0.49099377651612375,0.48572127524475583,0.5358046199509614,0.25853658536585367,0.502454991816694,0.5988700564971752,0.8121693121693122,0.484
4,31,331689,182,223828,88250,0.652130836448228,0.6411167313894565,0.5941253159702886,0.5988415005866395,0.9286247409069319,0.9994515941435076,0.9979419214763886,0.5970816374656401,0.2827818686354053,79127,4202,74254,4183,0.5150031527020511,0.501451400714751,0.38245726371047833,0.3911092503798151,0.5022707559925413,0.9495733778156464,0.4988670244484198,0.5158852791414843,0.0533294236138557,1614,0,1540,0,0.5117311350665821,0.5,0.338506711409396,0.3464488473143723,0.5126816492058127,1.0,,0.5117311350665821,0.0,428,0,360,0,0.5431472081218274,0.5,0.3519736842105263,0.3823470478226022,0.5197494807892005,1.0,,0.5431472081218274,0.0,1277,337,1187,353,0.5168040583386176,0.510211380936288,0.47143966201668364,0.4750727413757996,0.5126816492058127,0.7912019826517968,0.5115942028985507,0.518262987012987,0.2292207792207792,0.486,288,140,225,135,0.5368020304568528,0.5239485981308412,0.5186558109566803,0.5267207974012015,0.5197494807892005,0.6728971962616822,0.4909090909090909,0.5614035087719298,0.375,0.485
0,32,331582,216,227522,84587,0.6463184900925134,0.6351832492966376,0.5852995701321839,0.5901636423405238,0.9190954171035708,0.9993490015009132,0.997452920297631,0.5930596096611722,0.27101749709236195,78539,4863,73889,4517,0.5132997132403837,0.49965121635724,0.3844869428733281,0.3931809608781619,0.497451338522688,0.9416920457542984,0.48155650319829424,0.5152531031044165,0.05761038696018162,1656,0,1497,0,0.5252140818268316,0.5,0.34435433562071116,0.3617194924122409,0.5037276646691128,1.0,,0.5252140818268316,0.0,406,0,383,0,0.514575411913815,0.5,0.3397489539748954,0.3496529158778391,0.4747135011382783,1.0,,0.514575411913815,0.0,537,1119,463,1034,0.49825562955915004,0.507495062588946,0.48547140617263573,0.48138148360029015,0.5037276646691128,0.3242753623188406,0.48026010218300047,0.537,0.6907147628590514,0.484,13,393,10,373,0.4892268694550063,0.5029550219295424,0.3549331434448928,0.34635326650535775,0.4747135011382783,0.03201970443349754,0.4869451697127937,0.5652173913043478,0.9738903394255874,0.483
1,32,332329,140,225235,87447,0.6506631780776904,0.6396232148720628,0.5918601045422737,0.5966115212084446,0.930149399071967,0.999578908108726,0.9984015892769474,0.5960374055713783,0.27966752163539954,78098,4633,73424,4409,0.5138574026556388,0.5003230749749545,0.38414275394982,0.3927646968362902,0.4995929765006066,0.9439992264084806,0.4876133598761336,0.5154235028576708,0.056646923541428446,1620,0,1533,0,0.5137963843958135,0.5,0.33940917661847897,0.34877441555466915,0.5054081805223357,1.0,,0.5137963843958135,0.0,442,0,347,0,0.5602027883396705,0.5,0.35905767668562144,0.40229022330809805,0.5025167238254202,1.0,,0.5602027883396705,0.0,1307,313,1212,321,0.5163336504915953,0.5080917349182189,0.46390781443143336,0.4685336234955653,0.5054081805223357,0.8067901234567901,0.5063091482649842,0.518856689162366,0.20939334637964774,0.486,27,415,11,336,0.4600760456273764,0.5146928423331203,0.36226092896174866,0.3321883202781414,0.5025167238254202,0.06108597285067873,0.4474034620505992,0.7105263157894737,0.968299711815562,0.483
2,32,332383,191,218669,93808,0.6607089982032428,0.6498166935060622,0.6069416258534843,0.6114708635444122,0.9310230005712823,0.9994256917257512,0.9979680634900371,0.6031790103293337,0.3002076952863731,77681,4945,73372,4666,0.5125417019369616,0.4999716969739924,0.38566116847655724,0.39363388487067263,0.4979967575173004,0.9401520102631133,0.48548538133388824,0.5142632056298121,0.059791383684871476,1656,0,1498,0,0.5250475586556753,0.5,0.3442827442827443,0.3615296287458621,0.5142496758963643,1.0,,0.5250475586556753,0.0,406,0,382,0,0.5152284263959391,0.5,0.34003350083752093,0.3503898511168363,0.4734093312356537,1.0,,0.5152284263959391,0.0,1379,277,1193,305,0.5339251743817375,0.5181671375037893,0.47279355578196636,0.4817868479037205,0.5142496758963643,0.8327294685990339,0.5240549828178694,0.536158631415241,0.20360480640854473,0.486,51,355,37,345,0.5025380710659898,0.5143785624016712,0.4220928405187574,0.41552588292306497,0.4734093312356537,0.12561576354679804,0.4928571428571429,0.5795454545454546,0.9031413612565445,0.483
3,32,332160,137,225584,86921,0.649937500193858,0.638865233965969,0.5907364535850537,0.5955142707939048,0.926038737852248,0.9995877182159333,0.998426336465345,0.5955420407929086,0.27814274971600456,78309,4594,73809,4201,0.5127615543803173,0.49921895576589836,0.3815958416471393,0.3902560919899287,0.49961839575898626,0.9445858412843926,0.4776577600909608,0.5147911489764525,0.05385207024740418,1658,0,1496,0,0.5256816740646798,0.5,0.34455527847049044,0.36225279118837866,0.515118724318327,1.0,,0.5256816740646798,0.0,404,0,384,0,0.5126903553299492,0.5,0.3389261744966443,0.34752836166660994,0.5397457714521452,1.0,,0.5126903553299492,0.0,1373,285,1191,305,0.5320228281547241,0.5159915786689717,0.47141417394072865,0.4806076214900425,0.515118724318327,0.8281061519903499,0.5169491525423728,0.5354914196567863,0.2038770053475936,0.486,104,300,76,308,0.5228426395939086,0.5297545379537953,0.48856606274856385,0.4852056140382359,0.5397457714521452,0.25742574257425743,0.506578947368421,0.5777777777777777,0.8020833333333334,0.484
4,32,331295,367,220993,91294,0.6562460691762857,0.6456167553756821,0.6007936352291351,0.6052702453587847,0.9183449219233983,0.9988934517671605,0.9959961161235422,0.59985913146764,0.2923400589842036,77633,5905,72762,5466,0.5136987995005131,0.499593142821534,0.39286512214867136,0.4017559839932579,0.5004411373061532,0.929313605784194,0.4806965086623868,0.5161940224076599,0.06987267985887406,1658,0,1496,0,0.5256816740646798,0.5,0.34455527847049044,0.36225279118837866,0.5077444153448198,1.0,,0.5256816740646798,0.0,404,0,384,0,0.5126903553299492,0.5,0.3389261744966443,0.34752836166660994,0.48709519389438943,1.0,,0.5126903553299492,0.0,1463,195,1288,208,0.5298034242232086,0.5107129264689756,0.44135260694560446,0.45277016264199643,0.5077444153448198,0.882388419782871,0.5161290322580645,0.5318066157760815,0.13903743315508021,0.487,70,334,64,320,0.4949238578680203,0.5033003300330033,0.43839668794006204,0.43387451434582536,0.48709519389438943,0.17326732673267325,0.4892966360856269,0.5223880597014925,0.8333333333333334,0.484
0,33,331741,130,243836,68200,0.621116092851918,0.6090864030686061,0.5448767575762766,0.550614791564128,0.9040059512337788,0.9996082815310768,0.998097468169179,0.5763625023237551,0.21856452460613518,79096,4233,74469,4010,0.5136087214476417,0.5001489150691102,0.3801274388711074,0.38874934202876915,0.4991592539022225,0.9492013584706405,0.486473371345384,0.5150652818024941,0.051096471667579864,1630,0,1523,0,0.5169679670155407,0.5,0.34079029897553836,0.35235533608000474,0.5213245571986191,1.0,,0.5169679670155407,0.0,402,0,387,0,0.5095057034220533,0.5,0.33753148614609574,0.3439484345519151,0.49175312070140254,1.0,,0.5095057034220533,0.0,1065,565,942,581,0.5220424992071043,0.5174290732288952,0.5105082818824428,0.5130582018281841,0.5213245571986191,0.6533742331288344,0.5069808027923212,0.5306427503736921,0.381483913328956,0.485,302,100,280,107,0.5183776932826363,0.5138647846041112,0.4870452492403712,0.48945543724362234,0.49175312070140254,0.7512437810945274,0.5169082125603864,0.5189003436426117,0.27648578811369506,0.485
1,33,331895,194,228370,84692,0.6457201492363803,0.6349718509545521,0.5847537668250227,0.5894462962770961,0.9214020170772013,0.9994158192532725,0.9977145819098556,0.5923893157702159,0.2705278826558318,77962,5149,72626,4827,0.515613711666376,0.5001841873306133,0.38881057186846774,0.39862054199189106,0.49820255900374566,0.9380467086185944,0.48386126704089816,0.5177172151831487,0.062321666042632305,1616,0,1537,0,0.5125277513479226,0.5,0.33885510589222056,0.34734529091140404,0.5187153352615679,1.0,,0.5125277513479226,0.0,416,0,373,0,0.5272496831432193,0.5,0.34522821576763485,0.36404293475116883,0.5173102701587956,1.0,,0.5272496831432193,0.0,1403,213,1299,238,0.5204567078972407,0.5115200870282214,0.4446372538146899,0.4497786588554809,0.5187153352615679,0.8681930693069307,0.5277161862527716,0.5192450037009623,0.15484710474951205,0.487,216,200,187,186,0.5095057034220533,0.5089451433285214,0.5087955522738131,0.5098134355862907,0.5173102701587956,0.5192307692307693,0.48186528497409326,0.5359801488833746,0.49865951742627346,0.485
2,33,332609,92,232490,79860,0.6394362616289254,0.6276990996501763,0.5740388113133443,0.5793045235866764,0.9307987193085145,0.9997234754328962,0.9988493095857515,0.5885853629187098,0.2556747238674564,78020,4479,73979,4186,0.5116640940098591,0.4996309067492931,0.3809198710489018,0.38859445812684407,0.4992045494009144,0.9457084328294888,0.48309290248124637,0.5132928506108593,0.05355338066909742,1618,0,1536,0,0.5129993658845909,0.5,0.3390611902766136,0.3478763512159548,0.5343241398846312,1.0,,0.5129993658845909,0.0,414,0,374,0,0.5253807106598984,0.5,0.34442595673876875,0.3619095078422595,0.5032550569634969,1.0,,0.5253807106598984,0.0,1174,444,1022,514,0.5351934051997463,0.530111280644829,0.5139079464548162,0.5165525034503984,0.5343241398846312,0.7255871446229913,0.5365344467640919,0.5346083788706739,0.3346354166666667,0.485,401,13,355,19,0.5329949238578681,0.5097005864269292,0.389533072291693,0.40455525570176365,0.5032550569634969,0.9685990338164251,0.59375,0.5304232804232805,0.05080213903743316,0.486
3,33,332184,109,229008,83501,0.644670767150226,0.6334337405036505,0.5825824063584182,0.5875218518770309,0.9309099960829464,0.9996719762378383,0.9986963281904079,0.5919257580293376,0.26719550476946263,78321,4586,73627,4379,0.5139423166555841,0.5004108579681328,0.38383673610903024,0.3924603525957179,0.5010663646825497,0.9446850085035039,0.48845510317902957,0.5154460736567773,0.056136707432761584,1643,0,1511,0,0.5209258084971464,0.5,0.3425057327496352,0.35684015149502263,0.5267003226088416,1.0,,0.5209258084971464,0.0,389,0,399,0,0.4936548223350254,0.5,0.33050127442650806,0.3263070958170346,0.4566300068938413,1.0,,0.4936548223350254,0.0,1054,589,912,599,0.5240963855421686,0.5189678208858309,0.5139817082792175,0.5169160761884694,0.5267003226088416,0.6415094339622641,0.5042087542087542,0.5361139369277721,0.39642620780939775,0.485,389,0,398,1,0.4949238578680203,0.5012531328320802,0.3332823129251701,0.3291162937256121,0.4566300068938413,1.0,1.0,0.49428208386277,0.002506265664160401,0.488
4,33,331725,121,225551,86552,0.6495498867146311,0.6384770393590902,0.5901369365327239,0.5949212719833706,0.9338151828669439,0.9996353730344798,0.9986039481730181,0.5952615938960228,0.2773187056837006,78503,4851,73866,4546,0.5133897110641297,0.4998891265120818,0.38480217676482587,0.39339473182394347,0.4976186744334551,0.9418024329966168,0.4837714164094924,0.515216349782436,0.0579758200275468,1621,0,1533,0,0.5139505389980976,0.5,0.3394764397905759,0.34894819841504343,0.5255024863249111,1.0,,0.5139505389980976,0.0,411,0,377,0,0.5215736040609137,0.5,0.3427856547122602,0.35757589869730694,0.5172155640315721,1.0,,0.5215736040609137,0.0,995,626,881,652,0.5221940393151554,0.5195642402211997,0.5164755235137258,0.517942664593976,0.5255024863249111,0.6138186304750154,0.5101721439749609,0.5303837953091685,0.4253098499673842,0.485,275,136,239,138,0.5241116751269036,0.5175737510245438,0.5092788641175738,0.5129599996965316,0.5172155640315721,0.6690997566909975,0.5036496350364964,0.5350194552529183,0.3660477453580902,0.485
0,34,331688,132,232186,79901,0.6392056616871691,0.6278118760258772,0.5740806729032886,0.5791846353940935,0.919973306801227,0.999602193960581,0.9983506803443579,0.5882307040225299,0.2560215580911733,79078,4302,74488,3940,0.5130648670028676,0.4993210267288315,0.3791982789464845,0.3880208100766079,0.49946229050885893,0.9484048932597745,0.47803931084688184,0.5149447143247854,0.05023716019788851,1634,0,1519,0,0.5182366000634316,0.5,0.3413411322331314,0.3537909356606005,0.5202232351858105,1.0,,0.5182366000634316,0.0,402,0,387,0,0.5095057034220533,0.5,0.33753148614609574,0.3439484345519151,0.4967732397444303,1.0,,0.5095057034220533,0.0,575,1059,470,1049,0.5150650174437044,0.5212415483032949,0.5038520663272316,0.5011316246006612,0.5202232351858105,0.3518971848225214,0.4976280834914611,0.5502392344497608,0.6905859117840685,0.484,369,33,348,39,0.5171102661596958,0.5093428207798218,0.41472603339816716,0.4193798621600548,0.4967732397444303,0.917910447761194,0.5416666666666666,0.5146443514644351,0.10077519379844961,0.486
1,34,332204,153,233026,79768,0.638566785140223,0.6272786655034519,0.5732271662815723,0.5782907822623825,0.9171894087172814,0.9995396516396525,0.9980856095394202,0.5877324275073864,0.2550176793672513,78516,4327,73646,4075,0.5143805585311776,0.500099901364229,0.3814195776900259,0.3905681133608038,0.4998502635059948,0.9477686708593364,0.4850035705784337,0.5160026813527687,0.0524311318691216,1639,0,1514,0,0.5198223913732952,0.5,0.34202838063439067,0.35558802147780927,0.5197171326718373,1.0,,0.5198223913732952,0.0,397,0,392,0,0.5031685678073511,0.5,0.33473861720067455,0.3368599012133531,0.49356783015473193,1.0,,0.5031685678073511,0.0,937,702,821,693,0.5169679670155407,0.5147089640475755,0.5140578107004613,0.5155486694684323,0.5197171326718373,0.5716900549115315,0.4967741935483871,0.5329920364050057,0.45772787318361957,0.485,393,4,388,4,0.5031685678073511,0.5000642574410117,0.343616298811545,0.3456670991842417,0.49356783015473193,0.9899244332493703,0.5,0.5032010243277849,0.01020408163265306,0.487
2,34,332244,130,225996,86681,0.6494447725838732,0.6384155278484156,0.5900307369381985,0.5947964315261978,0.9335258237907733,0.9996088743403515,0.9985024939235811,0.5951633705932932,0.2772221813564797,78547,4279,73815,4023,0.5139296917791166,0.5000108729469872,0.38067841445342554,0.3895971167681235,0.5002731000802941,0.9483374785695313,0.4845820284268851,0.5155288063952954,0.051684267324443076,1618,0,1536,0,0.5129993658845909,0.5,0.3390611902766136,0.3478763512159548,0.5330445895138031,1.0,,0.5129993658845909,0.0,418,0,370,0,0.5304568527918782,0.5,0.3466003316749585,0.36771304223383927,0.5128733997155049,1.0,,0.5304568527918782,0.0,590,1028,487,1049,0.5196575776791376,0.5237952107797693,0.5092643705193625,0.5074076319853721,0.5330445895138031,0.3646477132262052,0.5050553683196919,0.5478180129990715,0.6829427083333334,0.484,272,146,233,137,0.5190355329949239,0.5104939868097762,0.5044921431048299,0.5096631261768633,0.5128733997155049,0.6507177033492823,0.4840989399293286,0.5386138613861386,0.37027027027027026,0.485
3,34,332375,89,237534,74804,0.6314791207223303,0.6196146285323969,0.5615110632240708,0.5669782048091482,0.9190236767659938,0.999732301843207,0.9988116379367898,0.5832071435966093,0.23949695522158687,78915,3821,74634,3543,0.5124383983891917,0.49956859741037046,0.37540100205302307,0.3836899354752036,0.5017169300019535,0.9538169599690582,0.4811243889190657,0.5139401754488795,0.04532023485168272,1614,0,1540,0,0.5117311350665821,0.5,0.338506711409396,0.3464488473143723,0.5191659022514041,1.0,,0.5117311350665821,0.0,422,0,366,0,0.5355329949238579,0.5,0.3487603305785124,0.37354532869069096,0.5160826664594826,1.0,,0.5355329949238579,0.0,1105,509,1003,537,0.5206087507926442,0.5166678736381338,0.5045400085526456,0.5066334714501102,0.5191659022514041,0.684634448574969,0.5133843212237094,0.5241935483870968,0.3487012987012987,0.485,353,69,287,79,0.5482233502538071,0.5261699427653899,0.4860882118021207,0.49878736418640696,0.5160826664594826,0.8364928909952607,0.5337837837837838,0.5515625,0.21584699453551912,0.485
4,34,331627,158,208755,103409,0.675575239654072,0.6653943820487715,0.6289735436649375,0.6329801157889716,0.948607489001208,0.9995237879952379,0.9984744175268184,0.613689945260945,0.3312649761023052,78231,5184,73441,4910,0.5139584337870752,0.5002598109364559,0.38828940157387715,0.39696887920140045,0.5021543641988289,0.9378529041539292,0.48642758074103426,0.5157906535154808,0.06266671771898252,1639,0,1515,0,0.5196575776791376,0.5,0.34195702065512207,0.35540111404803115,0.5106591196032355,1.0,,0.5196575776791376,0.0,397,0,391,0,0.5038071065989848,0.5,0.33502109704641353,0.3375720191051425,0.5377092902652245,1.0,,0.5038071065989848,0.0,1477,162,1333,182,0.525998731769182,0.5106456283212214,0.4298868135685398,0.4390898080526167,0.5106591196032355,0.9011592434411226,0.5290697674418605,0.5256227758007117,0.12013201320132014,0.487,93,304,66,325,0.5304568527918782,0.5327294864939733,0.4858936380307518,0.48474114109727445,0.5377092902652245,0.23425692695214106,0.5166931637519873,0.5849056603773585,0.8312020460358056,0.484
0,35,331483,126,236003,76295,0.6332871051254296,0.6219609755985708,0.5649580639426774,0.570128769909573,0.9214191815200159,0.9996200344381485,0.9983512385339108,0.5841254233584617,0.24430191675899302,79780,3811,74724,3493,0.5146408088598833,0.49953338921719304,0.3759201044429234,0.3856922158844107,0.4996590525219894,0.9544089674725748,0.47823110624315446,0.5163620359343447,0.04465781096181137,1636,0,1517,0,0.518870916587377,0.5,0.3416162038003759,0.3545094255740025,0.5089644179333487,1.0,,0.518870916587377,0.0,412,0,377,0,0.5221799746514575,0.5,0.3430474604496253,0.3582650284036644,0.5143120187479076,1.0,,0.5221799746514575,0.0,411,1225,346,1171,0.50174437044085,0.5115703768053341,0.4710098208966031,0.46619743748112236,0.5089644179333487,0.25122249388753054,0.4887312186978297,0.5429326287978864,0.7719182597231378,0.484,188,224,160,217,0.5133079847908745,0.515953748293889,0.5126495946467635,0.5118549858521471,0.5143120187479076,0.4563106796116505,0.49206349206349204,0.5402298850574713,0.5755968169761273,0.485
1,35,332437,117,235506,77091,0.6347785247174692,0.6231314141256199,0.5669386950728859,0.5722408320956587,0.9269044843579572,0.999648177438852,0.9984846129934721,0.5853351480694365,0.24661465081238784,78669,3977,74175,3743,0.5132657382725891,0.49995838972278994,0.37777237354080784,0.3863223111919818,0.4998407276471296,0.9518790988069598,0.4848445595854922,0.5147012640339169,0.04803768063862009,1650,0,1503,0,0.5233111322549953,0.5,0.3435352904434728,0.3595516836230448,0.5127381600435493,1.0,,0.5233111322549953,0.0,398,0,391,0,0.5044359949302915,0.5,0.33529907329401853,0.33827384327254595,0.49589379120667265,1.0,,0.5044359949302915,0.0,1390,260,1236,267,0.5255312400888044,0.5100344765015423,0.4565972526231873,0.4656206686137889,0.5127381600435493,0.8424242424242424,0.5066413662239089,0.5293221629855294,0.17764471057884232,0.486,21,377,9,382,0.5107731305449936,0.5148729581410891,0.3812393336042259,0.3787275979294742,0.49589379120667265,0.052763819095477386,0.5032938076416338,0.7,0.9769820971867008,0.483
2,35,332267,147,237117,75520,0.6321779208155635,0.6205579406433904,0.5629362692336441,0.5682698939433218,0.9140791717047942,0.999557780358228,0.9980572772807168,0.583555210543324,0.24155810092855293,78773,4013,74137,3741,0.5135811382761539,0.49978114650925426,0.37790135124655516,0.3867764498010556,0.4999783355837658,0.9515256202739594,0.4824606654629868,0.5151592439997384,0.04803667274454917,1652,0,1502,0,0.5237793278376665,0.5,0.34373699542238867,0.3600846648305555,0.5204174901584006,1.0,,0.5237793278376665,0.0,396,0,392,0,0.5025380710659898,0.5,0.3344594594594595,0.33615722321306085,0.4815373118944547,1.0,,0.5025380710659898,0.0,593,1059,490,1012,0.5088776157260622,0.5163635733469176,0.5000543892314439,0.49689571626201,0.5204174901584006,0.3589588377723971,0.4886528247223563,0.5475530932594644,0.6737683089214381,0.484,1,395,0,392,0.4987309644670051,0.5012626262626263,0.33500404860029526,0.3333290929392547,0.4815373118944547,0.0025252525252525255,0.49809402795425667,1.0,1.0,0.481
3,35,331848,240,216122,96592,0.6644520333373656,0.6540800884992997,0.6129265535110816,0.6171698231669221,0.9369960325443425,0.999277299992773,0.9975214805023133,0.605595196817344,0.3088828770058264,77863,5249,72874,4927,0.5145016251017631,0.5000862466028856,0.3889659973918219,0.3981071583928022,0.4994491162025137,0.936844258350178,0.48417845911949686,0.5165486907660362,0.06332823485559312,1630,0,1524,0,0.5168040583386176,0.5,0.3407190635451505,0.3521699895869343,0.5224554369354137,1.0,,0.5168040583386176,0.0,418,0,370,0,0.5304568527918782,0.5,0.3466003316749585,0.36771304223383927,0.5238717186085606,1.0,,0.5304568527918782,0.0,497,1133,407,1117,0.5117311350665821,0.5189238040030273,0.49210503971634945,0.4887496105113097,0.5224554369354137,0.3049079754601227,0.49644444444444447,0.5497787610619469,0.7329396325459318,0.484,219,199,174,196,0.5266497461928934,0.5268265873529032,0.526246141695478,0.5270884467335624,0.5238717186085606,0.5239234449760766,0.4962025316455696,0.5572519083969466,0.5297297297297298,0.485
4,35,331946,189,221168,90646,0.6562507279303175,0.6450681553395023,0.6000988401703053,0.6048276528979109,0.9358366367847477,0.9994309542806389,0.9979193042329498,0.6001402965753895,0.2907053563983657,78186,4879,74141,4560,0.5115166351396462,0.49960184019834497,0.383888199377677,0.3914530608894423,0.49777489105700645,0.9412628664299043,0.4831020235194406,0.5132773572643063,0.05794081396678568,1624,0,1530,0,0.5149017121116043,0.5,0.339891167852658,0.35002108851789254,0.5243544544254484,1.0,,0.5149017121116043,0.0,424,0,364,0,0.5380710659898477,0.5,0.34983498349834985,0.3764721649829958,0.4698579722164628,1.0,,0.5380710659898477,0.0,810,814,705,825,0.5183893468611287,0.5189920795904568,0.5183784534210687,0.5183101878633591,0.5243544544254484,0.4987684729064039,0.5033557046979866,0.5346534653465347,0.5392156862745098,0.484,0,424,0,364,0.4619289340101523,0.5,0.3159722222222222,0.29191342357586014,0.4698579722164628,0.0,0.4619289340101523,,1.0,0.0
0,36,331540,111,233397,78859,0.6373575687172216,0.6261056493655427,0.5713485676624156,0.5764152112781127,0.9254307820962384,0.9996653108237273,0.9985944029378245,0.5868618978753383,0.25254598790735805,79715,3834,74578,3681,0.515400969049738,0.5005734424951793,0.37807457809687417,0.3876289433563719,0.5033336339948004,0.9541107613496271,0.48982035928143713,0.5166468990816174,0.04703612364073142,1615,0,1538,0,0.5122105930859499,0.5,0.3387164429530201,0.34698830026585953,0.4972071807300704,1.0,,0.5122105930859499,0.0,409,0,380,0,0.5183776932826363,0.5,0.34140233722871455,0.3539507121078435,0.4862630292111697,1.0,,0.5183776932826363,0.0,73,1542,58,1480,0.49254678084364095,0.5037449624980374,0.36637125459697356,0.35946612629491714,0.4972071807300704,0.04520123839009288,0.48974189278623426,0.5572519083969466,0.9622886866059818,0.482,9,400,4,376,0.4879594423320659,0.5057392870930382,0.3465865297889437,0.33541537321196674,0.4862630292111697,0.022004889975550123,0.4845360824742268,0.6923076923076923,0.9894736842105263,0.483
1,36,332888,150,223917,88196,0.6526906104152361,0.6410633722404959,0.5943347308700411,0.5993250729306039,0.9385194480933684,0.9995496009464385,0.9983021302605664,0.5978538267436535,0.2825771435345532,77948,4214,74273,4129,0.5111793428165716,0.5006877779137405,0.38016606698191563,0.3868392800725604,0.5003508187644807,0.9487110829824006,0.49490590914539134,0.5120712648057758,0.05266447284508048,1609,0,1544,0,0.5103076435141135,0.5,0.3378832423351533,0.3448488023579205,0.4916616216425096,1.0,,0.5103076435141135,0.0,415,0,374,0,0.5259822560202788,0.5,0.3446843853820598,0.36259574127643807,0.5005991881966367,1.0,,0.5259822560202788,0.0,1545,64,1472,72,0.5128449096098954,0.5034279329033255,0.3768389846210858,0.38284060385005564,0.4916616216425096,0.9602237414543194,0.5294117647058824,0.5120981107059993,0.046632124352331605,0.487,363,52,324,50,0.523447401774398,0.5041943173764577,0.4344431057359423,0.4461018154406601,0.5005991881966367,0.8746987951807229,0.49019607843137253,0.5283842794759825,0.13368983957219252,0.485
2,36,331781,285,221768,91217,0.6557590020013921,0.64529190938627,0.6001462568670239,0.6045573357895098,0.9316280571291438,0.9991417368836316,0.996885313982208,0.5993706067574867,0.2914420818889084,78105,5029,72932,4598,0.5147575063486531,0.4994066882664101,0.38629368423527144,0.39608746250296556,0.4995212480149849,0.9395073014651045,0.47761504103043523,0.5171249428947874,0.05930607506771572,1639,0,1515,0,0.5196575776791376,0.5,0.34195702065512207,0.35540111404803115,0.5042219658207432,1.0,,0.5196575776791376,0.0,385,0,403,0,0.4885786802030457,0.5,0.32821824381926684,0.32072087276755773,0.5313718539524992,1.0,,0.4885786802030457,0.0,767,872,684,831,0.5066582117945466,0.5082415624112747,0.5064549932519545,0.5060612573256823,0.5042219658207432,0.4679682733374009,0.4879624192601292,0.5286009648518263,0.5485148514851486,0.485,300,85,298,105,0.5139593908629442,0.5198833424639877,0.4822539666746152,0.47932731213415397,0.5313718539524992,0.7792207792207793,0.5526315789473685,0.5016722408026756,0.26054590570719605,0.486
3,36,332064,118,239448,73172,0.6284657925998989,0.6168526469030646,0.5570607906277715,0.562456185806374,0.9186595546086878,0.9996447730461012,0.9983899577022787,0.5810271700331752,0.23406052076002815,79537,3481,74718,3177,0.5140293201916564,0.4994275036912989,0.3727870906298151,0.38226304586875315,0.49940044555518937,0.9580693343612229,0.4771703214178432,0.515620239214288,0.04078567302137493,1622,0,1532,0,0.5142675967025999,0.5,0.3396147403685092,0.34930571266818133,0.5027928644325897,1.0,,0.5142675967025999,0.0,402,0,386,0,0.5101522842639594,0.5,0.3378151260504202,0.3446743164270785,0.5052909029979635,1.0,,0.5101522842639594,0.0,1267,355,1173,359,0.5155358275206088,0.5077343028141127,0.47175502770284106,0.4760945342927078,0.5027928644325897,0.781134401972873,0.5028011204481793,0.5192622950819672,0.23433420365535249,0.486,370,32,344,42,0.5228426395939086,0.5146031500528446,0.4228455664640798,0.4277234724704129,0.5052909029979635,0.9203980099502488,0.5675675675675675,0.5182072829131653,0.10880829015544041,0.486
4,36,331753,110,236667,75419,0.6323047322070536,0.6206647451752737,0.563070505606363,0.5684121508796465,0.9175861070052337,0.9996685379207685,0.9985436057673212,0.583640617852996,0.24166095242977897,79561,3776,74905,3524,0.5136122547383257,0.4998111764220729,0.375673124104259,0.38457675329994,0.498692185838204,0.9546899936402798,0.4827397260273973,0.5150712778216565,0.044932359203865915,1611,0,1543,0,0.5107799619530755,0.5,0.338090241343127,0.34537944121989705,0.5037410897937986,1.0,,0.5107799619530755,0.0,413,0,375,0,0.5241116751269036,0.5,0.34388009991673607,0.360463150420335,0.4953349475383374,1.0,,0.5241116751269036,0.0,282,1329,250,1293,0.49936588459099557,0.5065122599690317,0.442035404922585,0.43817934892114885,0.5037410897937986,0.1750465549348231,0.4931350114416476,0.5300751879699248,0.8379779650032404,0.483,15,398,5,370,0.4885786802030457,0.5114931396287329,0.35835156864052503,0.34441176514932564,0.4953349475383374,0.03631961259079903,0.4817708333333333,0.75,0.9866666666666667,0.483
0,37,331588,282,211058,100979,0.6717849006145298,0.6613812668070758,0.6234923661491023,0.6276456552056996,0.9373868567789724,0.9991502696839124,0.9972151173699647,0.611057669272417,0.32361226393023906,77826,5504,73298,5180,0.5129907050331257,0.49997755877512556,0.3900422106736193,0.3982538960332031,0.49672967086373765,0.933949357974319,0.4848371396480719,0.5149810751435907,0.0660057595759321,1626,0,1527,0,0.5156993339676499,0.5,0.34023854362837413,0.35092158067855145,0.5090462692446178,1.0,,0.5156993339676499,0.0,403,0,386,0,0.5107731305449936,0.5,0.33808724832214765,0.345371764445692,0.4828102701243267,1.0,,0.5107731305449936,0.0,916,710,834,693,0.5103076435141135,0.5085883373568509,0.5078457855490675,0.5089387180088862,0.5090462692446178,0.5633456334563346,0.49394155381325733,0.5234285714285715,0.4538310412573674,0.485,376,27,348,38,0.5247148288973384,0.5157240386222502,0.4178863100238649,0.42325934203821125,0.4828102701243267,0.9330024813895782,0.5846153846153846,0.5193370165745856,0.09844559585492228,0.486
1,37,332107,273,218692,94079,0.660598836551443,0.6499853020799312,0.6071183869440588,0.6115241633079791,0.9201132216952458,0.9991786509416932,0.9971065796167543,0.602954979947313,0.3007919532181692,77611,5209,72695,5049,0.5148102937146558,0.5010242413083488,0.39028808569573126,0.398998908549347,0.5026299112017577,0.9371045641149481,0.492201208812634,0.5163533059225845,0.06494391850174933,1643,0,1510,0,0.5210910244211862,0.5,0.34257714762301916,0.357027753596334,0.5089289097233699,1.0,,0.5210910244211862,0.0,386,0,403,0,0.4892268694550063,0.5,0.32851063829787236,0.32143246231426803,0.5343344604584784,1.0,,0.4892268694550063,0.0,1212,431,1079,431,0.5210910244211862,0.5115527241800454,0.4897865797462516,0.4951175543195759,0.5089289097233699,0.7376749847839318,0.5,0.5290266259275426,0.2854304635761589,0.486,358,28,346,57,0.5259822560202788,0.534450172925854,0.44524364566100166,0.4406836577005109,0.5343344604584784,0.927461139896373,0.6705882352941176,0.5085227272727273,0.141439205955335,0.486
2,37,332428,162,234084,78377,0.6368566206392983,0.6251753091716482,0.5701860415929298,0.575468493091347,0.911164578147074,0.9995129137977691,0.9979373304982239,0.586797808342983,0.2508377045455273,78307,4303,73938,4116,0.5130147388338395,0.5003222992873864,0.3810256805719475,0.38913100533426614,0.5020089149744139,0.9479118750756567,0.48889416795343865,0.5143485828762849,0.052732723499115994,1610,0,1544,0,0.5104629042485732,0.5,0.33795130142737195,0.3450232056424026,0.5123861551829563,1.0,,0.5104629042485732,0.0,419,0,369,0,0.5317258883248731,0.5,0.3471416735708368,0.3691684295080726,0.511981683062654,1.0,,0.5317258883248731,0.0,1036,574,958,586,0.5142675967025999,0.5115059698130209,0.5041743559096074,0.5056546978925796,0.5123861551829563,0.6434782608695652,0.5051724137931034,0.5195586760280843,0.3795336787564767,0.485,5,414,2,367,0.4720812182741117,0.5032565600119008,0.33086752398448666,0.31136287007707986,0.511981683062654,0.011933174224343675,0.469910371318822,0.7142857142857143,0.994579945799458,0.482
3,37,332125,158,239392,73127,0.6284906064187146,0.6167583374903685,0.5570206434389224,0.5624744784041832,0.9056590932881727,0.9995245017048721,0.9978440335675787,0.5811288203150562,0.23399217327586483,79044,3873,74348,3648,0.5138926003492571,0.5000311346759759,0.37715242762993745,0.386077282926661,0.5003679485844775,0.953290640037628,0.4850418827283606,0.5153071868154793,0.04677162931432381,1616,0,1538,0,0.5123652504755866,0.5,0.3387840670859539,0.3471623667792653,0.520730198019802,1.0,,0.5123652504755866,0.0,413,0,375,0,0.5241116751269036,0.5,0.34388009991673607,0.360463150420335,0.5028248587570623,1.0,,0.5241116751269036,0.0,578,1038,502,1036,0.5117311350665821,0.51563767397546,0.5012133968210153,0.499422166290111,0.520730198019802,0.35767326732673266,0.49951783992285437,0.5351851851851852,0.6736020806241872,0.484,297,116,260,115,0.5228426395939086,0.5128974979822437,0.4959545439079991,0.5015685419083538,0.5028248587570623,0.7191283292978208,0.49783549783549785,0.533213644524237,0.30666666666666664,0.485
4,37,331475,202,228392,83880,0.6450122602876935,0.6340014765243269,0.5834278102683932,0.5882544273350727,0.9178868748090657,0.9993909737485566,0.9975975833115293,0.5920602571682203,0.26861197930009734,78928,4595,73894,4349,0.514799154334038,0.5002842303586796,0.3838337743569454,0.39310578398806206,0.5007404074670898,0.9449852136537241,0.48624776386404295,0.51647014173352,0.055583247063635086,1621,0,1533,0,0.5139505389980976,0.5,0.3394764397905759,0.34894819841504343,0.5115197507598612,1.0,,0.5139505389980976,0.0,408,0,380,0,0.5177664974619289,0.5,0.3411371237458194,0.3532587474322191,0.490608875128999,1.0,,0.5177664974619289,0.0,1219,402,1117,416,0.5183893468611287,0.5116841375408301,0.485007643309774,0.48866591219211425,0.5115197507598612,0.7520049352251696,0.508557457212714,0.521832191780822,0.2713633398564905,0.486,373,35,339,41,0.5253807106598984,0.5110552115583076,0.42294799498746866,0.4315868987188784,0.490608875128999,0.9142156862745098,0.5394736842105263,0.523876404494382,0.10789473684210527,0.486
0,38,331771,275,218374,93487,0.660433882532726,0.649471586999938,0.6065537175205319,0.611117897787655,0.9388102261420972,0.9991718014973829,0.9970670420852797,0.6030610111879595,0.2997713725024931,78605,4549,74267,4387,0.5129041827350934,0.5005351016493604,0.3831209697768827,0.3909900104181281,0.501497982373454,0.9452942732760902,0.49093554162936437,0.5141883405725051,0.05577593002263076,1631,0,1522,0,0.5172851252775135,0.5,0.34092809364548493,0.352714063264057,0.5274051294281057,1.0,,0.5172851252775135,0.0,421,0,368,0,0.5335868187579215,0.5,0.34793388429752065,0.37130586892080153,0.5122314881751523,1.0,,0.5335868187579215,0.0,1092,539,954,568,0.5264827148747225,0.5213605319406924,0.513032965398285,0.5158307186290708,0.5274051294281057,0.6695278969957081,0.5130984643179766,0.533724340175953,0.3731931668856767,0.485,333,88,273,95,0.5424588086185045,0.5245630228235051,0.49665916798173454,0.5068582476193346,0.5122314881751523,0.7909738717339667,0.5191256830601093,0.5495049504950495,0.25815217391304346,0.485
1,38,332172,193,224942,87844,0.651035184011185,0.6401315424423178,0.5926046590088673,0.5972869354938398,0.9259840155615232,0.9994193131045688,0.9978077399275305,0.596237035866986,0.28084377178006686,78438,4397,73684,4045,0.5137079295483421,0.4994791761499582,0.38078135544627106,0.3899048359802618,0.49637324555963086,0.9469185730669403,0.4791518597488747,0.5156256162816687,0.05203977923297611,1631,0,1522,0,0.5172851252775135,0.5,0.34092809364548493,0.352714063264057,0.509642351580055,1.0,,0.5172851252775135,0.0,421,0,368,0,0.5335868187579215,0.5,0.34793388429752065,0.37130586892080153,0.49294510998657437,1.0,,0.5335868187579215,0.0,1238,393,1126,396,0.5182366000634316,0.5096137500191349,0.48124175123707746,0.4860308706219619,0.509642351580055,0.7590435315757205,0.5019011406844106,0.5236886632825719,0.26018396846254926,0.486,256,165,210,158,0.5247148288973384,0.5187119177940721,0.5172674277267558,0.5212951038700301,0.49294510998657437,0.6080760095011877,0.4891640866873065,0.5493562231759657,0.42934782608695654,0.485
2,38,331466,366,208956,104263,0.675495425943065,0.6658863758888252,0.629534618657093,0.6332998352520051,0.9363896775547357,0.9988970322331783,0.9965019258522971,0.6133466069108956,0.3328757195444721,77782,5586,72194,5102,0.5158840810635861,0.49950093830724235,0.39132400631212355,0.4017302910381951,0.5007077440798082,0.9329958737165339,0.47735778443113774,0.5186296474102523,0.06600600289795074,1651,0,1503,0,0.5234622701331643,0.5,0.3436004162330905,0.3597237078001474,0.5245051991716143,1.0,,0.5234622701331643,0.0,401,0,387,0,0.5088832487309645,0.5,0.33725820016820857,0.34325009712551174,0.48650982363213413,1.0,,0.5088832487309645,0.0,1321,330,1135,368,0.5355104629042485,0.5224823923725334,0.48884269905427363,0.496090158707785,0.5245051991716143,0.8001211387038158,0.5272206303724928,0.5378664495114006,0.24484364604125083,0.487,92,309,85,302,0.5,0.5048940955105775,0.4617747605938521,0.4592264113001089,0.48650982363213413,0.22942643391521197,0.49427168576104746,0.519774011299435,0.7803617571059431,0.485
3,38,332049,332,195246,117175,0.6966851839789578,0.6870279800659252,0.6587946409875364,0.6623143559744997,0.9509521148876932,0.9990011462749074,0.9971746364046398,0.6297215031434017,0.37505481385694306,76847,5972,72471,5623,0.5125129728486822,0.4999469568391906,0.39373600503847594,0.4016156688161805,0.4998310081514144,0.9278909428995762,0.48495040965933595,0.5146532902931997,0.07200297077880503,1651,0,1503,0,0.5234622701331643,0.5,0.3436004162330905,0.3597237078001474,0.5202649415483589,1.0,,0.5234622701331643,0.0,401,0,387,0,0.5088832487309645,0.5,0.33725820016820857,0.34325009712551174,0.542255472430036,1.0,,0.5088832487309645,0.0,1294,357,1141,362,0.5250475586556753,0.5123095218809303,0.4796074321088496,0.4868232461956846,0.5202649415483589,0.7837674136886735,0.5034770514603616,0.5314168377823408,0.24085163007318697,0.486,300,101,260,127,0.5418781725888325,0.5381475252437382,0.5186788829386733,0.5205562821011139,0.542255472430036,0.7481296758104738,0.5570175438596491,0.5357142857142857,0.3281653746770026,0.485
4,38,332032,144,233970,77803,0.6364401528692489,0.6245583241736192,0.5693110283303019,0.5746984370365004,0.9233312257023979,0.9995664948701893,0.9981525908630223,0.5866269023784368,0.249550153477049,79352,3672,75221,3521,0.51230171976806,0.5002437393340791,0.37495010915838295,0.3827060347907844,0.502482256986732,0.9557718250144537,0.4895036841373558,0.5133626183097953,0.0447156536537045,1644,0,1510,0,0.5212428662016487,0.5,0.342642767819925,0.35720019676344744,0.5241319024830409,1.0,,0.5212428662016487,0.0,408,0,380,0,0.5177664974619289,0.5,0.3411371237458194,0.3532587474322191,0.5267092363261093,1.0,,0.5177664974619289,0.0,770,874,650,860,0.5168040583386176,0.5189531267623789,0.5164102919066491,0.5158240174412737,0.5241319024830409,0.4683698296836983,0.49596309111880044,0.5422535211267606,0.5695364238410596,0.484,337,71,304,76,0.5241116751269036,0.5129901960784313,0.46547086499657214,0.4717618331331594,0.5267092363261093,0.8259803921568627,0.5170068027210885,0.5257410296411856,0.2,0.485
0,39,331606,99,243568,68634,0.6215804456233587,0.6097699899836223,0.5458287486596697,0.5514467815524599,0.9006925570896602,0.9997015420328303,0.9985596438392039,0.57653162347394,0.21983843793441427,79651,3844,74803,3510,0.5139486304756254,0.49939072992617506,0.3757124004028728,0.38512047416388206,0.4998430723835954,0.9539613150488053,0.47729127005711175,0.5156939930335246,0.04482014480354475,1612,0,1541,0,0.5112591183000317,0.5,0.33830010493179435,0.34591802673647476,0.506337124389918,1.0,,0.5112591183000317,0.0,434,0,355,0,0.550063371356147,0.5,0.35486508585445625,0.39039657100338154,0.4868436425001622,1.0,,0.550063371356147,0.0,1277,335,1204,337,0.5118934348239772,0.505436392855015,0.46427806106311137,0.46787454142164486,0.506337124389918,0.7921836228287841,0.5014880952380952,0.5147118097541314,0.21868916288124596,0.486,58,376,41,314,0.4714828897338403,0.5090737976244565,0.4092964801565572,0.3901061428260674,0.4868436425001622,0.1336405529953917,0.45507246376811594,0.5858585858585859,0.8845070422535212,0.484
1,39,332542,123,234827,77659,0.6358216913559771,0.62407509618083,0.5684660530207569,0.57379857588798,0.9191684213851712,0.9996302586686306,0.9984186572728909,0.5861123889391208,0.24851993369302944,78617,3918,74280,3749,0.5129792481502703,0.5002877346211891,0.3776742351993308,0.3858176928629112,0.5011540666079912,0.9525292300236263,0.4889787400547802,0.5141827504790807,0.048046239218752,1634,0,1519,0,0.5182366000634316,0.5,0.3413411322331314,0.3537909356606005,0.49344049223906405,1.0,,0.5182366000634316,0.0,412,0,377,0,0.5221799746514575,0.5,0.3430474604496253,0.3582650284036644,0.538912209317298,1.0,,0.5221799746514575,0.0,1390,244,1279,240,0.5169679670155407,0.5043359389793743,0.4428507134719719,0.4502624388263288,0.49344049223906405,0.8506731946144431,0.49586776859504134,0.5207943049831397,0.15799868334430547,0.486,332,80,275,102,0.550063371356147,0.5381911359480827,0.5082783113684362,0.5146369074535226,0.538912209317298,0.8058252427184466,0.5604395604395604,0.5469522240527183,0.27055702917771884,0.485
2,39,332224,157,233419,79251,0.6378952982012275,0.6264964826830913,0.5720807220908519,0.5772088231518806,0.9118185986400149,0.9995276504974713,0.9980228692323192,0.5873386570681508,0.25346531486871143,78288,4531,73692,4153,0.5131267738883633,0.49931996845646365,0.38142108056852586,0.39025771803494347,0.49981507101473166,0.9452903319286637,0.47823583602026715,0.5151204105803395,0.0533496049842636,1627,0,1527,0,0.515852885225111,0.5,0.3403053754444677,0.35109501956128664,0.4969234379408709,1.0,,0.515852885225111,0.0,419,0,369,0,0.5317258883248731,0.5,0.3471416735708368,0.3691684295080726,0.47957131122623875,1.0,,0.5317258883248731,0.0,30,1597,15,1512,0.4889029803424223,0.5043078308939398,0.3440858106518158,0.33431407180629574,0.4969234379408709,0.01843884449907806,0.4863300096494049,0.6666666666666666,0.9901768172888016,0.481,405,14,347,22,0.5418781725888325,0.5131038541888999,0.4001792284741331,0.4186777851470704,0.47957131122623875,0.9665871121718377,0.6111111111111112,0.538563829787234,0.05962059620596206,0.486
3,39,332328,169,223275,89030,0.6534688167840671,0.6422828054211478,0.5959423563684748,0.6007166425883026,0.9245166463381235,0.999491724737366,0.9981053599255597,0.5981393189021658,0.28507388610492945,77948,4755,73774,4436,0.5119785225556668,0.49961209913612414,0.3832617664898651,0.39112884104917034,0.49937413886709653,0.9425051086417663,0.48264606680448263,0.5137554210991155,0.056719089630482035,1646,0,1508,0,0.5218769816106531,0.5,0.34291666666666665,0.35792062988797296,0.49489760564151986,1.0,,0.5218769816106531,0.0,400,0,388,0,0.5076142131979695,0.5,0.3367003367003367,0.34182775299526574,0.5135631443298969,1.0,,0.5076142131979695,0.0,1532,114,1388,120,0.5237793278376665,0.5051583937912341,0.40440977162102154,0.416076201336246,0.49489760564151986,0.9307411907654921,0.5128205128205128,0.5246575342465754,0.07957559681697612,0.487,309,91,288,100,0.5190355329949239,0.5151159793814433,0.4826413610434066,0.4847309785717234,0.5135631443298969,0.7725,0.5235602094240838,0.5175879396984925,0.25773195876288657,0.485
4,39,331392,160,224702,87695,0.6508077503032073,0.6401169726323575,0.5924374872218846,0.5970254894924203,0.9251308342705482,0.9995174210983496,0.9981788173695293,0.5959280265566613,0.2807165241663652,78600,5048,73389,4729,0.5151206063078768,0.5000942493016617,0.3873667469119933,0.39693043012271517,0.50041266880374,0.9396518745218057,0.4836862023115475,0.5171426879576811,0.060536624081517706,1665,0,1489,0,0.5279010779961953,0.5,0.3455073666735837,0.3647874226452231,0.5027043161361496,1.0,,0.5279010779961953,0.0,381,0,407,0,0.48350253807106597,0.5,0.32591958939264326,0.3151658973568454,0.46871997265698057,1.0,,0.48350253807106597,0.0,1467,198,1285,204,0.5298034242232086,0.5090428911113934,0.4400053061658917,0.4525187414612897,0.5027043161361496,0.8810810810810811,0.5074626865671642,0.5330668604651163,0.13700470114170585,0.487,375,6,396,11,0.48984771573604063,0.505639497765482,0.35146422955974843,0.34157969483287043,0.46871997265698057,0.984251968503937,0.6470588235294118,0.48638132295719844,0.02702702702702703,0.487
0,40,331493,105,236041,76268,0.6332607037972875,0.621945105380209,0.5649032324665263,0.5700694476276549,0.9224046642065801,0.9996833515280551,0.9986251685805193,0.5840936402048159,0.24420685923236282,79738,3864,74540,3666,0.5154504103628993,0.5003286043904062,0.3779617908488686,0.38771424366853563,0.5011000321476105,0.9537810100236837,0.48685258964143424,0.5168462126810044,0.04687619875712861,1601,0,1552,0,0.5077703774183318,0.5,0.33676903660075724,0.34200268163514896,0.5098182836757954,1.0,,0.5077703774183318,0.0,423,0,366,0,0.5361216730038023,0.5,0.349009900990099,0.37422354402740654,0.4990763347931119,1.0,,0.5361216730038023,0.0,171,1430,120,1432,0.5084046939422772,0.5147443286090524,0.41480284238790466,0.411165657038052,0.5098182836757954,0.10680824484697064,0.5003494060097834,0.5876288659793815,0.9226804123711341,0.483,42,381,30,336,0.4790874524714829,0.508661783513545,0.3950977923277092,0.378814082707998,0.4990763347931119,0.09929078014184398,0.4686192468619247,0.5833333333333334,0.9180327868852459,0.484
1,40,332447,98,232629,79977,0.6392673963149712,0.6277724611214303,0.5740336885389814,0.5791855675715217,0.925200108275072,0.9997053030416936,0.9987761473618483,0.5883226327078127,0.255839619201167,78898,3757,74314,3595,0.5137702100097158,0.5003447911201198,0.3766667184593101,0.38530771776741507,0.4982085545501843,0.9545460044764382,0.4889825897714907,0.5149596637339112,0.04614357776380136,1636,0,1517,0,0.518870916587377,0.5,0.3416162038003759,0.3545094255740025,0.5115371349642922,1.0,,0.518870916587377,0.0,388,0,401,0,0.4917617237008872,0.5,0.3296516567544605,0.3242201338928534,0.532618196776101,1.0,,0.4917617237008872,0.0,328,1308,264,1253,0.5014272121788773,0.513230655666102,0.45447569521793607,0.44843544600890684,0.5115371349642922,0.20048899755501223,0.4892620070285045,0.5540540540540541,0.8259723137771918,0.483,271,117,256,145,0.5272496831432193,0.5300248091112425,0.5148777291496675,0.5136012577058883,0.532618196776101,0.6984536082474226,0.5534351145038168,0.5142314990512334,0.36159600997506236,0.485
2,40,332087,146,227247,85571,0.6474805868063145,0.636554693038626,0.5871895420394548,0.5919379179426361,0.92766232892938,0.9995605493734818,0.9982967206038476,0.5937186010505351,0.2735488367037702,78717,4250,73621,4076,0.5153176816212717,0.5006175060155742,0.3819144546312638,0.39133333977799734,0.5027967087879885,0.9487748140827076,0.48955080470814316,0.5167259646312804,0.052460197948440736,1632,0,1522,0,0.517438173747622,0.5,0.34099456748850815,0.3528872125182278,0.5168219061606245,1.0,,0.517438173747622,0.0,392,0,396,0,0.49746192893401014,0.5,0.33220338983050846,0.3305170782070033,0.5004444959802102,1.0,,0.49746192893401014,0.0,830,802,728,794,0.5149017121116043,0.5151302143722141,0.5148385047082267,0.5150316384407695,0.5168219061606245,0.508578431372549,0.4974937343358396,0.5327342747111682,0.5216819973718791,0.485,335,57,325,71,0.5152284263959391,0.5169423830138116,0.4539372478448901,0.4530085936244197,0.5004444959802102,0.8545918367346939,0.5546875,0.5075757575757576,0.17929292929292928,0.486
3,40,332517,96,243462,68727,0.6222747448053821,0.6099284325372971,0.5463496895930224,0.5522282040464028,0.9167754006534294,0.9997113762841501,0.9986051174752626,0.577307506002823,0.22014548879044424,79426,3161,75342,2984,0.5121401005512295,0.4999111972778721,0.3699552964041684,0.37788090602284174,0.49945232227918424,0.961725210989623,0.4855980471928397,0.5131939419001343,0.03809718356612108,1624,0,1530,0,0.5149017121116043,0.5,0.339891167852658,0.35002108851789254,0.5191228790366721,1.0,,0.5149017121116043,0.0,400,0,388,0,0.5076142131979695,0.5,0.3367003367003367,0.34182775299526574,0.515354381443299,1.0,,0.5076142131979695,0.0,389,1235,335,1195,0.5022194039315155,0.5102888856692103,0.4674405898852236,0.46338449990960145,0.5191228790366721,0.2395320197044335,0.49176954732510286,0.537292817679558,0.7810457516339869,0.483,340,60,319,69,0.5190355329949239,0.5139175257731958,0.454519883909312,0.4573766654186379,0.515354381443299,0.85,0.5348837209302325,0.5159332321699545,0.17783505154639176,0.485
4,40,331679,132,236842,75296,0.6319988073589679,0.6204144100533834,0.5626754928465227,0.5679948688051601,0.9206554558434783,0.9996021831705398,0.9982499867423238,0.5834067694948823,0.24122663693622692,79433,3956,74660,3717,0.5140140697056241,0.499992158624874,0.37767590329767237,0.38670077109360257,0.49965419817986634,0.9525596901269952,0.4844259090316695,0.5154874004659524,0.04742462712275285,1603,0,1551,0,0.5082435003170577,0.5,0.336977086398991,0.34253282783613354,0.5256066056028892,1.0,,0.5082435003170577,0.0,421,0,367,0,0.5342639593908629,0.5,0.348221670802316,0.372084577177094,0.4709171752736122,1.0,,0.5342639593908629,0.0,965,638,859,692,0.5253646163601775,0.5240800111653963,0.521781771174799,0.5224642178767759,0.5256066056028892,0.6019962570180911,0.5203007518796993,0.5290570175438597,0.44616376531270147,0.485,3,418,0,367,0.46954314720812185,0.503562945368171,0.32565186058700213,0.3043053510333195,0.4709171752736122,0.007125890736342043,0.467515923566879,1.0,1.0,0.482
0,41,331630,188,221752,90337,0.6553228960082745,0.6444462604754676,0.5990147012971092,0.6036186656618301,0.9307882632940162,0.9994334243470818,0.9979232256282795,0.5992786176637477,0.2894590966038534,78573,4809,73959,4467,0.5132008306140611,0.4996419167176073,0.3839916533557254,0.3926327982359283,0.5006221374750196,0.9423256818018277,0.4815653298835705,0.5151246951459366,0.05695815163338689,1629,0,1524,0,0.5166508087535681,0.5,0.34065244667503136,0.3519967241570733,0.5343160949264398,1.0,,0.5166508087535681,0.0,396,0,393,0,0.5019011406844106,0.5,0.3341772151898734,0.3354478509890744,0.4972112987380163,1.0,,0.5019011406844106,0.0,979,650,823,701,0.532825880114177,0.5304779754740603,0.5291656381077896,0.5305481036137992,0.5343160949264398,0.6009821976672806,0.5188749074759438,0.5432852386237513,0.4599737532808399,0.485,377,19,370,23,0.5069708491761724,0.5052721875240959,0.3827073339970435,0.3837604146341548,0.4972112987380163,0.952020202020202,0.5476190476190477,0.5046854082998661,0.058524173027989825,0.486
1,41,332386,126,219464,93175,0.659630071099634,0.6488242518516139,0.6053773461257597,0.6098845151247013,0.9362549537003569,0.9996210663073813,0.9986495321593553,0.6023122225242367,0.2980274373958463,78378,4310,73679,4197,0.5142809097929798,0.5008848617173336,0.38247165438998154,0.3910219049527837,0.5016901725215759,0.9478763544891641,0.49335841072058306,0.5154514425511486,0.05389336894550311,1601,0,1552,0,0.5077703774183318,0.5,0.33676903660075724,0.34200268163514896,0.5284837279535342,1.0,,0.5077703774183318,0.0,424,0,365,0,0.5373891001267427,0.5,0.34954657873042044,0.37568504279264453,0.49282760403204956,1.0,,0.5373891001267427,0.0,993,608,892,660,0.5242626070409134,0.5227475418069892,0.5188962537078405,0.5196858972913857,0.5284837279535342,0.6202373516552155,0.5205047318611987,0.526790450928382,0.4252577319587629,0.485,103,321,79,286,0.49302915082382764,0.5132430860687516,0.464205679827242,0.45491286677369797,0.49282760403204956,0.2429245283018868,0.471169686985173,0.5659340659340659,0.7835616438356164,0.484
2,41,332415,274,225760,86602,0.6495873969655113,0.6382126205406738,0.5900559921175333,0.5949788190890314,0.9187082172748471,0.9991764079966575,0.9968460794695888,0.5955390334572491,0.27724883308469017,77843,4668,73912,4241,0.510904745306976,0.49884553817646793,0.38099707970063035,0.3886889577299292,0.4987020510776838,0.9434257250548411,0.4760354697496913,0.5129517973048664,0.05426535129809476,1627,0,1527,0,0.515852885225111,0.5,0.3403053754444677,0.35109501956128664,0.5193024232127382,1.0,,0.515852885225111,0.0,398,0,390,0,0.5050761421319797,0.5,0.33558178752107926,0.3389887092218009,0.4949942017781213,1.0,,0.5050761421319797,0.0,727,900,640,887,0.5117311350665821,0.513856101341596,0.510471355102077,0.5096839926242613,0.5193024232127382,0.4468346650276583,0.49636261891438166,0.5318215069495245,0.5808775376555337,0.484,0,398,0,390,0.4949238578680203,0.5,0.3310696095076401,0.32770849672076047,0.4949942017781213,0.0,0.4949238578680203,,1.0,0.0
3,41,332022,247,225211,87322,0.650345377340641,0.6393287608367906,0.5915166353041535,0.596261400538449,0.9206680573823544,0.9992566264081212,0.9971793671276364,0.5958405191365191,0.27940089526545997,78575,4356,73754,4228,0.5145824140995445,0.5008460232012312,0.382833525353009,0.3916035530663883,0.5022138728514205,0.9474744064342646,0.49254426840633736,0.5158243013477407,0.05421763996819779,1614,0,1540,0,0.5117311350665821,0.5,0.338506711409396,0.3464488473143723,0.5273688826662805,1.0,,0.5117311350665821,0.0,411,0,377,0,0.5215736040609137,0.5,0.3427856547122602,0.35757589869730694,0.4841978224812355,1.0,,0.5215736040609137,0.0,968,646,806,734,0.5396322130627774,0.5381877725743897,0.5370841487279843,0.537889946850953,0.5273688826662805,0.5997521685254027,0.5318840579710145,0.5456595264937993,0.4766233766233766,0.485,73,338,58,319,0.49746192893401014,0.5118847089650009,0.443196985161341,0.43569695228219163,0.4841978224812355,0.17761557177615572,0.4855403348554033,0.5572519083969466,0.8461538461538461,0.484
4,41,331355,157,225950,86487,0.6488743673800255,0.6381703090303887,0.5895199292058677,0.5941435872917428,0.9230429471874418,0.9995264123168995,0.9981879876275334,0.5945667094319986,0.27681420574387794,78939,4749,73851,4227,0.5141129780052669,0.49869584128562533,0.38236724769964353,0.3922598157879634,0.4992157473696045,0.9432535130484657,0.47092245989304815,0.5166503043392893,0.054138169522784906,1629,0,1525,0,0.5164870006341155,0.5,0.3405812251724859,0.35181155092325905,0.5326602864072296,1.0,,0.5164870006341155,0.0,396,0,392,0,0.5025380710659898,0.5,0.3344594594594595,0.33615722321306085,0.4943890434961864,1.0,,0.5025380710659898,0.0,790,839,666,859,0.5228281547241598,0.5241193933721784,0.5225996698164681,0.5222552867671936,0.5326602864072296,0.4849600982197667,0.5058892815076561,0.5425824175824175,0.5632786885245902,0.485,393,3,387,5,0.5050761421319797,0.5025896722325294,0.3466836734693878,0.34831658551745576,0.4943890434961864,0.9924242424242424,0.625,0.5038461538461538,0.012755102040816327,0.487
0,42,331568,102,244969,67268,0.6194000065226811,0.6075656893959331,0.5422840862613181,0.5479541342311973,0.9094091465316125,0.9996924654023578,0.9984859729850082,0.5751027254105113,0.2154389133895086,79926,3604,74809,3469,0.5153947888855928,0.500585117857134,0.37609395331932893,0.3856628350226919,0.4996813621694952,0.9568538249730636,0.4904566661953909,0.5165347206514364,0.044316410741204425,1670,0,1483,0,0.5296542974944497,0.5,0.3462575160688368,0.36679356285122583,0.5172760345795261,1.0,,0.5296542974944497,0.0,396,0,393,0,0.5019011406844106,0.5,0.3341772151898734,0.3354478509890744,0.5177988536767162,1.0,,0.5019011406844106,0.0,500,1170,394,1089,0.5039644782746591,0.5168617586135887,0.4860286447802113,0.4803342460307007,0.5172760345795261,0.2994011976047904,0.4820717131474104,0.5592841163310962,0.734322319622387,0.484,49,347,40,353,0.5095057034220533,0.5109781016269566,0.42399524622480456,0.423151393028779,0.5177988536767162,0.12373737373737374,0.5042857142857143,0.550561797752809,0.8982188295165394,0.484
1,42,332240,113,238348,74450,0.6303795545538952,0.6188365154170155,0.5601511419070799,0.5654784106502758,0.916405994254449,0.999660000060177,0.9984845030376996,0.5822765287738263,0.23801303077385405,78947,3900,74007,3710,0.5147916095762437,0.5003312875897235,0.3782832890766987,0.3875910456879759,0.5004186810799232,0.9529252718867309,0.48751642575558474,0.5161486459981433,0.04773730329271588,1640,0,1513,0,0.520139549635268,0.5,0.34216565825161693,0.3559477827673021,0.5203456224912546,1.0,,0.520139549635268,0.0,426,0,363,0,0.5399239543726235,0.5,0.3506172839506173,0.3786133408440126,0.46714261695055553,1.0,,0.5399239543726235,0.0,956,684,805,708,0.5277513479226134,0.5254356552157722,0.5248115239974473,0.5263169983462218,0.5203456224912546,0.5829268292682926,0.5086206896551724,0.5428733674048836,0.4679444811632518,0.485,424,2,360,3,0.541191381495564,0.5017848135645832,0.35856539705353935,0.3858942260793055,0.46714261695055553,0.9953051643192489,0.6,0.5408163265306123,0.008264462809917356,0.487
2,42,332002,100,247494,65455,0.6161636831816399,0.6044271865448552,0.5371286165247581,0.542807759909149,0.9075836978356081,0.999698887691131,0.9984745633437572,0.5729150848323371,0.2091554853985793,79534,3564,74297,3269,0.5153799233182293,0.4996278176365818,0.3744197487751324,0.38464451355022466,0.5000562813633438,0.9571108811283063,0.4784135811503,0.517021926659776,0.042144754144857285,1647,0,1507,0,0.5221940393151554,0.5,0.3430535305144761,0.3582810176013584,0.5292947826153522,1.0,,0.5221940393151554,0.0,419,0,369,0,0.5317258883248731,0.5,0.3471416735708368,0.3691684295080726,0.5305120592972039,1.0,,0.5317258883248731,0.0,1244,403,1072,435,0.5323398858592264,0.5219828213127244,0.49940467447557285,0.5051042166186032,0.5292947826153522,0.7553126897389193,0.5190930787589498,0.5371329879101899,0.28865295288652953,0.486,34,385,15,354,0.49238578680203043,0.520247589110736,0.3921441574871178,0.3764814029066627,0.5305120592972039,0.081145584725537,0.4790257104194858,0.6938775510204082,0.959349593495935,0.484
3,42,331928,120,236878,75876,0.6324484105198185,0.6211223081508704,0.5636386832110442,0.5688236256395176,0.9197415733350797,0.9996386064665349,0.9984209695247118,0.5835522128810174,0.24260600983520594,79162,3990,74068,3693,0.5149055700906701,0.499753629559371,0.378111426596762,0.3878830841988987,0.49619386391080633,0.952015585914951,0.4806716126513081,0.5166220713959407,0.0474916732037911,1665,0,1489,0,0.5279010779961953,0.5,0.3455073666735837,0.3647874226452231,0.5155218347965158,1.0,,0.5279010779961953,0.0,401,0,387,0,0.5088832487309645,0.5,0.33725820016820857,0.34325009712551174,0.498662903464852,1.0,,0.5088832487309645,0.0,1267,398,1071,418,0.5342422320862397,0.5208431399835026,0.4978575179244634,0.5054001677389188,0.5155218347965158,0.760960960960961,0.5122549019607843,0.5419161676646707,0.2807253190060443,0.486,38,363,35,352,0.4949238578680203,0.5021619078917693,0.3995880141208543,0.3953373714060125,0.498662903464852,0.09476309226932668,0.49230769230769234,0.5205479452054794,0.9095607235142119,0.484
4,42,332570,57,252483,58839,0.6078260856061583,0.594412940446288,0.5213337003854108,0.5280655658559933,0.9034883277079785,0.999828636881552,0.9990321923390383,0.5684442264205123,0.18899724401102397,79605,2968,76316,2877,0.5098846481955417,0.5001925079228482,0.3676139158955885,0.37388118566899375,0.49991909863444384,0.964056047376261,0.49221556886227547,0.5105470077795807,0.03632896846943543,1642,0,1512,0,0.5206087507926442,0.5,0.34236864053377813,0.3564802205177322,0.5213521225244733,1.0,,0.5206087507926442,0.0,424,0,364,0,0.5380710659898477,0.5,0.34983498349834985,0.3764721649829958,0.5465866680489322,1.0,,0.5380710659898477,0.0,1076,566,919,593,0.5291693088142042,0.5237470918804659,0.5178624534416698,0.5209057064404886,0.5213521225244733,0.6552984165651644,0.5116479723899914,0.5393483709273182,0.3921957671957672,0.484,110,314,74,290,0.5076142131979695,0.5280686294837238,0.48050782949108306,0.47147236825545424,0.5465866680489322,0.25943396226415094,0.48013245033112584,0.5978260869565217,0.7967032967032966,0.483
0,43,331607,101,246205,65994,0.6174820276841221,0.6055399603960505,0.539047227867973,0.5448081827520084,0.9051179140087936,0.9996955153327626,0.9984718965125955,0.5739011996981718,0.21138440545933843,79806,3686,74884,3432,0.5144245031148027,0.4998372602625075,0.37523446335360394,0.3846676165969062,0.5002412968402885,0.9558520576821732,0.48215790952514753,0.5159092378304997,0.043822462842841824,1594,0,1559,0,0.5055502695845226,0.5,0.33579102591110177,0.3395184873468419,0.5116078334163634,1.0,,0.5055502695845226,0.0,401,0,388,0,0.5082382762991128,0.5,0.3369747899159664,0.3425269727662929,0.48589865542329735,1.0,,0.5082382762991128,0.0,465,1129,420,1139,0.5087218522042499,0.5111577411444295,0.4851977936854053,0.48397621794629614,0.5116078334163634,0.2917189460476788,0.5022045855379189,0.5254237288135594,0.7305965362411803,0.484,40,361,34,354,0.49936628643852976,0.5060608787310075,0.405153409362027,0.40125287623465583,0.48589865542329735,0.09975062344139651,0.4951048951048951,0.5405405405405406,0.9123711340206185,0.484
1,43,332523,64,243975,68589,0.6217335166495905,0.6096237139321278,0.5456988248279795,0.551467095055931,0.9143640140796994,0.9998075691473208,0.9990677756252458,0.5767981849026362,0.21943985871693478,79401,3212,74932,3019,0.5133155626416881,0.49992468942151214,0.37096444224917646,0.3796528887846153,0.5012611230822148,0.9611199205936112,0.4845129192745948,0.5144784329987754,0.038729458249413096,1600,0,1553,0,0.507453219156359,0.5,0.3366294971596886,0.34164744399334074,0.5242671442369606,1.0,,0.507453219156359,0.0,395,0,394,0,0.5006337135614702,0.5,0.33361486486486486,0.3340376973932107,0.49048383987663047,1.0,,0.5006337135614702,0.0,1049,551,951,602,0.523628290516968,0.5216309159690921,0.5138574772111357,0.5148848334200263,0.5242671442369606,0.655625,0.5221162185602776,0.5245,0.38763683193818416,0.485,306,89,291,103,0.5183776932826363,0.5180524320503759,0.4842356600242211,0.48440384738017384,0.49048383987663047,0.7746835443037975,0.5364583333333334,0.5125628140703518,0.2614213197969543,0.485
2,43,332535,109,240674,71733,0.6267225382179084,0.6146431277345692,0.5537796206030656,0.5594396455406488,0.9174142381721371,0.9996723223626459,0.9984827816597533,0.5801287139594807,0.2296139331064925,78901,3655,74766,3342,0.5118943882886023,0.49925696604486797,0.3732797975427721,0.38143974804023034,0.4984438139006745,0.955727021658026,0.47763327140202944,0.5134544176693759,0.04278691043170994,1578,0,1576,0,0.5003170577045022,0.5,0.3334742180896027,0.333685679229799,0.5314769868689403,1.0,,0.5003170577045022,0.0,417,0,371,0,0.5291878172588832,0.5,0.34605809128630705,0.36625945194515236,0.5040754458427866,1.0,,0.5291878172588832,0.0,698,880,622,954,0.5237793278376665,0.5238310075723945,0.5206211584893212,0.5205964852912872,0.5314769868689403,0.4423320659062104,0.520174482006543,0.5287878787878788,0.6053299492385786,0.484,349,68,301,70,0.5317258883248731,0.5128048504592553,0.4646098438049504,0.4756755715752603,0.5040754458427866,0.8369304556354916,0.5072463768115942,0.536923076923077,0.18867924528301888,0.485
3,43,331703,105,241408,71586,0.6254462610227636,0.6141986006982887,0.5526453773848172,0.5579109917997317,0.9185748033622636,0.9996835519336483,0.9985353810101686,0.578776188207869,0.228713649462929,79861,3531,74129,3392,0.5173789563304394,0.5007068472022628,0.3765926241760518,0.3874016651740825,0.5002793743270397,0.9576578089025326,0.48996099956666184,0.5186115981557244,0.04375588550199301,1595,0,1559,0,0.5057070386810399,0.5,0.33586018109075594,0.33969371518056796,0.5236352376030773,1.0,,0.5057070386810399,0.0,400,0,388,0,0.5076142131979695,0.5,0.3367003367003367,0.34182775299526574,0.5137628865979382,1.0,,0.5076142131979695,0.0,1069,526,978,581,0.523145212428662,0.5214471136348555,0.5114495263024982,0.512312322820002,0.5236352376030773,0.6702194357366771,0.5248419150858176,0.5222276502198339,0.372674791533034,0.486,107,293,91,297,0.5126903553299492,0.5164819587628866,0.48261074748137966,0.4807109827751542,0.5137628865979382,0.2675,0.5033898305084745,0.5404040404040404,0.7654639175257731,0.485
4,43,332006,47,245708,66188,0.6183626343079964,0.6060351096130453,0.5399750648294679,0.5459192004334478,0.9157359475083421,0.9998584563307664,0.9992904053748018,0.5746892060777478,0.2122117628953241,80099,3048,75552,3067,0.5141129780052669,0.5011764794486583,0.37162138128725564,0.3799971465528486,0.5036043502237029,0.963342032785308,0.5015535568274734,0.514606395076164,0.03901092611200855,1613,0,1541,0,0.5114140773620799,0.5,0.3383679462974617,0.3460922621292363,0.5159281358108779,1.0,,0.5114140773620799,0.0,382,0,406,0,0.4847715736040609,0.5,0.3264957264957265,0.31655169421666884,0.5052420498800712,1.0,,0.4847715736040609,0.0,307,1306,250,1291,0.5066582117945466,0.5140481318038503,0.45346112127009863,0.4495686512317244,0.5159281358108779,0.1903285802851829,0.49711205236811706,0.5511669658886894,0.8377676833225178,0.483,119,263,119,287,0.5152284263959391,0.5092074381657339,0.4921446888918882,0.49544236567818123,0.5052420498800712,0.31151832460732987,0.5218181818181818,0.5,0.7068965517241379,0.484
0,44,331811,133,220778,91185,0.6569209528705232,0.6459468042478126,0.6012334816227548,0.6058576343036857,0.9312588085856891,0.9995993300074711,0.9985435511071201,0.6004661692505642,0.29229427848815404,78462,4794,74040,4512,0.5127929397804806,0.49992911111704147,0.3841629668002792,0.39234518982798533,0.499139019983964,0.942418564427789,0.48484848484848486,0.5144981705157965,0.05743965780629392,1629,0,1524,0,0.5166508087535681,0.5,0.34065244667503136,0.3519967241570733,0.5074849069280705,1.0,,0.5166508087535681,0.0,402,0,387,0,0.5095057034220533,0.5,0.33753148614609574,0.3439484345519151,0.4828634604754008,1.0,,0.5095057034220533,0.0,634,995,562,962,0.5061845861084682,0.5102147107302195,0.5007821473333113,0.4990527080912641,0.5074849069280705,0.38919582565991406,0.4915687276443536,0.5301003344481605,0.631233595800525,0.484,293,109,278,109,0.5095057034220533,0.5052547340815303,0.48129581340830524,0.4835955327029043,0.4828634604754008,0.7288557213930348,0.5,0.5131348511383538,0.28165374677002586,0.485
1,44,332432,84,234452,78183,0.6364634015912554,0.6249124735342255,0.5696219503717229,0.5748486175039261,0.9218638278935107,0.9997473805771753,0.9989267507378589,0.5864197966426994,0.25007756649127577,78613,4071,74002,3878,0.513757753917441,0.5002794557938135,0.3792811810607935,0.387925396702773,0.5024305500944096,0.9507643558608679,0.4878601081897094,0.5151066408937522,0.049794555726759115,1616,0,1537,0,0.5125277513479226,0.5,0.33885510589222056,0.34734529091140404,0.510234753956853,1.0,,0.5125277513479226,0.0,415,0,374,0,0.5259822560202788,0.5,0.3446843853820598,0.36259574127643807,0.49469750660395595,1.0,,0.5259822560202788,0.0,993,623,912,625,0.513162067871868,0.5105582512545335,0.506438669853156,0.5078820080147817,0.510234753956853,0.614480198019802,0.500801282051282,0.521259842519685,0.4066363044892648,0.485,395,20,350,24,0.5310519645120405,0.5079891759551575,0.3979335093218941,0.4126447132647404,0.49469750660395595,0.9518072289156626,0.5454545454545454,0.5302013422818792,0.06417112299465241,0.486
2,44,332136,208,221771,90936,0.6558737216127097,0.645088357415432,0.5999373175422572,0.6044913107708288,0.9246193113752317,0.9993741424548058,0.9977178969542702,0.5996241246274194,0.2908025723760581,77805,5051,73001,4807,0.5141911069063387,0.5004095469956166,0.38781408911750337,0.3965533858899909,0.499638616143796,0.9390388143284735,0.4876242645567052,0.5159277482328289,0.06178027966275961,1621,0,1533,0,0.5139505389980976,0.5,0.3394764397905759,0.34894819841504343,0.5070497180474955,1.0,,0.5139505389980976,0.0,410,0,378,0,0.5203045685279187,0.5,0.34223706176961605,0.35613501351660554,0.5258097819073428,1.0,,0.5203045685279187,0.0,948,673,861,672,0.5136334812935954,0.5115901734934465,0.5098803226244335,0.5110769819102532,0.5070497180474955,0.5848241826033312,0.4996282527881041,0.5240464344941956,0.4383561643835616,0.485,281,129,242,136,0.5291878172588832,0.5225771067234481,0.5126875461520639,0.5163289852928792,0.5258097819073428,0.6853658536585366,0.5132075471698113,0.5372848948374761,0.35978835978835977,0.485
3,44,331831,136,237567,75268,0.6313550516282518,0.6200949989353749,0.5620130318888039,0.567183892541568,0.9108304771937686,0.9995903207246504,0.9981963821547929,0.5827751414651966,0.2405996771460994,78991,4242,73709,3971,0.515570525687794,0.5000773085532365,0.3810346167701686,0.3909929998975956,0.499844346321086,0.9490346377037954,0.4835017654937295,0.5172953503601834,0.05111997940267765,1636,0,1518,0,0.518706404565631,0.5,0.341544885177453,0.3543230387763558,0.5046334773266845,1.0,,0.518706404565631,0.0,395,0,393,0,0.501269035532995,0.5,0.3338968723584108,0.3347443263491682,0.5124810770766902,1.0,,0.501269035532995,0.0,771,865,695,823,0.5053899809765378,0.5067160657279718,0.5052554989375578,0.5049503281567957,0.5046334773266845,0.4712713936430318,0.48755924170616116,0.5259208731241474,0.5421607378129117,0.485,353,42,333,60,0.5241116751269036,0.5231713209005701,0.4477616124239621,0.4482827732615249,0.5124810770766902,0.8936708860759494,0.5882352941176471,0.5145772594752187,0.15267175572519084,0.486
4,44,331939,90,232103,79817,0.6394233083675881,0.6278091349686126,0.5741429762075789,0.57934967058334,0.9226259296008199,0.999728939339636,0.9988736906653986,0.5885005017356864,0.2558893305975891,78944,4227,74536,4059,0.513105349702657,0.5004107517188761,0.38030735530462184,0.38842224643589524,0.50198260317594,0.9491769967897464,0.48986241853729184,0.5143601772217878,0.0516445066480056,1622,0,1532,0,0.5142675967025999,0.5,0.3396147403685092,0.34930571266818133,0.5088260954950372,1.0,,0.5142675967025999,0.0,409,0,379,0,0.5190355329949239,0.5,0.341687552213868,0.3546959615621117,0.5251304746114792,1.0,,0.5190355329949239,0.0,685,937,627,905,0.5041217501585289,0.5065245981333686,0.5016972889844107,0.500705463958635,0.5088260954950372,0.42231812577065353,0.49131378935939196,0.5221036585365854,0.5907310704960835,0.484,334,75,297,82,0.5279187817258884,0.5164923779602738,0.47413892078071185,0.48054128517894723,0.5251304746114792,0.8166259168704156,0.5222929936305732,0.5293185419968305,0.21635883905013192,0.485
0,45,331665,154,219135,92953,0.6594399501791408,0.6486890834055165,0.6051768185956832,0.6096619967571213,0.9387947479704726,0.9995358915553358,0.9983459890233817,0.6021514161220044,0.2978422752556971,78811,4570,74022,4405,0.5142885395036092,0.5006791159255597,0.38404167949815654,0.39271360037102987,0.4988726660267142,0.9451913505474868,0.49080779944289693,0.5156674278460803,0.056166881303632676,1634,0,1519,0,0.5182366000634316,0.5,0.3413411322331314,0.3537909356606005,0.5386604438435065,1.0,,0.5182366000634316,0.0,404,0,385,0,0.5120405576679341,0.5,0.33864207879295893,0.34679695774995034,0.5139513951395139,1.0,,0.5120405576679341,0.0,656,978,507,1012,0.5290199809705043,0.5338482848424244,0.5229382578512805,0.5209736562818682,0.5386604438435065,0.401468788249694,0.5085427135678392,0.5640584694754944,0.6662277814351547,0.484,122,282,102,283,0.5133079847908745,0.5185225665423685,0.49216225276567216,0.48966679370679733,0.5139513951395139,0.30198019801980197,0.5008849557522124,0.5446428571428571,0.7350649350649351,0.484
1,45,332521,116,234393,78121,0.6365052522587735,0.6248136362906641,0.5695774652539236,0.5748714426827702,0.9217527831563903,0.9996512715061764,0.9985173255620742,0.5865457547352861,0.24997600107515183,78432,4131,74060,3941,0.5130228444732319,0.5002452370874038,0.37946181324482714,0.3876413976840746,0.49970075814774934,0.9499654809054904,0.4882309217046581,0.5143351782388584,0.05052499326931706,1638,0,1515,0,0.5195052331113226,0.5,0.34189104571070755,0.35522837480122993,0.5267919099602267,1.0,,0.5195052331113226,0.0,400,0,389,0,0.5069708491761724,0.5,0.33641715727502103,0.3411073838023027,0.516413881748072,1.0,,0.5069708491761724,0.0,386,1252,284,1231,0.5128449096098954,0.5240972448893241,0.47514831939366564,0.4696611234213624,0.5267919099602267,0.23565323565323565,0.49577124446234394,0.5761194029850746,0.8125412541254126,0.483,143,257,127,262,0.5133079847908745,0.5155109254498714,0.5019790913275035,0.5009318826880322,0.516413881748072,0.3575,0.5048169556840078,0.5296296296296297,0.6735218508997429,0.484
2,45,332530,191,223102,89228,0.6538366733793142,0.6425554790543466,0.5964207920063245,0.6012327838398345,0.93746137280926,0.9994259454618134,0.9978639886377616,0.5984716503009186,0.2856850126468799,77812,4667,73747,4438,0.5119379574764726,0.500089352984832,0.3833179435634456,0.39084505588855445,0.49977480292504384,0.9434158998047988,0.4874244920373421,0.513410618966871,0.056762806164865384,1623,0,1531,0,0.5145846544071021,0.5,0.3397529830437513,0.3496633427267015,0.526228734315218,1.0,,0.5145846544071021,0.0,415,0,373,0,0.5266497461928934,0.5,0.34497090606816294,0.3633576802494609,0.4989631448044187,1.0,,0.5266497461928934,0.0,801,822,687,844,0.5215599239061509,0.5224020882054303,0.5214709788498076,0.5212806777990268,0.526228734315218,0.49353049907578556,0.5066026410564226,0.5383064516129032,0.5512736773350752,0.484,409,6,361,12,0.5342639593908629,0.5088568752220679,0.3758382164092935,0.39259862246779703,0.4989631448044187,0.9855421686746988,0.6666666666666666,0.5311688311688312,0.032171581769437,0.487
3,45,331898,246,215694,96964,0.6651064978086296,0.6546936783353599,0.6138437253568291,0.6180955849599337,0.9370946121609699,0.9992593573871574,0.9974693961526592,0.6061045449897003,0.3101279992835622,77623,5433,72930,4927,0.5130101359119524,0.4989344940697321,0.38812835103048904,0.3970595219284577,0.49953994275973157,0.9345863032171066,0.47557915057915057,0.5155858734133495,0.06328268492235765,1651,0,1503,0,0.5234622701331643,0.5,0.3436004162330905,0.3597237078001474,0.5289582353564626,1.0,,0.5234622701331643,0.0,387,0,401,0,0.49111675126903553,0.5,0.3293617021276596,0.32351009828275196,0.5027998479254061,1.0,,0.49111675126903553,0.0,565,1086,449,1054,0.5133164235890932,0.5217404883348586,0.5013294920634758,0.4977015455076651,0.5289582353564626,0.3422168382798304,0.49252336448598133,0.5571992110453649,0.7012641383898869,0.484,232,155,233,168,0.5076142131979695,0.5092179112941162,0.5043446683785957,0.5036294554493577,0.5027998479254061,0.599483204134367,0.5201238390092879,0.4989247311827957,0.41895261845386533,0.485
4,45,331115,364,221665,90805,0.6552071670272025,0.6447528945975336,0.5994206424442992,0.6038334677357827,0.923076219619015,0.9989018912208617,0.9960074148010837,0.5989996020116503,0.29060389797420555,78518,5203,73203,4842,0.5153122411384345,0.49994711873093645,0.38845841186294267,0.39823123252323495,0.501055968128291,0.9378531073446328,0.48203086112493776,0.5175157031656791,0.06204113011724005,1606,0,1548,0,0.5091946734305643,0.5,0.3373949579831933,0.34359943089474215,0.5307893364997538,1.0,,0.5091946734305643,0.0,432,0,356,0,0.5482233502538071,0.5,0.3540983606557377,0.3882499791961388,0.5054554203079484,1.0,,0.5482233502538071,0.0,787,819,699,849,0.518706404565631,0.5192434861517372,0.5185203510262402,0.5183463009410035,0.5307893364997538,0.4900373599003736,0.5089928057553957,0.5296096904441454,0.5484496124031008,0.485,52,380,29,327,0.48096446700507617,0.5194548481065335,0.40898446597312765,0.3890918111424801,0.5054554203079484,0.12037037037037036,0.4625176803394625,0.6419753086419753,0.9185393258426966,0.484
0,46,331526,102,244785,67494,0.6196857620743368,0.6079130380854086,0.5428155054495613,0.5484487718545151,0.9059836141798858,0.9996924264537373,0.9984910349724836,0.5752553742684071,0.2161336497170799,80018,3554,74917,3319,0.5150363393651736,0.49994836027920647,0.3744924451058445,0.38427017649436035,0.5006437671716242,0.957473795050974,0.48290411756147245,0.5164617420208475,0.04242292550743903,1607,0,1546,0,0.5096733269901681,0.5,0.33760504201680674,0.34413656994672276,0.5233909537107625,1.0,,0.5096733269901681,0.0,397,0,392,0,0.5031685678073511,0.5,0.33473861720067455,0.3368599012133531,0.5190973114686681,1.0,,0.5031685678073511,0.0,440,1167,373,1173,0.5115762765620044,0.5162671639520178,0.483670986758995,0.4813487184397814,0.5233909537107625,0.2738021157436217,0.5012820512820513,0.5412054120541205,0.758732212160414,0.484,235,162,225,167,0.5095057034220533,0.5089799773813808,0.5058351149139744,0.5061050111278037,0.5190973114686681,0.5919395465994962,0.5075987841945289,0.5108695652173914,0.4260204081632653,0.485
1,46,332470,136,243023,69522,0.6230975384057376,0.6110147383360478,0.5480145709508586,0.5537428495843235,0.9054373354364739,0.9995911077972135,0.9980476040081542,0.5777133692329881,0.22243836887488203,79026,3568,74532,3438,0.5135895966717321,0.5004473091966812,0.3750988834926274,0.383570877165435,0.4997531903742578,0.9568007361309538,0.4907222380816443,0.514632907435627,0.04409388226240862,1611,0,1542,0,0.510941960038059,0.5,0.33816120906801006,0.34556150194009777,0.5218846435940974,1.0,,0.510941960038059,0.0,393,0,396,0,0.49809885931558934,0.5,0.33248730964467005,0.3312230993418386,0.48485491042742956,1.0,,0.49809885931558934,0.0,1027,584,934,608,0.5185537583254044,0.5158926833274159,0.5098987819593342,0.511324064463532,0.5218846435940974,0.6374922408441962,0.5100671140939598,0.52371239163692,0.3942931258106355,0.485,288,105,289,107,0.5006337135614702,0.5015132238414681,0.4728940586001085,0.4724342853134561,0.48485491042742956,0.732824427480916,0.5047169811320755,0.49913344887348354,0.2702020202020202,0.485
2,46,332617,106,239308,73020,0.6288448510272832,0.6167370480823609,0.5571145515321745,0.562749976664987,0.9075740503984642,0.99968141667393,0.9985504471733719,0.5815745071469162,0.23379267949079174,78813,3664,74735,3452,0.5120313200219091,0.49986302794396414,0.3743855270943715,0.38222115098018955,0.500779371761797,0.9555754937740218,0.48510399100618323,0.5132792351577357,0.0441505621139064,1583,0,1571,0,0.5019023462270134,0.5,0.33417774963056784,0.33544919319289085,0.5145581253395302,1.0,,0.5019023462270134,0.0,421,0,367,0,0.5342639593908629,0.5,0.348221670802316,0.372084577177094,0.4803795297300446,1.0,,0.5342639593908629,0.0,708,875,670,901,0.510145846544071,0.5103860519933909,0.5083047045108975,0.5081902293585758,0.5145581253395302,0.4472520530638029,0.5073198198198198,0.5137880986937591,0.573520050922979,0.484,31,390,17,350,0.48350253807106597,0.5136563391949879,0.3822679093884045,0.3651310129969822,0.4803795297300446,0.07363420427553444,0.47297297297297297,0.6458333333333334,0.9536784741144414,0.483
3,46,332114,157,234392,78139,0.6362464756622963,0.6247737460699847,0.569450139968411,0.5746418307513514,0.9165973024884275,0.9995274941237725,0.9979947890058241,0.5862497484580922,0.2500199980161968,78892,4037,74194,3790,0.5138304549663483,0.4999597582245419,0.37843372157449146,0.38734875508388844,0.4997778424341247,0.9513198036874917,0.48422128529449343,0.5153443162666737,0.04859971276159212,1606,0,1548,0,0.5091946734305643,0.5,0.3373949579831933,0.34359943089474215,0.5139862305759089,1.0,,0.5091946734305643,0.0,398,0,390,0,0.5050761421319797,0.5,0.33558178752107926,0.3389887092218009,0.5305308594253317,1.0,,0.5050761421319797,0.0,539,1067,463,1085,0.5149017121116043,0.5182604155605111,0.49991502238434754,0.4983230297026976,0.5139862305759089,0.3356164383561644,0.504182156133829,0.5379241516966068,0.7009043927648578,0.484,260,138,233,157,0.5291878172588832,0.527915217111197,0.521004038765596,0.521639672046628,0.5305308594253317,0.6532663316582915,0.5322033898305085,0.5273833671399595,0.4025641025641026,0.485
4,46,331386,186,236355,76022,0.6326712208575523,0.6214026123987385,0.5641259657942514,0.5692783215332752,0.9125565252616252,0.9994390358655134,0.9975593113583876,0.5836922117655762,0.24336618893196363,79564,4064,74241,3897,0.515936599779929,0.5006385685592387,0.38036269923393057,0.39019922921394207,0.49987420951909045,0.9514038360357775,0.48951136791860317,0.5173043789213615,0.04987330108269984,1609,0,1545,0,0.510145846544071,0.5,0.33781230317027083,0.3446670867476004,0.5240855945822548,1.0,,0.510145846544071,0.0,395,0,393,0,0.501269035532995,0.5,0.3338968723584108,0.3347443263491682,0.4819982607015171,1.0,,0.501269035532995,0.0,788,821,687,858,0.5218769816106531,0.5225424945844672,0.5216413539182461,0.5214259228851882,0.5240855945822548,0.4897451833436917,0.5110184633710542,0.5342372881355932,0.5553398058252427,0.485,346,49,333,60,0.5152284263959391,0.5143105614068992,0.44168206132638904,0.4421963715716306,0.4819982607015171,0.8759493670886076,0.5504587155963303,0.5095729013254786,0.15267175572519084,0.486
0,47,331847,138,244490,67432,0.6200879940736783,0.607883284629744,0.543030880455394,0.5488777381242995,0.9043296185448618,0.9995843185686101,0.9979576735237532,0.5757863888662362,0.21618225069087785,79039,4176,74684,3909,0.5126322555127064,0.4997769968621943,0.3786831060283153,0.38692366198355094,0.501779671739624,0.9498167397704741,0.48348794063079775,0.5141650891538677,0.04973725395391447,1629,0,1524,0,0.5166508087535681,0.5,0.34065244667503136,0.3519967241570733,0.5208555882632534,1.0,,0.5166508087535681,0.0,415,0,374,0,0.5259822560202788,0.5,0.3446843853820598,0.36259574127643807,0.5056955093099671,1.0,,0.5259822560202788,0.0,1158,471,1013,511,0.529337139232477,0.523083699482316,0.5086474566304028,0.5120051330959635,0.5208555882632534,0.7108655616942909,0.5203665987780041,0.5333947489636113,0.3353018372703412,0.485,26,389,17,357,0.48542458808618505,0.5085980284775465,0.37551855895196506,0.3619048212042218,0.5056955093099671,0.06265060240963856,0.4785522788203753,0.6046511627906976,0.9545454545454546,0.483
1,47,332113,127,237274,75637,0.6320225807601632,0.6206691177100743,0.5629507261703218,0.5681562419977951,0.913606330372065,0.9996177462075608,0.998323742146666,0.5832816695850098,0.2417204892125876,78679,4281,73560,4044,0.5152026606213099,0.5002537668429841,0.3815830895221211,0.3911719743992867,0.4990715868044461,0.9483968177434908,0.48576576576576574,0.5168123805332405,0.05211071594247719,1639,0,1514,0,0.5198223913732952,0.5,0.34202838063439067,0.35558802147780927,0.5068472173079729,1.0,,0.5198223913732952,0.0,405,0,384,0,0.5133079847908745,0.5,0.3391959798994975,0.34822400978275414,0.5101980452674898,1.0,,0.5133079847908745,0.0,1584,55,1447,67,0.523628290516968,0.5053482928905163,0.38013984073548585,0.39196321332789535,0.5068472173079729,0.9664429530201343,0.5491803278688525,0.5225998020455296,0.04425363276089828,0.488,71,334,58,326,0.5031685678073511,0.512133487654321,0.4452193378965948,0.44044704837453247,0.5101980452674898,0.17530864197530865,0.49393939393939396,0.5503875968992248,0.8489583333333334,0.484
2,47,332401,125,229801,82724,0.643553765516215,0.6321598569474649,0.580740413365411,0.5857722339030186,0.9202977831939386,0.9996240895448777,0.9984912310347741,0.5912483413435029,0.264695624350052,77883,4791,73321,4669,0.5138176567245929,0.5009580725898591,0.3863974612048814,0.394549402033334,0.5001103325226592,0.9420494956092604,0.49355179704016916,0.5150855797465675,0.05986664957045775,1644,0,1510,0,0.5212428662016487,0.5,0.342642767819925,0.35720019676344744,0.5090298254942718,1.0,,0.5212428662016487,0.0,400,0,388,0,0.5076142131979695,0.5,0.3367003367003367,0.34182775299526574,0.5507474226804124,1.0,,0.5076142131979695,0.0,701,943,622,888,0.5038046924540266,0.5072392484813328,0.5020542741583135,0.5007999637218132,0.5090298254942718,0.4263990267639903,0.4849808847624249,0.5298563869992441,0.5880794701986755,0.484,145,255,107,281,0.5406091370558376,0.5433634020618556,0.526505192149364,0.5252607264223221,0.5507474226804124,0.3625,0.5242537313432836,0.5753968253968254,0.7242268041237113,0.484
3,47,332328,124,237577,74773,0.6313581533556037,0.619507760153832,0.5613774746663528,0.5668394210584295,0.9124724266045063,0.9996270138245521,0.9983443929663405,0.5831287670752143,0.23938850648311188,78538,4210,74237,3928,0.5124881146955187,0.4996876540188849,0.37897618564306135,0.38717730038434817,0.497389080745799,0.9491226374051337,0.48267387564512165,0.5140762559319261,0.05025267063263609,1654,0,1500,0,0.5244134432466709,0.5,0.3440099833610649,0.36080691977121204,0.5181438935912938,1.0,,0.5244134432466709,0.0,390,0,398,0,0.4949238578680203,0.5,0.3310696095076401,0.32770849672076047,0.47279989692049995,1.0,,0.4949238578680203,0.0,1104,550,957,543,0.5221940393151554,0.5147363966142684,0.5065835703226256,0.5108687971048886,0.5181438935912938,0.6674727932285369,0.4967978042086002,0.5356622998544396,0.362,0.485,390,0,397,1,0.49619289340101524,0.5012562814070352,0.3338571577627161,0.33051863363647854,0.47279989692049995,1.0,1.0,0.49555273189326554,0.002512562814070352,0.488
4,47,331412,185,226453,85899,0.6480497679164033,0.6372245686013384,0.5881887259606711,0.5928810467438397,0.9260842737419617,0.9994420938669529,0.9978509362947818,0.5940720425192475,0.2750070433357238,78294,5309,73203,4960,0.5146569736533017,0.4999773142794333,0.3891125388324144,0.3984255686061296,0.500014371441127,0.936497494109063,0.48300710877397995,0.5168023129170874,0.06345713444980361,1610,0,1544,0,0.5104629042485732,0.5,0.33795130142737195,0.3450232056424026,0.5057517780709941,1.0,,0.5104629042485732,0.0,434,0,354,0,0.550761421319797,0.5,0.35515548281505727,0.3912118770094793,0.49775443255486995,1.0,,0.550761421319797,0.0,201,1409,168,1376,0.5,0.508018215170727,0.41942276555717684,0.41489672515443105,0.5057517780709941,0.1248447204968944,0.4940754039497307,0.5447154471544715,0.8911917098445595,0.483,231,203,184,170,0.5088832487309645,0.5062420266083469,0.5059224947871352,0.5098054507790424,0.49775443255486995,0.532258064516129,0.45576407506702415,0.5566265060240964,0.480225988700565,0.485
0,48,331666,130,232100,80011,0.6393423273857871,0.6279812514154732,0.5743225499179044,0.5794085379549204,0.9210298030043265,0.9996081929860516,0.9983778590234711,0.5883043674148494,0.25635430984489493,79254,4150,74550,3854,0.513621081775932,0.49969892497133556,0.37871418597359063,0.3876602665970881,0.5003606940294274,0.9502421946189631,0.4815092453773113,0.5152921900600764,0.04915565532370798,1625,0,1528,0,0.5153821757056771,0.5,0.3401004604437003,0.35056343052395367,0.5151558598469593,1.0,,0.5153821757056771,0.0,396,0,393,0,0.5019011406844106,0.5,0.3341772151898734,0.3354478509890744,0.4567173002287506,1.0,,0.5019011406844106,0.0,1003,622,866,662,0.5280685061845861,0.5252384212645993,0.5224831676493171,0.5240719589628687,0.5151558598469593,0.6172307692307692,0.5155763239875389,0.5366506153023007,0.43324607329842935,0.485,376,20,371,22,0.5044359949302915,0.5027372966304264,0.3795335927836606,0.3805920877171067,0.4567173002287506,0.9494949494949495,0.5238095238095238,0.5033467202141901,0.05597964376590331,0.486
1,48,332415,154,224752,87830,0.6513901396727277,0.6402596042257884,0.5928755642771826,0.5976572590598993,0.9280450994913724,0.999536938199291,0.99824968176032,0.5966164543126208,0.2809822702522858,77812,4819,73560,4373,0.5118519717994071,0.49889639235202926,0.38271790389129823,0.39097879866154694,0.5023847479053429,0.9416804831116651,0.475739773716275,0.5140448695927913,0.056112301592393464,1595,0,1558,0,0.5058674278464954,0.5,0.3359309182813816,0.33987301913022755,0.5208393527591437,1.0,,0.5058674278464954,0.0,426,0,363,0,0.5399239543726235,0.5,0.3506172839506173,0.3786133408440126,0.4568864056700165,1.0,,0.5399239543726235,0.0,1044,551,949,609,0.5242626070409134,0.5227156027541137,0.5150317098200772,0.5158168665951829,0.5208393527591437,0.6545454545454545,0.525,0.5238334169593577,0.3908857509627728,0.485,0,426,0,363,0.4600760456273764,0.5,0.3151041666666667,0.2899437579214195,0.4568864056700165,0.0,0.4600760456273764,,1.0,0.0
2,48,332036,277,214471,98267,0.6670836879564561,0.6566907711417143,0.6167487800470437,0.6209636495221527,0.9293284626270059,0.9991664484988549,0.9971890729014451,0.6075603789155491,0.3142150937845737,77273,5614,72418,5359,0.514315590300254,0.5005856758050008,0.39262862482360905,0.4012753472084807,0.49936811933074376,0.9322692340173971,0.4883805704912057,0.516216739817357,0.06890211759260449,1625,0,1529,0,0.5152187698161065,0.5,0.3400292948315547,0.3503789499691036,0.516208683402928,1.0,,0.5152187698161065,0.0,396,0,392,0,0.5025380710659898,0.5,0.3344594594594595,0.33615722321306085,0.48569882498453926,1.0,,0.5025380710659898,0.0,1479,146,1351,178,0.5253646163601775,0.5132849021482115,0.4280469745121661,0.4352279842104052,0.516208683402928,0.9101538461538462,0.5493827160493827,0.5226148409893993,0.11641595814257685,0.487,392,4,386,6,0.5050761421319797,0.5026025561739847,0.34882656563858727,0.3504457322343737,0.48569882498453926,0.98989898989899,0.6,0.5038560411311054,0.015306122448979591,0.487
3,48,332102,192,222916,89592,0.6539899069791967,0.64305462961295,0.5969826270651739,0.6016337591437639,0.9271415347560588,0.9994221984146568,0.9978615343491045,0.5983625756281779,0.28668706081124323,78008,4898,73380,4627,0.513538371666677,0.5001181163857648,0.3858098686755767,0.3943371705132922,0.49846089581323827,0.9409210431090633,0.4857742782152231,0.5152852273628029,0.05931518966246619,1634,0,1520,0,0.5180722891566265,0.5,0.3412698412698413,0.35360489577357046,0.5085196160535979,1.0,,0.5180722891566265,0.0,387,0,401,0,0.49111675126903553,0.5,0.3293617021276596,0.32351009828275196,0.4748400317036865,1.0,,0.49111675126903553,0.0,1333,301,1197,323,0.5250475586556753,0.5141447368421053,0.4707778649977777,0.47690335517302557,0.5085196160535979,0.8157894736842105,0.5176282051282052,0.5268774703557312,0.2125,0.486,364,23,375,26,0.4949238578680203,0.502703190344552,0.3810459838168541,0.3763291487969833,0.4748400317036865,0.9405684754521964,0.5306122448979592,0.4925575101488498,0.06483790523690773,0.486
4,48,331644,184,222337,89784,0.6544431313659933,0.6435515835414803,0.5976905857766712,0.602314841196868,0.9311622535282806,0.9994454958593006,0.9979548283834252,0.5986559105817708,0.28765767122366004,78475,4897,73816,4578,0.5134144381390403,0.4998302900881039,0.3850969800848092,0.39374096165637446,0.5008025277980331,0.9412632538502135,0.48316622691292876,0.515296373390417,0.058397326325994335,1605,0,1549,0,0.5088776157260622,0.5,0.33725572599285564,0.343243779466413,0.5105410183235491,1.0,,0.5088776157260622,0.0,416,0,372,0,0.5279187817258884,0.5,0.34551495016611294,0.36480766311955076,0.5079675868486352,1.0,,0.5279187817258884,0.0,945,660,877,672,0.5126823081800888,0.5113066615181334,0.5090037289884208,0.5097583093354296,0.5105410183235491,0.5887850467289719,0.5045045045045045,0.5186608122941823,0.43382827630729504,0.485,258,158,222,150,0.5177664974619289,0.5117090570719602,0.5085346638655461,0.5122957812566651,0.5079675868486352,0.6201923076923077,0.487012987012987,0.5375,0.4032258064516129,0.485
0,49,331499,277,219711,92420,0.6583543896867095,0.6476293633496584,0.603723994067928,0.6082129459287394,0.9275757242392558,0.9991650993441358,0.9970117695286794,0.6014023693329221,0.296093627355181,78036,5388,73316,5068,0.5135963611193514,0.5000351607652955,0.38943128708181735,0.3980075393177176,0.4978865119673249,0.9354142692750288,0.48469778117827084,0.515592790316613,0.06465605225556235,1649,0,1504,0,0.5229939739930225,0.5,0.34339858392336525,0.3591907801393145,0.5219608434512212,1.0,,0.5229939739930225,0.0,381,0,408,0,0.4828897338403042,0.5,0.32564102564102565,0.3144974163985571,0.5018977407235861,1.0,,0.4828897338403042,0.0,614,1035,505,999,0.5115762765620044,0.5182878001496716,0.5041837261507596,0.5013995188530179,0.5219608434512212,0.37234687689508794,0.4911504424778761,0.548704200178731,0.6642287234042553,0.484,257,124,270,138,0.5006337135614702,0.5063879882661726,0.4890097968308238,0.4863724375726099,0.5018977407235861,0.6745406824146981,0.5267175572519084,0.4876660341555977,0.3382352941176471,0.485
1,49,332419,138,222405,90189,0.6550528480929271,0.6440515236622882,0.5984447722561315,0.6031100367482668,0.9315878005812697,0.9995850335431219,0.9984722176093527,0.5991431517021614,0.28851801378145453,77733,4910,73204,4717,0.513502404025809,0.500561750161844,0.3866686373395536,0.39487107305628005,0.4989276539732805,0.9405878295802428,0.48997610886049653,0.5150029482499321,0.060535670743445284,1634,0,1519,0,0.5182366000634316,0.5,0.3413411322331314,0.3537909356606005,0.5196132545488681,1.0,,0.5182366000634316,0.0,396,0,393,0,0.5019011406844106,0.5,0.3341772151898734,0.3354478509890744,0.4964787827383247,1.0,,0.5019011406844106,0.0,1060,574,941,578,0.5195052331113226,0.5146141530011934,0.5080077061844653,0.5107508920695039,0.5196132545488681,0.6487148102815178,0.5017361111111112,0.5297351324337831,0.380513495720869,0.485,24,372,18,375,0.5057034220532319,0.5074022669442517,0.38374188896899786,0.38269948270332066,0.4964787827383247,0.06060606060606061,0.5020080321285141,0.5714285714285714,0.9541984732824428,0.483
2,49,331905,192,230413,82541,0.6425011355691256,0.6315849412646105,0.5796878772738576,0.5845098812661993,0.9171738332543562,0.9994218556626527,0.9976792815442448,0.5902443101590203,0.26374802686656823,78469,4634,73142,4419,0.5159089777423692,0.5006061919338396,0.38533697549575735,0.3951091569468137,0.5025465607992309,0.9442378734823051,0.48812548326521593,0.5175679864917453,0.05697451038537409,1583,0,1571,0,0.5019023462270134,0.5,0.33417774963056784,0.33544919319289085,0.5137575279676287,1.0,,0.5019023462270134,0.0,447,0,341,0,0.567258883248731,0.5,0.36194331983805667,0.41063112682134856,0.5083613795456186,1.0,,0.567258883248731,0.0,800,783,756,815,0.5120481927710844,0.5120736999943303,0.5120371559019254,0.5120283264065983,0.5137575279676287,0.505369551484523,0.5100125156445557,0.5141388174807198,0.5187778485041374,0.485,392,55,293,48,0.5583756345177665,0.5088599788751337,0.4543978607582848,0.48643752360277626,0.5083613795456186,0.8769574944071589,0.46601941747572817,0.5722627737226277,0.14076246334310852,0.486
3,49,332617,100,232948,79137,0.638574322039944,0.6266372960343667,0.5725111474325228,0.5778883583308199,0.9207417659941377,0.9996994442724598,0.9987379633252143,0.5881145403269297,0.25357514779627344,78185,4298,74408,4022,0.5108785492781813,0.4995868451908958,0.3789576775538359,0.3861671390521406,0.4988058095849189,0.9478922929573367,0.48341346153846154,0.5123760591901332,0.05128139742445493,1643,0,1511,0,0.5209258084971464,0.5,0.3425057327496352,0.35684015149502263,0.5271772471544642,1.0,,0.5209258084971464,0.0,387,0,401,0,0.49111675126903553,0.5,0.3293617021276596,0.32351009828275196,0.44879403558287745,1.0,,0.49111675126903553,0.0,505,1138,395,1116,0.5139505389980976,0.5229741481922183,0.49499869182334755,0.49090434840752595,0.5271772471544642,0.30736457699330494,0.4951197870452529,0.5611111111111111,0.7385837193911317,0.483,1,386,0,401,0.5101522842639594,0.5012919896640827,0.3401194071297164,0.3460705578294149,0.44879403558287745,0.002583979328165375,0.5095298602287166,1.0,1.0,0.48
4,49,331544,109,237074,75222,0.631674247494755,0.6202694908178116,0.562329021112199,0.5675658542638096,0.9084992982581106,0.9996713432412793,0.9985530525281756,0.5830698289537088,0.24086763839434383,79116,4431,74046,4173,0.5148733355587701,0.5001570966863192,0.3822964735751998,0.39172189717244654,0.5003605312799216,0.9469639843441416,0.4850069735006973,0.5165511027539468,0.053350209028496916,1611,0,1543,0,0.5107799619530755,0.5,0.338090241343127,0.34537944121989705,0.5211449315766162,1.0,,0.5107799619530755,0.0,419,0,369,0,0.5317258883248731,0.5,0.3471416735708368,0.3691684295080726,0.539489428307171,1.0,,0.5317258883248731,0.0,532,1079,457,1086,0.5129993658845909,0.5170266955188587,0.49749564351506104,0.49559265954190573,0.5211449315766162,0.3302296710117939,0.5016166281755197,0.537917087967644,0.7038237200259235,0.484,246,173,203,166,0.5228426395939086,0.5184883352413476,0.5178734150850062,0.5209791804030702,0.539489428307171,0.5871121718377088,0.4896755162241888,0.5478841870824054,0.44986449864498645,0.485
0,50,331784,130,233125,78868,0.6377504826007483,0.6261980275401582,0.5716679123466376,0.5768729246117064,0.9197994202210449,0.9996083322788433,0.9983543887187017,0.5873229139560531,0.2527877228014731,79398,3888,74916,3606,0.5129783447048354,0.4996204599007071,0.37608909970238097,0.3846934426830609,0.5000878385375098,0.9533174843311001,0.4811849479583667,0.5145223375714453,0.04592343547031405,1551,0,1602,0,0.49191246431969554,0.5,0.32971938775510207,0.324386153129187,0.5203135023837868,1.0,,0.49191246431969554,0.0,430,0,359,0,0.5449936628643853,0.5,0.3527481542247744,0.3844910172792218,0.5462913778583922,1.0,,0.5449936628643853,0.0,561,990,526,1076,0.5191880748493498,0.5166812760644939,0.5060089803997113,0.5073140946073454,0.5203135023837868,0.3617021276595745,0.5208131655372701,0.516099356025759,0.6716604244694132,0.484,299,131,217,142,0.55893536121673,0.5454460063483837,0.5407511975807531,0.5489746091613542,0.5462913778583922,0.6953488372093023,0.5201465201465202,0.5794573643410853,0.3955431754874652,0.485
1,50,332364,197,228237,84353,0.6459216524503566,0.6346297550653246,0.5845217914881662,0.5894659940569067,0.9156239692802819,0.9994076274728546,0.9976700177409816,0.5928708653748388,0.26985188265779453,77978,4661,73682,4243,0.5120761814603523,0.4990239252469866,0.3816802160640967,0.39001664490898647,0.49830103024754513,0.9435980590278198,0.47652740341419586,0.5141632599235131,0.05444979146615335,1581,0,1572,0,0.5014272121788773,0.5,0.33396704689480355,0.3349203305681474,0.5349973363719616,1.0,,0.5014272121788773,0.0,400,0,389,0,0.5069708491761724,0.5,0.33641715727502103,0.3411073838023027,0.4764331619537275,1.0,,0.5069708491761724,0.0,648,933,561,1011,0.5261655566127498,0.5264984718339442,0.51980072663217,0.5196429209301722,0.5349973363719616,0.4098671726755218,0.5200617283950617,0.5359801488833746,0.6431297709923665,0.484,13,387,10,379,0.4968314321926489,0.503396529562982,0.35887138865862267,0.3547250485524088,0.4764331619537275,0.0325,0.49477806788511747,0.5652173913043478,0.974293059125964,0.483
2,50,332114,139,244540,68258,0.6206827057085409,0.6088995759465663,0.5444625294011857,0.5500825021516995,0.8974901973468109,0.9995816441085559,0.9979677471234119,0.5759328817627208,0.21821750778457663,79618,3329,74583,3134,0.5150624906637454,0.5000958679677091,0.3729610190805338,0.3826779624462076,0.5026938370335986,0.9598659384908436,0.4849141265666099,0.5163260938645016,0.04032579744457455,1609,0,1545,0,0.510145846544071,0.5,0.33781230317027083,0.3446670867476004,0.5256532329272439,1.0,,0.510145846544071,0.0,372,0,416,0,0.4720812182741117,0.5,0.32068965517241377,0.30278312620339576,0.4864105148883375,1.0,,0.4720812182741117,0.0,883,726,780,765,0.5225110970196576,0.5219668490951987,0.5218418102573519,0.522204813247077,0.5256532329272439,0.5487880671224363,0.5130784708249497,0.5309681298857486,0.49514563106796117,0.485,223,149,249,167,0.4949238578680203,0.5004523366418527,0.49236008598140524,0.49034569378477905,0.4864105148883375,0.5994623655913979,0.5284810126582279,0.4724576271186441,0.4014423076923077,0.485
3,50,331934,171,237153,75544,0.6319428289614486,0.6205368026055242,0.5628222317792039,0.5680544660711537,0.9075037227460281,0.9994851026030924,0.997741530740276,0.583274613547665,0.24158850260795595,79124,3971,74060,3758,0.5150733626245239,0.5002517466473428,0.3788043639623929,0.38834568904187255,0.500722999800298,0.9522113243877489,0.4862207271315824,0.5165291414246919,0.048292168906936696,1588,0,1566,0,0.5034876347495244,0.5,0.3348797975537748,0.33721567439149924,0.5208837996339082,1.0,,0.5034876347495244,0.0,393,0,395,0,0.4987309644670051,0.5,0.3327688399661304,0.3319242490017493,0.5327471253261185,1.0,,0.4987309644670051,0.0,835,753,737,829,0.527584020291693,0.5275964207932418,0.5275823106493173,0.5275885793380288,0.5208837996339082,0.5258186397984886,0.5240202275600506,0.5311704834605598,0.5293742017879949,0.485,219,174,198,197,0.5279187817258884,0.5279930428060682,0.5275505270283338,0.5275170493285561,0.5327471253261185,0.5572519083969466,0.5309973045822103,0.5251798561151079,0.49873417721518987,0.485
4,50,331836,131,232188,79794,0.6392276406982541,0.6276850690608475,0.573960825229566,0.57913598376323,0.9216176741808906,0.9996053824627147,0.9983609634031905,0.5883366665248287,0.2557647556589803,78888,4345,74636,3897,0.5117577241200252,0.49870979973705465,0.37811164545011267,0.38648780485255546,0.49880388984657553,0.9477971477659102,0.47282213055083716,0.5138479977071989,0.0496224517081991,1595,0,1559,0,0.5057070386810399,0.5,0.33586018109075594,0.33969371518056796,0.5217322413491488,1.0,,0.5057070386810399,0.0,386,0,402,0,0.48984771573604063,0.5,0.3287904599659284,0.3221145115402243,0.5055422370015209,1.0,,0.48984771573604063,0.0,644,951,564,995,0.5196575776791376,0.5209956949334534,0.5136340063606193,0.5130162041741047,0.5217322413491488,0.40376175548589344,0.5113052415210688,0.5331125827814569,0.6382296343810134,0.484,15,371,12,390,0.5139593908629442,0.5045046786791432,0.3716592514558033,0.377730724070508,0.5055422370015209,0.038860103626943004,0.5124835742444153,0.5555555555555556,0.9701492537313433,0.483
0,51,331326,183,228680,83718,0.6445713433772269,0.6337165245574305,0.5828933617243479,0.5876538214323064,0.9193985181419679,0.9994479787879063,0.9978188579397147,0.591647232351082,0.26798507032695473,79337,4354,74007,4110,0.5157161574211411,0.5002943388329875,0.38217584431986507,0.392070612225358,0.49938210627996465,0.9479752900550836,0.485586011342155,0.5173792257929883,0.052613387610891356,1597,0,1556,0,0.5065017443704408,0.5,0.33621052631578946,0.3405824361093027,0.501923593885064,1.0,,0.5065017443704408,0.0,423,0,366,0,0.5361216730038023,0.5,0.349009900990099,0.37422354402740654,0.4919260034362929,1.0,,0.5361216730038023,0.0,1578,19,1532,24,0.5080875356803045,0.501763428536475,0.35025476008547407,0.35441894528456547,0.501923593885064,0.9881026925485284,0.5581395348837209,0.5073954983922829,0.015424164524421594,0.489,175,248,146,220,0.5006337135614702,0.5074022400496067,0.49900402258838095,0.4969397473558011,0.4919260034362929,0.41371158392434987,0.4700854700854701,0.5451713395638629,0.6010928961748634,0.485
1,51,332644,181,207095,105231,0.6787170755373548,0.668191485751483,0.633132601845661,0.6372415847367272,0.9440261331004183,0.9994561706602569,0.998282927939893,0.6163052882967508,0.3369268008427092,77094,5281,73269,4920,0.5107869759099175,0.49940759791975986,0.3869104180363732,0.39409510048793,0.4998167193453332,0.9358907435508346,0.4823056563082051,0.512719219488837,0.06292445228868511,1630,0,1523,0,0.5169679670155407,0.5,0.34079029897553836,0.35235533608000474,0.5075355791966937,1.0,,0.5169679670155407,0.0,390,0,399,0,0.49429657794676807,0.5,0.33078880407124683,0.3270155477510425,0.4675149411991517,1.0,,0.49429657794676807,0.0,495,1135,428,1095,0.5042816365366318,0.5113283437194107,0.4856561284462442,0.48233457950345837,0.5075355791966937,0.30368098159509205,0.4910313901345291,0.5362946912242686,0.7189757058437295,0.483,0,390,0,399,0.5057034220532319,0.5,0.33585858585858586,0.33968967238929215,0.4675149411991517,0.0,0.5057034220532319,,1.0,0.0
2,51,332171,174,216523,96183,0.6640622214367546,0.6535296445291444,0.612151943643064,0.6164719342594949,0.933770701401072,0.9994764476673337,0.9981942152619945,0.6053847864201176,0.3075828413909551,77894,4961,73179,4630,0.5136433799731116,0.4998144990539467,0.38595762650120513,0.39475188168818975,0.4999992713512346,0.9401243135598334,0.48274423939109584,0.5156050386237118,0.059504684548059995,1637,0,1517,0,0.5190234622701332,0.5,0.3416823210185765,0.35468228250311334,0.510710824059156,1.0,,0.5190234622701332,0.0,383,0,405,0,0.4860406091370558,0.5,0.32707087959009395,0.3179394590939238,0.4833897430938336,1.0,,0.4860406091370558,0.0,924,713,805,712,0.518706404565631,0.5168972778073304,0.516522040495328,0.5177584729879523,0.510710824059156,0.5644471594379963,0.49964912280701756,0.5344129554655871,0.4693473961766645,0.485,219,164,227,178,0.5038071065989848,0.5056538697095703,0.5024601825072708,0.5017374427507413,0.4833897430938336,0.5718015665796344,0.52046783625731,0.4910313901345291,0.43950617283950616,0.485
3,51,332214,276,205487,106825,0.6808896374390898,0.6706078372923472,0.6364725716045263,0.6404490192324488,0.9408145901704125,0.999169899846612,0.9974229932493628,0.6178415141500574,0.34204577473808245,77327,5383,73142,5061,0.5120033807088302,0.49981668393437884,0.3887123825701212,0.39640164901092545,0.4997062388648086,0.9349171805102164,0.48458445040214476,0.5139065189507473,0.06471618735854123,1607,0,1547,0,0.5095117311350665,0.5,0.3375341314849821,0.3439551993001689,0.5051465610417256,1.0,,0.5095117311350665,0.0,413,0,375,0,0.5241116751269036,0.5,0.34388009991673607,0.360463150420335,0.49957707828894266,1.0,,0.5241116751269036,0.0,1027,580,967,580,0.5095117311350665,0.5069991138478271,0.499457883625685,0.5008073933584879,0.5051465610417256,0.6390790292470442,0.5,0.5150451354062187,0.3749191984486102,0.485,392,21,343,32,0.5380710659898477,0.5172429378531074,0.4162297697743333,0.4290907954859709,0.49957707828894266,0.9491525423728814,0.6037735849056604,0.5333333333333333,0.08533333333333333,0.486
4,51,331394,237,222314,90004,0.6543965438256756,0.6437329933432704,0.5978927654130387,0.602413489024138,0.9247483457002869,0.9992853502838999,0.9973736993162753,0.5984995701705592,0.2881806364026409,78892,4677,73825,4372,0.5147187913405784,0.4999721721789251,0.38399469392870905,0.39341833659237735,0.5014362307547356,0.9440342710813818,0.4831473090949276,0.516589508699097,0.05591007327646841,1609,0,1545,0,0.510145846544071,0.5,0.33781230317027083,0.3446670867476004,0.5097222138416392,1.0,,0.510145846544071,0.0,411,0,377,0,0.5215736040609137,0.5,0.3427856547122602,0.35757589869730694,0.5027202850006777,1.0,,0.5215736040609137,0.0,1160,449,1080,465,0.5152187698161065,0.5109577799634338,0.490478241709106,0.49275650616788014,0.5097222138416392,0.7209446861404599,0.5087527352297593,0.5178571428571429,0.30097087378640774,0.486,358,53,321,56,0.5253807106598984,0.5097936713844089,0.44366670442103673,0.4528662945273987,0.5027202850006777,0.8710462287104623,0.5137614678899083,0.5272459499263623,0.14854111405835543,0.486
0,52,331336,118,244379,68074,0.6202914396023028,0.6087567802072744,0.5440803079550596,0.5495808652418281,0.9136219709268116,0.9996439928315844,0.9982695917409666,0.5755208740435805,0.21786956758296447,80311,3435,74924,3138,0.5157285177494314,0.49959096596848834,0.37313286390754485,0.3836354191592169,0.49999249821822966,0.9589831156114919,0.47740757644910997,0.5173511128289368,0.040198816325484873,1643,0,1510,0,0.5210910244211862,0.5,0.34257714762301916,0.357027753596334,0.5035934105355653,1.0,,0.5210910244211862,0.0,411,0,378,0,0.5209125475285171,0.5,0.3425,0.35682509505703425,0.5062372069671339,1.0,,0.5209125475285171,0.0,1461,182,1318,192,0.5242626070409134,0.5081896708089305,0.4323043151353827,0.44194218182051714,0.5035934105355653,0.8892270237370663,0.5133689839572193,0.5257286793810724,0.1271523178807947,0.487,338,73,303,75,0.523447401774398,0.5103985633182714,0.46387832699619774,0.4713527736413711,0.5062372069671339,0.8223844282238443,0.5067567567567568,0.5273010920436817,0.1984126984126984,0.486
1,52,332180,113,240038,72820,0.6277600127722037,0.616208645922393,0.5560032108129243,0.5613802675914507,0.9175235344717892,0.9996599386685846,0.9984506327725446,0.5805130212611278,0.23275735317620133,79478,3429,74428,3229,0.515103011883112,0.5001103434164382,0.37391188408921666,0.38363336792399416,0.5024479783041238,0.958640404308442,0.4849804746170021,0.5164061180200902,0.041580282524434374,1632,0,1521,0,0.5176022835394862,0.5,0.34106583072100316,0.35307290563696614,0.5028699513993633,1.0,,0.5176022835394862,0.0,422,0,367,0,0.5348542458808618,0.5,0.34847233691164325,0.37276381793843716,0.5313932616191226,1.0,,0.5348542458808618,0.0,1238,394,1146,375,0.5115762765620044,0.5025633774219747,0.4720223907862002,0.47710985465771144,0.5028699513993633,0.758578431372549,0.48764629388816644,0.5192953020134228,0.2465483234714004,0.486,218,204,170,197,0.5259822560202788,0.5266862094347664,0.5256462191358025,0.5265263157380026,0.5313932616191226,0.5165876777251185,0.4912718204488778,0.5618556701030928,0.5367847411444142,0.485
2,52,332294,108,232779,79870,0.638963430798495,0.627568643916377,0.5736789490220493,0.5787876723151202,0.9264673615491301,0.9996750922076281,0.9986496286478782,0.5880549946644061,0.25546219562512595,78811,3987,74198,3668,0.5133632923368022,0.499476615328045,0.37710828819314235,0.38605136579766347,0.49925606063247296,0.9518466629628735,0.4791639451338994,0.5150742766765354,0.04710656769321655,1642,0,1512,0,0.5206087507926442,0.5,0.34236864053377813,0.3564802205177322,0.5115768935805477,1.0,,0.5206087507926442,0.0,412,0,376,0,0.5228426395939086,0.5,0.3433333333333333,0.3590186125211506,0.5056677339392688,1.0,,0.5228426395939086,0.0,979,663,875,637,0.5123652504755866,0.5087602066134344,0.5065634856824788,0.5087688348728414,0.5115768935805477,0.5962241169305724,0.49,0.5280474649406688,0.4212962962962963,0.485,391,21,349,27,0.5304568527918782,0.510418818425945,0.4030889675052411,0.4156857913247986,0.5056677339392688,0.9490291262135923,0.5625,0.5283783783783784,0.07180851063829788,0.486
3,52,332493,76,243293,68940,0.6225678580401426,0.6102840623255338,0.5468653120611289,0.5527065924678373,0.914703118519693,0.9997714759944553,0.9988988060739539,0.5774593338497289,0.22079664865661222,79448,3183,75234,3048,0.5126745508442451,0.5002077509247942,0.3708469484961501,0.3789203548130593,0.5007156630947277,0.9614793479444761,0.4891670678863746,0.5136214944208117,0.038936153905112285,1649,0,1505,0,0.5228281547241598,0.5,0.34332708723714345,0.3590021349740327,0.5104581655246611,1.0,,0.5228281547241598,0.0,405,0,383,0,0.5139593908629442,0.5,0.3394803017602682,0.34895817820535185,0.5294265544918286,1.0,,0.5139593908629442,0.0,1150,499,1019,486,0.518706404565631,0.5101579735226625,0.4963855421686747,0.5012262111222314,0.5104581655246611,0.6973923590054578,0.4934010152284264,0.5301982480405717,0.3229235880398671,0.485,148,257,131,252,0.5076142131979695,0.5116977726203139,0.49888547976817976,0.49703901692726266,0.5294265544918286,0.3654320987654321,0.4950884086444008,0.5304659498207885,0.6579634464751958,0.484
4,52,332015,67,243558,68309,0.6216703496705485,0.6094153573891848,0.5454399197043406,0.5512835415474798,0.9141534555311024,0.9997982426027306,0.999020124020124,0.5768425551580773,0.21903247217563898,80172,2946,75977,2671,0.51211626670623,0.49925893112624503,0.36677099051896234,0.3751540227967018,0.4969985284514092,0.9645564137731899,0.47552074060886595,0.5134326828862177,0.033961448479300174,1650,0,1504,0,0.523145212428662,0.5,0.3434637801831807,0.3593628644909627,0.5061831076724694,1.0,,0.523145212428662,0.0,404,0,384,0,0.5126903553299492,0.5,0.3389261744966443,0.34752836166660994,0.5111772896039604,1.0,,0.5126903553299492,0.0,1598,52,1435,69,0.5285351934051997,0.5071812540296583,0.38369579000969134,0.39752610583424614,0.5061831076724694,0.9684848484848485,0.5702479338842975,0.5268710847345862,0.045877659574468085,0.487,327,77,305,79,0.5152284263959391,0.5075675536303631,0.4619333619333619,0.4662313510029246,0.5111772896039604,0.8094059405940595,0.5064102564102564,0.5174050632911392,0.20572916666666666,0.485
0,53,331750,109,236338,75710,0.632793244987242,0.6211472385295866,0.5638285953598848,0.5691647095364494,0.9196537154566071,0.9996715472535023,0.998562365633944,0.5839764261874921,0.24262292980567093,79290,4051,74704,3763,0.5132811727479482,0.49967446883400374,0.3776980425497605,0.3864476576090899,0.498948153022869,0.9513924718925859,0.4815715382646532,0.5148901905269037,0.047956465775421515,1628,0,1525,0,0.5163336504915953,0.5,0.34051453670780174,0.35163822756758717,0.5177657389132799,1.0,,0.5163336504915953,0.0,407,0,382,0,0.5158428390367554,0.5,0.3403010033444816,0.35108367138454755,0.48063984974979734,1.0,,0.5158428390367554,0.0,1043,585,922,603,0.5220424992071043,0.5180366133644823,0.5125498458166343,0.5147719896784942,0.5177657389132799,0.6406633906633906,0.5075757575757576,0.5307888040712468,0.3954098360655738,0.485,89,318,73,309,0.5044359949302915,0.5137868711167141,0.4626585684899176,0.4579111336671479,0.48063984974979734,0.21867321867321868,0.49282296650717705,0.5493827160493827,0.8089005235602095,0.484
1,53,332087,113,241900,71051,0.6248738667381745,0.6133476928865677,0.5514395535111799,0.5568546575401507,0.9082700881319867,0.9996598434677905,0.9984121184868754,0.5785618838057308,0.22703554230534492,78814,4186,73759,3805,0.5145549438230238,0.49931126413756727,0.37903727402082366,0.3888584161910267,0.4978922183499611,0.949566265060241,0.4761606807658616,0.5165658406140011,0.04905626321489351,1617,0,1536,0,0.5128449096098954,0.5,0.3389937106918239,0.3477023978361429,0.5120452773912595,1.0,,0.5128449096098954,0.0,418,0,371,0,0.5297845373891001,0.5,0.34631317315658655,0.36694272846502707,0.49182346947987465,1.0,,0.5297845373891001,0.0,439,1178,382,1154,0.50523311132255,0.5113962488404453,0.4784110257021496,0.4753724397787197,0.5120452773912595,0.2714904143475572,0.49485420240137223,0.5347137637028014,0.7513020833333334,0.484,204,214,176,195,0.5057034220532319,0.5068223732573285,0.5056390977443609,0.5059750135795763,0.49182346947987465,0.4880382775119617,0.4767726161369193,0.5368421052631579,0.5256064690026954,0.485
2,53,332353,117,239194,73387,0.629004528324117,0.6172128171047538,0.5577201149899813,0.5631948711232291,0.9144893990456349,0.9996480885493428,0.9984082498911624,0.5814972346981088,0.2347775456601649,78809,3921,74285,3649,0.5132325847731912,0.4997132643991742,0.37686202990289525,0.38556390831106363,0.4986588361280052,0.9526048591804666,0.4820343461030383,0.5147752361294368,0.0468216696178818,1606,0,1548,0,0.5091946734305643,0.5,0.3373949579831933,0.34359943089474215,0.5208089979115784,1.0,,0.5091946734305643,0.0,429,0,359,0,0.5444162436548223,0.5,0.352506162695152,0.38382016191934065,0.47815415781989595,1.0,,0.5444162436548223,0.0,1051,555,963,585,0.518706404565631,0.5161639491441976,0.5079654202841357,0.5093022809886995,0.5208089979115784,0.6544209215442092,0.5131578947368421,0.5218470705064548,0.37790697674418605,0.485,428,1,357,2,0.5456852791878173,0.501620014154833,0.3580784038883377,0.38890582471219587,0.47815415781989595,0.9976689976689976,0.6666666666666666,0.5452229299363057,0.005571030640668524,0.487
3,53,331911,202,228881,83808,0.6447234965152093,0.6337076363347779,0.5829838474214005,0.5878174485628543,0.9158738718252877,0.9993917732819854,0.9975955243423402,0.5918611535114624,0.2680234993875704,78365,4722,73334,4492,0.5149179991672519,0.500443252432898,0.38538048658265023,0.3946057360473747,0.4983864371542692,0.9431680046216616,0.4875189928369872,0.5165821791837784,0.05771850024413435,1654,0,1500,0,0.5244134432466709,0.5,0.3440099833610649,0.36080691977121204,0.5116972994760177,1.0,,0.5244134432466709,0.0,381,0,407,0,0.48350253807106597,0.5,0.32591958939264326,0.3151658973568454,0.5020346043968091,1.0,,0.48350253807106597,0.0,874,780,761,739,0.5114140773620799,0.5105413139862959,0.5105173064762333,0.5115402895608286,0.5116972994760177,0.528415961305925,0.48650427913100724,0.5345565749235474,0.49266666666666664,0.485,353,28,371,36,0.4936548223350254,0.5074806374018972,0.39589013459376887,0.3878715797632557,0.5020346043968091,0.926509186351706,0.5625,0.48756906077348067,0.08845208845208845,0.486
4,53,332085,73,247954,63837,0.6148344045879409,0.6022615729060906,0.5339640249535249,0.5401041901067195,0.9059092324995563,0.9997802250736095,0.9988577687372868,0.5725218476688636,0.20474292073857167,79697,3345,75581,3143,0.512097721400047,0.4998217353559829,0.37129619170554956,0.37923804980859893,0.4999255830883117,0.959719178247152,0.4844327990135635,0.5132536482953155,0.03992429246481378,1635,0,1519,0,0.5183893468611287,0.5,0.3414073919398622,0.3539639098425331,0.5241960649308555,1.0,,0.5183893468611287,0.0,400,0,388,0,0.5076142131979695,0.5,0.3367003367003367,0.34182775299526574,0.5016301546391753,1.0,,0.5076142131979695,0.0,818,817,690,829,0.5221940393151554,0.5230297978913376,0.5221882274057197,0.5221269381789434,0.5241960649308555,0.5003058103975535,0.5036452004860267,0.5424403183023873,0.5457537853851218,0.484,38,362,33,355,0.4987309644670051,0.5049742268041237,0.4019463738459617,0.398282603853998,0.5016301546391753,0.095,0.49511854951185497,0.5352112676056338,0.9149484536082474,0.483
0,54,331372,202,226566,85767,0.647824918815916,0.6369959657068953,0.5878639373872729,0.592561354962927,0.9235300427456019,0.9993907845609125,0.9976503158115134,0.5939226222268424,0.2746011468528782,78785,4841,73531,4651,0.5156481756155443,0.5008003508163941,0.386965604460917,0.3964153564959588,0.49992265979000783,0.9421113050965011,0.48999157184997894,0.5172470390503953,0.059489396536287126,1634,0,1519,0,0.5182366000634316,0.5,0.3413411322331314,0.3537909356606005,0.5109091451165692,1.0,,0.5182366000634316,0.0,417,0,372,0,0.5285171102661597,0.5,0.34577114427860695,0.3654919319751055,0.5091023955029524,1.0,,0.5285171102661597,0.0,1418,216,1295,224,0.5207738661592134,0.5076372476577791,0.4405460314642018,0.4482731679716778,0.5109091451165692,0.8678090575275398,0.509090909090909,0.5226686325101364,0.14746543778801843,0.487,188,229,152,220,0.5171102661596958,0.5211185889997679,0.5163146402959307,0.5151957914250109,0.5091023955029524,0.45083932853717024,0.48997772828507796,0.5529411764705883,0.5913978494623656,0.485
1,54,332389,153,228045,84564,0.6462874582849596,0.6350251768487137,0.585058916439987,0.5899836355950191,0.9299239445411229,0.9995399077409771,0.9981939870392011,0.5930921393063233,0.2705104459564504,77775,4883,73175,4731,0.5138511746095015,0.5008261441518669,0.3869857386836631,0.3952391825191538,0.49972679490542893,0.9409252582932082,0.49209486166007904,0.5152368333885392,0.060727030010525505,1614,0,1539,0,0.5118934348239772,0.5,0.33857772183763374,0.34663142597268687,0.5078725543953049,1.0,,0.5118934348239772,0.0,437,0,352,0,0.5538656527249683,0.5,0.3564437194127243,0.394843866624488,0.4732031412523403,1.0,,0.5538656527249683,0.0,356,1258,322,1217,0.49888994608309545,0.5056716208806472,0.45851170119242335,0.4549944324737237,0.5078725543953049,0.22057001239157373,0.4917171717171717,0.5250737463126843,0.7907732293697206,0.483,432,5,347,5,0.5538656527249683,0.5013814489286458,0.36907531259086945,0.4058602749126456,0.4732031412523403,0.988558352402746,0.5,0.5545571245186136,0.014204545454545454,0.487
2,54,332321,111,238731,73888,0.6297316026174674,0.618008847219187,0.5589353861141642,0.5643630421703951,0.9135856212414339,0.9996660971266305,0.9984999797294558,0.581945251921016,0.23635159731174368,78864,3904,74069,3827,0.514682816312304,0.5009808105404896,0.3792872509226057,0.3880782099771869,0.4999984787421261,0.9528320123719312,0.4950200491527616,0.5156767996442887,0.049129608709047964,1658,0,1496,0,0.5256816740646798,0.5,0.34455527847049044,0.36225279118837866,0.5187822935951439,1.0,,0.5256816740646798,0.0,393,0,395,0,0.4987309644670051,0.5,0.3327688399661304,0.3319242490017493,0.49949431507069925,1.0,,0.4987309644670051,0.0,302,1356,228,1268,0.49778059606848446,0.5148703740735245,0.44579258444117076,0.43707409801919883,0.5187822935951439,0.18214716525934863,0.48323170731707316,0.569811320754717,0.8475935828877005,0.483,370,23,367,28,0.5050761421319797,0.5061809514606886,0.39021389737688006,0.3895421883432245,0.49949431507069925,0.9414758269720102,0.5490196078431373,0.5020352781546812,0.07088607594936709,0.486
3,54,332585,99,239680,72438,0.6281354586369149,0.6158938606934018,0.5558373516267565,0.5615529004079107,0.9148851106638192,0.9997024203147732,0.9986351792878118,0.5811730579364456,0.23208530107203046,78447,4069,74479,3918,0.5118604463281401,0.5003323767541435,0.3785459612827633,0.3859138632256568,0.49935422575743466,0.9506883513500411,0.4905471391010392,0.5129735950721264,0.04997640215824585,1642,0,1512,0,0.5206087507926442,0.5,0.34236864053377813,0.3564802205177322,0.5145204583389723,1.0,,0.5206087507926442,0.0,409,0,379,0,0.5190355329949239,0.5,0.341687552213868,0.3546959615621117,0.49801626981311,1.0,,0.5190355329949239,0.0,1225,417,1088,424,0.5228281547241598,0.5132323466671822,0.48993000838695844,0.4952692830733956,0.5145204583389723,0.7460414129110841,0.5041617122473246,0.5296152183311716,0.2804232804232804,0.485,361,48,326,53,0.5253807106598984,0.5112411377257098,0.43979622871046226,0.44813237954969304,0.49801626981311,0.882640586797066,0.5247524752475248,0.5254730713245997,0.13984168865435356,0.485
4,54,331453,115,245376,67005,0.6187726046627916,0.6070754219344352,0.541437610045717,0.5470486433744539,0.9024011226069105,0.9996531631520533,0.9982866507747318,0.5746122334348654,0.21449768071681696,79701,3931,74396,3738,0.5158006008679203,0.5004186747072619,0.3788248070910376,0.38873875090822885,0.5010885533818913,0.9529964606849053,0.48741687312557047,0.5172131839036451,0.04784088872961835,1656,0,1498,0,0.5250475586556753,0.5,0.3442827442827443,0.3615296287458621,0.5098851608908497,1.0,,0.5250475586556753,0.0,395,0,393,0,0.501269035532995,0.5,0.3338968723584108,0.3347443263491682,0.46193190968531583,1.0,,0.501269035532995,0.0,811,845,703,795,0.5091946734305643,0.5102209548318853,0.5091820424510378,0.509306773373863,0.5098851608908497,0.4897342995169082,0.4847560975609756,0.535667107001321,0.5307076101468625,0.485,395,0,392,1,0.5025380710659898,0.5012722646310432,0.3367174280879865,0.33755915724015906,0.46193190968531583,1.0,1.0,0.5019059720457433,0.002544529262086514,0.489
0,55,331549,110,252115,60133,0.6082897064327613,0.5961246156387116,0.5236555408900279,0.5297083667637787,0.8937753789321888,0.9996683340418924,0.998174061716714,0.5680477123824667,0.19258089723553073,80216,3325,75131,3136,0.515129041827351,0.5001335780438261,0.3728017142568897,0.38254009419470253,0.4973664058389537,0.9601991836343832,0.48537378114842905,0.5163665857724964,0.04006797245326894,1660,0,1493,0,0.5264827148747225,0.5,0.3448992312487014,0.3631669672520421,0.48445355433791426,1.0,,0.5264827148747225,0.0,422,0,367,0,0.5348542458808618,0.5,0.34847233691164325,0.37276381793843716,0.5274804034247195,1.0,,0.5348542458808618,0.0,1659,1,1488,5,0.5277513479226134,0.5013732760916405,0.34845725456246884,0.36656010437573616,0.48445355433791426,0.9993975903614458,0.8333333333333334,0.5271687321258341,0.003348961821835231,0.49,69,353,34,333,0.5095057034220533,0.535432028616811,0.4476678876678877,0.43478500938576986,0.5274804034247195,0.16350710900473933,0.48542274052478135,0.6699029126213593,0.9073569482288828,0.484
1,55,332403,159,243256,69333,0.6227007320766766,0.6106621621648397,0.5474550417552564,0.5531679021072149,0.9053893525455954,0.9995218936619337,0.9977119668451044,0.5774303884765113,0.22180243066774583,78861,3777,74318,3608,0.5136207369024189,0.5002974853230459,0.376708412528257,0.3852812384946776,0.5015905971485723,0.9542946344296812,0.48855788761002034,0.514829056202221,0.04630033621641044,1662,0,1491,0,0.527117031398668,0.5,0.3451713395638629,0.36389138366961,0.49500008474432644,1.0,,0.527117031398668,0.0,420,0,369,0,0.532319391634981,0.5,0.34739454094292804,0.3698497013841059,0.491360175506517,1.0,,0.532319391634981,0.0,1071,591,957,534,0.5090390104662227,0.5012766127450625,0.49437234280599684,0.4990427341838341,0.49500008474432644,0.644404332129964,0.4746666666666667,0.5281065088757396,0.358148893360161,0.485,315,105,269,100,0.5259822560202788,0.5105013550135501,0.4879610477948832,0.496980032071605,0.491360175506517,0.75,0.4878048780487805,0.5393835616438356,0.27100271002710025,0.485
2,55,332331,116,241201,71403,0.6258946966984006,0.6140323280801203,0.5527055316869187,0.5582714065693493,0.9084870814565115,0.9996510722009824,0.9983780533844153,0.5794463081397376,0.22841358395925837,78876,3877,74225,3686,0.5138798984215506,0.5002300636901519,0.3775514553157498,0.3863305791555993,0.49898145499081636,0.9531497347528186,0.4873727356868967,0.5151893194688474,0.04731039262748521,1657,0,1497,0,0.5253646163601775,0.5,0.34441903970068594,0.3618911533189833,0.49034782500023183,1.0,,0.5253646163601775,0.0,425,0,363,0,0.5393401015228426,0.5,0.3503709810387469,0.3779382409681915,0.5053573164803111,1.0,,0.5393401015228426,0.0,1635,22,1470,27,0.5269499048826887,0.5023795327528926,0.36080755745816523,0.37733913431632676,0.49034782500023183,0.9867229933614967,0.5510204081632653,0.5265700483091788,0.018036072144288578,0.488,17,408,10,353,0.46954314720812185,0.5062258953168044,0.3516675589708059,0.32991670637939646,0.5053573164803111,0.04,0.46386333771353483,0.6296296296296297,0.9724517906336089,0.483
3,55,332163,61,254797,57781,0.6047499852667951,0.5923347248092278,0.5173550538101591,0.5236126101491211,0.8931655432161867,0.9998163889424003,0.998945402994364,0.5659039798282677,0.18485306067605525,79891,3085,75019,2918,0.5146197013292897,0.5001305357177575,0.3706002597484385,0.3800284224304947,0.5030395165293676,0.9628205746239876,0.4860902881892387,0.5157252598282874,0.03744049681152726,1677,0,1477,0,0.5317057704502219,0.5,0.34713309873732145,0.3691453434258009,0.4947582268203893,1.0,,0.5317057704502219,0.0,405,0,383,0,0.5139593908629442,0.5,0.3394803017602682,0.34895817820535185,0.48972697675917864,1.0,,0.5139593908629442,0.0,511,1166,445,1032,0.48922003804692454,0.5017122008745507,0.47489152592294037,0.4693911373916605,0.4947582268203893,0.3047107930828861,0.4695177434030937,0.5345188284518828,0.6987136086662153,0.484,14,391,7,376,0.4949238578680203,0.5081455694162396,0.3598203715043886,0.35160966238836683,0.48972697675917864,0.0345679012345679,0.49022164276401564,0.6666666666666666,0.9817232375979112,0.483
4,55,331790,118,241529,70512,0.6247420214954911,0.6128073924899303,0.5507895708301914,0.5564127512639344,0.909318636457477,0.999644479795606,0.9983293218179244,0.5787179563210011,0.22597030518425462,79401,3891,74751,3723,0.5138533437187048,0.500363647147791,0.3776452932259368,0.386316907001065,0.4995553540408172,0.9532848292753205,0.48896769109535065,0.5150825159582749,0.04744246502026149,1672,0,1482,0,0.5301204819277109,0.5,0.3464566929133858,0.36732757802865,0.49643287229852323,1.0,,0.5301204819277109,0.0,410,0,378,0,0.5203045685279187,0.5,0.34223706176961605,0.35613501351660554,0.48613369467028006,1.0,,0.5203045685279187,0.0,1573,99,1391,91,0.527584020291693,0.5010964912280702,0.3937269589771747,0.41088812068416425,0.49643287229852323,0.9407894736842105,0.4789473684210526,0.5307017543859649,0.06140350877192982,0.487,399,11,364,14,0.5241116751269036,0.505103884372177,0.3748929067797148,0.38729550570727345,0.48613369467028006,0.973170731707317,0.56,0.5229357798165137,0.037037037037037035,0.486
0,56,331575,194,216299,95839,0.6637821921488662,0.6532278657412419,0.6117437920428656,0.6160773084870272,0.9338103197768134,0.999415255795448,0.9979798610894172,0.6052030211325962,0.30704047568703585,78381,5050,73696,4681,0.5133367942252546,0.4995975469139262,0.38594469890001604,0.39468065072869657,0.4968213547532976,0.9394709400582517,0.4810399753365533,0.5154033811819013,0.059724153769600774,1614,0,1539,0,0.5118934348239772,0.5,0.33857772183763374,0.34663142597268687,0.5286387063164819,1.0,,0.5118934348239772,0.0,405,0,384,0,0.5133079847908745,0.5,0.3391959798994975,0.34822400978275414,0.5038966049382716,1.0,,0.5133079847908745,0.0,549,1065,443,1096,0.5217253409451316,0.5261497230616125,0.5068839061624941,0.5048489745195364,0.5286387063164819,0.34014869888475835,0.5071726052753355,0.5534274193548387,0.7121507472384665,0.484,228,177,209,175,0.5107731305449936,0.5093460648148148,0.5085555871114324,0.5094342363964284,0.5038966049382716,0.562962962962963,0.4971590909090909,0.5217391304347826,0.4557291666666667,0.485
1,56,332380,238,221725,90808,0.6559518624322058,0.6449196909307275,0.5998475986635057,0.6045122706362274,0.927228166425797,0.9992844644607327,0.9973859367792105,0.599850208895426,0.2905549174007225,78303,4279,73850,4132,0.5134089833337485,0.5005857105578801,0.38140836949779944,0.3895948955476756,0.4994945545449251,0.9481848344675595,0.49126144334799665,0.514633296747353,0.05298658664820087,1625,0,1528,0,0.5153821757056771,0.5,0.3401004604437003,0.35056343052395367,0.5347317760773258,1.0,,0.5153821757056771,0.0,394,0,395,0,0.49936628643852976,0.5,0.3330515638207946,0.33262944523547044,0.5005461671914155,1.0,,0.49936628643852976,0.0,654,971,522,1006,0.5264827148747225,0.5304192509061619,0.5205065849215254,0.5188597536560137,0.5347317760773258,0.4024615384615385,0.5088517956499747,0.5561224489795918,0.6583769633507853,0.484,100,294,94,301,0.5082382762991128,0.5079162115273405,0.47410843125128843,0.4742782314754069,0.5005461671914155,0.25380710659898476,0.5058823529411764,0.5154639175257731,0.7620253164556962,0.484
2,56,332170,183,217630,95068,0.6623321256768845,0.6517371752037882,0.6095835921412083,0.6139562774270503,0.9367471986678227,0.9994493806284283,0.9980787603279756,0.6041651509639869,0.30402496977914795,78271,4576,73492,4325,0.5140915201912065,0.5001723837252406,0.3834960604726156,0.3923795046397715,0.49843715651129294,0.9447656523470976,0.485900460622402,0.5157449444199179,0.05557911510338358,1612,0,1542,0,0.5110970196575777,0.5,0.33822912295425933,0.3457357934066366,0.517671050133081,1.0,,0.5110970196575777,0.0,407,0,381,0,0.516497461928934,0.5,0.34058577405857743,0.3518233757407132,0.5315702244836104,1.0,,0.516497461928934,0.0,535,1077,465,1077,0.5110970196575777,0.5151647179229707,0.49621999363576696,0.49429860651117885,0.517671050133081,0.33188585607940446,0.5,0.535,0.6984435797665369,0.484,87,320,65,316,0.5114213197969543,0.5215777696092657,0.466352860055268,0.4612359170278276,0.5315702244836104,0.21375921375921375,0.4968553459119497,0.5723684210526315,0.8293963254593176,0.484
3,56,332258,119,239755,72670,0.6279881265876966,0.6161208983888853,0.5560319279362855,0.5615624997481296,0.9158456527741924,0.9996419728200207,0.998365137589471,0.580857428065446,0.23259982395774986,79151,3672,74667,3423,0.5131592848309335,0.49974926349077003,0.37466025018245636,0.3833164398479862,0.5016219480229077,0.9556644893326733,0.4824524312896406,0.5145756673471246,0.04383403764886669,1611,0,1543,0,0.5107799619530755,0.5,0.338090241343127,0.34537944121989705,0.5241267002256441,1.0,,0.5107799619530755,0.0,408,0,380,0,0.5177664974619289,0.5,0.3411371237458194,0.3532587474322191,0.5305405056759546,1.0,,0.5177664974619289,0.0,1025,586,908,635,0.5263157894736842,0.5238933724036748,0.5189607269211043,0.5202431480841183,0.5241267002256441,0.6362507759155804,0.5200655200655201,0.5302638385928609,0.4115359688917693,0.485,292,116,251,129,0.5342639593908629,0.5275799793601651,0.5134452155625657,0.517021441496261,0.5305405056759546,0.7156862745098039,0.5265306122448979,0.5377532228360957,0.3394736842105263,0.485
4,56,331554,129,232215,80051,0.6391888177479894,0.6279831165861836,0.5742440585818376,0.579258044056083,0.9161887897410032,0.9996110744295005,0.9983911199800449,0.5881025739265551,0.2563551587428667,79352,4165,74243,4006,0.5152998776009792,0.500662728052659,0.38101542405844097,0.3904042502902528,0.5005152544417033,0.9501299136702708,0.4902704687308775,0.5166314007617435,0.05119554243504709,1614,0,1540,0,0.5117311350665821,0.5,0.338506711409396,0.3464488473143723,0.5210499847116947,1.0,,0.5117311350665821,0.0,405,0,383,0,0.5139593908629442,0.5,0.3394803017602682,0.34895817820535185,0.48495632272829836,1.0,,0.5139593908629442,0.0,1221,393,1110,430,0.5234622701331643,0.5178631777144789,0.4914777728253541,0.49447000139776615,0.5210499847116947,0.7565055762081785,0.5224787363304981,0.5238095238095238,0.2792207792207792,0.486,9,396,6,377,0.48984771573604063,0.5032782129387874,0.34755313890261985,0.33904639789627405,0.48495632272829836,0.022222222222222223,0.48771021992238034,0.6,0.9843342036553525,0.482
0,57,331857,225,196044,115781,0.6951904545221592,0.6853118335583178,0.6565110739456232,0.6601372434986457,0.9534865151573442,0.9993224565017074,0.9980604451493889,0.6286349145010144,0.37130121061492827,77114,6004,72794,5896,0.5130154256897064,0.5013461370532963,0.3960088926060248,0.40328380805569397,0.4999209140559503,0.9277653456531678,0.4954621848739496,0.5144088374202844,0.07492692845342483,1619,0,1534,0,0.5134792261338408,0.5,0.3392707460184409,0.34841696023079977,0.5312351774438645,1.0,,0.5134792261338408,0.0,420,0,369,0,0.532319391634981,0.5,0.34739454094292804,0.3698497013841059,0.5398567557104142,1.0,,0.532319391634981,0.0,783,836,655,879,0.527117031398668,0.5283218027771581,0.5266782471907262,0.5262897403399445,0.5312351774438645,0.4836318715256331,0.5125364431486881,0.5445062586926287,0.5730117340286832,0.484,324,96,260,109,0.5487959442332065,0.5334107626790554,0.5126046337298888,0.5211895492446293,0.5398567557104142,0.7714285714285715,0.5317073170731708,0.5547945205479452,0.2953929539295393,0.485
1,57,332412,183,212432,100124,0.670441493541822,0.6598945882229434,0.6213548679907821,0.6255894685272596,0.9393436516883039,0.9994497812655031,0.998175600905221,0.6101049107634479,0.3203393951803837,76949,5656,72736,5223,0.5117710071996213,0.4992631615662286,0.39005505448459715,0.397939117673873,0.501905462345422,0.9315295684280612,0.4800992738303153,0.5140728863947623,0.0669967547043959,1613,0,1540,0,0.5115762765620044,0.5,0.3384389425094419,0.34627466810512514,0.5188718287292372,1.0,,0.5115762765620044,0.0,426,0,363,0,0.5399239543726235,0.5,0.3506172839506173,0.3786133408440126,0.48987958975154877,1.0,,0.5399239543726235,0.0,400,1213,340,1200,0.507453219156359,0.5136029500567628,0.4735626613129258,0.4704701479097125,0.5188718287292372,0.24798512089274644,0.49730625777041026,0.5405405405405406,0.7792207792207793,0.483,148,278,119,244,0.4968314321926489,0.5097970744577659,0.4892704282534791,0.4843085194183989,0.48987958975154877,0.3474178403755869,0.4674329501915709,0.5543071161048689,0.6721763085399449,0.484
2,57,332065,180,219006,93800,0.6602036118074385,0.649662300987143,0.6065180915852719,0.6108980585447442,0.9338756967472083,0.9994582311246218,0.9980846988721005,0.6025811556042687,0.299866370849664,78152,4803,73081,4628,0.5152367674152268,0.5008283302056681,0.3868247312737906,0.39598703938540003,0.500691068191201,0.9421011391718401,0.4907220867352349,0.5167655207527457,0.05955552123949607,1631,0,1523,0,0.5171211160431198,0.5,0.34085684430512014,0.3525285434759993,0.5174650857302276,1.0,,0.5171211160431198,0.0,408,0,380,0,0.5177664974619289,0.5,0.3411371237458194,0.3532587474322191,0.49559468524251804,1.0,,0.5177664974619289,0.0,881,750,780,743,0.5149017121116043,0.5140061666343936,0.5139712541616845,0.5146994386442305,0.5174650857302276,0.5401594114040466,0.49765572672471536,0.5304033714629741,0.48785292186474066,0.485,230,178,213,167,0.5038071065989848,0.5015995872033023,0.5006150978564772,0.5020337684087027,0.49559468524251804,0.5637254901960784,0.48405797101449277,0.5191873589164786,0.4394736842105263,0.485
3,57,332021,190,206952,105639,0.6787509964299118,0.6686872321687426,0.6335858681214437,0.6375002244634327,0.9457565821208216,0.9994280743262565,0.9982046508990919,0.616025292547122,0.3379463900112287,77423,5566,72459,5465,0.5151106498542691,0.5015316535447698,0.39390718322590257,0.40243848702079227,0.5029062719980684,0.9329308703563123,0.4954219925664038,0.5165596936256521,0.07013243673322725,1661,0,1493,0,0.5266328471781865,0.5,0.34496365524402905,0.3633383838683147,0.5267205215750969,1.0,,0.5266328471781865,0.0,378,0,410,0,0.4796954314720812,0.5,0.3241852487135506,0.31102036551706125,0.48685636856368564,1.0,,0.4796954314720812,0.0,940,721,780,713,0.5240963855421686,0.5217430489383932,0.5216183768556516,0.5234523216104308,0.5267205215750969,0.5659241420830825,0.49721059972105996,0.5465116279069767,0.477561955793704,0.485,374,4,404,6,0.48223350253807107,0.5020260678797264,0.3378151260504202,0.3252570063558418,0.48685636856368564,0.9894179894179894,0.6,0.480719794344473,0.014634146341463415,0.487
4,57,331437,230,202827,109455,0.6846691275240742,0.6749035212577273,0.6421445275781774,0.6458580690813227,0.9464913331420796,0.999306533360268,0.9979030861102247,0.6203618435829478,0.35050050915518666,77358,6175,72407,5826,0.5142242498423649,0.5002734860488641,0.39614996021018395,0.4048984047531935,0.5018647371311845,0.9260771192223433,0.4854595450379135,0.5165292291256302,0.07446985287538507,1632,0,1522,0,0.517438173747622,0.5,0.34099456748850815,0.3528872125182278,0.5349566649918838,1.0,,0.517438173747622,0.0,407,0,381,0,0.516497461928934,0.5,0.34058577405857743,0.3518233757407132,0.5020217067461162,1.0,,0.516497461928934,0.0,579,1053,461,1061,0.5199746353836399,0.5259442393908943,0.5084957971845089,0.5058761453133379,0.5349566649918838,0.3547794117647059,0.5018921475875118,0.5567307692307693,0.6971090670170828,0.484,102,305,78,303,0.5139593908629442,0.5229449205827159,0.480134977081801,0.4757596797767775,0.5020217067461162,0.25061425061425063,0.49835526315789475,0.5666666666666667,0.7952755905511811,0.484
0,58,331712,122,227898,84175,0.6458805386492149,0.6346804516970254,0.5844710899509848,0.5893734363304179,0.9234642461027315,0.9996323462936287,0.9985527361590567,0.5927556691267133,0.26972855710042204,78660,4706,74160,4282,0.5125951745278354,0.49906911583084407,0.38201892593333026,0.39066338327393296,0.4987053774851417,0.9435501283496869,0.4764129951045839,0.5147232037691402,0.05458810331200122,1633,0,1520,0,0.5179194418014589,0.5,0.34120351023819473,0.3534318631265284,0.4950998324040352,1.0,,0.5179194418014589,0.0,396,0,393,0,0.5019011406844106,0.5,0.3341772151898734,0.3354478509890744,0.48340915516488037,1.0,,0.5019011406844106,0.0,281,1352,242,1278,0.49444973041547735,0.5064327037741322,0.43828575899143885,0.431920133343579,0.4950998324040352,0.1720759338640539,0.4859315589353612,0.5372848948374761,0.8407894736842105,0.483,1,395,0,393,0.49936628643852976,0.5012626262626263,0.33528773165378783,0.3340320284283944,0.48340915516488037,0.0025252525252525255,0.4987309644670051,1.0,1.0,0.482
1,58,332182,172,230191,82606,0.6429316547598934,0.6317853450447617,0.5800914472018887,0.5850156624277594,0.9228059299865539,0.999482479524844,0.9979221532291188,0.590679140001387,0.26408821056467935,78385,4461,73481,4237,0.5145736279614359,0.5003353591576565,0.3829927453304144,0.3920927448736506,0.4987767052008108,0.9461531033483813,0.48712347666130146,0.5161458127559823,0.05451761496693173,1620,0,1533,0,0.5137963843958135,0.5,0.33940917661847897,0.34877441555466915,0.5011310832467605,1.0,,0.5137963843958135,0.0,409,0,380,0,0.5183776932826363,0.5,0.34140233722871455,0.3539507121078435,0.4964740702612276,1.0,,0.5183776932826363,0.0,510,1110,464,1069,0.5007928956549318,0.5060701601797493,0.4845924696913301,0.48207111538214703,0.5011310832467605,0.3148148148148148,0.4905920146856356,0.5236139630390144,0.6973255055446836,0.484,68,341,58,322,0.49429657794676807,0.506813794878394,0.4358276359530828,0.4291520480876621,0.4964740702612276,0.16625916870415647,0.4856711915535445,0.5396825396825397,0.8473684210526315,0.484
2,58,332528,75,250340,62108,0.6117903855664126,0.5992765913571674,0.5290160695251529,0.5351854221610955,0.9051484570065504,0.99977450594252,0.9987938825724072,0.5705030984716951,0.19877867677181482,79465,3132,75181,2886,0.5125665986157446,0.49952459623757767,0.3692743387724,0.3777507348743386,0.4982797961412323,0.9620809472499001,0.4795613160518445,0.5138509887096983,0.03696824522525523,1629,0,1525,0,0.5164870006341155,0.5,0.3405812251724859,0.35181155092325905,0.49960450442290855,1.0,,0.5164870006341155,0.0,400,0,388,0,0.5076142131979695,0.5,0.3367003367003367,0.34182775299526574,0.48279639175257727,1.0,,0.5076142131979695,0.0,94,1535,76,1449,0.48922003804692454,0.5039340236894806,0.37360853612397216,0.36473503339335445,0.49960450442290855,0.057704112952731736,0.4855898123324397,0.5529411764705883,0.9501639344262295,0.482,20,380,12,376,0.5025380710659898,0.5095360824742268,0.3749676249676249,0.3706674975710509,0.48279639175257727,0.05,0.4973544973544973,0.625,0.9690721649484536,0.483
3,58,332081,97,241916,70708,0.624670829184773,0.6129419206536877,0.5508741649405265,0.556395087042779,0.9149565000825796,0.9997079878860129,0.9986300402513947,0.5785413512614177,0.2261758534213624,79397,3625,74464,3427,0.5147129194036529,0.5001671277594033,0.37551860615811605,0.3849197647899819,0.4988472128750701,0.9563368745633688,0.4859614293817357,0.5160307030371569,0.043997380955437725,1614,0,1540,0,0.5117311350665821,0.5,0.338506711409396,0.3464488473143723,0.4970091247042919,1.0,,0.5117311350665821,0.0,415,0,373,0,0.5266497461928934,0.5,0.34497090606816294,0.3633576802494609,0.488846538970897,1.0,,0.5266497461928934,0.0,1305,309,1227,313,0.5129993658845909,0.5058984695601796,0.45953457363137257,0.4635228746663909,0.4970091247042919,0.8085501858736059,0.5032154340836013,0.5154028436018957,0.20324675324675326,0.486,243,172,218,155,0.5050761421319797,0.5005458832649633,0.498825831702544,0.501808934407502,0.488846538970897,0.5855421686746988,0.4740061162079511,0.527114967462039,0.4155495978552279,0.485
4,58,331736,95,245736,66382,0.6182446125391917,0.6061980463172414,0.5401622484357164,0.5459629435206663,0.9082886667738714,0.9997137096895709,0.9985709343081066,0.5744624847611659,0.21268238294491187,79910,3459,75108,3289,0.5143169763732799,0.5002314468927433,0.37383945460018186,0.38295515706107175,0.4996163637192691,0.9585097578236514,0.48740367516301125,0.515488523913352,0.041953135961835274,1620,0,1534,0,0.5136334812935954,0.5,0.33933808127356513,0.34859080004006054,0.49098258406168005,1.0,,0.5136334812935954,0.0,409,0,379,0,0.5190355329949239,0.5,0.341687552213868,0.3546959615621117,0.47919825044674247,1.0,,0.5190355329949239,0.0,1547,73,1455,79,0.5155358275206088,0.5032188098572279,0.3815600565247542,0.38940877335421165,0.49098258406168005,0.9549382716049383,0.5197368421052632,0.5153231179213857,0.051499348109517604,0.487,1,408,0,379,0.48223350253807107,0.5012224938875306,0.32748190603689914,0.31520003329871094,0.47919825044674247,0.0024449877750611247,0.4815756035578145,1.0,1.0,0.47900000000000004
0,59,331710,224,218171,93802,0.6608283494355551,0.6499993113835001,0.6072073146172465,0.6117062363685465,0.9261964190693542,0.9993251670512813,0.9976176802161104,0.6032396100247145,0.30067345571571896,77537,5729,73199,5343,0.5122120043508356,0.49961185209674575,0.39097424921907525,0.39890741756052245,0.5013929848172101,0.9311964066966109,0.4825686416184971,0.5143893960301454,0.06802729749688065,1642,0,1511,0,0.5207738661592134,0.5,0.3424400417101147,0.3566676488981975,0.5183913179114428,1.0,,0.5207738661592134,0.0,412,0,377,0,0.5221799746514575,0.5,0.3430474604496253,0.3582650284036644,0.5278772115062709,1.0,,0.5221799746514575,0.0,686,956,573,938,0.5150650174437044,0.5192820655025953,0.5119474220495135,0.5103267673009462,0.5183913179114428,0.4177831912302071,0.4952481520591341,0.5448768864177919,0.6207809397749835,0.484,294,118,250,127,0.5335868187579215,0.5252311297674539,0.5117114450618198,0.5162961042196853,0.5278772115062709,0.7135922330097088,0.5183673469387755,0.5404411764705882,0.33687002652519893,0.485
1,59,332388,120,230100,82543,0.6431533082952673,0.6318279461731391,0.5801927602841614,0.5851987091174005,0.9240496295944671,0.9996391064275145,0.9985483227078621,0.590924606391603,0.2640167859187636,78274,4418,73643,4229,0.5138324904710894,0.5004399462330309,0.3825154014063856,0.3910635595438948,0.49931596284338564,0.9465728244570213,0.4890713542268995,0.5152418754978048,0.05430706800904048,1664,0,1489,0,0.5277513479226134,0.5,0.3454432219223583,0.3646162520005102,0.5250466562483855,1.0,,0.5277513479226134,0.0,390,0,399,0,0.49429657794676807,0.5,0.33078880407124683,0.3270155477510425,0.4939399781505044,1.0,,0.49429657794676807,0.0,1006,658,841,648,0.5245797653028862,0.5198793556594514,0.5183706307138974,0.5214058222029282,0.5250466562483855,0.6045673076923077,0.49617151607963245,0.5446670276123443,0.43519140362659503,0.485,267,123,273,126,0.49809885931558934,0.5002024291497975,0.4815412186379928,0.4804843479564441,0.4939399781505044,0.6846153846153846,0.5060240963855421,0.49444444444444446,0.3157894736842105,0.485
2,59,332109,246,225262,87434,0.6504028363648766,0.6394366270264566,0.5916508200047759,0.5963713917412558,0.9182563151789792,0.9992598275939883,0.9971943430656934,0.5958490843621215,0.27961342645892495,78202,4643,73396,4423,0.5142720211123836,0.5003962994669859,0.3844714588054378,0.3933137801455849,0.5005063472175685,0.9439555796970246,0.48786675490844916,0.5158511326006939,0.05683701923694728,1640,0,1514,0,0.5199746353836399,0.5,0.34209428452231955,0.3557607017226405,0.5128681090311563,1.0,,0.5199746353836399,0.0,414,0,374,0,0.5253807106598984,0.5,0.34442595673876875,0.3619095078422595,0.509558500607094,1.0,,0.5253807106598984,0.0,942,698,818,696,0.5193405199746354,0.5170498115152882,0.5163985759365645,0.5179054253219179,0.5128681090311563,0.574390243902439,0.49928263988522237,0.5352272727272728,0.45970937912813736,0.485,268,146,233,141,0.5190355329949239,0.5121741713813325,0.5062093367393335,0.5102490835914879,0.509558500607094,0.6473429951690821,0.4912891986062718,0.5349301397205589,0.3770053475935829,0.485
3,59,332101,260,218251,94190,0.6611192272976821,0.6503413173299498,0.6077146641178595,0.6121861635379875,0.926651514011399,0.99921771808365,0.9972472207517205,0.6034338023664855,0.3014649165762496,77590,5249,73127,4947,0.512929346914171,0.49999954441945743,0.3882555027393953,0.3964334533677119,0.4983275172110698,0.9366361254964449,0.48519027069438997,0.5148058944909997,0.06336296334246996,1626,0,1528,0,0.5155358275206088,0.5,0.3401673640167364,0.35073692700774467,0.5228220410476356,1.0,,0.5155358275206088,0.0,428,0,360,0,0.5431472081218274,0.5,0.3519736842105263,0.3823470478226022,0.5236695223260645,1.0,,0.5431472081218274,0.0,1015,611,900,628,0.5209258084971464,0.5176130033551645,0.5136027986271001,0.5154572042272669,0.5228220410476356,0.6242312423124231,0.5068603712671509,0.5300261096605744,0.4109947643979058,0.485,411,17,339,21,0.5482233502538071,0.5093068535825545,0.40166025373045194,0.42721484491913947,0.5236695223260645,0.9602803738317757,0.5526315789473685,0.548,0.058333333333333334,0.486
4,59,331478,164,216646,95661,0.6633118461244601,0.6529049322208753,0.611167138686401,0.6154425637758343,0.9341679778744358,0.9995054908606268,0.9982885468301591,0.6047500200684517,0.3063043735811237,78170,5388,73203,5005,0.5141686139238159,0.49975692726558135,0.3892251992347976,0.3983613609048071,0.5020006416118674,0.9355178438928649,0.48157413643798713,0.5164064925713304,0.06399601063829788,1644,0,1510,0,0.5212428662016487,0.5,0.342642767819925,0.35720019676344744,0.5234253395852467,1.0,,0.5212428662016487,0.0,410,0,378,0,0.5203045685279187,0.5,0.34223706176961605,0.35613501351660554,0.46442121564072786,1.0,,0.5203045685279187,0.0,542,1102,418,1092,0.5180722891566265,0.5264312531219284,0.5029577357313719,0.49927528089685536,0.5234253395852467,0.32968369829683697,0.4977210574293528,0.5645833333333333,0.7231788079470198,0.484,405,5,369,9,0.5253807106598984,0.5058072009291521,0.3650199944842802,0.3779784361954412,0.46442121564072786,0.9878048780487805,0.6428571428571429,0.5232558139534884,0.023809523809523808,0.487
0,60,331859,54,254952,57042,0.603970759752573,0.5913338729055133,0.5157649683333949,0.5221582087780494,0.8986713678161322,0.999837306764122,0.9990542244640606,0.5655296168613063,0.18283043904690474,80153,3134,75519,3002,0.5139115494907545,0.5003014444589922,0.3708864840721214,0.37972185188051283,0.4995542398740317,0.9623710783195457,0.4892438070404172,0.5148838583688782,0.03823181059843864,1662,0,1491,0,0.527117031398668,0.5,0.3451713395638629,0.36389138366961,0.5226666860367983,1.0,,0.527117031398668,0.0,429,0,360,0,0.5437262357414449,0.5,0.3522167487684729,0.3830189739459439,0.45631313131313134,1.0,,0.5437262357414449,0.0,1116,546,947,544,0.5264827148747225,0.518167972939926,0.5103683344211312,0.5151857453609286,0.5226666860367983,0.6714801444043321,0.4990825688073395,0.5409597673291323,0.36485580147551977,0.485,5,424,4,356,0.45754119138149557,0.5002719502719503,0.32369622686854127,0.2973848235882169,0.45631313131313134,0.011655011655011656,0.4564102564102564,0.5555555555555556,0.9888888888888889,0.483
1,60,332294,95,244627,68135,0.6206748497638538,0.6087817727009033,0.5442711061647372,0.5499479003516469,0.9100311577311679,0.9997141903011231,0.9986076505935806,0.5759783401886913,0.2178493551006836,78997,3814,74158,3595,0.514386786577315,0.5000897373997479,0.3769949454200958,0.3862112517856195,0.4987333390018501,0.9539433167091328,0.4852206775543258,0.515797721262773,0.04623615809036307,1666,0,1487,0,0.5283856644465589,0.5,0.3457148786055198,0.36534157168207804,0.5220942445572715,1.0,,0.5283856644465589,0.0,425,0,364,0,0.5386565272496832,0.5,0.3500823723228995,0.3771483098535673,0.473639301874596,1.0,,0.5386565272496832,0.0,965,701,804,683,0.5226768157310498,0.5192728739108287,0.5188277900218873,0.5212709659152919,0.5220942445572715,0.5792316926770709,0.4934971098265896,0.5455059355568117,0.4593140551445864,0.485,401,24,342,22,0.5361216730038023,0.5019844861021331,0.39698045439358504,0.41937521517253823,0.473639301874596,0.9435294117647058,0.4782608695652174,0.5397039030955586,0.06043956043956044,0.486
2,60,332393,127,240236,72295,0.6273736495253863,0.6154695605188387,0.5550267699615525,0.560586758026057,0.9121346172780844,0.9996180680861302,0.9982463892187456,0.5804683311533296,0.2313210529515472,78499,4181,74190,3794,0.5122055967733904,0.49904127431694767,0.37765193025676935,0.3861100524435313,0.4996308563239201,0.9494315432994678,0.47573667711598744,0.5141103812324398,0.04865100533442757,1682,0,1472,0,0.533291058972733,0.5,0.347808105872622,0.3709659062002221,0.5170321627979114,1.0,,0.533291058972733,0.0,409,0,379,0,0.5190355329949239,0.5,0.341687552213868,0.3546959615621117,0.4665217307158847,1.0,,0.5190355329949239,0.0,703,979,565,907,0.5104629042485732,0.517061646978235,0.5084063354902535,0.5062892794155126,0.5170321627979114,0.4179548156956005,0.4809119830328738,0.554416403785489,0.6161684782608695,0.484,406,3,374,5,0.5215736040609137,0.5029288244060099,0.35438331127497325,0.36689131322903357,0.4665217307158847,0.9926650366748166,0.625,0.5205128205128206,0.013192612137203167,0.488
3,60,332106,100,247916,64680,0.6153609945378581,0.6033057092282429,0.5354543480304996,0.5413137982634961,0.8977530654144427,0.9996989819569785,0.9984563136770608,0.5725748333683894,0.20691243649950736,79117,3877,74319,3600,0.514047963806529,0.499743802333502,0.37678835620349527,0.38601267004786666,0.49903573810029506,0.9532857796949177,0.48147652801925905,0.5156351833989415,0.0462018249720864,1662,0,1492,0,0.5269499048826887,0.5,0.3450996677740864,0.3637004742172046,0.5140444182047534,1.0,,0.5269499048826887,0.0,429,0,359,0,0.5444162436548223,0.5,0.352506162695152,0.38382016191934065,0.5030679626779906,1.0,,0.5444162436548223,0.0,997,665,863,629,0.5155358275206088,0.5107307162467778,0.5088495124278812,0.5119382992913695,0.5140444182047534,0.5998796630565584,0.4860896445131376,0.5360215053763441,0.4215817694369973,0.485,427,2,356,3,0.5456852791878173,0.5018472706494991,0.3605519892648606,0.39111644750685814,0.5030679626779906,0.9953379953379954,0.6,0.545338441890166,0.008356545961002786,0.488
4,60,331664,108,242318,69859,0.6235322983652433,0.6117272871762371,0.5489825314616319,0.5545622670758343,0.9113014466421361,0.9996744752420337,0.9984564151671502,0.5778299667933837,0.22378009911044056,79391,4037,74462,3876,0.5147373366467614,0.5005444366911003,0.37952502804187327,0.38863885510668,0.4998010435998059,0.9516109699381503,0.48982686718058893,0.5160185371750957,0.04947790344405014,1692,0,1462,0,0.5364616360177552,0.5,0.3491539413949649,0.37461538924558063,0.5162933802912555,1.0,,0.5364616360177552,0.0,399,0,389,0,0.5063451776649747,0.5,0.33614153327716934,0.34040728877561055,0.5224049841828221,1.0,,0.5063451776649747,0.0,1396,296,1153,309,0.5405833861762841,0.5182067054101864,0.47865966655589964,0.4917622015261742,0.5162933802912555,0.8250591016548463,0.5107438016528926,0.5476657512750098,0.21135430916552667,0.486,375,24,352,37,0.5228426395939086,0.5174826526470417,0.4152595223998421,0.418442454861205,0.5224049841828221,0.9398496240601504,0.6065573770491803,0.515818431911967,0.09511568123393316,0.486
0,61,331911,111,240128,71757,0.6269041957922495,0.6148704363869719,0.554120875747977,0.5597546069830589,0.9099069110373275,0.999665684804019,0.9984555017532142,0.5802244252577184,0.23007518796992482,79638,3540,75255,3375,0.5130339661821418,0.5001816090266656,0.37396657300596947,0.38225995910624394,0.4975473918638061,0.9574406694077761,0.4880694143167028,0.5141484766903605,0.042922548645555135,1646,0,1507,0,0.5220424992071043,0.5,0.34298812252552613,0.3581087533631564,0.5088050015279042,1.0,,0.5220424992071043,0.0,391,0,398,0,0.4955640050697085,0.5,0.3313559322033898,0.3284161457326373,0.5266742921769976,1.0,,0.4955640050697085,0.0,706,940,612,895,0.5077703774183318,0.5114068732307151,0.505995343281557,0.5046898948952517,0.5088050015279042,0.4289185905224787,0.4877384196185286,0.5356600910470409,0.5938951559389516,0.484,144,247,127,271,0.5259822560202788,0.5245954838129265,0.5133741869945514,0.5140691199329773,0.5266742921769976,0.36828644501278773,0.5231660231660231,0.5313653136531366,0.6809045226130653,0.484
1,61,332371,145,230049,82586,0.6431936089380625,0.6318625065853085,0.580275735301194,0.5852835229816976,0.9227222127882543,0.9995639307582191,0.9982473317136261,0.5909658262508446,0.26416108241239783,78566,4118,74060,3820,0.5131038090730176,0.4996228734483999,0.37839576907120376,0.38705358921099337,0.49938720041229984,0.9501959266605389,0.48122952884857645,0.5147615740437409,0.049049820236260915,1630,0,1523,0,0.5169679670155407,0.5,0.34079029897553836,0.35235533608000474,0.5171368263316267,1.0,,0.5169679670155407,0.0,407,0,382,0,0.5158428390367554,0.5,0.3403010033444816,0.35108367138454755,0.4987522029406846,1.0,,0.5158428390367554,0.0,1031,599,913,610,0.5204567078972407,0.5165203082389053,0.5117519485531179,0.5139643220681325,0.5171368263316267,0.6325153374233129,0.5045492142266336,0.5303497942386831,0.4005252790544977,0.485,406,1,377,5,0.5209125475285171,0.5053160013892999,0.35406306852637964,0.3644651557459643,0.4987522029406846,0.9975429975429976,0.8333333333333334,0.5185185185185185,0.013089005235602094,0.488
2,61,332352,136,234219,78344,0.6366876417523576,0.6251206157935743,0.5700127603510357,0.5752428988188057,0.922503197388755,0.9995909626813599,0.9982670744138634,0.5866025617265974,0.2506502689057886,78587,4125,74115,3837,0.5130209630035353,0.4996753770248907,0.3784856063422808,0.3870526738701413,0.4987125930581271,0.9501281555276139,0.4819140919366993,0.5146428992416602,0.04922259852216749,1630,0,1524,0,0.5168040583386176,0.5,0.3407190635451505,0.3521699895869343,0.50497479992915,1.0,,0.5168040583386176,0.0,407,0,381,0,0.516497461928934,0.5,0.34058577405857743,0.3518233757407132,0.47493019146562454,1.0,,0.516497461928934,0.0,1029,601,946,578,0.5095117311350665,0.5052767177108997,0.4992733711913049,0.5016797263000382,0.50497479992915,0.6312883435582822,0.4902459711620017,0.5210126582278481,0.37926509186351703,0.485,405,2,377,4,0.5190355329949239,0.5027923413750185,0.35095828905362025,0.36185606546876714,0.47493019146562454,0.995085995085995,0.6666666666666666,0.5179028132992327,0.010498687664041995,0.487
3,61,332137,122,239575,72968,0.6282626294583453,0.6165491458592086,0.5566361443958796,0.5620850514005429,0.9191518610379257,0.999632816567798,0.9983308250102613,0.5809515980073884,0.23346547515061927,79273,3668,74473,3499,0.5143897634125273,0.5003254378970113,0.3760250619448877,0.3850985462745087,0.5001620401641158,0.955775792430764,0.48820985070461836,0.5156101622156024,0.04487508336325861,1618,0,1536,0,0.5129993658845909,0.5,0.3390611902766136,0.3478763512159548,0.5169206453440461,1.0,,0.5129993658845909,0.0,419,0,369,0,0.5317258883248731,0.5,0.3471416735708368,0.3691684295080726,0.4868217655923576,1.0,,0.5317258883248731,0.0,1008,610,889,647,0.5247305009511731,0.5221076528378656,0.5184215364666492,0.5198545976514996,0.5169206453440461,0.622991347342398,0.5147175815433572,0.5313653136531366,0.4212239583333333,0.485,397,22,343,26,0.5368020304568528,0.5089773690099669,0.40488678944678597,0.4226651238147195,0.4868217655923576,0.9474940334128878,0.5416666666666666,0.5364864864864864,0.07046070460704607,0.486
4,61,331317,198,232358,80076,0.6388595991297448,0.6278500359767364,0.5740152505414151,0.5789399842250652,0.9152847615624524,0.9994027419573775,0.9975334479408028,0.5877801924868054,0.25629732999609517,79031,4654,73797,4284,0.5150340615456894,0.4996263943818744,0.38338139329096405,0.3932517767565143,0.5018005313921354,0.9443866881758977,0.47930185723875585,0.5171238254770069,0.054866100587851074,1624,0,1530,0,0.5149017121116043,0.5,0.339891167852658,0.35002108851789254,0.5050806529508355,1.0,,0.5149017121116043,0.0,413,0,375,0,0.5241116751269036,0.5,0.34388009991673607,0.360463150420335,0.44615980629539953,1.0,,0.5241116751269036,0.0,1175,449,1073,457,0.517438173747622,0.5111074889726005,0.4910633710594525,0.49451633965651093,0.5050806529508355,0.7235221674876847,0.5044150110375276,0.5226868327402135,0.29869281045751633,0.486,398,15,361,14,0.5228426395939086,0.5005068603712671,0.37424390903254146,0.38894899174434344,0.44615980629539953,0.9636803874092009,0.4827586206896552,0.5243741765480896,0.037333333333333336,0.487
0,62,331654,169,223145,88939,0.6531890474866712,0.6422374316276366,0.5957515816410186,0.6004227315012552,0.9346154145701525,0.9994906923269333,0.9981034250572339,0.5977912721544199,0.28498417092833983,78586,4791,73913,4518,0.5135963611193514,0.5000714418265094,0.38465962669076614,0.3932695674004354,0.5008095991791413,0.942538110030344,0.485336770866903,0.5153214119436849,0.05760477362267471,1639,0,1514,0,0.5198223913732952,0.5,0.34202838063439067,0.35558802147780927,0.49176891215847535,1.0,,0.5198223913732952,0.0,419,0,370,0,0.5310519645120405,0.5,0.3468543046357616,0.36839531975255796,0.5148358382248597,1.0,,0.5310519645120405,0.0,1322,317,1212,302,0.5150650174437044,0.5030304910926936,0.4583830889284574,0.46532940369748277,0.49176891215847535,0.8065893837705919,0.4878836833602585,0.5217048145224941,0.19947159841479525,0.486,108,311,82,288,0.5019011406844106,0.5180674708121009,0.4745535237688542,0.4671088947196193,0.5148358382248597,0.2577565632458234,0.48080133555926546,0.5684210526315789,0.7783783783783784,0.484
1,62,332285,172,213169,99525,0.6693161755930007,0.6588825250699454,0.6198315852459677,0.6240331832826941,0.9417556709860835,0.9994826398601925,0.9982747725608594,0.6091897758564425,0.31828241027969834,77466,5277,72767,5054,0.5139383672554246,0.500584061030831,0.38983914140498616,0.3982744337548157,0.49973079934718134,0.9362242123200755,0.48920724034459395,0.515639040690128,0.06494390974158647,1654,0,1499,0,0.5245797653028862,0.5,0.34408154774287497,0.36099643512002233,0.4934426255956208,1.0,,0.5245797653028862,0.0,404,0,385,0,0.5120405576679341,0.5,0.33864207879295893,0.34679695774995034,0.4947473318760447,1.0,,0.5120405576679341,0.0,1651,3,1490,9,0.5264827148747225,0.5020951089521188,0.3502733171894118,0.36690696922426147,0.4934426255956208,0.998186215235792,0.75,0.5256287806431073,0.00600400266844563,0.492,126,278,118,267,0.49809885931558934,0.5026938408126527,0.4815412186379928,0.4793100471991678,0.4947473318760447,0.3118811881188119,0.48990825688073397,0.5163934426229508,0.6935064935064935,0.484
2,62,332447,147,225465,86992,0.6502416088030248,0.6389853646382533,0.5910235827237802,0.595881798654023,0.9328762931428679,0.9995580196876672,0.9983130400853808,0.595877127575675,0.2784127095888394,78242,4364,73845,4213,0.513213912264104,0.5005717973293008,0.3820095099359255,0.39007010270076836,0.49863419522094,0.9471709076822507,0.49119738836422994,0.5144555418937845,0.053972686976350916,1634,0,1520,0,0.5180722891566265,0.5,0.3412698412698413,0.35360489577357046,0.49632883463248084,1.0,,0.5180722891566265,0.0,424,0,364,0,0.5380710659898477,0.5,0.34983498349834985,0.3764721649829958,0.508572206095791,1.0,,0.5380710659898477,0.0,1540,94,1423,97,0.5190234622701332,0.5031441248470012,0.39169308065242664,0.40175244552035355,0.49632883463248084,0.9424724602203183,0.5078534031413613,0.5197435032062099,0.06381578947368421,0.487,137,287,113,251,0.49238578680203043,0.5063368235538047,0.4815346049333167,0.475823456581362,0.508572206095791,0.3231132075471698,0.46654275092936803,0.548,0.6895604395604396,0.484
3,62,331732,203,214998,97869,0.6662525860651797,0.6561009331941123,0.6157003634230653,0.6198221346367239,0.9349366353149395,0.9993884344826547,0.997930092177176,0.6067565343039526,0.3128134319055701,77647,5618,72324,5324,0.5156264565324119,0.5005472545389548,0.3930088053120842,0.40253196318585305,0.5006964092484542,0.9325286735122801,0.4865655273259002,0.5177467643744458,0.06856583556562951,1669,0,1485,0,0.5291693088142042,0.5,0.3460501762388555,0.3662382651506974,0.4960743847502386,1.0,,0.5291693088142042,0.0,389,0,399,0,0.4936548223350254,0.5,0.33050127442650806,0.3263070958170346,0.5146606877089897,1.0,,0.4936548223350254,0.0,1169,500,1029,456,0.5152187698161065,0.5037450599463781,0.4891102106957187,0.4958479033719478,0.4960743847502386,0.7004194128220491,0.4769874476987448,0.5318471337579618,0.30707070707070705,0.486,196,193,180,219,0.5266497461928934,0.5263641107911166,0.526246141695478,0.5264216219117456,0.5146606877089897,0.5038560411311054,0.5315533980582524,0.5212765957446809,0.5488721804511278,0.485
4,62,331772,219,214655,97303,0.6663182953929582,0.6556254606347518,0.6153183939641003,0.6196758187209948,0.9420560305117196,0.9993403435635303,0.9977543528639692,0.607166190543293,0.31191057770597325,77956,5253,73413,5144,0.5137049812692408,0.5011754626896034,0.3901520706536639,0.39804593622779544,0.49856034155950235,0.9368698097561562,0.4947581032990286,0.5150063751494692,0.06548111562305078,1636,0,1518,0,0.518706404565631,0.5,0.341544885177453,0.3543230387763558,0.5009293530607446,1.0,,0.518706404565631,0.0,422,0,366,0,0.5355329949238579,0.5,0.3487603305785124,0.37354532869069096,0.5185559267604175,1.0,,0.5355329949238579,0.0,1518,118,1393,125,0.5209258084971464,0.50510902583827,0.4048288885583558,0.41466337280299137,0.5009293530607446,0.9278728606356969,0.51440329218107,0.5214702851253865,0.08234519104084322,0.487,407,15,341,25,0.5482233502538071,0.5163804936161397,0.4094396025430508,0.4297848639875596,0.5185559267604175,0.9644549763033176,0.625,0.5441176470588235,0.06830601092896176,0.486
0,63,332107,135,232275,79390,0.6390627839113412,0.6271611522935002,0.5733420393042081,0.5786932256580386,0.9286909211549366,0.9995936696745144,0.9983024206224458,0.5884436427809533,0.25472863491248615,78638,4320,74683,4167,0.5117484920399485,0.5003863172207011,0.38053014265323776,0.3877684633321679,0.49846902015479244,0.9479254562549724,0.4909862142099682,0.5128977765602886,0.05284717818642993,1612,0,1541,0,0.5112591183000317,0.5,0.33830010493179435,0.34591802673647476,0.5233328717293885,1.0,,0.5112591183000317,0.0,405,0,384,0,0.5133079847908745,0.5,0.3391959798994975,0.34822400978275414,0.5113361625514403,1.0,,0.5133079847908745,0.0,1253,359,1151,390,0.5210910244211862,0.5151888496883368,0.4823076688877677,0.4854984200382575,0.5233328717293885,0.7772952853598015,0.520694259012016,0.5212146422628952,0.25308241401687215,0.485,233,172,205,179,0.5221799746514575,0.5207272376543209,0.5199312465199603,0.5208057519044315,0.5113361625514403,0.5753086419753086,0.50997150997151,0.5319634703196348,0.4661458333333333,0.484
1,63,332353,113,236144,76541,0.6337958090431542,0.6222232010696133,0.5654785755481593,0.5707612956541922,0.9199352770211944,0.9996601156208454,0.998525843400214,0.584616981268151,0.2447862865183811,78779,3955,74163,3667,0.5134774918412596,0.4996558515967485,0.37718121304504526,0.3860798837130695,0.4986137865393515,0.9521961950346894,0.4811073209131462,0.5150906879732186,0.047115508158807655,1621,0,1532,0,0.5141135426577862,0.5,0.3395475492249686,0.34913198686563535,0.5235007079084406,1.0,,0.5141135426577862,0.0,396,0,393,0,0.5019011406844106,0.5,0.3341772151898734,0.3354478509890744,0.5173554887295345,1.0,,0.5019011406844106,0.0,624,997,543,989,0.5115762765620044,0.5152544604674612,0.5049419953785532,0.5033243213365611,0.5235007079084406,0.3849475632325725,0.49798590130916415,0.5347043701799485,0.6455613577023499,0.484,101,295,88,305,0.514575411913815,0.5155659649934459,0.47979962300203993,0.4792882143415727,0.5173554887295345,0.255050505050505,0.5083333333333333,0.5343915343915344,0.7760814249363868,0.484
2,63,332365,148,229312,83226,0.644276189014512,0.6329228618283378,0.581907316044672,0.5869078106985502,0.926262887563174,0.9995549046202705,0.9982248662652625,0.591736887926691,0.26629081903640517,78510,4177,73992,3985,0.5134628790519344,0.5002945062043043,0.3800790688754312,0.38850896147430847,0.49789624846978336,0.9494841994509415,0.4882381769174222,0.5148129204862887,0.05110481295766701,1601,0,1553,0,0.5076093849080533,0.5,0.3366982124079916,0.3418223450001234,0.520480800594284,1.0,,0.5076093849080533,0.0,416,0,372,0,0.5279187817258884,0.5,0.34551495016611294,0.36480766311955076,0.5413047973531845,1.0,,0.5279187817258884,0.0,350,1251,300,1253,0.5082435003170577,0.5127194328399869,0.4643353535968513,0.46200136573132533,0.520480800594284,0.21861336664584635,0.5003993610223643,0.5384615384615384,0.8068254990341275,0.483,344,72,291,81,0.5393401015228426,0.5223325062034739,0.48159304064156583,0.4912541458840608,0.5413047973531845,0.8269230769230769,0.5294117647058824,0.5417322834645669,0.21774193548387097,0.485
3,63,332064,84,244987,67667,0.6199282880636227,0.6080874225488049,0.5431084429476879,0.5487723727982159,0.9117450445740377,0.9997471006900538,0.9987601659016103,0.5754500035525456,0.21642774440755597,79303,3749,74330,3531,0.5147750647865617,0.5001048264541843,0.3765295245697018,0.3860004716116925,0.4999782445304423,0.9548596060299571,0.4850274725274725,0.5161846738656408,0.04535004687841153,1602,0,1552,0,0.5079264426125555,0.5,0.3368376787216148,0.3421775277818814,0.516621459000991,1.0,,0.5079264426125555,0.0,415,0,373,0,0.5266497461928934,0.5,0.34497090606816294,0.3633576802494609,0.4953712975225298,1.0,,0.5266497461928934,0.0,922,680,857,695,0.5126823081800888,0.5116699325585287,0.5101448669068198,0.5107037746762624,0.516621459000991,0.5755305867665418,0.5054545454545455,0.5182686902754357,0.4478092783505155,0.485,59,356,47,326,0.4885786802030457,0.5080816563842502,0.4222485013326541,0.41181454061146894,0.4953712975225298,0.14216867469879518,0.4780058651026393,0.5566037735849056,0.8739946380697051,0.484
4,63,331294,137,239952,72566,0.6271614677559869,0.6158922331826076,0.5553877700531706,0.5606344226947608,0.9151134389015483,0.9995866409599585,0.9981156210885384,0.5799497939591699,0.23219782540525666,79851,3918,74440,3557,0.5156089660373626,0.49941641970274575,0.37703981053104507,0.38752321899806036,0.5003175785163938,0.9532285212906922,0.4758528428093646,0.5175350474104128,0.045604318114799286,1632,0,1522,0,0.517438173747622,0.5,0.34099456748850815,0.3528872125182278,0.5117069741825772,1.0,,0.517438173747622,0.0,385,0,403,0,0.4885786802030457,0.5,0.32821824381926684,0.32072087276755773,0.5599755083626052,1.0,,0.4885786802030457,0.0,1193,439,1066,456,0.5228281547241598,0.5153053419133751,0.49526861846721587,0.4993819820876552,0.5117069741825772,0.7310049019607843,0.5094972067039106,0.5281097830898628,0.2996057818659658,0.486,162,223,135,268,0.5456852791878173,0.5428958138635558,0.5373129432449631,0.5387346606692214,0.5599755083626052,0.42077922077922075,0.5458248472505092,0.5454545454545454,0.6650124069478908,0.485
0,64,331732,91,247786,64298,0.6150422343599309,0.6028768108498785,0.5347947214467805,0.5407176992932499,0.9137409301298095,0.9997257574068102,0.9985867151221481,0.5724274310720289,0.20602786429294678,80010,3367,75165,3266,0.5146593493523188,0.5006294292029531,0.3737931919016828,0.3828717389509745,0.5006960947840159,0.9596171606078415,0.4923865520880446,0.5156114064765587,0.04164169779806454,1628,0,1525,0,0.5163336504915953,0.5,0.34051453670780174,0.35163822756758717,0.507220767712571,1.0,,0.5163336504915953,0.0,382,0,407,0,0.4841571609632446,0.5,0.32621690862510677,0.31588050467627576,0.5262616257380656,1.0,,0.4841571609632446,0.0,603,1025,543,982,0.5026958452267681,0.5071637733113143,0.49540507593157945,0.4934236795268184,0.507220767712571,0.3703931203931204,0.4892874937717987,0.5261780104712042,0.6439344262295082,0.484,97,285,83,324,0.5335868187579215,0.5249977488197384,0.49149550256395885,0.4961311100743071,0.5262616257380656,0.25392670157068065,0.5320197044334976,0.5388888888888889,0.7960687960687961,0.484
1,64,332313,134,227338,85366,0.6474127762337809,0.6362949592040912,0.5868848358132002,0.591723943507254,0.9300954800713891,0.9995969282321694,0.9984327485380117,0.5937861274258421,0.2729929901760131,78534,4219,73754,4057,0.5143805585311776,0.5005780558853845,0.38125568308173313,0.3900893248029511,0.5005807533923404,0.9490169540681305,0.4902126631222813,0.5156939483084682,0.052139157702638446,1565,0,1588,0,0.4963526799873137,0.5,0.33170835099618484,0.32928865798225765,0.5147290783109745,1.0,,0.4963526799873137,0.0,445,0,344,0,0.5640050697084917,0.5,0.3606158833063209,0.40677837280434165,0.46340475568330286,1.0,,0.5640050697084917,0.0,938,627,920,668,0.5093561687281953,0.5100079671015041,0.5057317169189388,0.5054229673203726,0.5147290783109745,0.5993610223642173,0.5158301158301158,0.5048439181916039,0.42065491183879095,0.485,432,13,333,11,0.5614702154626109,0.5013816305199895,0.38691609773625585,0.4287925012763078,0.46340475568330286,0.9707865168539326,0.4583333333333333,0.5647058823529412,0.03197674418604651,0.486
2,64,332471,101,241606,70873,0.6252900933414567,0.6132525739589436,0.551531489555421,0.5571967913768142,0.9086671313293888,0.9996963063637347,0.9985769436695128,0.5791400805118477,0.22680884155415243,78712,3916,74303,3733,0.5131516705671464,0.5002218801464118,0.37759726786115066,0.38589913661408054,0.5007367921056605,0.9526068645011376,0.4880376519806511,0.5144070842727837,0.04783689579168589,1639,0,1515,0,0.5196575776791376,0.5,0.34195702065512207,0.35540111404803115,0.5289057764836886,1.0,,0.5196575776791376,0.0,371,0,417,0,0.47081218274111675,0.5,0.3201035375323555,0.3014172904175226,0.5359744549373978,1.0,,0.47081218274111675,0.0,1152,487,982,533,0.5342422320862397,0.5273413918573066,0.5155837359918992,0.5193214638040127,0.5289057764836886,0.7028676021964613,0.5225490196078432,0.5398313027179007,0.35181518151815183,0.485,147,224,138,279,0.5406091370558376,0.5326455816478892,0.5273462354188759,0.531968155686302,0.5359744549373978,0.39622641509433965,0.5546719681908548,0.5157894736842106,0.6690647482014388,0.484
3,64,331881,127,243829,68965,0.6216575010623416,0.6100490254874332,0.5462118039561183,0.5517254038290776,0.9099794544530306,0.9996174790968892,0.9981618711283506,0.5764725295721804,0.2204805718779772,79466,3726,74102,3619,0.516334913897572,0.5008880156665727,0.3781829029868252,0.3881480914806707,0.4994436092620689,0.9552120396191942,0.49271613342409804,0.5174645759533236,0.04656399171395118,1612,0,1542,0,0.5110970196575777,0.5,0.33822912295425933,0.3457357934066366,0.5055577816184067,1.0,,0.5110970196575777,0.0,398,0,390,0,0.5050761421319797,0.5,0.33558178752107926,0.3389887092218009,0.4959283597474553,1.0,,0.5050761421319797,0.0,1422,190,1328,214,0.518706404565631,0.5104573995938374,0.4359664164914875,0.44076095222426065,0.5055577816184067,0.8821339950372209,0.5297029702970297,0.517090909090909,0.13878080415045396,0.487,199,199,178,212,0.5215736040609137,0.5217948717948717,0.5214433570939552,0.5213632051142882,0.4959283597474553,0.5,0.5158150851581509,0.5278514588859416,0.5435897435897435,0.485
4,64,331837,113,250707,61292,0.6104971045843692,0.5980544674406524,0.527007983681731,0.5331647836637249,0.8990731278683921,0.999659587287242,0.9981597589772819,0.5696342250542449,0.1964493475940628,79752,3498,75331,3185,0.5126973529666308,0.49927348118407266,0.3720073121060957,0.38070592447740154,0.4981455548472208,0.957981981981982,0.4765823731856951,0.51425365771877,0.04056498038616333,1596,0,1558,0,0.5060240963855421,0.5,0.336,0.3400481927710844,0.5195715540455761,1.0,,0.5060240963855421,0.0,414,0,374,0,0.5253807106598984,0.5,0.34442595673876875,0.3619095078422595,0.4883360458808029,1.0,,0.5253807106598984,0.0,1084,512,1011,547,0.5171211160431198,0.5151445687389204,0.5027053070978815,0.5037254202076004,0.5195715540455761,0.6791979949874687,0.5165250236071766,0.5174224343675418,0.35109114249037227,0.485,7,407,3,371,0.4796954314720812,0.5044434110930275,0.3385580450733753,0.32304844217241857,0.4883360458808029,0.016908212560386472,0.4768637532133676,0.7,0.9919786096256684,0.483
0,65,331814,83,244708,67302,0.6198348519273746,0.6077272736337284,0.542658322205629,0.5484607419316768,0.9124236763540141,0.9997499224156892,0.9987682718705944,0.5755443851232043,0.21570462485176758,79955,3348,75363,3142,0.5135530999703352,0.4999161495433978,0.37203797641052966,0.38087749007149785,0.5022771041349963,0.9598093706109023,0.48412942989214175,0.5147825751039802,0.040022928475893255,1676,0,1477,0,0.531557247066286,0.5,0.347069786705322,0.36897492072192817,0.5236146772387427,1.0,,0.531557247066286,0.0,389,0,400,0,0.49302915082382764,0.5,0.3302207130730051,0.3256168755016451,0.4897686375321336,1.0,,0.49302915082382764,0.0,1423,253,1199,278,0.5394862036156042,0.5186323548184332,0.46953044036047525,0.4816886909174802,0.5236146772387427,0.8490453460620525,0.5235404896421846,0.5427154843630816,0.1882193635748138,0.486,3,386,1,399,0.5095057034220533,0.5026060411311054,0.34434244854575324,0.34893031673676156,0.4897686375321336,0.007712082262210797,0.5082802547770701,0.75,0.9975,0.482
1,65,332188,138,227477,85348,0.6471911226984071,0.6362073010242323,0.58668660450578,0.5914666183174573,0.9226191109638819,0.9995847450996913,0.9983857005825515,0.5935479259914413,0.27282985694877326,78527,4347,73665,4025,0.5141376647318203,0.4996776739761039,0.38083223336159633,0.3901078951723295,0.49809520523773976,0.9475468783937061,0.4807692307692308,0.5159732443229604,0.05180846955850174,1645,0,1508,0,0.5217253409451316,0.5,0.3428511879949979,0.35774830590026746,0.5173127312892537,1.0,,0.5217253409451316,0.0,420,0,369,0,0.532319391634981,0.5,0.34739454094292804,0.3698497013841059,0.5055168408826946,1.0,,0.532319391634981,0.0,1230,415,1090,418,0.5226768157310498,0.5124543468270542,0.48877054836396855,0.49449118706999085,0.5173127312892537,0.7477203647416414,0.5018007202881153,0.5301724137931034,0.27718832891246686,0.486,415,5,360,9,0.5373891001267427,0.5062427409988386,0.3707790292450048,0.3917078805134004,0.5055168408826946,0.9880952380952381,0.6428571428571429,0.535483870967742,0.024390243902439025,0.487
2,65,332234,95,234412,78310,0.6364520014696512,0.6250641222595644,0.5697860858449735,0.5749337623452375,0.9262061264485559,0.9997141386999028,0.9987883425801926,0.5863166774317652,0.250414105819226,79178,3693,74292,3501,0.5146081262759548,0.5002204061847676,0.3762104660066551,0.3854970830613415,0.4983543089098734,0.9554367631620229,0.4866555462885738,0.5159184205382159,0.04500404920751224,1650,0,1504,0,0.523145212428662,0.5,0.3434637801831807,0.3593628644909627,0.5220962282398453,1.0,,0.523145212428662,0.0,415,0,373,0,0.5266497461928934,0.5,0.34497090606816294,0.3633576802494609,0.4969927969249653,1.0,,0.5266497461928934,0.0,588,1062,472,1032,0.5136334812935954,0.521266924564797,0.503800184194171,0.5005667126254413,0.5220962282398453,0.3563636363636364,0.49283667621776506,0.5547169811320755,0.6861702127659575,0.484,394,21,347,26,0.5329949238578681,0.509551342097613,0.40273521173175153,0.4176018093113626,0.4969927969249653,0.9493975903614458,0.5531914893617021,0.5317139001349528,0.06970509383378017,0.486
3,65,332477,75,248053,64197,0.6151872978061482,0.6026846736307951,0.5346261108804654,0.5407225519754603,0.9151439689315503,0.9997744713608698,0.9988330843913368,0.5727128658295007,0.20559487590072056,79246,3402,75110,3155,0.5120841697066116,0.49957462037727357,0.3715612036077312,0.3796556189842067,0.5003246962393927,0.9588374794308392,0.4811651669971023,0.5133976003524321,0.040311761323707916,1648,0,1506,0,0.5225110970196576,0.5,0.34319033735943355,0.358641519320448,0.5116866675692053,1.0,,0.5225110970196576,0.0,417,0,371,0,0.5291878172588832,0.5,0.34605809128630705,0.36625945194515236,0.5202608802445914,1.0,,0.5291878172588832,0.0,353,1295,296,1210,0.4955611921369689,0.5088259421859487,0.4553491177450952,0.44868620693570654,0.5116866675692053,0.21419902912621358,0.48303393213572854,0.5439137134052389,0.8034528552456839,0.483,366,51,315,56,0.5355329949238579,0.5143206189765169,0.4504881450488145,0.46310770341736934,0.5202608802445914,0.8776978417266187,0.5233644859813084,0.5374449339207048,0.1509433962264151,0.485
4,65,331479,217,232727,79526,0.6382570669416366,0.6270151445670918,0.5728692283704983,0.5779151525918358,0.9075755835813091,0.9993457865033042,0.9972787580101075,0.5875141349081718,0.25468450263087944,79024,4480,73952,4310,0.5151515151515151,0.500710651100563,0.3836784316368665,0.3929026988931209,0.49781259215187246,0.946349875455068,0.49032992036405004,0.5165777638322351,0.05507142674605811,1641,0,1513,0,0.520291693088142,0.5,0.3422314911366006,0.35612040390308286,0.5184388156593698,1.0,,0.520291693088142,0.0,424,0,364,0,0.5380710659898477,0.5,0.34983498349834985,0.3764721649829958,0.5161012336719883,1.0,,0.5380710659898477,0.0,483,1158,400,1113,0.5060240963855421,0.5149786554311144,0.48549610839534546,0.4813253425814642,0.5184388156593698,0.2943327239488117,0.4900924702774108,0.5469988674971688,0.735624586913417,0.484,220,204,176,188,0.5177664974619289,0.5176757205059093,0.5169699316040779,0.5184634925875485,0.5161012336719883,0.5188679245283019,0.47959183673469385,0.5555555555555556,0.5164835164835165,0.485
0,66,331567,243,230229,81868,0.6420725353195414,0.6307917678685809,0.5787210034664293,0.5837224201618122,0.9129223928876036,0.9992676531750098,0.9970405913945757,0.5901911013962363,0.26231588256215216,78140,5250,73577,4841,0.5128362009294967,0.49938804320603625,0.3870543115083558,0.39558631814148737,0.49932565205809254,0.9370428108885958,0.4797344168070558,0.5150378665541765,0.06173327552347675,1591,0,1562,0,0.5045987947986045,0.5,0.33537099494097805,0.33845559971525285,0.5027656367322271,1.0,,0.5045987947986045,0.0,415,0,374,0,0.5259822560202788,0.5,0.3446843853820598,0.36259574127643807,0.5224792216996327,1.0,,0.5259822560202788,0.0,51,1540,37,1525,0.4998414208690136,0.5041838655497352,0.3599624288799731,0.35721039986526343,0.5027656367322271,0.03205531112507857,0.49755301794453505,0.5795454545454546,0.9763124199743918,0.481,111,304,87,287,0.5044359949302915,0.5174247793312287,0.478485998529275,0.47244082891312916,0.5224792216996327,0.2674698795180723,0.4856175972927242,0.5606060606060606,0.767379679144385,0.484
1,66,332346,134,240020,72651,0.627755362698035,0.6159765115027613,0.5557763069863227,0.5612667211821806,0.9083382285725281,0.999596968238691,0.9981589613244487,0.5806529388538103,0.23235605476683158,78768,3952,74077,3767,0.5140317879474852,0.5003080132391947,0.3784050854158356,0.3872225118707406,0.5004887942266023,0.9522243713733075,0.48801658245886775,0.515345611567274,0.048391655105081956,1606,0,1547,0,0.5093561687281953,0.5,0.33746585417104435,0.3437806291143021,0.502936225740416,1.0,,0.5093561687281953,0.0,400,0,389,0,0.5069708491761724,0.5,0.33641715727502103,0.3411073838023027,0.5285282776349615,1.0,,0.5069708491761724,0.0,1510,96,1435,112,0.514430700919759,0.5063111747237452,0.3956128736616542,0.4006273599336343,0.502936225740416,0.9402241594022416,0.5384615384615384,0.5127334465195246,0.07239819004524888,0.487,286,114,256,133,0.5310519645120405,0.5284511568123393,0.5127288386812483,0.5140461875971876,0.5285282776349615,0.715,0.5384615384615384,0.5276752767527675,0.34190231362467866,0.485
2,66,331863,275,221608,91305,0.656022547054419,0.6454812003750137,0.6004555978405955,0.6048964170968071,0.9247781440071371,0.9991720309028175,0.996997160952173,0.5996032312442747,0.2917903698472099,77495,5567,72443,5159,0.5144525220335607,0.4997290104959884,0.3910038665870052,0.4003219054437044,0.49749624084283683,0.9329777756374756,0.48098079433153085,0.5168469634115435,0.06648024535450117,1614,0,1540,0,0.5117311350665821,0.5,0.338506711409396,0.3464488473143723,0.504091230949967,1.0,,0.5117311350665821,0.0,392,0,396,0,0.49746192893401014,0.5,0.33220338983050846,0.3305170782070033,0.4851383735312307,1.0,,0.49746192893401014,0.0,1546,68,1432,108,0.5244134432466709,0.5139992597241668,0.3996095368046587,0.40603199096092357,0.504091230949967,0.9578686493184635,0.6136363636363636,0.519140362659503,0.07012987012987013,0.488,55,337,51,345,0.5076142131979695,0.5057591218305504,0.43047887281966457,0.43154280854902055,0.4851383735312307,0.14030612244897958,0.5058651026392962,0.5188679245283019,0.8712121212121212,0.484
3,66,332092,298,224615,87797,0.6511905980440508,0.6400665003588004,0.5927306959915726,0.5975114402687964,0.9171268180815014,0.9991034627997232,0.9966172881548329,0.5965292335106259,0.28102953791787766,77607,5203,73268,4835,0.5123389657765376,0.4995374282762112,0.3869561937496848,0.39506613586932415,0.4987544347674877,0.9371694239826108,0.4816696553098227,0.5143794531897266,0.06190543256981166,1626,0,1528,0,0.5155358275206088,0.5,0.3401673640167364,0.35073692700774467,0.4975766020749212,1.0,,0.5155358275206088,0.0,380,0,408,0,0.48223350253807107,0.5,0.3253424657534247,0.31378207356929283,0.48677760577915374,1.0,,0.48223350253807107,0.0,1310,316,1214,314,0.5149017121116043,0.5055777193897594,0.4611677479147358,0.46645482471322286,0.4975766020749212,0.8056580565805658,0.4984126984126984,0.5190174326465927,0.2054973821989529,0.486,366,14,391,17,0.4860406091370558,0.5024122807017544,0.36062410972406705,0.35056204100325417,0.48677760577915374,0.9631578947368421,0.5483870967741935,0.48348745046235136,0.041666666666666664,0.486
4,66,331777,205,237525,74442,0.6308248013429635,0.6190019446443417,0.560664572626741,0.5661214944514255,0.9031586468047055,0.9993824966413841,0.9972537409406942,0.5827785604125754,0.23862139264729923,78816,4402,74309,4239,0.5134268016764957,0.500534895665566,0.382099941576875,0.3903236088826828,0.49992323311400233,0.9471027902617222,0.4905682212706863,0.5147167346938776,0.05396700106940979,1587,0,1567,0,0.5031705770450222,0.5,0.3347395064332419,0.3368621412235605,0.5102831758838264,1.0,,0.5031705770450222,0.0,419,0,369,0,0.5317258883248731,0.5,0.3471416735708368,0.3691684295080726,0.4915562282114468,1.0,,0.5317258883248731,0.0,1360,227,1307,260,0.5136334812935954,0.5114424835804955,0.4462813852040968,0.44750596876936044,0.5102831758838264,0.856962822936358,0.5338809034907598,0.509936257967754,0.16592214422463306,0.486,335,84,289,80,0.5266497461928934,0.5081624205263532,0.47128268686625213,0.48213897300873076,0.4915562282114468,0.7995226730310262,0.4878048780487805,0.5368589743589743,0.21680216802168023,0.485
0,67,331533,125,229998,82251,0.6426145390561059,0.6315189402382364,0.5796072548613668,0.5845129776128518,0.9278876359406161,0.9996231057293959,0.9984825677381761,0.5904090780384342,0.26341477474707686,79073,4469,74197,4069,0.5138312073568674,0.4992476593446083,0.38078194098143464,0.3901410142228189,0.4994437312813551,0.946505949103445,0.4765753103771375,0.5159065701050434,0.0519893695857716,1636,0,1517,0,0.518870916587377,0.5,0.3416162038003759,0.3545094255740025,0.5238120373340125,1.0,,0.518870916587377,0.0,411,0,378,0,0.5209125475285171,0.5,0.3425,0.35682509505703425,0.4869334054248896,1.0,,0.5209125475285171,0.0,902,734,757,760,0.527117031398668,0.5261667684740021,0.5261559411142452,0.5269613618455572,0.5238120373340125,0.5513447432762836,0.5087014725568942,0.543701024713683,0.5009887936717206,0.485,370,41,335,43,0.523447401774398,0.5069999613795234,0.42461481171158594,0.43458874281884224,0.4869334054248896,0.9002433090024331,0.5119047619047619,0.524822695035461,0.11375661375661375,0.486
1,67,332331,92,244154,68574,0.6214126615319514,0.6095000299075838,0.5454359850973916,0.5511092398067592,0.9134469196126458,0.9997232441798551,0.9986601811668074,0.5764781390669315,0.21927681563531248,79242,3535,74414,3373,0.5145300316384743,0.5003284510600762,0.3749815152408978,0.3841597975014246,0.5027715015027271,0.9572949007574568,0.4882744643891141,0.5157104180767429,0.043362001362695565,1642,0,1511,0,0.5207738661592134,0.5,0.3424400417101147,0.3566676488981975,0.5174675199571797,1.0,,0.5207738661592134,0.0,405,0,384,0,0.5133079847908745,0.5,0.3391959798994975,0.34822400978275414,0.49113940329218103,1.0,,0.5133079847908745,0.0,1362,280,1199,312,0.5309229305423406,0.5179810097450205,0.4724137334143841,0.4797134522941577,0.5174675199571797,0.8294762484774665,0.527027027027027,0.5318235064427957,0.20648577101257445,0.486,62,343,48,336,0.5044359949302915,0.5140432098765432,0.4364748970216186,0.4312661997366473,0.49113940329218103,0.15308641975308643,0.4948453608247423,0.5636363636363636,0.875,0.484
2,67,332512,154,231708,80677,0.640552452441745,0.6288992567152925,0.5759127609122235,0.5811183819891597,0.9290030574240986,0.9995370732205876,0.9980947903650828,0.5893304030342774,0.2582614402099973,78373,4161,74165,3965,0.5124856844096998,0.5001665828880203,0.3793677963123139,0.3872466692719538,0.49872628905378863,0.9495844136961737,0.48793994585281814,0.513793284296372,0.050748752079866885,1637,0,1517,0,0.5190234622701332,0.5,0.3416823210185765,0.35468228250311334,0.5176205005458399,1.0,,0.5190234622701332,0.0,410,0,378,0,0.5203045685279187,0.5,0.34223706176961605,0.35613501351660554,0.4768163634017292,1.0,,0.5203045685279187,0.0,1115,522,996,521,0.518706404565631,0.512282504654035,0.5010076207310565,0.5045831326168291,0.5176205005458399,0.6811240073304826,0.49952061361457334,0.5281856939838939,0.34344100197758737,0.485,395,15,359,19,0.5253807106598984,0.5068395922054458,0.3854635838921696,0.3973714244681465,0.4768163634017292,0.9634146341463414,0.5588235294117647,0.5238726790450928,0.05026455026455026,0.486
3,67,331801,178,238438,74385,0.629939113092081,0.6186250228327458,0.5597792308300032,0.5650002843177909,0.9124400804784484,0.999463821506782,0.9976127569974385,0.5818630433905784,0.23778622415870956,78988,4233,73915,3777,0.5143462616444912,0.4988752392928855,0.3785904678433372,0.38857030834441525,0.4999020347038373,0.9491354345657947,0.4715355805243446,0.5165889485490801,0.048615044019976315,1641,0,1513,0,0.520291693088142,0.5,0.3422314911366006,0.35612040390308286,0.5090741100992294,1.0,,0.520291693088142,0.0,406,0,382,0,0.5152284263959391,0.5,0.34003350083752093,0.3503898511168363,0.5033592964176102,1.0,,0.5152284263959391,0.0,1204,437,1062,451,0.5247305009511731,0.5158911211507178,0.4960032330185774,0.5008864870628965,0.5090741100992294,0.7336989640463132,0.5078828828828829,0.531332744924978,0.29808327825512226,0.486,163,243,140,242,0.5139593908629442,0.5174928429577283,0.5090246834650229,0.5075255318504646,0.5033592964176102,0.4014778325123153,0.49896907216494846,0.5379537953795379,0.6335078534031413,0.485
4,67,331974,100,246366,65509,0.6172585096024685,0.6048738800486836,0.5381818321425109,0.54417612710813,0.9078361329004788,0.9996988623017761,0.9984758188663141,0.5740118269530035,0.2100488977955912,79840,3286,75453,3187,0.513253712152121,0.5004980490646894,0.37231697888654386,0.3805650864026147,0.4989309687344432,0.9604696484854317,0.49235285030125137,0.5141249122626261,0.0405264496439471,1632,0,1522,0,0.517438173747622,0.5,0.34099456748850815,0.3528872125182278,0.5105092628378552,1.0,,0.517438173747622,0.0,415,0,373,0,0.5266497461928934,0.5,0.34497090606816294,0.3633576802494609,0.4950676701443845,1.0,,0.5266497461928934,0.0,1453,179,1321,201,0.5244134432466709,0.5111908511762129,0.4354558094711685,0.4432715760169395,0.5105092628378552,0.8903186274509803,0.5289473684210526,0.5237923576063447,0.13206307490144548,0.486,32,383,21,352,0.4873096446700508,0.5104040828192125,0.386065599061989,0.3727773180759309,0.4950676701443845,0.07710843373493977,0.47891156462585033,0.6037735849056604,0.9436997319034852,0.483
0,68,331677,128,241996,70106,0.6239767544070806,0.6121197570052029,0.5496627294589286,0.5552604801023617,0.9070410241322306,0.9996142312502826,0.9981775208588433,0.5781638668718939,0.22462528276012328,79744,3651,75075,3338,0.5134603975081579,0.49939493440254085,0.37384355849504464,0.38294717721560756,0.5012928352241919,0.9562203969062893,0.4776076691944484,0.515078898584799,0.042569471898792295,1619,0,1534,0,0.5134792261338408,0.5,0.3392707460184409,0.34841696023079977,0.5015888572226969,1.0,,0.5134792261338408,0.0,416,0,373,0,0.5272496831432193,0.5,0.34522821576763485,0.36404293475116883,0.4644320994019385,1.0,,0.5272496831432193,0.0,1318,301,1228,306,0.5150650174437044,0.5067806273771454,0.4593704459831574,0.46404834971255116,0.5015888572226969,0.81408276714021,0.5041186161449753,0.5176747839748626,0.19947848761408082,0.486,4,412,1,372,0.47655259822560203,0.5034672097339657,0.3310223631022158,0.3140174714981245,0.4644320994019385,0.009615384615384616,0.4744897959183674,0.8,0.9973190348525469,0.482
1,68,332597,40,250584,61930,0.6115266038493314,0.5990234354540813,0.5285435412639006,0.5347129973424274,0.9024534071626094,0.9998797487952332,0.999354526383734,0.5703152194601676,0.19816712211292933,79537,3026,75171,2830,0.5129854761964077,0.49981539306917794,0.36896377825064763,0.3775291893086809,0.49945305941306906,0.9633492000048448,0.4832650273224044,0.5141104532409442,0.03628158613351111,1637,0,1516,0,0.5191880748493498,0.5,0.3417536534446764,0.3548688428093468,0.5027396631008199,1.0,,0.5191880748493498,0.0,398,0,391,0,0.5044359949302915,0.5,0.33529907329401853,0.33827384327254595,0.5275996350036628,1.0,,0.5044359949302915,0.0,324,1313,270,1246,0.4979384712971773,0.5099113830402806,0.450993227059862,0.44483230021309933,0.5027396631008199,0.19792302993280392,0.4869089488081282,0.5454545454545454,0.8218997361477572,0.483,306,92,289,102,0.5171102661596958,0.5148568931614594,0.48251607405685953,0.48370312966823137,0.5275996350036628,0.7688442211055276,0.5257731958762887,0.5142857142857142,0.2608695652173913,0.485
2,68,332351,82,242278,70340,0.6242777702848302,0.6123781863035,0.5500400138580663,0.5556543626586752,0.9124613258953015,0.9997533337544708,0.9988355911504927,0.5783749166853744,0.22500303885252929,79358,3409,74773,3124,0.5133819648458896,0.49945816357875306,0.3719891199021945,0.3810216139976873,0.5011479463268658,0.9588120869428637,0.4781876626358488,0.5148737113234846,0.040104240214642414,1631,0,1523,0,0.5171211160431198,0.5,0.34085684430512014,0.3525285434759993,0.5104920948481348,1.0,,0.5171211160431198,0.0,404,0,384,0,0.5126903553299492,0.5,0.3389261744966443,0.34752836166660994,0.5046797648514851,1.0,,0.5126903553299492,0.0,230,1401,172,1351,0.5012682308180089,0.5140413918928766,0.4291566923539378,0.42220928276061065,0.5104920948481348,0.14101778050275904,0.4909156976744186,0.572139303482587,0.8870650032829941,0.483,248,156,220,164,0.5228426395939086,0.5204723597359736,0.5173582151793161,0.5186640305161239,0.5046797648514851,0.6138613861386139,0.5125,0.5299145299145299,0.4270833333333333,0.485
3,68,332081,105,234296,78320,0.6364760034863416,0.6251074574584586,0.5698548708642581,0.5749926799263841,0.9174283494954769,0.9996839120251907,0.998661141217724,0.5863250096667061,0.2505310028917266,79358,3656,74533,3366,0.5140914655745651,0.49958451654659375,0.37461499474527915,0.38400311649877683,0.4985428175196292,0.9559592357915533,0.4793506123611507,0.5156766802477077,0.04320979730163417,1609,0,1545,0,0.510145846544071,0.5,0.33781230317027083,0.3446670867476004,0.5045176706269949,1.0,,0.510145846544071,0.0,426,0,362,0,0.5406091370558376,0.5,0.35090609555189456,0.379406083007886,0.5032358052551034,1.0,,0.5406091370558376,0.0,227,1382,188,1357,0.5022194039315155,0.5096992845663852,0.4289141875459011,0.42476238767981317,0.5045176706269949,0.14108141702921068,0.4954362906170135,0.5469879518072289,0.8783171521035599,0.483,13,413,9,353,0.46446700507614214,0.502827276735922,0.34196111955420466,0.31890118816183993,0.5032358052551034,0.03051643192488263,0.4608355091383812,0.5909090909090909,0.9751381215469613,0.483
4,68,331591,148,232717,79493,0.6383797474644731,0.6270838739119785,0.572925204300024,0.5779956997956588,0.9179161049428752,0.999553866141756,0.9981416607024021,0.5876064135188585,0.25461388168220106,79297,4164,74436,3869,0.5141129780052669,0.49975889735596923,0.3791250904965365,0.38835240062003196,0.4988269370596323,0.9501084338792969,0.4816382422507158,0.5158098781653906,0.049409360832641594,1644,0,1510,0,0.5212428662016487,0.5,0.342642767819925,0.35720019676344744,0.5137683085996035,1.0,,0.5212428662016487,0.0,391,0,397,0,0.49619289340101524,0.5,0.33163698049194235,0.32911182581814585,0.46852673826074076,1.0,,0.49619289340101524,0.0,926,718,793,717,0.5209258084971464,0.5190473888593481,0.5188128878785263,0.5201675833947708,0.5137683085996035,0.5632603406326034,0.49965156794425086,0.5386852821407795,0.47483443708609274,0.485,391,0,393,4,0.501269035532995,0.5050377833753149,0.3427410197909482,0.340283221097273,0.46852673826074076,1.0,1.0,0.4987244897959184,0.010075566750629723,0.487
0,69,331747,139,248786,63235,0.6134146701309351,0.6011219113933046,0.532039864532831,0.5380601187978409,0.9031043716273066,0.9995811814900297,0.9978066715056648,0.571452441118765,0.2026626412965794,79935,3379,75283,3211,0.513855928013448,0.5001750879870908,0.37285144545494797,0.38170971152465194,0.5004202367667213,0.959442590681038,0.4872534142640364,0.5149853754074915,0.04090758529314342,1674,0,1479,0,0.5309229305423406,0.5,0.3467992541951523,0.36824735269437675,0.523139565223362,1.0,,0.5309229305423406,0.0,400,0,389,0,0.5069708491761724,0.5,0.33641715727502103,0.3411073838023027,0.49819408740359905,1.0,,0.5069708491761724,0.0,1041,633,868,611,0.5239454487789407,0.5174903851047279,0.5149235243876678,0.5190148621930125,0.523139565223362,0.6218637992831542,0.49115755627009644,0.5453116815086433,0.41311697092630156,0.485,287,113,272,117,0.5120405576679341,0.5091356041131105,0.4882846125726684,0.48982176196118565,0.49819408740359905,0.7175,0.508695652173913,0.5134168157423972,0.30077120822622105,0.485
1,69,332660,141,250388,61962,0.6116738561980064,0.5989749713628666,0.528699186099096,0.5349678507297649,0.8992091433505782,0.9995763233884514,0.9977295782812424,0.5705533678187731,0.1983736193372819,79432,2967,75296,2869,0.5125744251513416,0.5003483444015833,0.3691309712115383,0.3770635180550675,0.5024393868668833,0.9639922814597265,0.49160383824537357,0.5133653895868879,0.03670440734344016,1669,0,1484,0,0.529337139232477,0.5,0.34612194110327665,0.36643039625840074,0.5053480383527751,1.0,,0.529337139232477,0.0,405,0,384,0,0.5133079847908745,0.5,0.3391959798994975,0.34822400978275414,0.5030799897119342,1.0,,0.5133079847908745,0.0,386,1283,309,1175,0.49508404693942276,0.511527594521309,0.4613546165594007,0.45344594150198103,0.5053480383527751,0.23127621330137807,0.4780309194467046,0.5553956834532374,0.7917789757412399,0.483,43,362,36,348,0.4955640050697085,0.5062114197530865,0.40694169549911613,0.4008398315614688,0.5030799897119342,0.10617283950617284,0.49014084507042255,0.5443037974683544,0.90625,0.483
2,69,332150,181,244383,68337,0.6208609861855884,0.6089899604925134,0.544706450010435,0.5503675304307741,0.8981256204174948,0.999455362274359,0.997358358387577,0.5761161980320294,0.2185245587106677,79379,3490,74548,3247,0.5142782452820793,0.4998116189958427,0.37363252327929747,0.38300619523645235,0.5001944848134128,0.9578853370983118,0.48196526643906784,0.5156925035893638,0.04173790089337361,1631,0,1523,0,0.5171211160431198,0.5,0.34085684430512014,0.3525285434759993,0.5068302782634391,1.0,,0.5171211160431198,0.0,443,0,345,0,0.5621827411167513,0.5,0.35987002437043053,0.40462543349264146,0.4881800634671378,1.0,,0.5621827411167513,0.0,492,1139,428,1095,0.5031705770450222,0.5103155659813374,0.4843214918197387,0.48094553625700137,0.5068302782634391,0.3016554261189454,0.4901521933751119,0.5347826086956522,0.7189757058437295,0.484,7,436,0,345,0.4467005076142132,0.5079006772009029,0.32194987171896583,0.2857795690037758,0.4881800634671378,0.01580135440180587,0.44174135723431496,1.0,1.0,0.482
3,69,332077,107,252192,60426,0.6087186454136309,0.5964840514889305,0.5242847235067062,0.5303661813921213,0.8918150593949818,0.999677889362522,0.9982323691209753,0.5683632025659414,0.19329021361533885,80028,2988,75044,2853,0.5150671480862329,0.5003161128298926,0.3701983716784008,0.379807484298183,0.5004552541799547,0.9640069384215091,0.4884437596302003,0.5160699546017334,0.03662528723827618,1667,0,1487,0,0.5285351934051997,0.5,0.3457788840489525,0.3655126187124945,0.5008582681580698,1.0,,0.5285351934051997,0.0,407,0,381,0,0.516497461928934,0.5,0.34058577405857743,0.3518233757407132,0.4924065081545396,1.0,,0.516497461928934,0.0,430,1237,368,1119,0.49112238427393784,0.5052351332020079,0.4656209572579738,0.4589587557153417,0.5008582681580698,0.2579484103179364,0.47495755517826826,0.5388471177944862,0.7525218560860794,0.484,237,170,216,165,0.5101522842639594,0.5076902242256573,0.5060283227231388,0.507517531057324,0.4924065081545396,0.5823095823095823,0.4925373134328358,0.5231788079470199,0.4330708661417323,0.485
4,69,331452,146,246569,65782,0.6168718330178321,0.6050812616307016,0.5382836301122271,0.5439771112780502,0.8964142257890775,0.9995597078390099,0.9977854629292562,0.5734255329823656,0.2106028154223934,80273,3329,75134,3030,0.5149598803209574,0.4994725135736104,0.3717058761871032,0.38179113018396893,0.5006480835482938,0.9601803784598455,0.4764900141531687,0.5165340042597824,0.03876464868737526,1655,0,1499,0,0.5247305009511731,0.5,0.3441463921813267,0.36116821753969286,0.4994366838718259,1.0,,0.5247305009511731,0.0,419,0,369,0,0.5317258883248731,0.5,0.3471416735708368,0.3691684295080726,0.5018595054685631,1.0,,0.5317258883248731,0.0,381,1274,326,1173,0.49270767279644895,0.5063665807416424,0.4585670308693184,0.4518423589745805,0.4994366838718259,0.23021148036253777,0.4793624846751124,0.5388967468175389,0.7825216811207472,0.484,371,48,325,44,0.5266497461928934,0.5023413599291124,0.42818011147534607,0.4432366305453074,0.5018595054685631,0.8854415274463007,0.4782608695652174,0.5330459770114943,0.11924119241192412,0.486
0,70,331559,209,229307,82832,0.6435572217727095,0.632369497965904,0.5810446592912,0.5859780163008915,0.9148805559481583,0.9993700417158978,0.9974831709637408,0.5911554631587581,0.2653689542159102,78789,4643,73978,4398,0.5141093147433996,0.5002320031484274,0.3838810018732243,0.39273199661548625,0.498898700131756,0.944349889730559,0.4864506138701471,0.5157462017320494,0.05611411656629581,1626,0,1527,0,0.5156993339676499,0.5,0.34023854362837413,0.35092158067855145,0.5168899134963845,1.0,,0.5156993339676499,0.0,415,0,374,0,0.5259822560202788,0.5,0.3446843853820598,0.36259574127643807,0.5096321113330327,1.0,,0.5259822560202788,0.0,922,704,817,710,0.5176022835394862,0.5159998260100479,0.5154115131008901,0.5164345615604232,0.5168899134963845,0.5670356703567035,0.5021216407355021,0.5301897642323175,0.46496398166339226,0.485,248,167,213,161,0.5183776932826363,0.5140358224341215,0.5124497521757796,0.5152433795939534,0.5096321113330327,0.5975903614457831,0.49085365853658536,0.5379609544468547,0.4304812834224599,0.485
1,70,332340,173,231222,81416,0.6413320292458665,0.6299479598979499,0.5774047422674125,0.5824682468691914,0.9223334440001407,0.9994797195899108,0.9978796161247226,0.5897132879789624,0.26041620020598905,78376,4311,73776,4101,0.5136705612715179,0.5002617970528943,0.38126987936658807,0.3898440601806266,0.50037262163008,0.9478636303167366,0.4875178316690442,0.5151164624848835,0.05265996378905197,1642,0,1511,0,0.5207738661592134,0.5,0.3424400417101147,0.3566676488981975,0.5440625828778161,1.0,,0.5207738661592134,0.0,399,0,390,0,0.5057034220532319,0.5,0.33585858585858586,0.33968967238929215,0.5039843197737934,1.0,,0.5057034220532319,0.0,648,994,493,1018,0.5283856644465589,0.5341833456801967,0.5218005307557981,0.5194690374760964,0.5440625828778161,0.3946406820950061,0.5059642147117296,0.567922874671341,0.6737260092653872,0.484,277,122,254,136,0.523447401774398,0.5214767688451899,0.507726005575468,0.5087294989498677,0.5039843197737934,0.6942355889724311,0.5271317829457365,0.5216572504708098,0.3487179487179487,0.485
2,70,332176,254,237824,74797,0.6309160050910703,0.6192468443820754,0.5610294759882717,0.5664082452545962,0.8988433629850687,0.9992359293685888,0.9966156347017362,0.5827649122807017,0.23925775939556204,78594,4176,73826,4068,0.5145023153911268,0.500885877819499,0.38139891472781695,0.39010744841584927,0.49960995528168245,0.9495469372961218,0.49344978165938863,0.515640991995801,0.05222481834287622,1656,0,1498,0,0.5250475586556753,0.5,0.3442827442827443,0.3615296287458621,0.5221813464651742,1.0,,0.5250475586556753,0.0,385,0,403,0,0.4885786802030457,0.5,0.32821824381926684,0.32072087276755773,0.5372305114240599,1.0,,0.4885786802030457,0.0,649,1007,527,971,0.5136334812935954,0.5200529046780571,0.5085107403145378,0.505997097225435,0.5221813464651742,0.3919082125603865,0.4908998988877654,0.5518707482993197,0.6481975967957276,0.484,104,281,90,313,0.5291878172588832,0.5234024040475653,0.49356186001874364,0.49663012427866,0.5372305114240599,0.2701298701298701,0.5269360269360269,0.5360824742268041,0.7766749379652605,0.484
3,70,332151,150,237066,75435,0.6321103222384546,0.6204699147842646,0.5628122587564321,0.5681570820512172,0.9187816775169961,0.9995486020204574,0.9980154792617583,0.5835226284527694,0.24139122754807185,78905,3994,74256,3758,0.5137123787388216,0.4999958658061335,0.3780751365693795,0.38689236051707837,0.5010429640131393,0.9518208904811879,0.48477812177502577,0.5151768400571947,0.048170841131079035,1639,0,1515,0,0.5196575776791376,0.5,0.34195702065512207,0.35540111404803115,0.5260871053548308,1.0,,0.5196575776791376,0.0,402,0,386,0,0.5101522842639594,0.5,0.3378151260504202,0.3446743164270785,0.5137589255793571,1.0,,0.5101522842639594,0.0,1013,626,871,644,0.5253646163601775,0.521571150403631,0.5187778084105934,0.5209912614885025,0.5260871053548308,0.6180597925564368,0.5070866141732283,0.5376857749469215,0.4250825082508251,0.485,99,303,89,297,0.5025380710659898,0.5078493542649447,0.46901364870904527,0.46630460447818106,0.5137589255793571,0.2462686567164179,0.495,0.526595744680851,0.7694300518134715,0.484
4,70,331678,110,243690,68471,0.6213985890186956,0.6095068043042021,0.5454596833684552,0.5511223477398332,0.9005570347128639,0.9996684629944422,0.9983960572170134,0.5764623684320296,0.21934514561396204,79682,3730,74777,3577,0.51468788249694,0.5004669995383765,0.3767375100456271,0.3859058036381472,0.5009741295066681,0.9552822135903707,0.48953058710825237,0.5158779999870515,0.04565178548638232,1601,0,1553,0,0.5076093849080533,0.5,0.3366982124079916,0.3418223450001234,0.5280312168063023,1.0,,0.5076093849080533,0.0,440,0,348,0,0.5583756345177665,0.5,0.3583061889250814,0.4001388911853701,0.5031870428422152,1.0,,0.5583756345177665,0.0,950,651,844,709,0.525998731769182,0.5249574376607022,0.5232149619273108,0.5237694057132436,0.5280312168063023,0.5933791380387258,0.5213235294117647,0.5295429208472687,0.4565357372826787,0.485,278,162,213,135,0.5241116751269036,0.5098746081504703,0.507905977568506,0.5183320207529296,0.5031870428422152,0.6318181818181818,0.45454545454545453,0.5661914460285132,0.3879310344827586,0.485
0,71,331916,88,239655,72248,0.627674493366278,0.6156855302958162,0.5553652186786263,0.5609627075124313,0.9200169609593185,0.9997349429524945,0.9987834549878345,0.5807082584665773,0.2316361176391378,79617,3579,75127,3485,0.513584000791061,0.5006563795305935,0.3752860676076344,0.38361315379626504,0.4999807732295624,0.9569811048608106,0.49334654586636467,0.5145078322907511,0.04433165420037653,1652,0,1501,0,0.5239454487789407,0.5,0.3438085327783559,0.3602738320011696,0.5137995170290025,1.0,,0.5239454487789407,0.0,383,0,406,0,0.48542458808618505,0.5,0.3267918088737201,0.3172655584249298,0.5218523710915896,1.0,,0.48542458808618505,0.0,1131,521,970,531,0.527117031398668,0.5191944272825381,0.5093495121646514,0.5138210045052122,0.5137995170290025,0.6846246973365617,0.5047528517110266,0.538315088053308,0.35376415722851434,0.485,125,258,110,296,0.5335868187579215,0.5277173982945118,0.5105987055016181,0.5136906739512964,0.5218523710915896,0.3263707571801567,0.5342960288808665,0.5319148936170213,0.729064039408867,0.484
1,71,332285,129,234350,78387,0.6365517530004604,0.6251301190125431,0.5699447189546578,0.5751067391711198,0.9174015962186267,0.9996119297021184,0.9983570227724285,0.5864180645389007,0.25064830832296786,78674,4112,73952,3826,0.5138138063326773,0.4997605269636693,0.37883284122048577,0.38786427390114325,0.50174151137795,0.9503297659024472,0.4819853867472915,0.5154691861150786,0.04919128802489136,1623,0,1530,0,0.5147478591817317,0.5,0.3398241206030151,0.34984747715743325,0.5157700377337215,1.0,,0.5147478591817317,0.0,412,0,377,0,0.5221799746514575,0.5,0.3430474604496253,0.3582650284036644,0.4685624887332286,1.0,,0.5221799746514575,0.0,547,1076,454,1076,0.5147478591817317,0.520149082430261,0.5006928482002093,0.4982219294454237,0.5157700377337215,0.337030191004313,0.5,0.5464535464535465,0.7032679738562092,0.484,3,409,1,376,0.4803548795944233,0.5023145167520795,0.33079157288494637,0.31675748244303836,0.4685624887332286,0.007281553398058253,0.4789808917197452,0.75,0.9973474801061007,0.482
2,71,332221,142,231115,81573,0.6414903627775168,0.6302247064484789,0.5777334877131179,0.5827381816140947,0.9256800843486777,0.9995727562935706,0.9982622529523343,0.5897386284561966,0.2608766566033874,78833,4004,73988,3839,0.5145645570880845,0.5004957328539363,0.3793343962535908,0.38836849372513266,0.5009288048877599,0.951664111447783,0.4894810659186536,0.5158518789956877,0.04932735426008968,1627,0,1527,0,0.515852885225111,0.5,0.3403053754444677,0.35109501956128664,0.5031051400543143,1.0,,0.515852885225111,0.0,408,0,380,0,0.5177664974619289,0.5,0.3411371237458194,0.3532587474322191,0.5110423116615067,1.0,,0.5177664974619289,0.0,1288,339,1195,332,0.5136334812935954,0.5045304172508049,0.4644284009572958,0.46957537588787107,0.5031051400543143,0.791641057160418,0.4947839046199702,0.5187273459524768,0.2174197773411919,0.486,395,13,355,25,0.5329949238578681,0.5169633642930856,0.4009139664989133,0.4109092821909423,0.5110423116615067,0.9681372549019608,0.6578947368421053,0.5266666666666666,0.06578947368421052,0.486
3,71,332289,98,249115,63300,0.6135046107177087,0.6011601371339566,0.5320726892025481,0.5381188782158565,0.9048077030981916,0.9997051629576368,0.9984542099119846,0.5715285756547942,0.2026151113102764,79608,3205,74989,3111,0.5140603928831108,0.5005659468064304,0.37217185025048716,0.38091364014326146,0.5025616726254868,0.9612983468779056,0.49255858138062064,0.5149388409865651,0.039833546734955184,1633,0,1521,0,0.5177552314521243,0.5,0.3411322331313975,0.3532459966414535,0.5156395883231815,1.0,,0.5177552314521243,0.0,402,0,386,0,0.5101522842639594,0.5,0.3378151260504202,0.3446743164270785,0.47652927074472196,1.0,,0.5101522842639594,0.0,1094,539,967,554,0.5225110970196576,0.5170833479279473,0.5080916592137046,0.5110823574253096,0.5156395883231815,0.6699326393141457,0.5068618481244281,0.5308102862688016,0.36423405654174884,0.485,18,384,10,376,0.5,0.5094346918258449,0.3699581963553715,0.36414627217013673,0.47652927074472196,0.04477611940298507,0.49473684210526314,0.6428571428571429,0.9740932642487047,0.483
4,71,331528,104,238478,73839,0.6295017151979427,0.6180548244186643,0.5588592219187721,0.5641542083469363,0.9146870332871213,0.999686399382448,0.9985935112181005,0.5816219478391456,0.23642324945488077,79546,4022,74422,3776,0.5150773339267831,0.5000796048819887,0.3787887846175665,0.3884478780554772,0.498690814113172,0.9518715297721616,0.4842267248012311,0.5166398212615608,0.04828767999181565,1605,0,1549,0,0.5088776157260622,0.5,0.33725572599285564,0.343243779466413,0.5089791625186785,1.0,,0.5088776157260622,0.0,430,0,358,0,0.5456852791878173,0.5,0.3530377668308703,0.385295024713894,0.503371443419514,1.0,,0.5456852791878173,0.0,827,778,771,778,0.5088776157260622,0.5087621598901111,0.5087590488586837,0.5088945538499734,0.5089791625186785,0.5152647975077882,0.5,0.5175219023779725,0.5022595222724339,0.485,218,212,172,186,0.5126903553299492,0.5132649084058725,0.5118854045683314,0.5136965437819716,0.503371443419514,0.5069767441860465,0.46733668341708545,0.558974358974359,0.5195530726256983,0.485
0,72,331589,214,225748,86356,0.6490766523737124,0.6380224301627898,0.5895403273379245,0.594322742701599,0.91892998258465,0.9993550389839755,0.9975280120133996,0.5949524255522243,0.2766898213416041,78573,4824,73863,4548,0.5137014239098191,0.500079129352727,0.3849817782495285,0.39365177018822767,0.5004603809467698,0.942156192668801,0.4852752880921895,0.5154491065102732,0.05800206603665302,1605,0,1548,0,0.5090390104662227,0.5,0.3373266078184111,0.34342480529562314,0.5132117011599733,1.0,,0.5090390104662227,0.0,423,0,366,0,0.5361216730038023,0.5,0.349009900990099,0.37422354402740654,0.5068402898887726,1.0,,0.5361216730038023,0.0,1301,304,1216,332,0.5179194418014589,0.5125310922746263,0.46763813576040647,0.4705958596451743,0.5132117011599733,0.8105919003115265,0.5220125786163522,0.5168851807707588,0.2144702842377261,0.486,308,115,256,110,0.5297845373891001,0.5143394178971438,0.4981819490945747,0.507279663906635,0.5068402898887726,0.7281323877068558,0.4888888888888889,0.5460992907801419,0.3005464480874317,0.485
1,72,331997,215,222386,90553,0.6549629466589992,0.6443579628047655,0.5987667383701846,0.6032525384826343,0.9211376866435155,0.9993528228962228,0.9976313238145602,0.5988585508574397,0.28936310271330834,78255,4733,73022,4554,0.5157382725891233,0.5008356903877567,0.3864721640025754,0.395964412135849,0.5009551454487166,0.942967657974647,0.49036287283299235,0.5172960859879558,0.05870372280086625,1611,0,1542,0,0.510941960038059,0.5,0.33816120906801006,0.34556150194009777,0.4994714515397949,1.0,,0.510941960038059,0.0,417,0,372,0,0.5285171102661597,0.5,0.34577114427860695,0.3654919319751055,0.5218986101441427,1.0,,0.5285171102661597,0.0,1599,12,1521,21,0.5137963843958135,0.5030849437355535,0.3513168463326992,0.3584214649172081,0.4994714515397949,0.9925512104283054,0.6363636363636364,0.5125,0.013618677042801557,0.49,59,358,41,331,0.49429657794676807,0.5156358783940589,0.42608976240435925,0.4148055465977108,0.5218986101441427,0.14148681055155876,0.48040638606676345,0.59,0.8897849462365591,0.484
2,72,332412,210,217362,95067,0.6627057395461754,0.6518260929618097,0.6098905926715966,0.6143840358064357,0.9276925252661616,0.9993686527048722,0.9977959003746969,0.6046339041133265,0.3042835332187473,77679,4899,73295,4791,0.5133072748095404,0.501014850113867,0.3871804259903284,0.39495347237513656,0.5023634339471788,0.9406742715977621,0.49442724458204335,0.514519056261343,0.061355428629972085,1621,0,1533,0,0.5139505389980976,0.5,0.3394764397905759,0.34894819841504343,0.5096678340743817,1.0,,0.5139505389980976,0.0,407,0,381,0,0.516497461928934,0.5,0.34058577405857743,0.3518233757407132,0.5195302675617637,1.0,,0.516497461928934,0.0,1346,275,1239,294,0.5199746353836399,0.5110662283555728,0.45988581397695194,0.4649122553113517,0.5096678340743817,0.8303516347933374,0.5166959578207382,0.5206963249516441,0.1917808219178082,0.486,43,364,26,355,0.5050761421319797,0.5187048179174163,0.4130634071810543,0.40539567926847714,0.5195302675617637,0.10565110565110565,0.4937413073713491,0.6231884057971014,0.931758530183727,0.483
3,72,332235,114,229037,83416,0.6446180377852426,0.6333141697871352,0.5824406383237248,0.5874124513270982,0.9202707913970507,0.9996569870828557,0.9986352208787262,0.5919322538804715,0.2669713524914147,78128,4723,73579,4483,0.5133892227476959,0.5002113800355018,0.3844565506394805,0.39284080709580804,0.5023624065135145,0.9429940495588466,0.48696502281121007,0.5149927162227188,0.057428710512157005,1643,0,1511,0,0.5209258084971464,0.5,0.3425057327496352,0.35684015149502263,0.5201704038511658,1.0,,0.5209258084971464,0.0,385,0,403,0,0.4885786802030457,0.5,0.32821824381926684,0.32072087276755773,0.4896265025297283,1.0,,0.4885786802030457,0.0,1354,289,1184,327,0.5329740012682308,0.520257611760057,0.47758362853785796,0.48470293642530615,0.5201704038511658,0.8241022519780888,0.5308441558441559,0.5334909377462569,0.21641297154202516,0.486,261,124,271,132,0.4987309644670051,0.5027327511198478,0.48492726330996205,0.4830011654740956,0.4896265025297283,0.6779220779220779,0.515625,0.4906015037593985,0.32754342431761785,0.485
4,72,331682,132,231860,80275,0.6397354448877163,0.6283912867294705,0.5749474725447212,0.5800187812502776,0.9237496814000731,0.9996021867672853,0.9983583518847862,0.5885666019569082,0.2571803866916558,78968,4418,74313,4067,0.5133031663019423,0.49945286087230634,0.3804869134962421,0.3893636729726888,0.501041222886151,0.9470174849495119,0.47931644077784324,0.5151845303723227,0.05188823679510079,1632,0,1522,0,0.517438173747622,0.5,0.34099456748850815,0.3528872125182278,0.5206183491793563,1.0,,0.517438173747622,0.0,396,0,392,0,0.5025380710659898,0.5,0.3344594594594595,0.33615722321306085,0.47353638425067,1.0,,0.5025380710659898,0.0,1001,631,884,638,0.5196575776791376,0.5162715628301255,0.5132094743380338,0.5151634450474593,0.5206183491793563,0.6133578431372549,0.5027580772261623,0.5310344827586206,0.4191852825229961,0.485,395,1,390,2,0.5038071065989848,0.501288394145537,0.3395256112069797,0.3411976874959569,0.47353638425067,0.9974747474747475,0.6666666666666666,0.5031847133757962,0.00510204081632653,0.489
0,73,331721,171,233612,78403,0.6369304884090404,0.6253821790360705,0.5704490346529046,0.5756656077203958,0.9136523279402795,0.9994847721547974,0.9978237075877516,0.5867709827659097,0.25127958591734373,78839,4469,74379,4121,0.5127064174824484,0.4994262537085159,0.38063951527968914,0.3891378378497642,0.49813419483344595,0.9463556921304076,0.47974388824214204,0.5145544257202156,0.052496815286624206,1643,0,1510,0,0.5210910244211862,0.5,0.34257714762301916,0.357027753596334,0.5298589641787556,1.0,,0.5210910244211862,0.0,392,0,397,0,0.4968314321926489,0.5,0.331922099915326,0.32981866455464587,0.5104739628849021,1.0,,0.4968314321926489,0.0,675,968,553,957,0.5176022835394862,0.5223043374863459,0.5137123379556747,0.5118777182299765,0.5298589641787556,0.4108338405356056,0.49714285714285716,0.5496742671009772,0.633774834437086,0.484,273,119,264,133,0.514575411913815,0.5157205829435049,0.4987950328484163,0.4982314478817949,0.5104739628849021,0.6964285714285714,0.5277777777777778,0.5083798882681564,0.3350125944584383,0.485
1,73,332470,108,242156,70417,0.624484810532728,0.6124785191630564,0.5502870257388772,0.5559512489486897,0.9131559998555119,0.9996752641485607,0.9984686281460475,0.5785850274787427,0.22528177417755213,79185,3437,74582,3360,0.5140940684088587,0.5007549443201876,0.3746286800371583,0.38323663279125736,0.5015721100965632,0.9584009101692044,0.49433573635427397,0.5149674507534127,0.04310897847117087,1634,0,1519,0,0.5182366000634316,0.5,0.3413411322331314,0.3537909356606005,0.5143699995890487,1.0,,0.5182366000634316,0.0,401,0,388,0,0.5082382762991128,0.5,0.3369747899159664,0.3425269727662929,0.5240764069208422,1.0,,0.5082382762991128,0.0,1064,570,944,575,0.5198223913732952,0.5148506514383698,0.5079880127244213,0.5107711488074897,0.5143699995890487,0.6511627906976745,0.5021834061135371,0.5298804780876494,0.3785385121790652,0.485,109,292,88,300,0.5183776932826363,0.5225081625832326,0.48839669647123063,0.48635610506521876,0.5240764069208422,0.2718204488778055,0.5067567567567568,0.5532994923857868,0.7731958762886598,0.484
2,73,332240,249,229355,83207,0.6440529508519481,0.6327303435312706,0.5817073308064968,0.5866960719397832,0.9166835112244365,0.9992511030440104,0.9970163918711656,0.5916007086957683,0.26620958401853073,78067,4644,73699,4254,0.5123798735248718,0.4992120180873404,0.3819214085174168,0.39033078595100534,0.498420310197634,0.9438526919031326,0.47808496291301417,0.5143905749640895,0.05457134427154824,1623,0,1531,0,0.5145846544071021,0.5,0.3397529830437513,0.3496633427267015,0.5306314801154051,1.0,,0.5145846544071021,0.0,412,0,376,0,0.5228426395939086,0.5,0.3433333333333333,0.3590186125211506,0.4750374406114439,1.0,,0.5228426395939086,0.0,635,988,505,1026,0.5266328471781865,0.5307004993937169,0.5192443772661817,0.5175059137574746,0.5306314801154051,0.39125077017868143,0.5094339622641509,0.5570175438596491,0.6701502286087524,0.484,390,22,353,23,0.5241116751269036,0.5038860772567652,0.39229416664096,0.40522449444884545,0.4750374406114439,0.9466019417475728,0.5111111111111111,0.5248990578734859,0.061170212765957445,0.486
3,73,331813,219,237860,74910,0.6307719268860829,0.619422746320425,0.5611012664226008,0.566325013369299,0.90493151910196,0.9993404250192752,0.9970850137763048,0.5824622195540249,0.23950506762157495,79074,4094,73958,3787,0.5149428573204153,0.49974243214570896,0.3790028345905286,0.3887947341650126,0.49805322221568127,0.9507743362831859,0.4805227762974242,0.5167154582048199,0.04871052800823204,1616,0,1538,0,0.5123652504755866,0.5,0.3387840670859539,0.3471623667792653,0.5248450153858037,1.0,,0.5123652504755866,0.0,419,0,369,0,0.5317258883248731,0.5,0.3471416735708368,0.3691684295080726,0.5053456739817994,1.0,,0.5317258883248731,0.0,786,830,674,864,0.523145212428662,0.5240773345865146,0.5228533906706665,0.522561568912671,0.5248450153858037,0.4863861386138614,0.5100354191263282,0.5383561643835616,0.5617685305591678,0.485,358,61,308,61,0.5317258883248731,0.5098634637897692,0.45419016959651615,0.46724332089758636,0.5053456739817994,0.8544152744630071,0.5,0.5375375375375375,0.16531165311653118,0.486
4,73,331633,176,229513,82627,0.6433118150660999,0.6320904609179263,0.5806007244818736,0.5855542775717635,0.9219656086501874,0.9994695743635645,0.9978744731471082,0.590992362059072,0.2647113474722881,79081,4310,74264,4111,0.5142737039921862,0.5003843580242472,0.38141114252689057,0.3903005463992385,0.49823304030548654,0.9483157654902807,0.4881843011518822,0.5157064136424403,0.052452950558213716,1624,0,1530,0,0.5149017121116043,0.5,0.339891167852658,0.35002108851789254,0.5181783058050806,1.0,,0.5149017121116043,0.0,411,0,377,0,0.5215736040609137,0.5,0.3427856547122602,0.35757589869730694,0.5033140364124508,1.0,,0.5215736040609137,0.0,928,696,816,714,0.5206087507926442,0.519047619047619,0.5183915846623685,0.5193654800653869,0.5181783058050806,0.5714285714285714,0.5063829787234042,0.5321100917431193,0.4666666666666667,0.485,254,157,226,151,0.5139593908629442,0.5092676850794142,0.5055109079439979,0.5082997275483102,0.5033140364124508,0.6180048661800487,0.4902597402597403,0.5291666666666667,0.4005305039787798,0.485
0,74,331707,173,239567,72460,0.6276791524241855,0.6158511103652722,0.5556503827736652,0.5611663083730811,0.9077652949943988,0.9994787272508135,0.9976181625431966,0.5806443142870147,0.23222349347973092,79199,4121,74549,3939,0.5138064867002867,0.5003630510552466,0.379589459287901,0.38820674172819664,0.5005429400963862,0.9505400864138263,0.48870967741935484,0.5151221479303796,0.05018601569666701,1595,0,1558,0,0.5058674278464954,0.5,0.3359309182813816,0.33987301913022755,0.5127697675260864,1.0,,0.5058674278464954,0.0,440,0,349,0,0.5576679340937896,0.5,0.3580146460537022,0.39930657608017484,0.4908504818963272,1.0,,0.5576679340937896,0.0,610,985,541,1017,0.5160164922296225,0.5176025448589744,0.5078154537345434,0.5070699047804452,0.5127697675260864,0.3824451410658307,0.5079920079920079,0.5299739357080799,0.6527599486521181,0.484,429,11,334,15,0.5627376425855514,0.5089899713467049,0.3966084788029925,0.43312479258128445,0.4908504818963272,0.975,0.5769230769230769,0.562254259501966,0.04297994269340974,0.486
1,74,331916,393,230075,82767,0.6427689021639895,0.6316911129909872,0.5801526679942046,0.5850451228328081,0.9119129300417308,0.9988173657649958,0.9952741702741703,0.5906073228930713,0.26456486021697856,77929,4962,73116,4557,0.5137266136867542,0.499403644711825,0.38538499372520774,0.3945122707921999,0.49873312658107793,0.9401382538514435,0.4787267570122912,0.5159323380449535,0.05866903557220656,1650,0,1503,0,0.5233111322549953,0.5,0.3435352904434728,0.3595516836230448,0.5247517087038045,1.0,,0.5233111322549953,0.0,385,0,404,0,0.4879594423320659,0.5,0.32793867120954,0.3200415422450517,0.49312716985984306,1.0,,0.4879594423320659,0.0,514,1136,386,1117,0.5172851252775135,0.5273477287848545,0.4989594687715342,0.49449202017057403,0.5247517087038045,0.3115151515151515,0.4957833999112295,0.5711111111111111,0.7431803060545575,0.484,382,3,395,9,0.4955640050697085,0.5072425099652822,0.35037816099563085,0.34298263542617385,0.49312716985984306,0.9922077922077922,0.75,0.49163449163449163,0.022277227722772276,0.487
2,74,332227,174,226044,86606,0.6493021482022352,0.6382413864385339,0.5898310968750226,0.5946133131137147,0.9247244392237245,0.9994765358708307,0.9979949297073059,0.5950998708512533,0.277006237006237,77988,4811,73202,4663,0.5144338495244735,0.5008905665640124,0.3866873846796003,0.39528337591784923,0.5014365004575781,0.9418954335197285,0.49218914925058055,0.5158277663866658,0.059885699608296414,1652,0,1502,0,0.5237793278376665,0.5,0.34373699542238867,0.3600846648305555,0.5032801301251277,1.0,,0.5237793278376665,0.0,383,0,405,0,0.4860406091370558,0.5,0.32707087959009395,0.3179394590939238,0.4929181574960513,1.0,,0.4860406091370558,0.0,587,1065,486,1016,0.5082435003170577,0.5158791506401472,0.4989741055493961,0.49573305842783605,0.5032801301251277,0.3553268765133172,0.48822681403171553,0.5470643056849953,0.6764314247669774,0.484,250,133,256,149,0.5063451776649747,0.5103213744641073,0.4980998554220024,0.4963038446364044,0.4929181574960513,0.6527415143603134,0.5283687943262412,0.49407114624505927,0.36790123456790125,0.485
3,74,331952,155,234069,78626,0.6367505063569902,0.6254897902291596,0.5704493396686249,0.575529900873375,0.9111980815248494,0.9995332829479656,0.9980325205316003,0.5864658731743169,0.2514462975103535,78502,4591,73582,4238,0.5141908981872192,0.4996038315442368,0.38270961888446936,0.39204524295216564,0.49895784160099066,0.9447486551213701,0.4800090610488164,0.5161752715604534,0.054459007967103575,1639,0,1515,0,0.5196575776791376,0.5,0.34195702065512207,0.35540111404803115,0.4998177670116005,1.0,,0.5196575776791376,0.0,396,0,392,0,0.5025380710659898,0.5,0.3344594594594595,0.33615722321306085,0.5035752937538652,1.0,,0.5025380710659898,0.0,204,1435,153,1362,0.4965123652504756,0.5117380194395279,0.4180671175374868,0.4096671082832462,0.4998177670116005,0.12446613788895668,0.48695030389703253,0.5714285714285714,0.899009900990099,0.483,359,37,339,53,0.5228426395939086,0.5208848690991548,0.43811207112351797,0.4392196602538499,0.5035752937538652,0.9065656565656566,0.5888888888888889,0.5143266475644699,0.13520408163265307,0.486
4,74,331906,197,236804,75042,0.631956878572682,0.6200224088796039,0.5623160065323037,0.5678080768299008,0.9102875843159464,0.9994068105376946,0.9973816770557823,0.5836120342529585,0.24063800722151318,78913,4184,74645,4024,0.5126973529666308,0.5004001151636249,0.37977000716346965,0.38762966996062803,0.4997063732387349,0.9496492051457934,0.4902534113060429,0.5138970291355709,0.051151025181456485,1604,0,1550,0,0.50856055802156,0.5,0.3371164354770912,0.3428882450889374,0.5031630600917062,1.0,,0.50856055802156,0.0,431,0,357,0,0.5469543147208121,0.5,0.3535684987694832,0.38677163190265806,0.5376591471855563,1.0,,0.5469543147208121,0.0,375,1229,312,1238,0.5114140773620799,0.5162501005550639,0.4718741724797502,0.46940006487413516,0.5031630600917062,0.23379052369077308,0.5018240778273206,0.5458515283842795,0.7987096774193548,0.483,176,255,122,235,0.5215736040609137,0.533307986767793,0.5188764347013506,0.5154935443181696,0.5376591471855563,0.40835266821345706,0.47959183673469385,0.5906040268456376,0.6582633053221288,0.484
0,75,331518,132,230875,81382,0.6412416699927164,0.630113526049,0.577481089949498,0.5824244364840957,0.918393919811578,0.9996019900497513,0.9983806462693525,0.5894774650466844,0.2606250620482487,78953,4597,73955,4303,0.5145357460694157,0.49998192417264753,0.38326872993021577,0.39257435684794717,0.5020677915714015,0.9449790544584081,0.4834831460674157,0.5163431605932979,0.054984793886886964,1645,0,1508,0,0.5217253409451316,0.5,0.3428511879949979,0.35774830590026746,0.5111804922883426,1.0,,0.5217253409451316,0.0,408,0,381,0,0.5171102661596958,0.5,0.3408521303258145,0.3525162716677625,0.5179352580927384,1.0,,0.5171102661596958,0.0,912,733,783,725,0.5191880748493498,0.5175882628010288,0.5174908443396417,0.51873426990023,0.5111804922883426,0.5544072948328268,0.49725651577503427,0.5380530973451327,0.4807692307692308,0.485,67,341,48,333,0.5069708491761724,0.519115717153003,0.44374688499632997,0.4373294149480001,0.5179352580927384,0.1642156862745098,0.4940652818991098,0.5826086956521739,0.8740157480314961,0.484
1,75,332442,145,220411,92153,0.6581327472173181,0.6471966214126763,0.6030698411561892,0.6076581684123765,0.9289689880355902,0.9995640238493988,0.9984290017118465,0.6013207850911544,0.2948292189759537,77816,4797,73348,4603,0.5133093345955507,0.5004919970722855,0.38555967241294614,0.39369441521948734,0.5006488999016439,0.9419340781717164,0.4896808510638298,0.5147786510015612,0.05904991597285474,1653,0,1500,0,0.5242626070409134,0.5,0.3439450686641698,0.36063507675348727,0.517572494454527,1.0,,0.5242626070409134,0.0,400,0,389,0,0.5069708491761724,0.5,0.33641715727502103,0.3411073838023027,0.5072107969151671,1.0,,0.5069708491761724,0.0,724,929,610,890,0.5118934348239772,0.5156624319419238,0.5105367206877084,0.5092862552488583,0.517572494454527,0.4379915305505142,0.48927982407916437,0.5427286356821589,0.5933333333333334,0.484,134,266,115,274,0.5171102661596958,0.5196850899742931,0.5014122911625238,0.5001788788413174,0.5072107969151671,0.335,0.5074074074074074,0.5381526104417671,0.7043701799485861,0.484
2,75,332300,229,218333,94189,0.6611709771785487,0.6503474604275024,0.607718385615977,0.612209677489903,0.9288400750009909,0.9993113382592195,0.9975746150098498,0.6034872592089467,0.30138358259578524,77262,5409,72860,5133,0.5128404620823582,0.5001927883690419,0.3898684940668355,0.39784396671135597,0.5024617323249978,0.9345719780817942,0.4869095048377917,0.514661408720907,0.06581359865628966,1637,0,1517,0,0.5190234622701332,0.5,0.3416823210185765,0.35468228250311334,0.5171243922975973,1.0,,0.5190234622701332,0.0,416,0,372,0,0.5279187817258884,0.5,0.34551495016611294,0.36480766311955076,0.5301514681555004,1.0,,0.5279187817258884,0.0,1048,589,920,597,0.5215599239061509,0.5168676804402477,0.5115730556740007,0.5142303155140406,0.5171243922975973,0.6401954795357361,0.5033726812816189,0.532520325203252,0.39353988134475937,0.485,144,272,108,264,0.5177664974619289,0.5279156327543424,0.5063177609538632,0.5021198909009058,0.5301514681555004,0.34615384615384615,0.4925373134328358,0.5714285714285714,0.7096774193548387,0.484
3,75,331867,237,231020,81678,0.6413519188836263,0.630245234603601,0.5777873834036267,0.5827177895187032,0.9115363152114033,0.9992863681256474,0.9971067570042117,0.5895801466368916,0.26120410108155473,78355,4741,73314,4503,0.5149242137055428,0.5004060209144326,0.3854816467958586,0.39473430495970285,0.5014702313996036,0.9429455088090882,0.48712678494158373,0.5166184256505943,0.05786653301977717,1635,0,1519,0,0.5183893468611287,0.5,0.3414073919398622,0.3539639098425331,0.5116781723047312,1.0,,0.5183893468611287,0.0,418,0,370,0,0.5304568527918782,0.5,0.3466003316749585,0.36771304223383927,0.49609465925255397,1.0,,0.5304568527918782,0.0,920,715,815,704,0.5149017121116043,0.5130769679875502,0.5126158209323042,0.5138434291582246,0.5116781723047312,0.5626911314984709,0.49612403100775193,0.5302593659942363,0.46346280447662935,0.485,407,11,355,15,0.5355329949238579,0.5071123755334281,0.38279404211607604,0.4014967710313147,0.49609465925255397,0.9736842105263158,0.5769230769230769,0.5341207349081365,0.04054054054054054,0.487
4,75,331664,266,226205,85814,0.6483091052241715,0.6371133747518674,0.588299806731821,0.5931598642558445,0.9210125265341056,0.9991986262163709,0.9969098513011152,0.5945195018902287,0.2750281232873639,78348,4922,73831,4665,0.5131671673899336,0.5001604285400403,0.3857213721519021,0.39397872088181757,0.49925711625833596,0.9408910772186863,0.4865964326692396,0.5148410753126252,0.05942977986139421,1642,0,1512,0,0.5206087507926442,0.5,0.34236864053377813,0.3564802205177322,0.5161348271884204,1.0,,0.5206087507926442,0.0,411,0,377,0,0.5215736040609137,0.5,0.3427856547122602,0.35757589869730694,0.48834762854395375,1.0,,0.5215736040609137,0.0,675,967,571,941,0.5123652504755866,0.516719270601731,0.5088719606032626,0.5071647136731794,0.5161348271884204,0.4110840438489647,0.49318658280922434,0.5417335473515249,0.6223544973544973,0.484,23,388,19,358,0.48350253807106597,0.5027815962877629,0.36956158507938563,0.3579974286563494,0.48834762854395375,0.05596107055961071,0.47989276139410186,0.5476190476190477,0.9496021220159151,0.483
0,76,331627,114,242498,69668,0.6232188809874718,0.6114162445363147,0.5484901547690626,0.554074291277926,0.9002543681628496,0.9996563584241923,0.9983663408902009,0.5776215980840409,0.22317613064843705,79458,4001,74649,3700,0.51393008998319,0.4996424453558515,0.3774653101936484,0.38667008097329614,0.5002455962517854,0.9520602930780383,0.4804570834956499,0.5156027954602971,0.04722459763366476,1640,0,1513,0,0.520139549635268,0.5,0.34216565825161693,0.3559477827673021,0.506456644044299,1.0,,0.520139549635268,0.0,405,0,384,0,0.5133079847908745,0.5,0.3391959798994975,0.34822400978275414,0.4884323559670782,1.0,,0.5133079847908745,0.0,504,1136,440,1073,0.5001585791309864,0.5082520593877452,0.4833323074414867,0.4795767072577144,0.506456644044299,0.3073170731707317,0.485740153915799,0.5338983050847458,0.7091870456047588,0.484,231,174,214,170,0.5082382762991128,0.5065393518518518,0.5052811893988365,0.5062992029218825,0.4884323559670782,0.5703703703703704,0.4941860465116279,0.5191011235955056,0.4427083333333333,0.485
1,76,331956,185,236911,76099,0.6324953383006459,0.62128151787622,0.5639068704152728,0.5690353835265618,0.907588643783311,0.9994430076383223,0.9975748518693304,0.5835388588193725,0.24312002811411776,78768,4291,73425,4080,0.5159811663884806,0.5004898467539541,0.38233429726442814,0.39227263690553493,0.4980111051224137,0.9483379284604919,0.4873969657149683,0.5175533697344818,0.05264176504741629,1626,0,1527,0,0.5156993339676499,0.5,0.34023854362837413,0.35092158067855145,0.5098835958890041,1.0,,0.5156993339676499,0.0,419,0,370,0,0.5310519645120405,0.5,0.3468543046357616,0.36839531975255796,0.4809262723343869,1.0,,0.5310519645120405,0.0,1399,227,1276,251,0.5233111322549953,0.5123840973183799,0.45046022469981756,0.456742663591771,0.5098835958890041,0.8603936039360394,0.5251046025104602,0.5229906542056075,0.16437459070072036,0.487,410,9,359,11,0.5335868187579215,0.5041250080629556,0.3733229733229733,0.3930044982009494,0.4809262723343869,0.9785202863961814,0.55,0.5331599479843954,0.02972972972972973,0.487
2,76,332321,143,239713,72874,0.6281596338894134,0.6163508871612938,0.5563959541631655,0.5618939813591577,0.9099618723801657,0.9995698782424564,0.9980415519673501,0.5809462374614096,0.2331318960801313,78647,4089,74170,3758,0.5129027037793158,0.49940087144590833,0.37769469551501944,0.38637527749280975,0.49781129690128856,0.9505777412492749,0.4789091372499044,0.5146482393974492,0.048224001642541835,1650,0,1504,0,0.523145212428662,0.5,0.3434637801831807,0.3593628644909627,0.49851547388781436,1.0,,0.523145212428662,0.0,395,0,393,0,0.501269035532995,0.5,0.3338968723584108,0.3347443263491682,0.49764550520179085,1.0,,0.501269035532995,0.0,993,657,877,627,0.5136334812935954,0.5093532398452612,0.506994668710056,0.5096429382105937,0.49851547388781436,0.6018181818181818,0.4883177570093458,0.5310160427807487,0.41688829787234044,0.485,373,22,366,27,0.5076142131979695,0.5065030437723452,0.39001013510817434,0.39068992746707487,0.49764550520179085,0.9443037974683545,0.5510204081632653,0.5047361299052774,0.06870229007633588,0.486
3,76,331941,177,243364,69320,0.6223011094878738,0.610580261888058,0.5471862714584387,0.5527447826295333,0.9006017868461609,0.9994670568894188,0.9974531274731283,0.5769826439888407,0.2216934668866971,79032,4050,74101,3730,0.5143276180296185,0.4995886639472175,0.3781457185369525,0.38764202878417026,0.5001350225870412,0.9512529789846176,0.4794344473007712,0.5161003833269119,0.04792434890981743,1635,0,1519,0,0.5183893468611287,0.5,0.3414073919398622,0.3539639098425331,0.5121218893002599,1.0,,0.5183893468611287,0.0,410,0,378,0,0.5203045685279187,0.5,0.34223706176961605,0.35613501351660554,0.4748096528584333,1.0,,0.5203045685279187,0.0,1456,179,1320,199,0.5247305009511731,0.5107635596410804,0.43498635880228026,0.4432682366775958,0.5121218893002599,0.890519877675841,0.5264550264550265,0.5244956772334294,0.13100724160631994,0.487,0,410,0,378,0.4796954314720812,0.5,0.3241852487135506,0.31102036551706125,0.4748096528584333,0.0,0.4796954314720812,,1.0,0.0
4,76,332225,111,245620,65993,0.6183999043402505,0.6057223566860696,0.5397252783044906,0.5458491637703213,0.9049243447030748,0.9996660006740167,0.9983208277865182,0.5749379158770951,0.21177871269812235,79290,3574,75570,3332,0.5107500958174153,0.4995493439869038,0.3723689307712983,0.3795869483061559,0.49941230154971783,0.9568690866962735,0.48247900376484215,0.5120108485083301,0.042229601277534154,1629,0,1525,0,0.5164870006341155,0.5,0.3405812251724859,0.35181155092325905,0.5016755728647767,1.0,,0.5164870006341155,0.0,416,0,372,0,0.5279187817258884,0.5,0.34551495016611294,0.36480766311955076,0.502940188172043,1.0,,0.5279187817258884,0.0,197,1432,168,1357,0.49270767279644895,0.5053845766788435,0.4133536446148831,0.4062391455365358,0.5016755728647767,0.12093308778391651,0.4865543205449982,0.5397260273972603,0.8898360655737705,0.482,387,29,339,33,0.5329949238578681,0.5094990694789082,0.4149160257289742,0.429592498942735,0.502940188172043,0.9302884615384616,0.532258064516129,0.5330578512396694,0.08870967741935484,0.485
0,77,331712,117,243037,69041,0.6223771445255293,0.6104386788393701,0.5469924035591647,0.5526608025024309,0.9072753026331004,0.9996474087557146,0.9983082217530871,0.5771423699736755,0.22122994892302567,79716,3655,74976,3461,0.514047513101948,0.5001421999121843,0.3753069941668606,0.38428405429964824,0.5011150066815897,0.956159815763275,0.48636874648679035,0.5153207664261888,0.04412458406109362,1606,0,1547,0,0.5093561687281953,0.5,0.33746585417104435,0.3437806291143021,0.5147366734796227,1.0,,0.5093561687281953,0.0,397,0,392,0,0.5031685678073511,0.5,0.33473861720067455,0.3368599012133531,0.5229270549529634,1.0,,0.5031685678073511,0.0,1004,602,915,632,0.518870916587377,0.516844155039159,0.5120790776316494,0.513156277896133,0.5147366734796227,0.6251556662515566,0.5121555915721232,0.5231891610213653,0.40853264382676147,0.485,280,117,264,128,0.5171102661596958,0.5159101423944893,0.4984977069385753,0.49910996217611225,0.5229270549529634,0.7052896725440806,0.5224489795918368,0.5147058823529411,0.32653061224489793,0.485
1,77,332188,104,256120,56739,0.6028464654011232,0.5905217399794627,0.5143108395657164,0.5205570514483497,0.8934132147007646,0.9996870222575326,0.9981703991696427,0.5646498092835726,0.18135645770139264,79939,2969,74813,2843,0.5155701153434145,0.5003997000049539,0.3704196211298205,0.38030768789865155,0.49979967658089564,0.964189221788006,0.48916035788024775,0.5165619830438379,0.03661017822190172,1605,0,1548,0,0.5090390104662227,0.5,0.3373266078184111,0.34342480529562314,0.5192792227132588,1.0,,0.5090390104662227,0.0,398,0,391,0,0.5044359949302915,0.5,0.33529907329401853,0.33827384327254595,0.47801025588299556,1.0,,0.5044359949302915,0.0,930,675,830,718,0.5226768157310498,0.5216317708710667,0.5205090908723469,0.5210919225560547,0.5192792227132588,0.5794392523364486,0.5154343144292893,0.5284090909090909,0.46382428940568476,0.485,0,398,0,391,0.4955640050697085,0.5,0.3313559322033898,0.3284161457326373,0.47801025588299556,0.0,0.4955640050697085,,1.0,0.0
2,77,331988,231,232713,80119,0.6388750656924801,0.6277066928183404,0.5739130374617507,0.5789133306352225,0.913996742641825,0.9993046755302978,0.997125077784692,0.5879004995564024,0.256108710106383,78784,4197,73590,4093,0.5158405118757158,0.5010553236412957,0.38235335457577874,0.3918218977653875,0.5004816939013528,0.9494221568792857,0.4937273823884198,0.517043590113799,0.05268849040330574,1587,0,1567,0,0.5031705770450222,0.5,0.3347395064332419,0.3368621412235605,0.5117336173898568,1.0,,0.5031705770450222,0.0,416,0,372,0,0.5279187817258884,0.5,0.34551495016611294,0.36480766311955076,0.49151545698924737,1.0,,0.5279187817258884,0.0,1232,355,1171,396,0.5161699429296132,0.5145098436603401,0.47960885821110155,0.48048352530963057,0.5117336173898568,0.7763074984247007,0.5272969374167776,0.5126924677486475,0.2527121888959796,0.486,379,37,334,38,0.5291878172588832,0.5066041149710504,0.42070649126248605,0.4347040817136341,0.49151545698924737,0.9110576923076923,0.5066666666666667,0.5315568022440392,0.10215053763440861,0.486
3,77,332533,110,249714,62445,0.6125570330116842,0.599855800647159,0.5301148354764197,0.5363674123191982,0.9081932868722618,0.9996693151516791,0.9982415474382543,0.5711201603443212,0.20004228614263886,79366,3191,75289,3067,0.5122830349319197,0.500244891264594,0.3708253086224212,0.3786139285024485,0.5024025897856189,0.9613479171966035,0.49009268136784917,0.5131809511493324,0.03914186533258461,1615,0,1539,0,0.5120481927710844,0.5,0.3386454183266932,0.3468055488887822,0.5160566247633762,1.0,,0.5120481927710844,0.0,388,0,400,0,0.49238578680203043,0.5,0.3299319727891156,0.3249076280258296,0.47198453608247426,1.0,,0.49238578680203043,0.0,811,804,718,821,0.517438173747622,0.5178152352558958,0.5174333227177246,0.5173964548905032,0.5160566247633762,0.5021671826625387,0.5052307692307693,0.5304120340091563,0.5334632878492528,0.484,351,37,358,42,0.4987309644670051,0.504819587628866,0.4076462091526901,0.40410893710164875,0.47198453608247426,0.904639175257732,0.5316455696202531,0.49506346967559944,0.105,0.485
4,77,331681,136,243742,68390,0.6212774614138697,0.6093480773873884,0.5452560325226472,0.550939788624161,0.9061640751940974,0.9995901355265101,0.9980153518372589,0.5764124826432033,0.21910601924826675,79793,3590,75043,3340,0.5139089796372538,0.49977847044683127,0.37410644331660226,0.38324948128245395,0.5010893000008833,0.9569456603864097,0.481962481962482,0.5153388100958434,0.042611280507252845,1599,0,1555,0,0.5069752694990488,0.5,0.33641910372396383,0.34111233155017,0.5083281552578078,1.0,,0.5069752694990488,0.0,404,0,384,0,0.5126903553299492,0.5,0.3389261744966443,0.34752836166660994,0.45977078176567654,1.0,,0.5126903553299492,0.0,1331,268,1264,291,0.5142675967025999,0.5097667553474942,0.455011867654337,0.4575188408063789,0.5083281552578078,0.8323952470293934,0.5205724508050089,0.5129094412331406,0.18713826366559486,0.486,15,389,9,375,0.4949238578680203,0.5068456064356436,0.36170178123677094,0.3543005547572571,0.45977078176567654,0.03712871287128713,0.4908376963350785,0.625,0.9765625,0.483
0,78,331660,146,241911,70190,0.6240808067003465,0.6122275649842758,0.549856034482719,0.5554497895465823,0.9027176673327666,0.9995599838459823,0.9979242493175614,0.5782370447599339,0.2248951461225693,79632,3762,74753,3661,0.5147644121427866,0.5007884661680276,0.3775498183517503,0.38654441730502664,0.49922628015533743,0.9548888409238074,0.4931968206924424,0.5158014055769666,0.04668809141224781,1632,0,1521,0,0.5176022835394862,0.5,0.34106583072100316,0.35307290563696614,0.5063192107875366,1.0,,0.5176022835394862,0.0,420,0,369,0,0.532319391634981,0.5,0.34739454094292804,0.3698497013841059,0.49798038456575044,1.0,,0.532319391634981,0.0,941,691,859,662,0.5084046939422772,0.505916555478207,0.5045251373539474,0.5060686168568312,0.5063192107875366,0.5765931372549019,0.4892830746489283,0.5227777777777778,0.4352399737015122,0.485,1,419,0,369,0.46894803548795944,0.5011904761904762,0.3213035596606015,0.30084196110844047,0.49798038456575044,0.002380952380952381,0.4682741116751269,1.0,1.0,0.481
1,78,332308,188,224206,88449,0.6521837523308497,0.6411655315041888,0.5942061442000153,0.598923352598819,0.9266673060030854,0.9994345796641163,0.9978789895867415,0.59712424125898,0.28289648334426126,78022,4682,73293,4567,0.5143681024389029,0.5010225163926284,0.38582884597311506,0.394305384783547,0.501380272365582,0.9433884697233508,0.49378311168775,0.5156263423983082,0.05865656306190598,1643,0,1510,0,0.5210910244211862,0.5,0.34257714762301916,0.357027753596334,0.5120741012442914,1.0,,0.5210910244211862,0.0,409,0,380,0,0.5183776932826363,0.5,0.34140233722871455,0.3539507121078435,0.5004053532363917,1.0,,0.5183776932826363,0.0,569,1074,468,1042,0.510941960038059,0.5181919683344552,0.49968243449053684,0.49651643682072616,0.5120741012442914,0.34631771150334756,0.4924385633270321,0.5486981677917069,0.6900662251655629,0.484,247,162,216,164,0.5209125475285171,0.5177454639042594,0.5155514982976843,0.5174246359807464,0.5004053532363917,0.6039119804400978,0.5030674846625767,0.5334773218142549,0.43157894736842106,0.485
2,78,332035,172,244960,67884,0.6199804356554753,0.6082360940006739,0.5434138785594037,0.5490264192844104,0.8997677803603319,0.9994822505245223,0.9974726695662396,0.5754555932027141,0.21698993747682552,78883,4110,73913,3758,0.5143716078275158,0.49943065885888,0.378482286264908,0.3881089480866211,0.49967188527590956,0.9504777511356379,0.47763091001525165,0.5162635147516951,0.04838356658212203,1623,0,1531,0,0.5145846544071021,0.5,0.3397529830437513,0.3496633427267015,0.4942484605481378,1.0,,0.5145846544071021,0.0,429,0,359,0,0.5444162436548223,0.5,0.352506162695152,0.38382016191934065,0.5211770587815155,1.0,,0.5444162436548223,0.0,1576,47,1474,57,0.5177552314521243,0.5041359249166839,0.3721189656763331,0.38093959533490634,0.4942484605481378,0.9710412815773259,0.5480769230769231,0.5167213114754098,0.037230568256041804,0.488,249,180,191,168,0.5291878172588832,0.5241930771178682,0.5241600109378026,0.5285050287461438,0.5211770587815155,0.5804195804195804,0.4827586206896552,0.5659090909090909,0.467966573816156,0.485
3,78,332188,188,221670,90756,0.6559284865741731,0.6449611815409826,0.5998254485632984,0.6044613527032507,0.9340311947228528,0.9994343755265122,0.997932793807178,0.5997710604523181,0.29048798755545313,77885,4939,73279,4810,0.5139112439641297,0.5009819549672212,0.3876188489364276,0.3958021467873502,0.49924942258751664,0.9403675263208732,0.4933839368140322,0.5152351088883597,0.06159638361356913,1660,0,1494,0,0.5263157894736842,0.5,0.3448275862068966,0.3629764065335754,0.5023326236673602,1.0,,0.5263157894736842,0.0,392,0,396,0,0.49746192893401014,0.5,0.33220338983050846,0.3305170782070033,0.5399659863945578,1.0,,0.49746192893401014,0.0,38,1622,19,1475,0.47970830691185795,0.5050870147255689,0.34341239164468934,0.32766769997151607,0.5023326236673602,0.02289156626506024,0.4762673555053277,0.6666666666666666,0.9872824631860776,0.481,90,302,77,319,0.5190355329949239,0.5175736961451247,0.47466943885960144,0.4754443924689521,0.5399659863945578,0.22959183673469388,0.5136876006441223,0.5389221556886228,0.8055555555555556,0.484
4,78,331803,112,231116,80918,0.6409218742478053,0.629493434306721,0.5766630765071186,0.5817551671378163,0.926268963032536,0.9996625642107166,0.9986177958780699,0.589432937953773,0.25932430440272536,78908,4377,74290,4191,0.5136987995005131,0.5004234893133572,0.3818183310557149,0.3902977101850805,0.5020902703708567,0.9474455184006724,0.4891456582633053,0.5150719983289599,0.053401460226041975,1650,0,1504,0,0.523145212428662,0.5,0.3434637801831807,0.3593628644909627,0.5026317698259187,1.0,,0.523145212428662,0.0,402,0,386,0,0.5101522842639594,0.5,0.3378151260504202,0.3446743164270785,0.5169102673162684,1.0,,0.5101522842639594,0.0,646,1004,555,949,0.5057070386810399,0.5112495970341715,0.5011026382452676,0.4988840162531131,0.5026317698259187,0.39151515151515154,0.48591909882232465,0.5378850957535387,0.6309840425531915,0.484,103,299,84,302,0.5139593908629442,0.519301162580878,0.4808503757678342,0.4781883444034032,0.5169102673162684,0.2562189054726368,0.502495840266223,0.5508021390374331,0.7823834196891192,0.484
0,79,331612,143,231104,81048,0.6408689453601218,0.6296058485870859,0.5767845018468407,0.5817981803728495,0.9288935843252193,0.9995689590209643,0.9982387210405094,0.5893061508825056,0.25964273815320743,78919,4526,74132,4231,0.5138806486700287,0.4998764992454615,0.38226640167753145,0.39122183766746116,0.4994342050470562,0.9457606806878782,0.4831563320771954,0.5156385779903431,0.0539923178030448,1586,0,1567,0,0.5030130034887409,0.5,0.33466976155307027,0.33668648387134126,0.5208988026212126,1.0,,0.5030130034887409,0.0,390,0,399,0,0.49429657794676807,0.5,0.33078880407124683,0.3270155477510425,0.5072938757149283,1.0,,0.49429657794676807,0.0,558,1028,474,1093,0.523628290516968,0.5246698336030567,0.5095063957351823,0.5090048704999414,0.5208988026212126,0.35182849936948296,0.5153229608675153,0.5406976744186046,0.6975111678366305,0.484,263,127,250,149,0.5221799746514575,0.523896279159437,0.5119921250153808,0.5111878210967432,0.5072938757149283,0.6743589743589744,0.5398550724637681,0.5126705653021443,0.37343358395989973,0.485
1,79,332502,99,245850,66700,0.6187729694288624,0.6065541005587356,0.540832097278473,0.5467116332770262,0.909037405818882,0.9997023460542812,0.9985179418853576,0.5749128558386588,0.2134058550631899,79028,3571,74569,3396,0.5133404748262375,0.5001625189378901,0.3745714589509236,0.3830738867535231,0.49804740614595955,0.9567670310778581,0.4874407923065882,0.5145152574594556,0.04355800679792214,1568,0,1585,0,0.49730415477323187,0.5,0.3321330226646897,0.3303422642170843,0.5215400276829975,1.0,,0.49730415477323187,0.0,408,0,381,0,0.5171102661596958,0.5,0.3408521303258145,0.3525162716677625,0.4817945550923781,1.0,,0.5171102661596958,0.0,625,943,575,1010,0.5185537583254044,0.5179104567694586,0.5112668157771773,0.5115885768767093,0.5215400276829975,0.3985969387755102,0.5171530977982591,0.5208333333333334,0.637223974763407,0.484,121,287,105,276,0.5031685678073511,0.5104890381349391,0.4832246163717051,0.47975050870227004,0.4817945550923781,0.2965686274509804,0.49023090586145646,0.5353982300884956,0.7244094488188977,0.484
2,79,332328,142,231165,81416,0.6414128495266266,0.630018290803524,0.5774838214514865,0.5825512731452535,0.9270058980241302,0.9995728937949289,0.9982589077711568,0.5897642029270994,0.2604636878121191,78032,4698,73596,4338,0.5126848578399642,0.4994376723772359,0.38283995279496813,0.3912902494893504,0.5001810204967807,0.9432128611144688,0.4800796812749004,0.5146279051362546,0.05566248364000308,1590,0,1564,0,0.5041217501585289,0.5,0.3351602023608769,0.3379230955953039,0.5211777574032074,1.0,,0.5041217501585289,0.0,386,0,402,0,0.48984771573604063,0.5,0.3287904599659284,0.3221145115402243,0.4681063593947362,1.0,,0.48984771573604063,0.0,1039,551,971,593,0.517438173747622,0.5163075648635171,0.5075919087477433,0.508165906258947,0.5211777574032074,0.6534591194968553,0.5183566433566433,0.5169154228855721,0.37915601023017903,0.485,1,385,0,402,0.5114213197969543,0.5012953367875648,0.3406832223895615,0.34749571505419563,0.4681063593947362,0.0025906735751295338,0.5108005082592122,1.0,1.0,0.482
3,79,332070,154,223305,89273,0.6534455538289273,0.642569385496252,0.5961910245219542,0.6008237938014955,0.9352257400787014,0.9995364573299942,0.9982779250114618,0.5979203241053342,0.2856023136625098,78176,4800,73422,4515,0.5138863858109661,0.500041676843412,0.38501463144471326,0.39383048746420185,0.5004840974426915,0.9421519475510991,0.48470209339774556,0.5156796263802953,0.057931406135725005,1571,0,1583,0,0.4980976537729867,0.5,0.3324867724867725,0.3312217625724284,0.5181445281320909,1.0,,0.4980976537729867,0.0,405,0,383,0,0.5139593908629442,0.5,0.3394803017602682,0.34895817820535185,0.48088837314250715,1.0,,0.5139593908629442,0.0,934,637,891,692,0.5155358275206088,0.5158352208961141,0.5126668090449009,0.5125245436659401,0.5181445281320909,0.5945257797581158,0.5206922498118887,0.5117808219178083,0.43714466203411245,0.485,372,33,350,33,0.5139593908629442,0.50234019920704,0.4035765172729303,0.4107400075944061,0.48088837314250715,0.9185185185185185,0.5,0.5152354570637119,0.08616187989556136,0.486
4,79,331563,187,228151,84048,0.645409807298404,0.634324614201481,0.5839409609801874,0.588796333035891,0.9253380680645374,0.9994363225320271,0.9977800201816347,0.5923793222967444,0.2692129058709349,78533,4917,73757,4559,0.5136555271194194,0.49964568563100475,0.38506352192365834,0.3939881624010563,0.49779712054994907,0.9410784901138406,0.4811101730688054,0.515680609363714,0.05821288114816896,1589,0,1565,0,0.5038046924540266,0.5,0.33502002951718324,0.3375693258736869,0.5334972665509885,1.0,,0.5038046924540266,0.0,387,0,401,0,0.49111675126903553,0.5,0.3293617021276596,0.32351009828275196,0.49624646394350047,1.0,,0.49111675126903553,0.0,560,1029,459,1106,0.5282181357006975,0.5295660863323528,0.513642845299287,0.5130021731937305,0.5334972665509885,0.3524229074889868,0.5180327868852459,0.549558390578999,0.7067092651757189,0.484,69,318,68,333,0.5101522842639594,0.5043592568965184,0.44821931326734976,0.4515036374868669,0.49624646394350047,0.17829457364341086,0.511520737327189,0.5036496350364964,0.830423940149626,0.484
0,80,331774,85,235794,76254,0.6336753599510488,0.6220550592351187,0.5652077254380257,0.5705161643364973,0.9263307117591073,0.9997438671242908,0.9988865455402874,0.5845537451019085,0.24436625134594678,79349,3992,74763,3704,0.5132811727479482,0.4996524820462054,0.37715547219531576,0.3859263977620225,0.5014049810938619,0.9521004067625778,0.4812889812889813,0.5148787894518272,0.047204557329832926,1616,0,1537,0,0.5125277513479226,0.5,0.33885510589222056,0.34734529091140404,0.5355424286735766,1.0,,0.5125277513479226,0.0,419,0,370,0,0.5310519645120405,0.5,0.3468543046357616,0.36839531975255796,0.48019093078758956,1.0,,0.5310519645120405,0.0,987,629,842,695,0.5334601966381224,0.5314734486623679,0.5294242322936604,0.5305161541539772,0.5355424286735766,0.6107673267326733,0.5249244712990937,0.5396391470749043,0.4521795705920625,0.485,11,408,9,361,0.4714828897338403,0.5009643294846159,0.34200163593129085,0.32387426039893397,0.48019093078758956,0.026252983293556086,0.4694408322496749,0.55,0.9756756756756757,0.483
1,80,332493,94,232719,79845,0.6391340941888023,0.6275845253401738,0.5737675562314424,0.578948021501384,0.9244379781968947,0.9997173671851275,0.9988241033788263,0.5882624572726693,0.2554516834952202,78318,4295,73965,3986,0.5125931092897537,0.49957264541664836,0.3796397787921994,0.3879784273793435,0.4991075943546677,0.9480106036580199,0.48134283299118463,0.5142924686274896,0.05113468717527678,1636,0,1517,0,0.518870916587377,0.5,0.3416162038003759,0.3545094255740025,0.5320000064469025,1.0,,0.518870916587377,0.0,399,0,390,0,0.5057034220532319,0.5,0.33585858585858586,0.33968967238929215,0.5088297667245036,1.0,,0.5057034220532319,0.0,717,919,585,932,0.5229939739930225,0.5263172633543556,0.5207656573136993,0.5195323099423529,0.5320000064469025,0.4382640586797066,0.5035116153430578,0.5506912442396313,0.6143704680290046,0.484,116,283,110,280,0.5019011406844106,0.5043377674956622,0.4794090241343127,0.47817470066510004,0.5088297667245036,0.2907268170426065,0.49733570159857904,0.5132743362831859,0.717948717948718,0.484
2,80,332371,126,225602,86952,0.6500617780609595,0.6389096882707558,0.5908336241849155,0.5956465647997413,0.9281386673524141,0.9996210492124741,0.9985530214290635,0.5956757764264579,0.27819832732903754,78123,4580,73667,4294,0.512977393815665,0.4998499677845596,0.3826071730461087,0.3909807875727748,0.49728572411387645,0.9446211141071061,0.483885508226279,0.51467817379274,0.05507882146201306,1631,0,1523,0,0.5171211160431198,0.5,0.34085684430512014,0.3525285434759993,0.5326622686757275,1.0,,0.5171211160431198,0.0,404,0,384,0,0.5126903553299492,0.5,0.3389261744966443,0.34752836166660994,0.5102361798679869,1.0,,0.5126903553299492,0.0,1020,611,876,647,0.5285351934051997,0.5251013179077566,0.5218477442265639,0.5237840565892788,0.5326622686757275,0.6253832004904967,0.514308426073132,0.5379746835443038,0.4248194353250164,0.485,277,127,252,132,0.5190355329949239,0.5146967821782178,0.5021794608938873,0.5045044363560993,0.5102361798679869,0.6856435643564357,0.5096525096525096,0.5236294896030246,0.34375,0.485
3,80,331829,213,219619,93141,0.659070536381711,0.6485809712174754,0.6049357899674223,0.6093089724498274,0.9274594370835872,0.9993585148866709,0.9977183623626197,0.6017412339876108,0.2978034275482798,77959,5199,72770,4985,0.5154586639985582,0.5007960457889632,0.3900061031222487,0.39929461939399896,0.5017730178064823,0.937480458885495,0.4894933228593873,0.5172130114311114,0.06411163269243135,1620,0,1534,0,0.5136334812935954,0.5,0.33933808127356513,0.34859080004006054,0.5318162795563925,1.0,,0.5136334812935954,0.0,415,0,373,0,0.5266497461928934,0.5,0.34497090606816294,0.3633576802494609,0.5011918989631449,1.0,,0.5266497461928934,0.0,1226,394,1079,455,0.5329740012682308,0.5267001464741577,0.5032924831142034,0.506603262052266,0.5318162795563925,0.7567901234567901,0.535924617196702,0.531887201735358,0.2966101694915254,0.486,367,48,314,59,0.5406091370558376,0.5212571465486611,0.4577706812652068,0.4690668343275656,0.5011918989631449,0.8843373493975903,0.5514018691588785,0.5389133627019089,0.1581769436997319,0.486
4,80,331678,137,228654,83480,0.6447063354396078,0.633518177937192,0.5827157727823112,0.5876313493125744,0.9222681507201671,0.9995871193285415,0.998361577191241,0.5919312122099041,0.2674492365458425,78979,4406,74178,4203,0.5142118863049095,0.5003917247503585,0.3822058629520117,0.3910396885224875,0.4979883963503083,0.9471607603285963,0.48821001277732606,0.5156734592607586,0.0536226891721208,1637,0,1517,0,0.5190234622701332,0.5,0.3416823210185765,0.35468228250311334,0.530756899307341,1.0,,0.5190234622701332,0.0,398,0,390,0,0.5050761421319797,0.5,0.33558178752107926,0.3389887092218009,0.5064489112227806,1.0,,0.5050761421319797,0.0,583,1054,473,1044,0.515852885225111,0.5221698373433403,0.505283869506466,0.5025327157402243,0.530756899307341,0.35613927916921195,0.49761677788369874,0.5520833333333334,0.6882003955174687,0.484,91,307,75,315,0.5152284263959391,0.5181677618863548,0.4726123398648838,0.47109033677448897,0.5064489112227806,0.228643216080402,0.5064308681672026,0.5481927710843374,0.8076923076923077,0.484
0,81,331937,48,252571,59351,0.6076778168275854,0.5950652740200423,0.5220191531092592,0.5283238414284713,0.9070686714012437,0.9998554151542991,0.9991919055876362,0.567891286346808,0.19027513288578554,80264,2951,75844,2749,0.5130339661821418,0.499757656610366,0.3679918178715762,0.3766402705515921,0.5009456258928611,0.9645376434537043,0.482280701754386,0.5141568657596023,0.0349776697670276,1671,0,1482,0,0.5299714557564225,0.5,0.34639303482587064,0.3671568418611036,0.5231010708191092,1.0,,0.5299714557564225,0.0,405,0,384,0,0.5133079847908745,0.5,0.3391959798994975,0.34822400978275414,0.5214248971193416,1.0,,0.5133079847908745,0.0,668,1003,532,950,0.513162067871868,0.5203931317037243,0.5092363173977389,0.5066052293140141,0.5231010708191092,0.3997606223818073,0.4864311315924219,0.5566666666666666,0.6410256410256411,0.484,113,292,92,292,0.5133079847908745,0.5197145061728394,0.48689879420132776,0.4838005092718278,0.5214248971193416,0.27901234567901234,0.5,0.551219512195122,0.7604166666666666,0.484
1,81,332195,114,234434,78408,0.6364448012945807,0.6251441274448761,0.5698870731087453,0.5749924539777168,0.9127508310057154,0.9996569457944263,0.9985481775808054,0.586265439996894,0.25063130909532605,79027,3864,74139,3534,0.5141937171470566,0.49944150051117037,0.3763210827676826,0.3858507001652105,0.5000545588813043,0.9533845652724663,0.47769667477696676,0.5159565438804957,0.04549843574987447,1655,0,1498,0,0.5248969235648588,0.5,0.34421797004991683,0.36135790702988413,0.5221548166941622,1.0,,0.5248969235648588,0.0,421,0,368,0,0.5335868187579215,0.5,0.34793388429752065,0.37130586892080153,0.5002065475575751,1.0,,0.5335868187579215,0.0,500,1155,387,1111,0.510941960038059,0.5218851721731694,0.4918602337269473,0.4869570732836666,0.5221548166941622,0.3021148036253776,0.49029126213592233,0.5636978579481398,0.7416555407209613,0.484,420,1,365,3,0.5361216730038023,0.5028884385004647,0.35632322259669397,0.3791753038234967,0.5002065475575751,0.997624703087886,0.75,0.535031847133758,0.008152173913043478,0.487
2,81,332218,135,234833,77865,0.6357373292964432,0.624302016250862,0.568672875268801,0.5738552471846553,0.9213501381143481,0.9995938053816273,0.9982692307692308,0.5858697013143439,0.2490102271200967,79086,3761,74335,3482,0.5139172434397251,0.4996745350675517,0.3756658623299335,0.38486384718499744,0.4990399640601249,0.9546030634784602,0.48074002485158085,0.5154835387593615,0.04474600665664315,1664,0,1490,0,0.527584020291693,0.5,0.34537152345371525,0.36442499367595577,0.5189343217604544,1.0,,0.527584020291693,0.0,412,0,376,0,0.5228426395939086,0.5,0.3433333333333333,0.3590186125211506,0.5147180334641603,1.0,,0.5228426395939086,0.0,961,703,817,673,0.5180722891566265,0.5146009454052658,0.5140201922558372,0.5164683341333974,0.5189343217604544,0.5775240384615384,0.4890988372093023,0.5404949381327334,0.45167785234899327,0.485,267,145,232,144,0.5215736040609137,0.51551848791572,0.5096258758862029,0.5131227719373378,0.5147180334641603,0.6480582524271845,0.4982698961937716,0.5350701402805611,0.3829787234042553,0.485
3,81,332267,95,228494,83946,0.645489623171144,0.6341964767049272,0.5837559390777509,0.5887086352029621,0.9261283133210976,0.9997141670828795,0.9988695993622161,0.5925287243585057,0.2686787863269748,78843,3995,74277,3798,0.5135756588964223,0.5002094369392766,0.3783706537110123,0.38695192414472684,0.5003242876039424,0.9517733407373428,0.48736045168741177,0.5149098746081505,0.048645533141210374,1663,0,1491,0,0.5272669625871909,0.5,0.34523562383226075,0.36406267750986027,0.5141605294222743,1.0,,0.5272669625871909,0.0,413,0,375,0,0.5241116751269036,0.5,0.34388009991673607,0.360463150420335,0.5360193704600484,1.0,,0.5241116751269036,0.0,659,1004,540,951,0.5104629042485732,0.5170493798630629,0.5062307020607046,0.5037377610459327,0.5141605294222743,0.3962717979555021,0.4864450127877238,0.5496246872393661,0.6378269617706237,0.484,118,295,85,290,0.5177664974619289,0.5295238095238095,0.49364177489177485,0.48831189432395017,0.5360193704600484,0.2857142857142857,0.49572649572649574,0.5812807881773399,0.7733333333333333,0.484
4,81,331630,161,237469,74689,0.6309800931440223,0.6193907040979155,0.5611045967429875,0.5664438210039716,0.9074117548776757,0.9995147547703223,0.9978490313961256,0.5827281369322385,0.23926665342550887,79433,3976,74506,3851,0.5148424267151317,0.500739068349347,0.3793523928831578,0.38840872442928165,0.4992707430260086,0.952331283194859,0.4920148204931647,0.5160030921338972,0.04914685350383501,1651,0,1503,0,0.5234622701331643,0.5,0.3436004162330905,0.3597237078001474,0.5296445268155391,1.0,,0.5234622701331643,0.0,425,0,363,0,0.5393401015228426,0.5,0.3503709810387469,0.3779382409681915,0.45570572030465084,1.0,,0.5393401015228426,0.0,971,680,816,687,0.5256816740646798,0.5226071176846792,0.5218044686056434,0.5238249841265498,0.5296445268155391,0.5881284070260449,0.5025603511338698,0.5433687744823726,0.45708582834331335,0.485,0,425,0,363,0.4606598984771574,0.5,0.315377932232841,0.29056393248863266,0.45570572030465084,0.0,0.4606598984771574,,1.0,0.0
0,82,331684,167,227018,85038,0.6471773097667831,0.6360027712881814,0.586508013424632,0.5913771324093019,0.9240929619043188,0.9994967621010634,0.9980400211255208,0.5936688968358803,0.2725087804752993,78691,4658,74070,4389,0.5134480371798675,0.500027275795945,0.38343765848638245,0.3919939658779889,0.4992414011337742,0.9441145064727832,0.4851331933237537,0.515124933719994,0.055940045119106795,1607,0,1546,0,0.5096733269901681,0.5,0.33760504201680674,0.34413656994672276,0.5251764796801832,1.0,,0.5096733269901681,0.0,415,0,374,0,0.5259822560202788,0.5,0.3446843853820598,0.36259574127643807,0.46783712389665616,1.0,,0.5259822560202788,0.0,974,633,880,666,0.520139549635268,0.5184437265488714,0.5155164578032193,0.5164320701465795,0.5251764796801832,0.6060983198506534,0.5127020785219399,0.5253505933117584,0.4307891332470893,0.485,388,27,344,30,0.5297845373891001,0.5075768313897301,0.40787932607407196,0.4218405374257931,0.46783712389665616,0.9349397590361446,0.5263157894736842,0.5300546448087432,0.08021390374331551,0.486
1,82,332473,118,232811,79749,0.6389542913209466,0.6273965107512885,0.5735086992256193,0.5786959416531746,0.9247159321300217,0.9996452098824081,0.9985225437289493,0.5881521500696995,0.2551478116201689,78371,4238,74087,3868,0.5121882862908248,0.49915822665804555,0.3783434276518996,0.3867043523409129,0.5012510785696551,0.948698083743902,0.47717739945719223,0.5140497710844955,0.04961836957218908,1620,0,1533,0,0.5137963843958135,0.5,0.33940917661847897,0.34877441555466915,0.513197313425624,1.0,,0.5137963843958135,0.0,402,0,387,0,0.5095057034220533,0.5,0.33753148614609574,0.3439484345519151,0.5086582590921362,1.0,,0.5095057034220533,0.0,327,1293,260,1273,0.507453219156359,0.5161248822207727,0.45872848185479165,0.45424745421712115,0.513197313425624,0.20185185185185187,0.4961028838659392,0.5570698466780238,0.8303979125896934,0.483,308,94,291,96,0.5120405576679341,0.5071155848663658,0.4740701239834689,0.47675671127246405,0.5086582590921362,0.7661691542288557,0.5052631578947369,0.5141903171953256,0.24806201550387597,0.485
2,82,331936,137,237129,75849,0.6321748202855278,0.6209667737525949,0.5633546394667899,0.5684861820782219,0.9152215149966814,0.9995874401110599,0.9981970362961599,0.5833006774270074,0.24234610739412993,79101,4026,73641,3896,0.5165874122392073,0.500907530717077,0.3809489948763249,0.39103102071315105,0.5034943190347981,0.9515680825724494,0.4917950012623075,0.5178732765054799,0.05024697886170473,1636,0,1518,0,0.518706404565631,0.5,0.341544885177453,0.3543230387763558,0.5155497517966956,1.0,,0.518706404565631,0.0,386,0,402,0,0.48984771573604063,0.5,0.3287904599659284,0.3221145115402243,0.4665725775268734,1.0,,0.48984771573604063,0.0,381,1255,292,1226,0.5095117311350665,0.5202633596515812,0.47158314047979294,0.46628660355988494,0.5155497517966956,0.23288508557457213,0.494155582426441,0.5661218424962853,0.8076416337285902,0.484,0,386,0,402,0.5101522842639594,0.5,0.3378151260504202,0.3446743164270785,0.4665725775268734,0.0,0.5101522842639594,,1.0,0.0
3,82,332312,101,242051,70338,0.6244552591338116,0.6124288692465445,0.5502090378289459,0.5558840526602217,0.9099305292133131,0.9996961611007993,0.9985661352375814,0.5785748733814678,0.22516157739228973,79069,3718,74624,3502,0.5131406412160608,0.4999572967211221,0.37539105691860625,0.3838875012979046,0.49909530358489745,0.9550895672025801,0.4850415512465374,0.5144606455726676,0.04482502623966413,1622,0,1532,0,0.5142675967025999,0.5,0.3396147403685092,0.34930571266818133,0.513100707311027,1.0,,0.5142675967025999,0.0,400,0,388,0,0.5076142131979695,0.5,0.3367003367003367,0.34182775299526574,0.48796391752577317,1.0,,0.5076142131979695,0.0,647,975,578,954,0.5076093849080533,0.5108028318196598,0.502899639284325,0.5015189320982157,0.513100707311027,0.39889025893958074,0.49455676516329705,0.5281632653061225,0.6227154046997389,0.484,387,13,370,18,0.5139593908629442,0.5069458762886598,0.37744516618775825,0.38188465316906506,0.48796391752577317,0.9675,0.5806451612903226,0.5112285336856011,0.04639175257731959,0.486
4,82,331650,222,225898,86179,0.6488541794458877,0.6377388297132235,0.5891538610432348,0.5939681478745937,0.9267658329930861,0.9993310673994793,0.9974305852941517,0.594836677738957,0.27614659202696773,78139,5189,73635,4803,0.5127282618102692,0.49948054519901425,0.38667627045674585,0.39508134078671653,0.5014395679986412,0.937728014592934,0.48068454763811047,0.5148378510153254,0.06123307580509447,1603,0,1551,0,0.5082435003170577,0.5,0.336977086398991,0.34253282783613354,0.5207655858032147,1.0,,0.5082435003170577,0.0,419,0,369,0,0.5317258883248731,0.5,0.3471416735708368,0.3691684295080726,0.49868379352051273,1.0,,0.5317258883248731,0.0,629,974,542,1009,0.5193405199746354,0.5214686518226423,0.5122605453093626,0.5112917066709569,0.5207655858032147,0.39238927011852776,0.5088250126071608,0.5371477369769427,0.6505480335267569,0.484,91,328,70,299,0.4949238578680203,0.5137409369320424,0.45709735493698933,0.44800444557856844,0.49868379352051273,0.2171837708830549,0.4768740031897927,0.5652173913043478,0.8102981029810298,0.484
0,83,331787,184,225227,86709,0.6499323660093771,0.6387081079210624,0.5906289853295631,0.5954770060899744,0.9271712895481758,0.9994457347177916,0.997882453132013,0.5956528920278485,0.2779704811243332,78677,4552,74309,4270,0.5126260753485613,0.499823871572881,0.38192895912907365,0.39009676041686403,0.4995869776465193,0.9453075250213268,0.48401722965313987,0.5142758160877466,0.054340218124435284,1617,0,1536,0,0.5128449096098954,0.5,0.3389937106918239,0.3477023978361429,0.5016757176355391,1.0,,0.5128449096098954,0.0,397,0,392,0,0.5031685678073511,0.5,0.33473861720067455,0.3368599012133531,0.4939533748008019,1.0,,0.5031685678073511,0.0,333,1284,304,1232,0.4963526799873137,0.504010126777984,0.4517847398197873,0.44776916345319145,0.5016757176355391,0.20593692022263452,0.48966613672496023,0.5227629513343799,0.8020833333333334,0.483,381,16,365,27,0.5171102661596958,0.5142876420089446,0.3954022988505747,0.39712133793686166,0.4939533748008019,0.9596977329974811,0.627906976744186,0.5107238605898123,0.06887755102040816,0.486
1,83,332823,113,235479,76736,0.634826575483879,0.6227199730988263,0.5665276790227024,0.572054009658666,0.920284419846483,0.9996605954297523,0.9985295839893817,0.585644604453266,0.24577935076790033,78568,3696,74834,3466,0.5109115368326649,0.4996685610753356,0.37394311831840815,0.38117252380681743,0.49666264121901904,0.955071477195371,0.4839430326724379,0.5121706366279449,0.04426564495530013,1601,0,1552,0,0.5077703774183318,0.5,0.33676903660075724,0.34200268163514896,0.5064292130562729,1.0,,0.5077703774183318,0.0,413,0,376,0,0.523447401774398,0.5,0.34359400998336104,0.35970678358207375,0.44718844984802436,1.0,,0.523447401774398,0.0,832,769,792,760,0.5049159530605772,0.5046829623238054,0.5046576541895942,0.5048334409212354,0.5064292130562729,0.5196752029981262,0.4970568999345978,0.5123152709359606,0.4896907216494845,0.484,0,413,0,376,0.47655259822560203,0.5,0.32274678111587984,0.30761163421944443,0.44718844984802436,0.0,0.47655259822560203,,1.0,0.0
2,83,332060,153,237655,75183,0.6313345766458777,0.619932557930289,0.5618506207013814,0.5670914622186235,0.916532085424145,0.999539452098503,0.9979690984389933,0.5828528299237338,0.24032566376207495,79103,3884,74106,3571,0.514577005427476,0.4995849565165163,0.3768506867937213,0.38653303006472217,0.5025235912546987,0.9531974887633002,0.4790073775989269,0.5163077887069297,0.04597242426973235,1599,0,1555,0,0.5069752694990488,0.5,0.33641910372396383,0.34111233155017,0.5082621976355801,1.0,,0.5069752694990488,0.0,415,0,373,0,0.5266497461928934,0.5,0.34497090606816294,0.3633576802494609,0.4904809586872961,1.0,,0.5266497461928934,0.0,838,761,782,773,0.5107799619530755,0.5105918288962756,0.5105720918337433,0.510712803914522,0.5082621976355801,0.5240775484677924,0.5039113428943938,0.5172839506172839,0.49710610932475885,0.485,1,414,0,373,0.4746192893401015,0.5012048192771085,0.3239555702917772,0.30694515039922443,0.4904809586872961,0.0024096385542168677,0.47395171537484115,1.0,1.0,0.48
3,83,332151,96,241486,71069,0.6253392514291208,0.6135459196608372,0.5518700983589502,0.5574114783171924,0.906878791957169,0.9997110583391272,0.9986510222721844,0.5790264574983831,0.22738078098254708,79578,3375,74748,3212,0.5145016251017631,0.5002574631067707,0.373368043994786,0.3825957103707535,0.49965022754822747,0.9593143105131822,0.48762714437528465,0.5156486917304925,0.041200615700359156,1623,0,1531,0,0.5145846544071021,0.5,0.3397529830437513,0.3496633427267015,0.5065922465795213,1.0,,0.5145846544071021,0.0,391,0,397,0,0.49619289340101524,0.5,0.33163698049194235,0.32911182581814585,0.5111932846734137,1.0,,0.49619289340101524,0.0,912,711,838,693,0.5088776157260622,0.5072838479193404,0.5064982921294516,0.5074978253298542,0.5065922465795213,0.5619223659889094,0.4935897435897436,0.5211428571428571,0.4526453298497714,0.485,240,151,232,165,0.5139593908629442,0.5147139350757278,0.5095162021650559,0.5091607470692249,0.5111932846734137,0.6138107416879796,0.5221518987341772,0.5084745762711864,0.4156171284634761,0.485
4,83,331279,154,237545,74971,0.6308729418012917,0.6197151342082439,0.5613858728607328,0.5665144169684023,0.9107718420072586,0.9995353510362577,0.9979500831946755,0.5823927963658355,0.23989491738023014,79414,4353,74138,3861,0.5147867907965827,0.49876753172793864,0.3794141892057756,0.3897490424343142,0.4981791972998393,0.9480344288323564,0.47005113221329436,0.5171798478691257,0.04950063462352081,1616,0,1538,0,0.5123652504755866,0.5,0.3387840670859539,0.3471623667792653,0.4997795130618393,1.0,,0.5123652504755866,0.0,398,0,390,0,0.5050761421319797,0.5,0.33558178752107926,0.3389887092218009,0.4859360907099601,1.0,,0.5050761421319797,0.0,672,944,622,916,0.5034876347495244,0.5057101288802482,0.500498170543012,0.4995425221491269,0.4997795130618393,0.4158415841584158,0.4924731182795699,0.5193199381761978,0.5955786736020806,0.485,390,8,382,8,0.5050761421319797,0.5002061590001289,0.35303776683087024,0.3562218165753961,0.4859360907099601,0.9798994974874372,0.5,0.5051813471502591,0.020512820512820513,0.487
0,84,331739,95,228943,83130,0.6442995649992934,0.6330468469423467,0.5819867369242245,0.5869397506751001,0.9292463014335127,0.9997137122778257,0.9988585160708922,0.5916705012823669,0.2663799816068676,79534,3832,74936,3506,0.5132008306140611,0.4993647312160265,0.37527890036991696,0.38421149868267235,0.5022056806932773,0.9540340186646834,0.4777868629054238,0.5148831488314883,0.04469544376736952,1643,0,1510,0,0.5210910244211862,0.5,0.34257714762301916,0.357027753596334,0.5118463640650884,1.0,,0.5210910244211862,0.0,405,0,384,0,0.5133079847908745,0.5,0.3391959798994975,0.34822400978275414,0.5135030864197532,1.0,,0.5133079847908745,0.0,1290,353,1157,353,0.5210910244211862,0.5094619759525661,0.4746994518637515,0.48128438158641834,0.5118463640650884,0.7851491174680463,0.5,0.5271761340416837,0.2337748344370861,0.486,250,155,225,159,0.5183776932826363,0.515673225308642,0.5118846053659807,0.5133830102698244,0.5135030864197532,0.6172839506172839,0.5063694267515924,0.5263157894736842,0.4140625,0.485
1,84,332580,120,228476,83975,0.6456705484452477,0.6342007283008884,0.5838810846787842,0.5889138670114288,0.9276899409267109,0.9996393146979261,0.9985730423925323,0.592775052757657,0.2687621419038505,78396,4104,74194,3870,0.5123564435365338,0.4999146266932494,0.3784524122701735,0.38642276198299286,0.4991527784506264,0.9502545454545455,0.4853273137697517,0.5137689232584048,0.04957470793195327,1637,0,1516,0,0.5191880748493498,0.5,0.3417536534446764,0.3548688428093468,0.5127263979575225,1.0,,0.5191880748493498,0.0,411,0,378,0,0.5209125475285171,0.5,0.3425,0.35682509505703425,0.5151199165797705,1.0,,0.5209125475285171,0.0,1077,560,961,555,0.5176022835394862,0.5120028996346041,0.5040076326996021,0.5071588831816441,0.5127263979575225,0.6579108124618204,0.4977578475336323,0.528459273797841,0.3660949868073879,0.485,162,249,139,239,0.5082382762991128,0.5132178581083691,0.5035096141370631,0.5014830446390418,0.5151199165797705,0.39416058394160586,0.48975409836065575,0.5382059800664452,0.6322751322751323,0.484
2,84,331993,204,214810,98044,0.66667131746172,0.6563858515625467,0.6161846612957036,0.6203589188912447,0.936652780789113,0.9993859065554476,0.9979236218548978,0.6071528502952618,0.3133857965696459,78117,4886,73141,4520,0.5143467111487328,0.499668164575017,0.38537543883093506,0.3947367516116418,0.4995508528716241,0.9411346577834536,0.4805443334042101,0.5164487167620886,0.058201671366580394,1619,0,1535,0,0.5133164235890932,0.5,0.3391996647810601,0.34823351761606613,0.5240271772699198,1.0,,0.5133164235890932,0.0,429,0,359,0,0.5444162436548223,0.5,0.352506162695152,0.38382016191934065,0.4919064222685392,1.0,,0.5444162436548223,0.0,1166,453,1031,504,0.5294863665187064,0.5242682075435635,0.5078027465667916,0.5105541424519288,0.5240271772699198,0.7201976528721433,0.5266457680250783,0.5307237141556668,0.3283387622149837,0.486,72,357,45,314,0.48984771573604063,0.521241989208563,0.4367225008001707,0.421355703091448,0.4919064222685392,0.16783216783216784,0.46795827123695977,0.6153846153846154,0.8746518105849582,0.484
3,84,331828,155,220090,92729,0.6584300296835307,0.64798165633537,0.6039768358935012,0.6083413083747418,0.9331310218954836,0.9995331086230319,0.9983312518840705,0.6012269938650306,0.2964302040477081,78300,4917,73224,4472,0.5143897634125273,0.4992355879466714,0.38491124131945575,0.39459389451981125,0.4982687004348845,0.9409135152673131,0.4763020555969752,0.5167498218104063,0.057557660626029655,1632,0,1522,0,0.517438173747622,0.5,0.34099456748850815,0.3528872125182278,0.5203490150988122,1.0,,0.517438173747622,0.0,416,0,372,0,0.5279187817258884,0.5,0.34551495016611294,0.36480766311955076,0.4871859491315136,1.0,,0.5279187817258884,0.0,1139,493,1003,519,0.5256816740646798,0.5194576763031099,0.5066163242958823,0.5099988863516367,0.5203490150988122,0.6979166666666666,0.5128458498023716,0.5317460317460317,0.34099868593955324,0.486,402,14,356,16,0.5304568527918782,0.504678453267163,0.3822200750930187,0.3991175316182773,0.4871859491315136,0.9663461538461539,0.5333333333333333,0.5303430079155673,0.043010752688172046,0.487
4,84,331949,137,222108,89755,0.6548717367369155,0.643695056598614,0.5980071111092349,0.6027552606260214,0.9311728929166445,0.9995874562613299,0.9984759489164775,0.5991242778270106,0.2878026569358981,78523,4591,74291,4361,0.5123697192240644,0.500104696708051,0.3826069483677873,0.39041420118676073,0.4994766767759148,0.9447626152032148,0.487153708668454,0.5138468988443468,0.05544677821288715,1661,0,1493,0,0.5266328471781865,0.5,0.34496365524402905,0.3633383838683147,0.5164240265529727,1.0,,0.5266328471781865,0.0,387,0,401,0,0.49111675126903553,0.5,0.3293617021276596,0.32351009828275196,0.5127040280435862,1.0,,0.49111675126903553,0.0,1370,291,1179,314,0.5339251743817375,0.517559568574681,0.47508202586333775,0.48444343585490135,0.5164240265529727,0.8248043347381095,0.5190082644628099,0.5374656728128678,0.2103148024112525,0.486,364,23,371,30,0.5,0.5076907215166219,0.39049997251603885,0.3859101510047351,0.5127040280435862,0.9405684754521964,0.5660377358490566,0.49523809523809526,0.07481296758104738,0.486
0,85,331739,85,225773,86310,0.6492381663811699,0.6381524415819314,0.5896179063735256,0.5944134421611095,0.9358251306940143,0.9997438401080091,0.9990161467677527,0.5950347257099399,0.2765610430558537,78736,4640,74118,4314,0.5132626322555127,0.49967577677340586,0.3826694656610705,0.3913450268612925,0.5001654977315018,0.9443484935712915,0.48179584543220905,0.5151059180656051,0.05500305997552019,1622,0,1531,0,0.514430700919759,0.5,0.3396858638743456,0.3494896740908268,0.4970615499971409,1.0,,0.514430700919759,0.0,402,0,387,0,0.5095057034220533,0.5,0.33753148614609574,0.3439484345519151,0.5044544718269119,1.0,,0.5095057034220533,0.0,1511,111,1399,132,0.5210910244211862,0.5088920630037185,0.40781500162691264,0.415290069120951,0.4970615499971409,0.9315659679408138,0.5432098765432098,0.5192439862542956,0.08621815806662313,0.487,385,17,356,31,0.5272496831432193,0.5189074009795982,0.408097263704106,0.4131460950362718,0.5044544718269119,0.9577114427860697,0.6458333333333334,0.5195681511470985,0.08010335917312661,0.486
1,85,332430,129,221445,91147,0.6565548220494117,0.6455983282060141,0.6007045848364079,0.6053263844925463,0.937346009134417,0.9996120989057581,0.9985867040624041,0.6001895734597157,0.29158455750627016,77705,4936,73214,4709,0.5132781943648639,0.5003516147461039,0.3864735877259731,0.3946694359111105,0.4986995936937039,0.9402717779310512,0.488232244686366,0.5148788422928856,0.06043145156115653,1608,0,1545,0,0.5099904852521409,0.5,0.3377441713925646,0.34449262771915246,0.5083510441320903,1.0,,0.5099904852521409,0.0,416,0,373,0,0.5272496831432193,0.5,0.34522821576763485,0.36404293475116883,0.48684651474530827,1.0,,0.5272496831432193,0.0,1507,101,1400,145,0.5239454487789407,0.5155200937062261,0.41473665856042863,0.41978816647802497,0.5083510441320903,0.9371890547263682,0.5894308943089431,0.5184038527691779,0.09385113268608414,0.487,18,398,13,360,0.4790874524714829,0.5042083419261704,0.3585708436437434,0.3434181706039984,0.48684651474530827,0.04326923076923077,0.47493403693931396,0.5806451612903226,0.9651474530831099,0.483
2,85,332032,148,241474,71397,0.6254218658679701,0.6138769700008141,0.5523367763518803,0.557751244836413,0.9099366029615141,0.9995544584261545,0.9979313718638619,0.5789512228294037,0.2281994815754736,78839,4181,73741,3903,0.5150002489667879,0.4999532653161752,0.3801584456164433,0.3898321609843766,0.49678441866150125,0.9496386412912551,0.4828055418109847,0.5167059903001704,0.05026788934109525,1612,0,1542,0,0.5110970196575777,0.5,0.33822912295425933,0.3457357934066366,0.5083549771010547,1.0,,0.5110970196575777,0.0,412,0,376,0,0.5228426395939086,0.5,0.3433333333333333,0.3590186125211506,0.47197763891757893,1.0,,0.5228426395939086,0.0,1460,152,1367,175,0.5183893468611287,0.5095980856932282,0.42253586486142153,0.4277574553205495,0.5083549771010547,0.9057071960297767,0.5351681957186545,0.5164485320127343,0.11348897535667964,0.487,56,356,49,327,0.4860406091370558,0.5028015905804586,0.4170990843885787,0.40794080065815375,0.47197763891757893,0.13592233009708737,0.4787701317715959,0.5333333333333333,0.8696808510638298,0.484
3,85,332328,75,242302,70097,0.6241063148067159,0.6120786454136706,0.5496163176089381,0.5552987041457867,0.912979640971533,0.9997743702674163,0.9989311976286838,0.5783338844125785,0.22438292055992498,78978,3819,74588,3528,0.5127366962271538,0.49951937162534293,0.37541961410833374,0.38393891512090095,0.501449091935089,0.9538751404036379,0.48019599836668025,0.5142935285154266,0.04516360284704798,1624,0,1530,0,0.5149017121116043,0.5,0.339891167852658,0.35002108851789254,0.5006330693196819,1.0,,0.5149017121116043,0.0,400,0,388,0,0.5076142131979695,0.5,0.3367003367003367,0.34182775299526574,0.48485180412371137,1.0,,0.5076142131979695,0.0,1388,236,1276,254,0.5206087507926442,0.510346437425545,0.449436604108172,0.4553362353148213,0.5006330693196819,0.854679802955665,0.5183673469387755,0.521021021021021,0.16601307189542483,0.486,17,383,15,373,0.4949238578680203,0.5019201030927836,0.3654008029008029,0.36103485722775064,0.48485180412371137,0.0425,0.4933862433862434,0.53125,0.961340206185567,0.483
4,85,331720,114,240422,71693,0.6264673134052542,0.6146785229308305,0.5536950969480903,0.559213736690574,0.9160875792133933,0.9996564547333908,0.9984124110462769,0.5797861370079456,0.22970059112827002,79218,4148,74494,3906,0.5138533437187048,0.5000324665588232,0.37932328915286906,0.3881940700506535,0.4986992227108198,0.9502435045462179,0.4849764092376459,0.5153663995003643,0.04982142857142857,1630,0,1524,0,0.5168040583386176,0.5,0.3407190635451505,0.3521699895869343,0.4992979405181714,1.0,,0.5168040583386176,0.0,394,0,394,0,0.5,0.5,0.3333333333333333,0.33333333333333326,0.5168324357752068,1.0,,0.5,0.0,1330,300,1236,288,0.5129993658845909,0.5024636490990773,0.45333217783170116,0.45940196855493176,0.4992979405181714,0.8159509202453987,0.4897959183673469,0.5183164458300857,0.1889763779527559,0.486,268,126,262,132,0.5076142131979695,0.5076142131979695,0.4924972777733514,0.49249727777335145,0.5168324357752068,0.6802030456852792,0.5116279069767442,0.5056603773584906,0.3350253807106599,0.485
0,86,331623,190,219165,92929,0.6593374509051773,0.6485935188272685,0.6050674771578504,0.6095508307918903,0.935862586825655,0.999427388318119,0.997959600081616,0.6020882807904312,0.29775964933641785,78935,4452,74256,4165,0.5135716404627707,0.499860578406626,0.38150583352552847,0.3902772498322069,0.49841283267120307,0.9466103829134037,0.4833468724614135,0.5152717848959796,0.05311077389984825,1635,0,1518,0,0.5185537583254044,0.5,0.34147869674185466,0.3541501231670995,0.518351847151209,1.0,,0.5185537583254044,0.0,394,0,395,0,0.49936628643852976,0.5,0.3330515638207946,0.33262944523547044,0.5138726466619546,1.0,,0.49936628643852976,0.0,580,1055,478,1040,0.5137963843958135,0.5199260253109476,0.5032226223556906,0.5005332089672246,0.518351847151209,0.3547400611620795,0.4964200477326969,0.5482041587901701,0.6851119894598156,0.484,78,316,59,336,0.5247148288973384,0.5243012272698065,0.4678095608113577,0.46803012386595455,0.5138726466619546,0.19796954314720813,0.5153374233128835,0.5693430656934306,0.850632911392405,0.484
1,86,332208,158,234918,77867,0.6356263882408925,0.6242359902281073,0.5685736228938816,0.5737358271718385,0.9185606092762136,0.9995246204485416,0.9979750080102531,0.5857745897737011,0.248947360007673,78854,3980,74040,3690,0.5140878403627214,0.49971205774534005,0.37772108957078465,0.3869810530645056,0.5001489969968753,0.9519520969650144,0.4810951760104302,0.5157429330124138,0.047472018525665766,1639,0,1514,0,0.5198223913732952,0.5,0.34202838063439067,0.35558802147780927,0.511005276762017,1.0,,0.5198223913732952,0.0,390,0,399,0,0.49429657794676807,0.5,0.33078880407124683,0.3270155477510425,0.518102949681897,1.0,,0.49429657794676807,0.0,258,1381,207,1307,0.4963526799873137,0.5103445732850926,0.43366593492506733,0.42619611306350325,0.511005276762017,0.1574130567419158,0.48623511904761907,0.5548387096774193,0.8632760898282695,0.483,352,38,352,47,0.5057034220532319,0.5101792943898207,0.41886246543883243,0.41629994540758786,0.518102949681897,0.9025641025641026,0.5529411764705883,0.5,0.11779448621553884,0.486
2,86,332162,185,223499,89205,0.6532305197573525,0.6423565643857371,0.5959040459021027,0.6005388739825394,0.9280024465115364,0.9994433528811754,0.9979304172726255,0.5977781417087037,0.28526977589029884,78438,4415,73729,4082,0.5136184832943286,0.49958665096039606,0.38104605068779623,0.3900356440656291,0.4996928259712409,0.9467128528840235,0.48040484877015416,0.5154731314936879,0.05246044903676858,1624,0,1530,0,0.5149017121116043,0.5,0.339891167852658,0.35002108851789254,0.5263933159470685,1.0,,0.5149017121116043,0.0,405,0,383,0,0.5139593908629442,0.5,0.3394803017602682,0.34895817820535185,0.5157463817167908,1.0,,0.5139593908629442,0.0,292,1332,210,1320,0.5110970196575777,0.5212740268521202,0.45298558126414645,0.44767188942661473,0.5263933159470685,0.17980295566502463,0.497737556561086,0.5816733067729084,0.8627450980392157,0.483,260,145,228,155,0.5266497461928934,0.5233375237726847,0.5180933861709506,0.5198861473184052,0.5157463817167908,0.6419753086419753,0.5166666666666667,0.5327868852459017,0.4046997389033943,0.485
3,86,332258,184,215225,97135,0.6659300064205756,0.6552089175718261,0.6146983570524296,0.6190740837257499,0.9426902315990038,0.9994465199944652,0.9981093106176594,0.60688277078923,0.31097131514918686,77758,5000,73547,4608,0.511866660866431,0.4992713198286526,0.38471474621301244,0.39271584345360966,0.49903791084246374,0.9395828802049349,0.47960033305578686,0.5139156009385017,0.05895975945237029,1620,0,1534,0,0.5136334812935954,0.5,0.33933808127356513,0.34859080004006054,0.5255315724242278,1.0,,0.5136334812935954,0.0,409,0,379,0,0.5190355329949239,0.5,0.341687552213868,0.3546959615621117,0.46346388320828846,1.0,,0.5190355329949239,0.0,1060,560,955,579,0.5196575776791376,0.5158827884816586,0.5082199034514486,0.5102648930223036,0.5255315724242278,0.654320987654321,0.5083406496927129,0.5260545905707196,0.3774445893089961,0.485,409,0,378,1,0.5203045685279187,0.5013192612137203,0.3446048230945256,0.35752392202345157,0.46346388320828846,1.0,1.0,0.5196950444726811,0.002638522427440633,0.488
4,86,331600,232,221815,90302,0.6551792145030119,0.6443109214203061,0.5988533798820943,0.6034554231213727,0.9277205377607872,0.9993008510330529,0.997437426823072,0.5991886739607708,0.2893209918075593,78627,4741,73957,4441,0.5135071646699554,0.499889255233322,0.38394095463047406,0.3926210838178709,0.4990478687262181,0.9431316572305921,0.4836636898279242,0.5153030461909506,0.05664685323605194,1598,0,1556,0,0.5066582117945466,0.5,0.3362794612794613,0.34075750103017066,0.5319370131687746,1.0,,0.5066582117945466,0.0,431,0,357,0,0.5469543147208121,0.5,0.3535684987694832,0.38677163190265806,0.46997731807340104,1.0,,0.5469543147208121,0.0,959,639,860,696,0.5247305009511731,0.5237129638268916,0.5214026921165633,0.5219341292688584,0.5319370131687746,0.600125156445557,0.5213483146067416,0.5272127542605828,0.4473007712082262,0.485,14,417,10,347,0.4581218274111675,0.5022356970630479,0.34031427983256707,0.3141348248151003,0.46997731807340104,0.03248259860788863,0.45418848167539266,0.5833333333333334,0.9719887955182073,0.483
0,87,331577,118,228226,83986,0.6453773603952123,0.6343236823826461,0.5838491636902692,0.5886908334456415,0.9274929564429196,0.9996442514961034,0.9985969751735946,0.5923101519641731,0.2690031132691889,78902,4603,73984,4319,0.514319440324335,0.5000175406640559,0.3832931332019022,0.3924319295717304,0.5011139145999369,0.9448775522423807,0.4840842860345214,0.516083879491909,0.05515752908573107,1584,0,1569,0,0.5023786869647955,0.5,0.3343888537048765,0.33597966651983785,0.49623143480696064,1.0,,0.5023786869647955,0.0,416,0,373,0,0.5272496831432193,0.5,0.34522821576763485,0.36404293475116883,0.506386626108476,1.0,,0.5272496831432193,0.0,1424,160,1378,191,0.5122105930859499,0.5103617436313421,0.4241485693114455,0.42521988346928613,0.49623143480696064,0.898989898989899,0.5441595441595442,0.5082084225553176,0.12173358827278521,0.487,81,335,67,306,0.49049429657794674,0.5075434367910909,0.4453921692055898,0.43677265152998385,0.506386626108476,0.19471153846153846,0.47737909516380655,0.5472972972972973,0.8203753351206434,0.484
1,87,332302,146,216954,95749,0.6634896326596409,0.6528793637110644,0.6112215798143964,0.6155843767496681,0.934108912504879,0.9995608335739725,0.9984775014338599,0.6050038597666662,0.3061978938481562,77887,4865,73232,4580,0.5136082808101442,0.500034848045216,0.38552264858418667,0.39415406199895237,0.49863919183232563,0.9412098801237432,0.4849126521969296,0.515401769466447,0.05885981596668894,1602,0,1551,0,0.5080875356803045,0.5,0.33690851735015775,0.3423580366602935,0.49084196012238085,1.0,,0.5080875356803045,0.0,398,0,391,0,0.5044359949302915,0.5,0.33529907329401853,0.33827384327254595,0.4818272950429898,1.0,,0.5044359949302915,0.0,1243,359,1199,352,0.5058674278464954,0.5014277366058384,0.4629834420840253,0.46543808099972234,0.49084196012238085,0.7759051186017478,0.49507735583684953,0.509009009009009,0.22695035460992907,0.486,19,379,12,379,0.5044359949302915,0.5085240781914688,0.3741410895457893,0.3716075774966462,0.4818272950429898,0.04773869346733668,0.5,0.6129032258064516,0.969309462915601,0.483
2,87,332018,177,216011,96845,0.6648513063308172,0.6545092697564304,0.6134747920671064,0.6176996410478394,0.9356892718556904,0.9994671804211381,0.9981756714971862,0.6058402018871264,0.3095513590917227,77865,5140,72809,4850,0.5148321963850022,0.5002642681444692,0.38854785578583395,0.39779412141403575,0.5009647909103567,0.9380760195168966,0.4854854854854855,0.5167779444363327,0.062452516772041874,1593,0,1561,0,0.5050729232720355,0.5,0.335580366547293,0.33898511344948495,0.49484914180513484,1.0,,0.5050729232720355,0.0,407,0,381,0,0.516497461928934,0.5,0.34058577405857743,0.3518233757407132,0.47118987276467594,1.0,,0.516497461928934,0.0,83,1510,68,1493,0.49968294229549776,0.5042705655307312,0.3747170717783371,0.3718809669155363,0.49484914180513484,0.052102950408035156,0.49716949716949715,0.5496688741721855,0.9564381806534273,0.482,406,1,374,7,0.5241116751269036,0.5079578504775355,0.36003361177105014,0.3707254153982486,0.47118987276467594,0.9975429975429976,0.875,0.5205128205128206,0.01837270341207349,0.489
3,87,332277,96,239614,72815,0.6282424682305576,0.6163860596614079,0.5564187367329342,0.5619395933554401,0.9144977810480596,0.9997111678746469,0.9986833262470683,0.581014563964112,0.23306095144816902,79158,3669,74578,3508,0.5137310223536943,0.5003138384965667,0.37576028027231734,0.3844069331237094,0.5011083146335056,0.955702850519758,0.4887836143235335,0.5148956652963522,0.044924826473375506,1612,0,1542,0,0.5110970196575777,0.5,0.33822912295425933,0.3457357934066366,0.49214669164148267,1.0,,0.5110970196575777,0.0,388,0,400,0,0.49238578680203043,0.5,0.3299319727891156,0.3249076280258296,0.4903672680412371,1.0,,0.49238578680203043,0.0,279,1333,256,1286,0.49619530754597335,0.503529382420433,0.4390090877575804,0.435033878834852,0.49214669164148267,0.17307692307692307,0.49102710958381063,0.5214953271028038,0.833981841763943,0.483,381,7,391,9,0.4949238578680203,0.502229381443299,0.35008289124668435,0.3454106020008348,0.4903672680412371,0.9819587628865979,0.5625,0.49352331606217614,0.0225,0.487
4,87,331891,198,220786,91074,0.6568299663482667,0.6457193308694595,0.6010333397596364,0.6057203425844427,0.9306631305275046,0.9994037742894224,0.997830660005259,0.6005153100273758,0.29203488744949657,78426,4685,74230,4425,0.5121657208560514,0.499943973590639,0.3830607046358859,0.3908348151516499,0.4968176198668641,0.9436296037828927,0.4857299670691548,0.5137433183104496,0.056258343398385355,1609,0,1545,0,0.510145846544071,0.5,0.33781230317027083,0.3446670867476004,0.48473815371062046,1.0,,0.510145846544071,0.0,391,0,397,0,0.49619289340101524,0.5,0.33163698049194235,0.32911182581814585,0.4945917913765002,1.0,,0.49619289340101524,0.0,1607,2,1543,2,0.510145846544071,0.5000257451511623,0.33896713793348093,0.3457929555977038,0.48473815371062046,0.9987569919204475,0.5,0.5101587301587301,0.0012944983818770227,0.494,372,19,373,24,0.5025380710659898,0.5059300250600733,0.38201024327784894,0.3799321772815017,0.4945917913765002,0.9514066496163683,0.5581395348837209,0.4993288590604027,0.060453400503778336,0.486
0,88,331910,170,227939,83888,0.6457423199312944,0.6342545193548532,0.5840259528846943,0.5890655928432253,0.9073513907602484,0.9994880751626114,0.9979775869042804,0.5928562880348094,0.26902096354709504,78226,4894,74131,4557,0.511612528428755,0.4995167657670493,0.38390472034497375,0.39158774855802564,0.49948165417539664,0.941121270452358,0.4821711988149402,0.513438831166274,0.057912261081740544,1579,0,1574,0,0.5007928956549318,0.5,0.3336855452240068,0.3342147008618501,0.5012642102950655,1.0,,0.5007928956549318,0.0,381,0,408,0,0.4828897338403042,0.5,0.32564102564102565,0.3144974163985571,0.5365717153002934,1.0,,0.4828897338403042,0.0,200,1379,164,1410,0.5106248017760863,0.5112346530422727,0.4261057370918059,0.4257564847583998,0.5012642102950655,0.1266624445851805,0.5055575475080674,0.5494505494505495,0.8958068614993647,0.482,159,222,153,255,0.5247148288973384,0.5211614173228346,0.5175728226575684,0.5195815119125037,0.5365717153002934,0.41732283464566927,0.5345911949685535,0.5096153846153846,0.625,0.484
1,88,331973,144,238838,74196,0.6295719916732672,0.6182942971817776,0.559198587802588,0.5644082677432506,0.9014547072004879,0.9995664178587667,0.9980629539951574,0.5815812939834727,0.23702217650478863,78966,4117,73605,3876,0.5159437981116564,0.5002361553393186,0.3804400983960493,0.3905491904962868,0.4995432409752252,0.9504471432182275,0.4849243087701739,0.5175688695754763,0.05002516746040965,1579,0,1574,0,0.5007928956549318,0.5,0.3336855452240068,0.3342147008618501,0.5112700605871375,1.0,,0.5007928956549318,0.0,381,0,408,0,0.4828897338403042,0.5,0.32564102564102565,0.3144974163985571,0.47717564716175187,1.0,,0.4828897338403042,0.0,744,835,709,865,0.5103076435141135,0.5103697835230989,0.509585395770305,0.5095555508222138,0.5112700605871375,0.47118429385687144,0.5088235294117647,0.5120440467997247,0.5495552731893265,0.485,0,381,0,408,0.5171102661596958,0.5,0.3408521303258145,0.3525162716677625,0.47717564716175187,0.0,0.5171102661596958,,1.0,0.0
2,88,332249,289,230864,81649,0.6416515903393685,0.6301984288638118,0.5779521321728033,0.5830422425071428,0.9121641801343343,0.9991309263903674,0.9964729429568698,0.5900218961380753,0.2612659313372564,78342,4320,73799,4203,0.5137740875367226,0.500811109514267,0.38222546697389853,0.39049394337394117,0.5016088471835178,0.9477389852652972,0.4931362196409715,0.514930229195286,0.05388323376323684,1566,0,1588,0,0.4965123652504756,0.5,0.33177966101694917,0.3294654084670529,0.5001439596462613,1.0,,0.4965123652504756,0.0,394,0,394,0,0.5,0.5,0.3333333333333333,0.33333333333333326,0.5132765595609265,1.0,,0.5,0.0,144,1422,124,1464,0.5098287888395688,0.5069341903355626,0.4057408636059842,0.4074756623598773,0.5001439596462613,0.09195402298850575,0.5072765072765073,0.5373134328358209,0.9219143576826196,0.482,26,368,11,383,0.5190355329949239,0.5190355329949239,0.39482264257996535,0.3948226425799653,0.5132765595609265,0.06598984771573604,0.5099866844207723,0.7027027027027027,0.9720812182741116,0.483
3,88,332287,128,238804,73583,0.629449040170471,0.6175828571588382,0.558356237276234,0.5638600047338913,0.906677801490847,0.9996149391573785,0.998263488488828,0.5818459755100326,0.23555077516029796,79053,3732,74570,3558,0.5133892227476959,0.5002300103449899,0.37604622108714675,0.38451838955834583,0.5006727126977593,0.9549193694509875,0.48806584362139915,0.5145909141209324,0.045540651238992425,1545,0,1609,0,0.489854153455929,0.5,0.3287933602894233,0.3221215863330114,0.4976779080455609,1.0,,0.489854153455929,0.0,415,0,373,0,0.5266497461928934,0.5,0.34497090606816294,0.3633576802494609,0.5139442488452469,1.0,,0.5266497461928934,0.0,281,1264,263,1346,0.515852885225111,0.5092107300962828,0.45354706778505816,0.4572912671429581,0.4976779080455609,0.1818770226537217,0.5157088122605364,0.5165441176470589,0.836544437538844,0.483,302,113,265,108,0.5203045685279187,0.5086275396492135,0.48935382336604333,0.49605450015366587,0.5139442488452469,0.727710843373494,0.48868778280542985,0.5326278659611993,0.289544235924933,0.485
4,88,331431,219,223197,89102,0.6530532697465172,0.6423247883223926,0.5958147652205235,0.6003855029410707,0.9222677035174014,0.9993396653098146,0.9975481689636255,0.5975735087301759,0.28530991133497063,78090,5460,73113,5103,0.5142798857609139,0.4999461579396484,0.39012731551654695,0.39920057253058305,0.4999625677136347,0.9346499102333932,0.4831013916500994,0.5164580067855796,0.06524240564590365,1571,0,1583,0,0.4980976537729867,0.5,0.3324867724867725,0.3312217625724284,0.5093890247791119,1.0,,0.4980976537729867,0.0,389,0,399,0,0.4936548223350254,0.5,0.33050127442650806,0.3263070958170346,0.4955447745327329,1.0,,0.4936548223350254,0.0,1141,430,1110,473,0.5117311350665821,0.5125443676105084,0.48880028526046226,0.48838835382681933,0.5093890247791119,0.7262889879057924,0.5238095238095238,0.5068858285206574,0.29879974731522424,0.486,45,344,44,355,0.5076142131979695,0.5027027723550521,0.41745737781131154,0.4203656628237844,0.4955447745327329,0.11568123393316196,0.5078683834048641,0.5056179775280899,0.8897243107769424,0.484
0,89,331888,130,229546,82343,0.6433087386843132,0.6318111273723088,0.5802676174396959,0.5853526911920569,0.9294730250376234,0.9996084549632851,0.9984237265529324,0.5911433935244392,0.26401379978133244,79454,3728,75055,3571,0.5131081281518837,0.5003000789907088,0.37583383052267527,0.3840757516380591,0.5002452361304883,0.9551826116227068,0.4892451020687765,0.5142354167071174,0.045417546358710856,1634,0,1519,0,0.5182366000634316,0.5,0.3413411322331314,0.3537909356606005,0.5338462703753275,1.0,,0.5182366000634316,0.0,422,0,367,0,0.5348542458808618,0.5,0.34847233691164325,0.37276381793843716,0.5255175174658109,1.0,,0.5348542458808618,0.0,1105,529,940,579,0.5340945131620679,0.5287132067657085,0.5207568589841023,0.5236728860382203,0.5338462703753275,0.6762545899632803,0.5225631768953068,0.5403422982885085,0.38117182356813695,0.485,132,290,105,262,0.49936628643852976,0.5133463331482366,0.48539598197552597,0.4794854685488705,0.5255175174658109,0.3127962085308057,0.4746376811594203,0.5569620253164557,0.7138964577656676,0.484
1,89,332221,157,225478,87295,0.6502601716497378,0.6393139121592661,0.5913645404986717,0.5960788168462895,0.936050148416457,0.999527646234107,0.9982047294515849,0.5956994722959876,0.27910017808442544,78512,4310,73872,3870,0.5130788968884682,0.4988703642251798,0.3788418594820743,0.3879777903256272,0.4987243496566492,0.9479606867740455,0.4731051344743276,0.5152246955060898,0.04978004167631396,1655,0,1498,0,0.5248969235648588,0.5,0.34421797004991683,0.36135790702988413,0.5381398763305757,1.0,,0.5248969235648588,0.0,401,0,388,0,0.5082382762991128,0.5,0.3369747899159664,0.3425269727662929,0.5163894387741986,1.0,,0.5082382762991128,0.0,607,1048,470,1028,0.5185537583254044,0.5265078513546764,0.5098144562854715,0.5065553816530025,0.5381398763305757,0.3667673716012085,0.4951830443159923,0.5636025998142989,0.6862483311081442,0.484,88,313,70,318,0.514575411913815,0.5195195002185258,0.46949462888481996,0.46694658462665933,0.5163894387741986,0.2194513715710723,0.5039619651347068,0.5569620253164557,0.8195876288659794,0.484
2,89,332185,154,226490,86222,0.6486417353046503,0.6376299835052697,0.588864401705617,0.5936344269799396,0.9269825056169363,0.9995366177306907,0.9982170973418543,0.594594352709536,0.27572334927984854,78673,4188,73994,3809,0.5133819648458896,0.4992072531732044,0.3784221653373516,0.38754038859438017,0.49969474467884745,0.9494575252531348,0.4763036138551957,0.5153242023489032,0.04895698109327404,1658,0,1496,0,0.5256816740646798,0.5,0.34455527847049044,0.36225279118837866,0.5418341149377834,1.0,,0.5256816740646798,0.0,398,0,390,0,0.5050761421319797,0.5,0.33558178752107926,0.3389887092218009,0.4813812653008632,1.0,,0.5050761421319797,0.0,1014,644,809,687,0.5393151553582752,0.5354024080297762,0.5343094002542683,0.5367893156268955,0.5418341149377834,0.6115802171290712,0.5161532682193839,0.5562260010970927,0.4592245989304813,0.485,396,2,382,8,0.5126903553299492,0.5077438474423399,0.356734693877551,0.3599502745260541,0.4813812653008632,0.9949748743718593,0.8,0.5089974293059126,0.020512820512820513,0.487
3,89,332249,95,228587,83871,0.6453453928492777,0.6340687138451304,0.5835532966518747,0.5885005851596394,0.9313022876013168,0.9997141516019546,0.9988685896672462,0.5924173911803094,0.2684232760883063,78749,4107,74373,3684,0.5122830349319197,0.49881417728348576,0.3766263678911345,0.3852990694848031,0.5004085208754017,0.9504320749251713,0.4728532922603004,0.5142892595446767,0.047196279641800225,1631,0,1523,0,0.5171211160431198,0.5,0.34085684430512014,0.3525285434759993,0.5463377204547641,1.0,,0.5171211160431198,0.0,425,0,363,0,0.5393401015228426,0.5,0.3503709810387469,0.3779382409681915,0.5099724517906337,1.0,,0.5393401015228426,0.0,714,917,549,974,0.5351934051997463,0.5386477445971498,0.5320131868897086,0.5306921731301544,0.5463377204547641,0.43776824034334766,0.5150713907985193,0.5653206650831354,0.639527248850952,0.484,318,107,270,93,0.5215736040609137,0.5022168206125426,0.47910555320794157,0.4908078605540939,0.5099724517906337,0.7482352941176471,0.465,0.5408163265306123,0.256198347107438,0.485
4,89,331563,158,233431,78797,0.6372554348248075,0.625946879510437,0.5711855091249923,0.5762807397401325,0.922631996909711,0.9995236961181234,0.9979988601101893,0.5868434001069038,0.25237006290275055,79558,3921,74483,3804,0.5153246046758899,0.5008102731184916,0.37917923309188517,0.388510314873232,0.4993886499496839,0.953030103379293,0.4924271844660194,0.5164728870885024,0.04859044285769029,1646,0,1508,0,0.5218769816106531,0.5,0.34291666666666665,0.35792062988797296,0.5471527309996744,1.0,,0.5218769816106531,0.0,410,0,378,0,0.5203045685279187,0.5,0.34223706176961605,0.35613501351660554,0.5042069944508969,1.0,,0.5203045685279187,0.0,933,713,754,754,0.5348763474952442,0.5334143377885784,0.5333733709505404,0.5345320902978539,0.5471527309996744,0.5668286755771568,0.5139740967961827,0.5530527563722585,0.5,0.485,364,46,330,48,0.5228426395939086,0.5073945025164537,0.43140506018177355,0.44066456189439485,0.5042069944508969,0.8878048780487805,0.5106382978723404,0.5244956772334294,0.12698412698412698,0.486
0,90,331827,123,236057,75900,0.6332079011410032,0.6214661125745977,0.564393323915382,0.569769114052694,0.9095962128400423,0.9996294622684139,0.9983820685845073,0.5843217981136993,0.24330276288078165,78837,4413,74298,4260,0.5135530999703352,0.5006092203866588,0.3823468592224357,0.3906016788261894,0.49885717444321276,0.946990990990991,0.49117952265652026,0.5148202566363013,0.05422744978232644,1651,0,1502,0,0.523628290516968,0.5,0.3436719400499584,0.35991270093401917,0.5084369639188935,1.0,,0.523628290516968,0.0,392,0,397,0,0.4968314321926489,0.5,0.331922099915326,0.32981866455464587,0.4920963347555647,1.0,,0.4968314321926489,0.0,356,1295,306,1196,0.49222962258166825,0.5059492653042461,0.4534368348241069,0.4465557331861585,0.5084369639188935,0.21562689279224712,0.48012846246487356,0.5377643504531722,0.796271637816245,0.483,138,254,133,264,0.5095057034220533,0.5085141109340461,0.4966693865440249,0.49717876419791496,0.4920963347555647,0.3520408163265306,0.5096525096525096,0.5092250922509225,0.6649874055415617,0.484
1,90,332330,111,244067,68643,0.6215180632131082,0.6095880976931256,0.5456109351709811,0.5512908645698488,0.9060448966233603,0.999666106166207,0.9983855484771795,0.5765644165392949,0.21951008922004414,78771,3988,74116,3689,0.5135646844871827,0.4996126464184955,0.37743212314068353,0.38641431206626564,0.5002684130024708,0.9518118875288488,0.48052624723199167,0.5152236619202417,0.04741340530814215,1641,0,1512,0,0.5204567078972407,0.5,0.3423028785982478,0.35630765859798585,0.5206042095895844,1.0,,0.5204567078972407,0.0,402,0,387,0,0.5095057034220533,0.5,0.33753148614609574,0.3439484345519151,0.5082661627264196,1.0,,0.5095057034220533,0.0,639,1002,536,976,0.5122105930859499,0.5174496774131143,0.5065737740948164,0.5044160600002875,0.5206042095895844,0.38939670932358317,0.49342770475227504,0.5438297872340425,0.6455026455026455,0.484,102,300,81,306,0.5171102661596958,0.5222145088510933,0.48251607405685953,0.47997238346106275,0.5082661627264196,0.2537313432835821,0.504950495049505,0.5573770491803278,0.7906976744186046,0.484
2,90,332317,114,239248,73372,0.628925464808209,0.6171786733937185,0.5576396444265059,0.5630934797489949,0.9050158331928053,0.9996570716930732,0.9984486841030945,0.5814159369450543,0.23470027509436375,78745,4024,74076,3819,0.5138923467609421,0.500205150573735,0.37878861226197336,0.38757722505256637,0.5010225113523277,0.9513827640783385,0.48693102129287263,0.5152760419052356,0.04902753706913152,1634,0,1520,0,0.5180722891566265,0.5,0.3412698412698413,0.35360489577357046,0.5087281775430007,1.0,,0.5180722891566265,0.0,409,0,379,0,0.5190355329949239,0.5,0.341687552213868,0.3546959615621117,0.5169697634361433,1.0,,0.5190355329949239,0.0,1509,125,1380,140,0.5228281547241598,0.5078029375764994,0.4120594954762803,0.4212834744056143,0.5087281775430007,0.923500611995104,0.5283018867924528,0.5223260643821391,0.09210526315789473,0.487,294,115,264,115,0.5190355329949239,0.5111282425118218,0.4928672463886243,0.49725299274722196,0.5169697634361433,0.7188264058679706,0.5,0.5268817204301075,0.3034300791556728,0.485
3,90,332233,78,248415,64076,0.6146212325644151,0.602407192764173,0.5340309684172523,0.5399875499549215,0.8981782052545052,0.9997652801141099,0.9987841755775166,0.5721762582494041,0.20504910541423593,79084,3805,74552,3472,0.5130474231416977,0.4992971821352807,0.37506081287820237,0.38393909752788635,0.5010494504838834,0.9540952357972711,0.47711969218084377,0.51474914733526,0.04449912847329027,1619,0,1535,0,0.5133164235890932,0.5,0.3391996647810601,0.34823351761606613,0.5035178750706694,1.0,,0.5133164235890932,0.0,424,0,364,0,0.5380710659898477,0.5,0.34983498349834985,0.3764721649829958,0.5033303960190753,1.0,,0.5380710659898477,0.0,253,1366,226,1309,0.49524413443246673,0.5045190158399946,0.43151740488056717,0.4264482332116661,0.5035178750706694,0.15626930203829525,0.48934579439252335,0.5281837160751566,0.8527687296416938,0.483,9,415,3,361,0.46954314720812185,0.5064923284262907,0.337308868501529,0.31476893463108707,0.5033303960190753,0.02122641509433962,0.4652061855670103,0.75,0.9917582417582418,0.483
4,90,331571,96,236015,76267,0.6333389756021052,0.6219676621275549,0.564956470626929,0.5701486918962542,0.9112995254597116,0.9997105530547206,0.9987428466665793,0.5841775519480749,0.24422477120038938,79055,4478,74049,4184,0.5145642471223867,0.49993685560034845,0.3822271547082669,0.39159508875208676,0.4981396212219781,0.9463924437048831,0.48302932348187483,0.5163483645103981,0.053481267495813785,1627,0,1527,0,0.515852885225111,0.5,0.3403053754444677,0.35109501956128664,0.5172178395921155,1.0,,0.515852885225111,0.0,416,0,372,0,0.5279187817258884,0.5,0.34551495016611294,0.36480766311955076,0.5280642576509512,1.0,,0.5279187817258884,0.0,514,1113,440,1087,0.5076093849080533,0.5138860881111917,0.4908031041894873,0.48787007090526985,0.5172178395921155,0.3159188690842041,0.4940909090909091,0.5387840670859538,0.7118533071381794,0.484,229,187,187,185,0.5253807106598984,0.5238962985938793,0.5238962985938793,0.5253807106598984,0.5280642576509512,0.5504807692307693,0.49731182795698925,0.5504807692307693,0.49731182795698925,0.485
0,91,331412,112,236701,75682,0.6322248399225354,0.6209676366448108,0.5633518967105299,0.568506931340886,0.9183763925761046,0.9996621662383417,0.9985223104731246,0.5833557760515954,0.24227310705128,79964,3712,74677,3455,0.5155431128250766,0.4999292263613954,0.37604085952121424,0.3861494806287521,0.5001633829993937,0.9556384148381853,0.4820706013673783,0.5170944316190402,0.04422003788460554,1640,0,1513,0,0.520139549635268,0.5,0.34216565825161693,0.3559477827673021,0.5240952396305192,1.0,,0.520139549635268,0.0,387,0,402,0,0.49049429657794674,0.5,0.32908163265306123,0.3228253278497711,0.47706557651021375,1.0,,0.49049429657794674,0.0,366,1274,285,1228,0.5055502695845226,0.5174016249415634,0.4656086163138775,0.45972394118003534,0.5240952396305192,0.22317073170731708,0.4908073541167066,0.5622119815668203,0.8116325181758096,0.484,0,387,0,402,0.5095057034220533,0.5,0.33753148614609574,0.3439484345519151,0.47706557651021375,0.0,0.5095057034220533,,1.0,0.0
1,91,332763,93,234793,77502,0.6359208929382424,0.623944899446798,0.5683466297189408,0.5737896642054156,0.9255440681784632,0.9997205998990555,0.9988014691668278,0.5863086638146721,0.24816919899454043,78673,3671,74768,3452,0.5114782890311651,0.49977533337143953,0.3741126861197833,0.3816437711413403,0.5000903137284916,0.9554187311765278,0.4846272637933455,0.5127247606571907,0.04413193556635132,1615,0,1538,0,0.5122105930859499,0.5,0.3387164429530201,0.34698830026585953,0.5114233031519363,1.0,,0.5122105930859499,0.0,412,0,377,0,0.5221799746514575,0.5,0.3430474604496253,0.3582650284036644,0.5482539723416857,1.0,,0.5221799746514575,0.0,799,816,731,807,0.5093561687281953,0.5097221271644652,0.5093530100806279,0.5093226080977913,0.5114233031519363,0.49473684210526314,0.49722735674676527,0.5222222222222223,0.5247074122236671,0.484,178,234,138,239,0.5285171102661597,0.5329955447966831,0.5256819650937298,0.5240552424538111,0.5482539723416857,0.4320388349514563,0.5052854122621564,0.5632911392405063,0.6339522546419099,0.484
2,91,332302,69,248697,63983,0.6143467725807726,0.6022100675428393,0.5336566139123179,0.5395781845589755,0.9121838128184319,0.9997924006607075,0.9989227502654093,0.5719493493104119,0.20462773442497123,79737,3092,75027,2808,0.5137740875367226,0.49937319730118646,0.36913768601044816,0.37852704748950305,0.5014438872978131,0.9626700793200449,0.4759322033898305,0.5152167170659844,0.036076315282328,1617,0,1537,0,0.5126823081800888,0.5,0.33892265772374763,0.3475193009126823,0.5179575822758276,1.0,,0.5126823081800888,0.0,410,0,378,0,0.5203045685279187,0.5,0.34223706176961605,0.35613501351660554,0.49793521744741254,1.0,,0.5203045685279187,0.0,992,625,881,656,0.5225110970196576,0.5201436107654158,0.5170298998863223,0.5183349468228308,0.5179575822758276,0.6134817563388992,0.5120999219359875,0.5296316070475173,0.42680546519193235,0.485,74,336,62,316,0.4949238578680203,0.5082333204284424,0.4423272520359899,0.4353723289507627,0.49793521744741254,0.18048780487804877,0.48466257668711654,0.5441176470588235,0.8359788359788359,0.484
3,91,332130,132,221821,90719,0.655781154524955,0.6449331847027454,0.5996654483306348,0.6042498042943828,0.9364923700923743,0.9996027231522112,0.9985470715787388,0.5995656655552567,0.2902636462532796,78340,4598,73687,4288,0.5134948698986409,0.4997764909909913,0.38277758794093447,0.3915383218894584,0.49903094785026625,0.9445609973715305,0.4825568309700653,0.5153032027205694,0.054991984610452065,1629,0,1525,0,0.5164870006341155,0.5,0.3405812251724859,0.35181155092325905,0.523800380400326,1.0,,0.5164870006341155,0.0,398,0,390,0,0.5050761421319797,0.5,0.33558178752107926,0.3389887092218009,0.48379074861486926,1.0,,0.5050761421319797,0.0,929,700,815,710,0.5196575776791376,0.5179311455282835,0.5173304793906516,0.5184355854271929,0.523800380400326,0.5702885205647636,0.5035460992907801,0.5326834862385321,0.46557377049180326,0.485,81,317,74,316,0.5038071065989848,0.5068869990980543,0.455369185054771,0.4537202345341169,0.48379074861486926,0.20351758793969849,0.49921011058451814,0.5225806451612903,0.8102564102564103,0.484
4,91,331664,123,218591,93571,0.660355090232301,0.6496903456786329,0.6065705911063487,0.611003820119158,0.9386624937404299,0.9996292802309916,0.998687215830256,0.602745999582012,0.2997514111262742,79028,4385,74227,4126,0.5140387967805349,0.5000446881499523,0.381418785035416,0.39037792176648195,0.5015881158786119,0.9474302566746191,0.4847843966631418,0.5156634367557339,0.052659119625285564,1607,0,1547,0,0.5095117311350665,0.5,0.3375341314849821,0.3439551993001689,0.5217260136547079,1.0,,0.5095117311350665,0.0,420,0,368,0,0.5329949238578681,0.5,0.347682119205298,0.37062560930514,0.4920936853002071,1.0,,0.5329949238578681,0.0,1261,346,1157,390,0.5234622701331643,0.5183964064779614,0.4841197835473102,0.48682994335804647,0.5217260136547079,0.7846919726197884,0.529891304347826,0.521505376344086,0.25210084033613445,0.486,15,405,5,363,0.4796954314720812,0.5110636645962733,0.3536331626120358,0.33479627186283367,0.4920936853002071,0.03571428571428571,0.47265625,0.75,0.9864130434782609,0.482
0,92,331835,118,232345,79609,0.6389804738883099,0.6274196020642784,0.5735461798056846,0.5787344651028324,0.9228278564214165,0.9996445279904083,0.9985199493270787,0.5881722145414584,0.25519467613814856,79129,4118,74795,3766,0.512304706813013,0.4992350118026205,0.37720218448084214,0.3856027314289275,0.49898288983364925,0.9505327519310005,0.47767630644342973,0.5140783763415712,0.047937271674240396,1637,0,1516,0,0.5191880748493498,0.5,0.3417536534446764,0.3548688428093468,0.5093669963879482,1.0,,0.5191880748493498,0.0,405,0,384,0,0.5133079847908745,0.5,0.3391959798994975,0.34822400978275414,0.525707304526749,1.0,,0.5133079847908745,0.0,1057,580,948,568,0.5153821757056771,0.510181763087442,0.5034383642291386,0.5063937858828423,0.5093669963879482,0.645693341478314,0.49477351916376305,0.5271820448877805,0.37467018469656993,0.485,135,270,115,269,0.5120405576679341,0.5169270833333334,0.49754782364179206,0.4952765742794862,0.525707304526749,0.3333333333333333,0.49907235621521334,0.54,0.7005208333333334,0.484
1,92,332233,133,228041,84744,0.6463246588783091,0.6352667735949433,0.5852970792123211,0.5901255000206791,0.9206467456552263,0.9995998387320003,0.998433026614984,0.5929830761377469,0.2709337084578864,78256,4578,73654,4076,0.5127674945815999,0.4985853826634792,0.3805520768382557,0.38964923904049387,0.5006053784116185,0.9447328391723205,0.47099607118095677,0.5151471265881113,0.05243792615463785,1641,0,1512,0,0.5204567078972407,0.5,0.3423028785982478,0.35630765859798585,0.5012352933589984,1.0,,0.5204567078972407,0.0,401,0,388,0,0.5082382762991128,0.5,0.3369747899159664,0.3425269727662929,0.4686929583258349,1.0,,0.5082382762991128,0.0,560,1081,501,1011,0.49825562955915004,0.5049530628826789,0.48777552862967455,0.4847778944392037,0.5012352933589984,0.34125533211456427,0.48326959847036327,0.527803958529689,0.6686507936507936,0.484,379,22,364,24,0.5107731305449936,0.5034964136051623,0.3865932454642132,0.39114067787562207,0.4686929583258349,0.9451371571072319,0.5217391304347826,0.5100942126514132,0.061855670103092786,0.486
2,92,331904,195,218778,94174,0.6605338182562309,0.6501671863839275,0.6071788682100205,0.6114761265641819,0.9300000110973576,0.9994128256935432,0.9979336434634255,0.6027144522610145,0.30092154707431173,78445,4656,73282,4281,0.5149006622516556,0.49958281789237746,0.3835443384906193,0.39335302358026686,0.4987761746076077,0.9439717933598873,0.47901980530379323,0.5170141108701813,0.05519384242486753,1614,0,1540,0,0.5117311350665821,0.5,0.338506711409396,0.3464488473143723,0.5068403096284138,1.0,,0.5117311350665821,0.0,428,0,360,0,0.5431472081218274,0.5,0.3519736842105263,0.3823470478226022,0.48175623052959504,1.0,,0.5431472081218274,0.0,1526,88,1435,105,0.5171211160431198,0.5068294468852089,0.39414048729421486,0.40054482686312337,0.5068403096284138,0.9454770755885997,0.5440414507772021,0.5153664302600472,0.06818181818181818,0.488,0,428,0,360,0.45685279187817257,0.5,0.313588850174216,0.28652788340791313,0.48175623052959504,0.0,0.45685279187817257,,1.0,0.0
3,92,332234,158,224771,87639,0.6511657842252351,0.6400251245017353,0.5925338953305908,0.5973237823024945,0.923296058052897,0.999524657633156,0.9982003940909143,0.5964650227556305,0.28052559137031463,78415,4393,74037,4068,0.5125937618464637,0.49951665176280297,0.38030512602018307,0.3886733648770434,0.4960365455527439,0.9469495700898464,0.4807942323602411,0.5143586177944534,0.052083733435759554,1643,0,1511,0,0.5209258084971464,0.5,0.3425057327496352,0.35684015149502263,0.5024307442318917,1.0,,0.5209258084971464,0.0,399,0,389,0,0.5063451776649747,0.5,0.33614153327716934,0.34040728877561055,0.5058017795130499,1.0,,0.5063451776649747,0.0,985,658,888,623,0.5098287888395688,0.5059114072375717,0.5032854311522276,0.5056714068835233,0.5024307442318917,0.5995130858186245,0.48633879781420764,0.5258942872397224,0.4123097286565189,0.485,274,125,261,128,0.5101522842639594,0.5078828175838053,0.4927388314088068,0.4939315336591597,0.5058017795130499,0.6867167919799498,0.5059288537549407,0.5121495327102804,0.32904884318766064,0.485
4,92,331859,131,230022,81937,0.6425912611091872,0.631129257428486,0.5792081849822929,0.584288275562145,0.9168960820331054,0.9996054098015,0.9984037627333431,0.5906215017058772,0.262653105055472,78879,4331,74492,4064,0.5127344435789968,0.49984238121577224,0.38015120305746203,0.3883987790968555,0.4995473864484568,0.9479509674317991,0.48409767718880287,0.5143019214845049,0.051733794999745404,1633,0,1521,0,0.5177552314521243,0.5,0.3411322331313975,0.3532459966414535,0.5046108914873341,1.0,,0.5177552314521243,0.0,409,0,379,0,0.5190355329949239,0.5,0.341687552213868,0.3546959615621117,0.5105702175974608,1.0,,0.5190355329949239,0.0,1332,301,1210,311,0.5209258084971464,0.5100737058200905,0.46484594804764595,0.47099770551125425,0.5046108914873341,0.8156766687078996,0.5081699346405228,0.5239968528717546,0.2044707429322814,0.486,300,109,267,112,0.5228426395939086,0.5145054221958442,0.4940437158469946,0.49863928878533187,0.5105702175974608,0.7334963325183375,0.5067873303167421,0.5291005291005291,0.2955145118733509,0.485
0,93,331339,304,212942,99322,0.6688248458240087,0.6585769792993492,0.6194108826692855,0.6235381371031217,0.9347919316357671,0.9990833516763508,0.9969485877180656,0.6087645903494702,0.31807060692234773,77902,5655,72920,5331,0.5143936022940769,0.5002242867952157,0.3921159881445775,0.40105626760437885,0.4973338005694379,0.9323216486949029,0.4852539595849263,0.5165161581201682,0.06812692489552849,1621,0,1532,0,0.5141135426577862,0.5,0.3395475492249686,0.34913198686563535,0.509386833708361,1.0,,0.5141135426577862,0.0,426,0,363,0,0.5399239543726235,0.5,0.3506172839506173,0.3786133408440126,0.5236617131623534,1.0,,0.5399239543726235,0.0,488,1133,417,1115,0.5084046939422772,0.5144277619301498,0.4881643604921515,0.4852913307041751,0.509386833708361,0.30104873534855026,0.4959964412811388,0.5392265193370166,0.7278067885117493,0.484,232,194,186,177,0.5183776932826363,0.5161021223761301,0.5160259307566151,0.5187197678318757,0.5236617131623534,0.5446009389671361,0.477088948787062,0.5550239234449761,0.48760330578512395,0.485
1,93,332212,158,224186,88595,0.6522612535669944,0.6413869641985337,0.594430675808946,0.5990807748894799,0.9317444026810557,0.9995246261696302,0.998219778486361,0.597076193659934,0.2832493022274371,78341,4489,73487,4247,0.5143618743927655,0.500219848791323,0.38296711849510245,0.392004121168119,0.5015102837678027,0.9458046601472896,0.4861492673992674,0.5159851937718998,0.05463503743535647,1641,0,1512,0,0.5204567078972407,0.5,0.3423028785982478,0.35630765859798585,0.5171812580404902,1.0,,0.5204567078972407,0.0,406,0,383,0,0.514575411913815,0.5,0.3397489539748954,0.3496529158778391,0.5148233417793155,1.0,,0.514575411913815,0.0,561,1080,453,1059,0.5137963843958135,0.5211307710165114,0.501356953516334,0.49813469130056526,0.5171812580404902,0.34186471663619744,0.4950911640953717,0.5532544378698225,0.7003968253968254,0.484,70,336,58,325,0.5006337135614702,0.5104888808859278,0.44238882431443455,0.43713536371568235,0.5148233417793155,0.1724137931034483,0.491679273827534,0.546875,0.8485639686684073,0.484
2,93,332433,128,230935,81555,0.6417911141909709,0.6302997298524803,0.5779499136422146,0.5830574030841509,0.9278040437107735,0.9996151082057126,0.9984329664679309,0.5900814387753653,0.260984351499248,78433,4206,74062,3963,0.512846686252054,0.4999476734932775,0.3795449207691948,0.3878040096095052,0.4992758365165719,0.9491039339779039,0.48512669849430773,0.5143316174300797,0.05079141300865107,1629,0,1525,0,0.5164870006341155,0.5,0.3405812251724859,0.35181155092325905,0.5123002143525648,1.0,,0.5164870006341155,0.0,418,0,370,0,0.5304568527918782,0.5,0.3466003316749585,0.36771304223383927,0.49570671149618517,1.0,,0.5304568527918782,0.0,675,954,583,942,0.5126823081800888,0.5160347794583824,0.509164802210354,0.5077946875255135,0.5123002143525648,0.4143646408839779,0.49683544303797467,0.5365659777424483,0.6177049180327869,0.484,127,291,107,263,0.4949238578680203,0.5073192810034914,0.4794173107056543,0.4739444117071721,0.49570671149618517,0.3038277511961722,0.4747292418772563,0.5427350427350427,0.7108108108108108,0.484
3,93,331955,195,217006,95646,0.6631508587132174,0.6526656585704423,0.6108894962837378,0.61520161323506,0.9361036456777856,0.999412915851272,0.9979653801608914,0.6046968728197449,0.30591840128961273,77830,5220,72944,4919,0.514246829031837,0.5001606806527369,0.3887536486326606,0.3976814253293254,0.5005687692572118,0.937146297411198,0.4851563270539501,0.5162030588828312,0.06317506389427584,1645,0,1509,0,0.5215599239061509,0.5,0.3427797457803709,0.35756035625156,0.5152344292905183,1.0,,0.5215599239061509,0.0,402,0,386,0,0.5101522842639594,0.5,0.3378151260504202,0.3446743164270785,0.4646070167298224,1.0,,0.5101522842639594,0.0,248,1397,184,1325,0.49873176918199114,0.5144124110453792,0.4325677215435468,0.4242127443115798,0.5152344292905183,0.15075987841945288,0.4867744305657605,0.5740740740740741,0.8780649436713055,0.483,400,2,384,2,0.5101522842639594,0.5001031113860748,0.34239633329009384,0.349140291118189,0.4646070167298224,0.9950248756218906,0.5,0.5102040816326531,0.0051813471502590676,0.488
4,93,331958,118,234274,77599,0.6360084416623055,0.6242303420638614,0.568718142173704,0.5740628161210313,0.9216281234523536,0.9996446596562233,0.9984816706769433,0.5862579296118905,0.24881602447149961,79238,3886,75051,3591,0.5120297219440426,0.49945659422309996,0.37545405968120804,0.38354601465975346,0.49791423702636894,0.9532505654203359,0.4802728366992109,0.5135686925185853,0.04566262302586404,1652,0,1502,0,0.5237793278376665,0.5,0.34373699542238867,0.3600846648305555,0.5150727198279614,1.0,,0.5237793278376665,0.0,395,0,393,0,0.501269035532995,0.5,0.3338968723584108,0.3347443263491682,0.46682771282249497,1.0,,0.501269035532995,0.0,334,1318,261,1241,0.49936588459099557,0.5142054339170049,0.45423239084162337,0.4467681967265122,0.5150727198279614,0.20217917675544794,0.4849550605705354,0.561344537815126,0.8262316910785619,0.483,2,393,1,392,0.5,0.501259380938577,0.3377925280050507,0.33696069481533303,0.46682771282249497,0.005063291139240506,0.49936305732484076,0.6666666666666666,0.9974554707379135,0.481
0,94,331744,119,239757,72287,0.6274679417990486,0.6156489256816178,0.5552588651647314,0.560774660421038,0.9100732133037037,0.9996414182961041,0.9983564897936635,0.5804784243597124,0.23165643306713155,79878,3459,75264,3207,0.5134789380005933,0.4996812137054592,0.3726164299324243,0.38155640677190356,0.4999462511702396,0.958493826271644,0.4810981098109811,0.5148702479019222,0.04086860113927438,1627,0,1526,0,0.5160164922296225,0.5,0.3403765690376569,0.3512798463839314,0.5101804332363192,1.0,,0.5160164922296225,0.0,412,0,377,0,0.5221799746514575,0.5,0.3430474604496253,0.3582650284036644,0.5079961886121913,1.0,,0.5221799746514575,0.0,985,642,886,640,0.5153821757056771,0.5124029221822763,0.5095097076229151,0.5112288939312021,0.5101804332363192,0.6054087277197295,0.49921996879875197,0.5264564404061999,0.41939711664482304,0.485,282,130,254,123,0.5133079847908745,0.5053629831835389,0.492706449668475,0.4972413787834686,0.5079961886121913,0.6844660194174758,0.48616600790513836,0.5261194029850746,0.32625994694960214,0.485
1,94,332563,110,244401,68077,0.6210019049803844,0.608765541219354,0.5444367194580795,0.5502829038369235,0.906203982400915,0.9996693449723904,0.9983867892706821,0.5764016472431556,0.21786173746631762,79310,3217,74987,3050,0.5129418798734461,0.5000514211643441,0.37106863669102186,0.37942178200821414,0.5008339469699212,0.9610188180837786,0.48667624062549864,0.5140086975119412,0.03908402424490946,1638,0,1515,0,0.5195052331113226,0.5,0.34189104571070755,0.35522837480122993,0.522942733833823,1.0,,0.5195052331113226,0.0,401,0,388,0,0.5082382762991128,0.5,0.3369747899159664,0.3425269727662929,0.5108877291307813,1.0,,0.5082382762991128,0.0,678,960,576,939,0.5128449096098954,0.5168606970587168,0.5094837707560035,0.5078997857788821,0.522942733833823,0.4139194139194139,0.49447077409162715,0.5406698564593302,0.6198019801980198,0.484,302,99,283,105,0.5158428390367554,0.5118678818417872,0.4836528973192259,0.4857771066711441,0.5108877291307813,0.7531172069825436,0.5147058823529411,0.5162393162393163,0.2706185567010309,0.485
2,94,331983,167,232427,80474,0.6394176584487118,0.628341996520109,0.5747717462193056,0.5797193590860573,0.9177183891100757,0.9994972151136534,0.997929093141206,0.5881947520419554,0.25718677792656464,78790,4260,73516,4098,0.5159089777423692,0.5007526758293372,0.3824361378087605,0.3921501414219868,0.5010136367429506,0.9487055990367249,0.49030868628858576,0.5173138287395113,0.05279975262194965,1644,0,1510,0,0.5212428662016487,0.5,0.342642767819925,0.35720019676344744,0.5264703275809284,1.0,,0.5212428662016487,0.0,395,0,393,0,0.501269035532995,0.5,0.3338968723584108,0.3347443263491682,0.46017328566367116,1.0,,0.501269035532995,0.0,1431,213,1257,253,0.5339251743817375,0.5189938125392759,0.45836884721926274,0.46696353978273614,0.5264703275809284,0.8704379562043796,0.5429184549356223,0.5323660714285714,0.1675496688741722,0.487,395,0,392,1,0.5025380710659898,0.5012722646310432,0.3367174280879865,0.33755915724015906,0.46017328566367116,1.0,1.0,0.5019059720457433,0.002544529262086514,0.488
3,94,332126,134,245000,67542,0.6198305836520358,0.6078510284093337,0.5428602454595313,0.5485964242476659,0.9013031335640799,0.9995967013784386,0.9980199775400438,0.5754826502358237,0.21610535544022882,79303,3637,74668,3305,0.5133705791328234,0.4992677452504064,0.37365879167975613,0.38278993260819355,0.501256414675715,0.9561490233904028,0.47608758282915586,0.5150515356787967,0.04238646711041001,1634,0,1520,0,0.5180722891566265,0.5,0.3412698412698413,0.35360489577357046,0.5159678380467693,1.0,,0.5180722891566265,0.0,405,0,383,0,0.5139593908629442,0.5,0.3394803017602682,0.34895817820535185,0.4986429423331077,1.0,,0.5139593908629442,0.0,554,1080,460,1060,0.5117311350665821,0.5182068543451652,0.4988319878493718,0.4959258558676288,0.5159678380467693,0.3390452876376989,0.4953271028037383,0.5463510848126233,0.6973684210526315,0.484,405,0,382,1,0.5152284263959391,0.5013054830287206,0.34236926733780765,0.3517823898607752,0.4986429423331077,1.0,1.0,0.5146124523506989,0.0026109660574412533,0.487
4,94,331722,132,229534,82561,0.6433475321803435,0.6320701380096019,0.5805508832964961,0.5855307918106534,0.913258050410213,0.9996022347176771,0.9984037342943175,0.5910351069743575,0.2645380413015268,79404,3942,74531,3889,0.5148980626336808,0.5011475649733376,0.37973053829386255,0.3885477961220814,0.5007023111523009,0.9527031891152545,0.49661601328055166,0.5158281092668984,0.04959194083142056,1613,0,1541,0,0.5114140773620799,0.5,0.3383679462974617,0.3460922621292363,0.5158883069222207,1.0,,0.5114140773620799,0.0,426,0,362,0,0.5406091370558376,0.5,0.35090609555189456,0.379406083007886,0.49885222939849044,1.0,,0.5406091370558376,0.0,962,651,866,675,0.5190234622701332,0.5172157353881285,0.5150076322708161,0.5160150878804008,0.5158883069222207,0.5964042157470552,0.5090497737556561,0.526258205689278,0.4380272550292018,0.485,395,31,327,35,0.5456852791878173,0.5119575649106425,0.42585235598684423,0.44715598677812834,0.49885222939849044,0.9272300469483568,0.5303030303030303,0.5470914127423823,0.09668508287292818,0.486
0,95,331787,181,238119,73820,0.6299155002197522,0.6180517993538399,0.5591594563085112,0.5646530768239191,0.9095149483569407,0.9994547667245036,0.9975540871069309,0.5821784645187101,0.2366488319831762,79193,4039,74837,3739,0.5125333728863839,0.49952874766577493,0.37707720732350775,0.38543572916278396,0.5029202905357226,0.9514729911572473,0.4807148367189509,0.5141401025774199,0.047584504174302586,1597,0,1556,0,0.5065017443704408,0.5,0.33621052631578946,0.3405824361093027,0.5083797061649977,1.0,,0.5065017443704408,0.0,392,0,397,0,0.4968314321926489,0.5,0.331922099915326,0.32981866455464587,0.5129093198992443,1.0,,0.4968314321926489,0.0,277,1320,242,1314,0.5045987947986045,0.5089616134365045,0.44451119101650793,0.44213549983515216,0.5083797061649977,0.17345021916092673,0.4988610478359909,0.5337186897880539,0.8444730077120822,0.483,121,271,105,292,0.523447401774398,0.5220949210918624,0.4999595469255663,0.5006463263071111,0.5129093198992443,0.3086734693877551,0.5186500888099467,0.5353982300884956,0.7355163727959698,0.484
1,95,331945,136,249430,63640,0.6131665300061536,0.6014338418548911,0.5322699739839257,0.538001974604632,0.8974558229302689,0.9995904613633421,0.9978675363773206,0.5709653837884326,0.2032772223464401,79662,3457,74244,3201,0.5160745870805411,0.4998707933050174,0.37415160309473466,0.3846833906875658,0.5004684332433836,0.9584090280200677,0.4807750075097627,0.5176016529569998,0.041332558589967074,1597,0,1556,0,0.5065017443704408,0.5,0.33621052631578946,0.3405824361093027,0.5213506848477141,1.0,,0.5065017443704408,0.0,392,0,397,0,0.4968314321926489,0.5,0.331922099915326,0.32981866455464587,0.4935614044106307,1.0,,0.4968314321926489,0.0,1142,455,1059,497,0.5198223913732952,0.517249767800487,0.4988504400452517,0.5001835408273444,0.5213506848477141,0.715090795241077,0.5220588235294118,0.5188550658791459,0.3194087403598972,0.486,166,226,163,234,0.5069708491761724,0.5064450213334705,0.5032812912184393,0.5035525822447432,0.4935614044106307,0.42346938775510207,0.508695652173913,0.5045592705167173,0.5894206549118388,0.485
2,95,332343,116,241597,70995,0.6252807917513499,0.6133841107551847,0.5516889443697782,0.5572832065486726,0.9145368172786883,0.9996510847954184,0.9983687474511679,0.5790553019479389,0.22711713671495112,79138,3603,74527,3396,0.5137056216700692,0.5000179813592345,0.37474425460684824,0.3835836814309432,0.5001263980975985,0.9564544784326996,0.48521217316759535,0.5150034165229558,0.04358148428576929,1597,0,1557,0,0.5063411540900444,0.5,0.33613976005051566,0.34040278807905733,0.505410956397452,1.0,,0.5063411540900444,0.0,392,0,396,0,0.49746192893401014,0.5,0.33220338983050846,0.3305170782070033,0.5486304370232942,1.0,,0.49746192893401014,0.0,1355,242,1288,269,0.5149017121116043,0.5106170086896231,0.4496528411371848,0.45205611446957594,0.505410956397452,0.8484658735128365,0.5264187866927593,0.5126749905410518,0.17276814386640976,0.486,303,89,275,121,0.5380710659898477,0.5392573696145124,0.5120411010173183,0.5114690138750648,0.5486304370232942,0.7729591836734694,0.5761904761904761,0.5242214532871973,0.3055555555555556,0.485
3,95,332138,221,231176,81267,0.641134797968989,0.6297184494729273,0.5771226163083898,0.5822043778908464,0.923687872082573,0.9993350563697688,0.9972879442371883,0.5896143181245274,0.2601018425760859,78686,4155,73998,4074,0.5143151889530367,0.5010131385583544,0.38129454544928576,0.38979687012721137,0.5002571274706088,0.9498436764404099,0.4950783813343055,0.5153519687721044,0.052182600676298804,1584,0,1570,0,0.5022194039315155,0.5,0.3343182777543267,0.3358022523543776,0.5103796725213923,1.0,,0.5022194039315155,0.0,405,0,383,0,0.5139593908629442,0.5,0.3394803017602682,0.34895817820535185,0.5317280727202398,1.0,,0.5139593908629442,0.0,1306,278,1254,316,0.5142675967025999,0.512884417422634,0.461180318158137,0.4619310473496749,0.5103796725213923,0.8244949494949495,0.531986531986532,0.51015625,0.20127388535031848,0.486,287,118,246,137,0.5380710659898477,0.5331721625890469,0.5207036915734806,0.523250906487881,0.5317280727202398,0.7086419753086419,0.5372549019607843,0.5384615384615384,0.3577023498694517,0.485
4,95,331815,118,238144,73872,0.6299986489613308,0.6182007979760706,0.5592851685522995,0.5647452910960655,0.9124292149023291,0.9996445065721095,0.9984051898905257,0.5821734545818208,0.2367570893800318,79641,3626,75044,3455,0.51368025419433,0.5002333181943078,0.3750651337860281,0.3837401776800084,0.5011394231657595,0.9564533368561375,0.4879254342606976,0.5148592300481624,0.04401329953247812,1581,0,1573,0,0.5012682308180089,0.5,0.33389651531151004,0.33474343101299775,0.5152488245467373,1.0,,0.5012682308180089,0.0,408,0,380,0,0.5177664974619289,0.5,0.3411371237458194,0.3532587474322191,0.48454592363261095,1.0,,0.5177664974619289,0.0,645,936,595,978,0.5145846544071021,0.5148557669689289,0.5091126437417268,0.5089811840260422,0.5152488245467373,0.4079696394686907,0.5109717868338558,0.5201612903225806,0.6217418944691672,0.484,14,394,10,370,0.4873096446700508,0.5039989680082559,0.3558339808339808,0.34549319828507646,0.48454592363261095,0.03431372549019608,0.48429319371727747,0.5833333333333334,0.9736842105263158,0.483
0,96,331651,134,226847,85275,0.6474941257044884,0.6364032996934971,0.587034691735537,0.5918598932573228,0.9271525862231986,0.9995961239959612,0.9984310786919411,0.5938266564965318,0.273210475391033,78948,4467,74174,4219,0.5139857114604964,0.500133530614874,0.3822162225446622,0.3910715046083232,0.4996354492959687,0.9464484804891207,0.4857241538107299,0.5155888768433015,0.05381858074062735,1648,0,1505,0,0.5226768157310498,0.5,0.34326182045407205,0.3588299905539555,0.5049499242008838,1.0,,0.5226768157310498,0.0,394,0,395,0,0.49936628643852976,0.5,0.3330515638207946,0.33262944523547044,0.4961575531709824,1.0,,0.49936628643852976,0.0,1483,165,1324,181,0.5277513479226134,0.510072210753798,0.4306693806423682,0.4413319930241463,0.5049499242008838,0.899878640776699,0.523121387283237,0.5283220520128251,0.12026578073089701,0.487,382,12,377,18,0.5069708491761724,0.5075563837306432,0.3736625682363145,0.3732963366952709,0.4961575531709824,0.9695431472081218,0.6,0.5032938076416338,0.04556962025316456,0.487
1,96,332459,128,239811,72753,0.6280886180134573,0.6161885343256523,0.5561667316641237,0.5617118169928135,0.9102212682256385,0.9996151382946417,0.9982437123530138,0.5809478043580827,0.23276193035666295,78505,4108,74194,3757,0.5123315313519843,0.49923555707951434,0.3774006095505046,0.3858161920067375,0.50042395213051,0.9502741699248303,0.47768595041322315,0.5141160059987295,0.04819694423419841,1610,0,1543,0,0.5106248017760863,0.5,0.33802225488137727,0.345205093789418,0.5092531689899888,1.0,,0.5106248017760863,0.0,432,0,357,0,0.5475285171102662,0.5,0.3538083538083538,0.3874403266038247,0.4923228550679531,1.0,,0.5475285171102662,0.0,671,939,609,934,0.5090390104662227,0.5110422545416488,0.5055991345429204,0.504722816341927,0.5092531689899888,0.41677018633540375,0.4986652429257875,0.52421875,0.6053143227478938,0.484,415,17,340,17,0.5475285171102662,0.5041335978835979,0.39309915387714733,0.4222001645366547,0.4923228550679531,0.9606481481481481,0.5,0.5496688741721855,0.047619047619047616,0.486
2,96,332314,129,247019,65589,0.6168551013795809,0.60471212621381,0.5378352606430977,0.5437115697292656,0.8904254603230406,0.9996119635546545,0.9980370674700996,0.5736148294676809,0.2098122888729655,79054,3703,74400,3507,0.5138736742518548,0.5001348754223185,0.37587746385179427,0.38473660611343663,0.49789034404119953,0.9552545404014162,0.48640776699029126,0.5151641534270857,0.045015210443220766,1637,0,1517,0,0.5190234622701332,0.5,0.3416823210185765,0.35468228250311334,0.4986391251420976,1.0,,0.5190234622701332,0.0,405,0,383,0,0.5139593908629442,0.5,0.3394803017602682,0.34895817820535185,0.4808496921638784,1.0,,0.5139593908629442,0.0,1501,136,1373,144,0.5215599239061509,0.5059226948986623,0.4128757416946666,0.4224867231724692,0.4986391251420976,0.9169211973121564,0.5142857142857142,0.522268615170494,0.09492419248516809,0.487,400,5,377,6,0.5152284263959391,0.5016600586661509,0.3536379018612521,0.3626607230281636,0.4808496921638784,0.9876543209876543,0.5454545454545454,0.5148005148005148,0.015665796344647518,0.489
3,96,332072,199,233507,79024,0.6375538537411485,0.6261264041937826,0.5715708505764188,0.5767181130818397,0.9125686406968845,0.9994010912779027,0.9974881032023528,0.5871363682173489,0.2528517171096627,78684,4245,74108,3876,0.5130722812948612,0.49925706856297863,0.3788162083110509,0.3876908778772062,0.5002977712633961,0.9488116340484029,0.4772811230144071,0.5149746060003142,0.04970250307755437,1630,0,1524,0,0.5168040583386176,0.5,0.3407190635451505,0.3521699895869343,0.5134248748047598,1.0,,0.5168040583386176,0.0,412,0,376,0,0.5228426395939086,0.5,0.3433333333333333,0.3590186125211506,0.5083918611857055,1.0,,0.5228426395939086,0.0,1294,336,1171,353,0.5221940393151554,0.5127461636313866,0.47550709069010016,0.48076619436093526,0.5134248748047598,0.7938650306748466,0.5123367198838897,0.5249492900608519,0.2316272965879265,0.486,271,141,239,137,0.5177664974619289,0.5110643462094608,0.5034063696126623,0.5072643144079877,0.5083918611857055,0.6577669902912622,0.49280575539568344,0.5313725490196078,0.36436170212765956,0.485
4,96,331540,174,229136,83099,0.6439003709921127,0.6328089702875517,0.5816261804626518,0.5865087842089068,0.9202896077168893,0.9994754517445752,0.9979104871927276,0.5913219042726994,0.26614248883052827,79112,4374,74148,4132,0.514595155966025,0.5001964284925162,0.3817754066748353,0.39099732738449033,0.4998528345534444,0.9476079821766523,0.4857747472372443,0.516194701813911,0.05278487480838017,1643,0,1511,0,0.5209258084971464,0.5,0.3425057327496352,0.35684015149502263,0.5243942474199148,1.0,,0.5209258084971464,0.0,399,0,389,0,0.5063451776649747,0.5,0.33614153327716934,0.34040728877561055,0.5438403205958341,1.0,,0.5063451776649747,0.0,1292,351,1123,388,0.5326569435637286,0.5215749949749715,0.4908278845627293,0.49693566751420265,0.5243942474199148,0.7863664029214851,0.5250338294993234,0.5349896480331263,0.256783587028458,0.486,251,148,226,163,0.5253807106598984,0.5240479089755237,0.5193868232224397,0.5200679467948781,0.5438403205958341,0.6290726817042607,0.5241157556270096,0.5262054507337526,0.4190231362467866,0.485
0,97,331968,114,227117,84708,0.6471058708788692,0.6356545402057459,0.5860694733235738,0.5910699356113583,0.9269019280886661,0.9996567112941984,0.9986560090542548,0.5937701780587925,0.27165236911729335,79076,4042,74809,3881,0.5126878769900128,0.5003452289377589,0.3784583010664446,0.3863626638856422,0.5003682029805352,0.9513703409610433,0.4898397071816231,0.5138642492770575,0.04932011691447452,1606,0,1547,0,0.5093561687281953,0.5,0.33746585417104435,0.3437806291143021,0.5240963709940342,1.0,,0.5093561687281953,0.0,424,0,365,0,0.5373891001267427,0.5,0.34954657873042044,0.37568504279264453,0.5222796588265701,1.0,,0.5373891001267427,0.0,733,873,651,896,0.5166508087535681,0.5177994849630627,0.5153555680172348,0.5148867385482553,0.5240963709940342,0.4564134495641345,0.5065008479366874,0.5296242774566474,0.579185520361991,0.484,175,249,137,228,0.5107731305449936,0.5186966916515896,0.5085555871114324,0.5060870010250152,0.5222796588265701,0.41273584905660377,0.4779874213836478,0.5608974358974359,0.6246575342465753,0.484
1,97,332297,182,209788,102884,0.6745413089338775,0.6642501445781835,0.627430495505514,0.6314979366774423,0.9421366479192064,0.9994525970061267,0.9982341412298915,0.6129979615742919,0.3290476921502405,77416,5305,72795,5048,0.5135895966717321,0.5003586203691467,0.3895906627294478,0.3979488707740319,0.500073944394242,0.9358687636754874,0.4875881387037574,0.5153816964137113,0.0648484770628059,1620,0,1533,0,0.5137963843958135,0.5,0.33940917661847897,0.34877441555466915,0.523431824953895,1.0,,0.5137963843958135,0.0,410,0,379,0,0.5196451204055766,0.5,0.3419516263552961,0.3553869881005612,0.5133792393332903,1.0,,0.5196451204055766,0.0,632,988,527,1006,0.5195052331113226,0.523176535961924,0.5126481745253524,0.5110530833569582,0.523431824953895,0.39012345679012345,0.5045135406218656,0.545297670405522,0.6562296151337247,0.484,385,25,342,37,0.5348542458808618,0.5183248600296029,0.42251060494558423,0.4325182281323475,0.5133792393332903,0.9390243902439024,0.5967741935483871,0.5295735900962861,0.09762532981530343,0.486
2,97,331722,213,216496,96620,0.6640436182565409,0.6539670218063262,0.6125791443465313,0.6166986751651226,0.9322625829219363,0.9993583081024899,0.9978003366620883,0.6050914052438994,0.3085757355101624,78073,5192,72660,4739,0.5154359408454912,0.4994365250175308,0.3879135808171395,0.398114117593073,0.5016521346054132,0.9376448687924098,0.4771926291410734,0.517955590348497,0.06122818124265171,1649,0,1505,0,0.5228281547241598,0.5,0.34332708723714345,0.3590021349740327,0.526312735595317,1.0,,0.5228281547241598,0.0,381,0,407,0,0.48350253807106597,0.5,0.32591958939264326,0.3151658973568454,0.5220388606215378,1.0,,0.48350253807106597,0.0,1087,562,938,567,0.5244134432466709,0.5179657861706178,0.5111247788126377,0.5148047166559084,0.526312735595317,0.6591873862947241,0.5022143489813995,0.5367901234567901,0.3767441860465116,0.486,364,17,368,39,0.5114213197969543,0.5256018366254587,0.41127728649632556,0.40326576383227525,0.5220388606215378,0.9553805774278216,0.6964285714285714,0.4972677595628415,0.09582309582309582,0.487
3,97,332354,99,220846,91503,0.657344425110344,0.6463266837717933,0.60178440119261,0.6064220349198609,0.9307275449422497,0.9997022135459749,0.998919237571232,0.6007845263919016,0.2929511539976116,78429,4318,73983,4183,0.5133954372859868,0.500665577484155,0.38177996983716866,0.3899006828234984,0.5016993833639198,0.9478168392811824,0.4920597576755676,0.5145854657113613,0.053514315687127396,1612,0,1542,0,0.5110970196575777,0.5,0.33822912295425933,0.3457357934066366,0.5312627730413597,1.0,,0.5110970196575777,0.0,418,0,370,0,0.5304568527918782,0.5,0.3466003316749585,0.36771304223383927,0.5250549592654856,1.0,,0.5304568527918782,0.0,1102,510,975,567,0.5291693088142042,0.5256635544698806,0.5152207873505239,0.5170458275420334,0.5312627730413597,0.6836228287841191,0.5264623955431755,0.5305729417428984,0.36770428015564205,0.485,331,87,279,91,0.5355329949238579,0.51890598732704,0.4880428299582493,0.49754086295137095,0.5250549592654856,0.7918660287081339,0.5112359550561798,0.5426229508196722,0.24594594594594596,0.485
4,97,331693,158,223054,89044,0.6533700650206771,0.6424158513430086,0.5960076839369925,0.6006773059570545,0.9308432327092567,0.9995238827063954,0.9982287392659357,0.5979176092885585,0.2853078199796218,78821,4528,74166,4251,0.513531891744866,0.4999421986320652,0.38226469318222417,0.39094660042791207,0.5013230383876477,0.9456742132479093,0.48422371568515776,0.5152137109689059,0.05421018401622097,1633,0,1521,0,0.5177552314521243,0.5,0.3411322331313975,0.3532459966414535,0.522810073142166,1.0,,0.5177552314521243,0.0,397,0,391,0,0.5038071065989848,0.5,0.33502109704641353,0.3375720191051425,0.5242709064788986,1.0,,0.5038071065989848,0.0,612,1021,496,1025,0.5190234622701332,0.5243345560600259,0.5106324984169717,0.5083569827957753,0.522810073142166,0.3747703612982241,0.5009775171065494,0.5523465703971119,0.6738987508218277,0.484,288,109,262,129,0.5291878172588832,0.5276820398513145,0.5092057085969751,0.5099597504332736,0.5242709064788986,0.72544080604534,0.542016806722689,0.5236363636363637,0.329923273657289,0.485
0,98,331661,161,223988,88097,0.651892276369103,0.6409000374743321,0.5937685505985736,0.5984785569030067,0.9278145818751267,0.99951480010367,0.9981758027600898,0.5968894032023814,0.28228527484499416,78750,4628,74155,4275,0.5131081281518837,0.49950047761267236,0.38223734750322175,0.39093219305742893,0.4986987993433352,0.9444937513492768,0.4801752218353364,0.5150256695333704,0.05450720387606783,1646,0,1507,0,0.5220424992071043,0.5,0.34298812252552613,0.3581087533631564,0.5210866906239896,1.0,,0.5220424992071043,0.0,419,0,370,0,0.5310519645120405,0.5,0.3468543046357616,0.36839531975255796,0.5119396245887893,1.0,,0.5310519645120405,0.0,601,1045,502,1005,0.5093561687281953,0.5160077193429448,0.5011664220577361,0.49834866268349387,0.5210866906239896,0.36512758201701095,0.4902439024390244,0.5448776065276518,0.6668878566688786,0.484,400,19,338,32,0.5475285171102662,0.5205702122169902,0.4217311952239492,0.4384813821055512,0.5119396245887893,0.954653937947494,0.6274509803921569,0.5420054200542005,0.08648648648648649,0.486
1,98,332089,239,220342,92481,0.6580939965992457,0.6474572320315531,0.6033864226446416,0.6078398266628069,0.9296531857278176,0.9992808309862545,0.9974223468507334,0.6011411379882736,0.29563363307685175,77907,4965,73098,4594,0.5138200343788146,0.49960962812024085,0.3857636859002568,0.39481162944531606,0.5027000391637083,0.9400883289892846,0.48059420441468775,0.5159233137975564,0.059130927251197035,1633,0,1520,0,0.5179194418014589,0.5,0.34120351023819473,0.3534318631265284,0.5225154703967512,1.0,,0.5179194418014589,0.0,432,0,357,0,0.5475285171102662,0.5,0.3538083538083538,0.3874403266038247,0.4930879759311132,1.0,,0.5475285171102662,0.0,920,713,769,751,0.5299714557564225,0.528729614529281,0.5286172046620708,0.5295227098316668,0.5225154703967512,0.5633802816901409,0.5129781420765027,0.5447010065127295,0.49407894736842106,0.485,78,354,62,295,0.47275031685678076,0.5034430438842203,0.42960419302367614,0.41469193824264916,0.4930879759311132,0.18055555555555555,0.45454545454545453,0.5571428571428572,0.8263305322128851,0.484
2,98,332287,131,223082,89551,0.6539606945807386,0.6430236042185717,0.5968761149677972,0.6015289823119161,0.9366418911224909,0.9996059178504172,0.9985392832452443,0.5983175150215443,0.2864412905867263,78232,4550,73683,4199,0.5130645321914057,0.4994756287283889,0.3818018603098951,0.39048970346388595,0.49883509900355427,0.9450363605614747,0.4799405646359584,0.5149721883948261,0.05391489689530315,1653,0,1501,0,0.5240963855421686,0.5,0.3438735177865613,0.3604457355112148,0.5330138850768171,1.0,,0.5240963855421686,0.0,412,0,376,0,0.5228426395939086,0.5,0.3433333333333333,0.3590186125211506,0.46494138607725677,1.0,,0.5228426395939086,0.0,985,668,815,686,0.5298034242232086,0.5264574574804537,0.5255394050606012,0.5277070669760404,0.5330138850768171,0.5958862673926195,0.5066469719350074,0.5472222222222223,0.4570286475682878,0.485,1,411,0,376,0.4784263959390863,0.5012135922330098,0.3257231131810318,0.31106359803625855,0.46494138607725677,0.0024271844660194173,0.4777636594663278,1.0,1.0,0.481
3,98,332198,230,214702,97672,0.6666697683940186,0.6559922960047072,0.6158503510045817,0.6201958504218223,0.9390035615346017,0.9993081208562455,0.9976507119364262,0.6074200036569757,0.31267647115316893,77669,5103,73199,4942,0.5133892227476959,0.500796682226809,0.38847087592052487,0.396425237631535,0.49971054410152194,0.9383487169574252,0.49198606271777,0.5148142747302278,0.06324464749619278,1669,0,1485,0,0.5291693088142042,0.5,0.3460501762388555,0.3662382651506974,0.5232258676237107,1.0,,0.5291693088142042,0.0,396,0,392,0,0.5025380710659898,0.5,0.3344594594594595,0.33615722321306085,0.4757395382395383,1.0,,0.5025380710659898,0.0,683,986,551,934,0.5126823081800888,0.519091655520655,0.5095763509620662,0.5072994739576193,0.5232258676237107,0.4092270820850809,0.4864583333333333,0.553484602917342,0.6289562289562289,0.484,29,367,19,373,0.5101522842639594,0.5123814677386106,0.3948206156686722,0.3934795497547735,0.4757395382395383,0.07323232323232323,0.504054054054054,0.6041666666666666,0.951530612244898,0.483
4,98,331644,160,227524,84621,0.6464254156773285,0.6353064758579888,0.585418057440737,0.590273247668259,0.924084681440778,0.9995177876095527,0.99811278470412,0.5931026095913929,0.2710951641064249,79108,4288,74379,3991,0.5136987995005131,0.49975388236258655,0.3800132818793589,0.38895804021054786,0.5009466584841356,0.9485826658352918,0.4820630510931272,0.5154052134708477,0.05092509888988133,1659,0,1495,0,0.525998731769182,0.5,0.34469146062746725,0.3626145422834294,0.516566170941515,1.0,,0.525998731769182,0.0,406,0,382,0,0.5152284263959391,0.5,0.34003350083752093,0.3503898511168363,0.49486756247904473,1.0,,0.5152284263959391,0.0,1312,347,1145,350,0.5269499048826887,0.5124757832517877,0.47842760670483,0.48669959932558754,0.516566170941515,0.7908378541289933,0.5021520803443329,0.5339845339845339,0.23411371237458195,0.486,73,333,62,320,0.4987309644670051,0.5087496453717794,0.4441140489521105,0.43880714218143246,0.49486756247904473,0.17980295566502463,0.4900459418070444,0.5407407407407407,0.837696335078534,0.484
0,99,331466,152,236070,76219,0.6331426743302992,0.6218036171872556,0.5647492164536125,0.5699284238382184,0.9098636023013693,0.999541641286058,0.9980097157297927,0.5840440077810042,0.24406559308845333,79321,4261,74133,4093,0.5155122120043508,0.5006714405448514,0.38191113006077826,0.3914231122335035,0.5006683817919257,0.9490201239501328,0.4899449365573378,0.5169040885216417,0.052322757139569964,1608,0,1545,0,0.5099904852521409,0.5,0.3377441713925646,0.34449262771915246,0.5047903685456214,1.0,,0.5099904852521409,0.0,412,0,377,0,0.5221799746514575,0.5,0.3430474604496253,0.3582650284036644,0.514711184363009,1.0,,0.5221799746514575,0.0,203,1405,177,1368,0.49825562955915004,0.5058403371492054,0.41892601556537,0.414636087941672,0.5047903685456214,0.12624378109452736,0.49332852506310854,0.5342105263157895,0.8854368932038835,0.483,65,347,40,337,0.5095057034220533,0.5258330972676469,0.4433502206779123,0.4348375666483354,0.514711184363009,0.15776699029126215,0.4926900584795322,0.6190476190476191,0.8938992042440318,0.484
1,99,332571,101,235620,76859,0.6346266222946256,0.6228308632615218,0.5665275921822225,0.5719052190243721,0.9218647228568944,0.9996963976529435,0.9986876299376299,0.585315501301499,0.24596532887010006,78710,3818,74357,3679,0.5131224932114297,0.5004409105054882,0.3771029204487023,0.38524622016282273,0.5009351186411692,0.9537369135323769,0.4907296251834067,0.5142192634597921,0.04714490747859962,1617,0,1536,0,0.5128449096098954,0.5,0.3389937106918239,0.3477023978361429,0.5076144094001237,1.0,,0.5128449096098954,0.0,403,0,386,0,0.5107731305449936,0.5,0.33808724832214765,0.345371764445692,0.4962650586919348,1.0,,0.5107731305449936,0.0,1083,534,997,539,0.514430700919759,0.5103351354746444,0.4995327860023039,0.5017510417161161,0.5076144094001237,0.6697588126159555,0.5023299161230196,0.520673076923077,0.3509114583333333,0.485,390,13,369,17,0.5158428390367554,0.5058916931305365,0.3764936118098769,0.3828446489757132,0.4962650586919348,0.967741935483871,0.5666666666666667,0.5138339920948617,0.04404145077720207,0.486
2,99,332149,169,231680,81053,0.6405726058869764,0.6293339045335091,0.5763829731440695,0.5813896397467626,0.9177211306720552,0.999491450959623,0.9979192829528946,0.5890952753405732,0.25917635810739514,78673,4209,73913,3869,0.5137554150276353,0.49947927225350275,0.3791750686366232,0.3883505106797514,0.49844205100168737,0.949216959050216,0.4789551869274573,0.5155977612625011,0.049741585456789486,1605,0,1549,0,0.5088776157260622,0.5,0.33725572599285564,0.343243779466413,0.5054302946931897,1.0,,0.5088776157260622,0.0,415,0,373,0,0.5266497461928934,0.5,0.34497090606816294,0.3633576802494609,0.49828482832132825,1.0,,0.5266497461928934,0.0,1249,356,1169,380,0.5164870006341155,0.5117563537122735,0.4767667966087774,0.47932644151719966,0.5054302946931897,0.7781931464174455,0.5163043478260869,0.5165425971877585,0.24531956100710137,0.486,414,1,368,5,0.5317258883248731,0.5054975935915242,0.3590572737913385,0.3767885251615303,0.49828482832132825,0.9975903614457832,0.8333333333333334,0.5294117647058824,0.013404825737265416,0.487
3,99,332007,156,228809,83830,0.6449064984289751,0.6338335419219198,0.583155433091843,0.5880133683543459,0.9261673926595212,0.9995303510625807,0.9981425475674517,0.5920070040797695,0.2681367327812589,78773,4264,73882,3994,0.5143586907210729,0.49996802905104565,0.3805896939805659,0.38982198903904164,0.4994156683285028,0.9486493972566447,0.48365221603293773,0.516019783171203,0.051286660845446606,1630,0,1524,0,0.5168040583386176,0.5,0.3407190635451505,0.3521699895869343,0.5139884546640259,1.0,,0.5168040583386176,0.0,390,0,398,0,0.4949238578680203,0.5,0.3310696095076401,0.32770849672076047,0.5040974101275609,1.0,,0.4949238578680203,0.0,1301,329,1169,355,0.5250475586556753,0.5155495708741928,0.4780960586779781,0.4833570089926038,0.5139884546640259,0.798159509202454,0.5190058479532164,0.5267206477732793,0.23293963254593175,0.486,368,22,372,26,0.5,0.5044581883777863,0.3839596809397198,0.38124528751140924,0.5040974101275609,0.9435897435897436,0.5416666666666666,0.4972972972972973,0.06532663316582915,0.486
4,99,331896,133,241600,70320,0.6246084705465805,0.6125209268566542,0.5504274858522697,0.5561302468900481,0.9113833253224664,0.9995994325796843,0.998112216655075,0.57872417593148,0.225442421133624,79546,3625,75117,3478,0.513235166845938,0.5003336377499898,0.37504454739662224,0.3833576392959764,0.4979671488806298,0.9564150966081928,0.4896522596086161,0.5143182273717696,0.04425217889178701,1620,0,1534,0,0.5136334812935954,0.5,0.33933808127356513,0.34859080004006054,0.5006003830862588,1.0,,0.5136334812935954,0.0,400,0,388,0,0.5076142131979695,0.5,0.3367003367003367,0.34182775299526574,0.49364690721649485,1.0,,0.5076142131979695,0.0,349,1271,299,1235,0.5022194039315155,0.5102584222640719,0.4595731398536679,0.4554336604962244,0.5006003830862588,0.2154320987654321,0.4928172386272945,0.5385802469135802,0.8050847457627118,0.483,129,271,119,269,0.5050761421319797,0.5078994845360825,0.4889447637292465,0.48756207415186936,0.49364690721649485,0.3225,0.4981481481481482,0.5201612903225806,0.6932989690721649,0.484
