train_mse_sin_ch,train_mse_cos_ch,train_mean_abs_ch_err,train_rmse_ch_err,train_mse_sin_sac,train_mse_cos_sac,train_sac_mean_abs_err,train_sac_rmse_err,test_mse_sin_ch,test_mse_cos_ch,test_mean_abs_ch_err,test_rmse_ch_err,test_mse_sin_sac,test_mse_cos_sac,test_sac_mean_abs_err,test_sac_rmse_err,fold,perm
0.3449186737384658,0.48929620720693284,32.11754287625687,49.800365280970844,0.3438918203187673,0.48074284883245966,6.996046762307122,8.123809764876604,0.3714250160699443,0.631622215625852,90.47279405639385,104.90190817483827,0.3759069201233519,0.6237765330982564,88.61180196351516,101.45328350539104,0,obs
0.32636719536157727,0.483037444363358,30.617673769716784,46.5111605407968,0.3263606351336907,0.4744807047403547,10.48365711882343,12.02162634298991,0.4224552944220834,0.5823419367378274,90.14028698604777,104.22661229357725,0.42532538687863375,0.5754606285555752,91.41015054646084,104.18147834637287,1,obs
0.32336387378130016,0.4868833353924609,31.797051025145905,49.0797138012312,0.32241069245945436,0.47863455232971996,9.852260065018175,11.376950211853298,0.435538372971983,0.567218171844916,89.5123578762987,104.06776597436709,0.4419359471206002,0.5568899205047538,89.30512836154325,104.19310235824612,2,obs
0.32765190434478625,0.46729049503961534,26.760747236475748,42.83831347751998,0.3275278829570666,0.45778535753036403,7.752607143985427,9.051142051462772,0.38522410805867396,0.6167653249184258,89.13067861579889,104.1571931686302,0.38586214681564024,0.612132966546239,87.98537079786264,103.52568657441672,3,obs
0.32913250489251394,0.476517717440284,30.848889181958995,46.94576000970452,0.3297136134775812,0.46669908720789666,10.550106307697702,11.95710714829656,0.3985020469101263,0.6059460032286351,90.06036898976403,104.11882971485304,0.3965128620102384,0.604470747321698,90.75252632783906,103.26516407740536,4,obs
0.3401179993865218,0.4990607173189006,21.58964033788528,34.42927047971478,0.3370527287985899,0.4963330169777158,4.77311059382771,5.911949257263334,0.4221735567138656,0.5795252281955899,89.4166828948078,103.8234359717797,0.42449256169390653,0.5746706435513246,89.04967817129086,103.18782678756105,0,0
0.34417437558671155,0.4918921211908386,33.225763001423,49.89090894704057,0.34141255738855003,0.48845736138047685,13.911713666843664,15.705237067698706,0.4016691747790745,0.6069559266117079,93.25108824426272,107.27695268383447,0.4009127039873527,0.6045168191516066,94.4142921284514,108.67680121000673,1,0
0.34379053102514967,0.4924184168728834,26.9045843218462,42.50671684248566,0.3419048931026275,0.4888900106821761,6.763900785186728,8.460222103796863,0.4005146358299451,0.6030686658011455,90.39123399619545,104.34337187278551,0.3975817066189299,0.6035885372238612,90.89476774431694,103.20752533720004,2,0
0.34360638127660004,0.4998107660673469,22.851967386151188,36.21312412921323,0.3415575973060098,0.4957861343523535,5.599178835907551,6.816402255398786,0.41451385793906015,0.5878308669009448,89.4256559700026,103.64774131973253,0.4111443695621457,0.5887082803427136,89.26232805799529,102.14674204661442,3,0
0.3455393469813685,0.488567148400215,17.877472594603127,28.359004285786515,0.34353359745171047,0.4854722512525949,3.101241910111101,3.818546313735769,0.38974629935815275,0.6132538798958793,90.28362630176758,104.73513447134778,0.38819160119478313,0.6124804280984653,93.63735039229508,107.74130903886945,4,0
0.3584119643910456,0.5081057143209151,38.2574024960415,57.69816460723452,0.35385399784775634,0.5062060681200925,12.537805937031486,14.421346690538593,0.39415159514338133,0.6106316027970613,90.95348018502715,105.88121950634596,0.39211135589817026,0.6106322997892712,91.862462655778,106.81155491216794,0,1
0.3467262534760711,0.49482316501748863,21.12924054833031,34.07610441047799,0.34290687704868883,0.4932472649833352,3.7931941155059943,4.678497083027198,0.40401449438408515,0.5993367423101916,90.68667594622275,105.01273029585761,0.4003316131363263,0.6006163479171415,90.92998382280986,104.87387078409532,1,1
0.353824828719861,0.5174580551848529,35.61841311752808,51.798559426581065,0.34976306272297464,0.516362856383857,13.34898121027695,15.145666295184835,0.4243743775827732,0.5791581471417754,90.75446655973495,104.15009916379488,0.42295162199464453,0.5785656167075302,90.32059175391615,102.72283799783264,2,1
0.3527040114310882,0.5002556719680734,37.25999284739052,54.77896763703878,0.3482540154669461,0.49832357950816014,14.717865212649887,16.6145581831099,0.39636941314908264,0.6100230952572157,91.52486806943527,104.89796791368548,0.3942505939064697,0.6099810968580783,92.88805420518067,104.4323873735496,3,1
0.3528084263178228,0.5128490367085013,37.05563395774988,55.12304260286499,0.3496814960059872,0.5111233352302293,14.287459864363383,16.59301929370251,0.4204605052769353,0.5830960040744121,90.65003758676708,104.45272160655581,0.4150154875522646,0.5868469714427421,90.80086598613256,103.81558050642444,4,1
0.3429926789810722,0.49328263285594526,29.143298675012407,46.00652697526518,0.3381927274186001,0.4904336177376526,7.440159030087695,9.008533184764698,0.41062528567842216,0.5912799033896677,88.5618547554432,103.16319935214172,0.4131151671451512,0.5859886173576885,87.0600613882258,100.91703503289506,0,2
0.33699502298166567,0.49458145993593206,21.147537373366127,34.507712329552014,0.33422777140792,0.49093609798122934,4.459574741416268,5.578025164157736,0.43215387305224456,0.5695155328265936,89.00653586073983,103.56905752709893,0.4273068174175984,0.5718436861584079,88.98825619253812,103.42262818844254,1,2
0.3446804057111195,0.4872658672853732,41.100140061101136,58.426371921554136,0.3408790466270677,0.4827000767134788,18.267452885452908,21.164858959516945,0.39915177796830803,0.6111517243864166,93.57714477105371,105.93600055015295,0.3952151761481059,0.6117521994467113,94.39561275965437,105.43574652227423,2,2
0.3432051128160612,0.4813103567182644,23.56420007272103,37.73928788204778,0.33950386090595613,0.47751977141535945,4.892073291846016,5.999380395787191,0.389326298806585,0.6144885238250541,90.45828585393603,104.76688776140107,0.38663662393530146,0.6146014185879048,92.68983801096036,106.17389277507175,3,2
0.34198713981113993,0.4895661419176399,38.2480489581142,57.4650269404023,0.33789534156113954,0.4854459305083148,14.268323329429977,16.631033212833884,0.40665846091291685,0.6014330268793592,92.98128355326294,107.50410983872138,0.40457854910165336,0.6009844785084465,95.592548435734,109.96774435194888,4,2
0.3596321637787349,0.508530817427944,28.76916291626714,43.93002334075327,0.35754380359801125,0.5066004229297301,9.031404022926235,10.467415450460095,0.38257544041585784,0.6177266819622469,88.71346686248499,102.67178340663175,0.3836812371698645,0.6151491836979037,88.37473920320824,100.63297263291402,0,3
0.3428309355188268,0.5002848502025394,35.840633845890466,55.92665776572817,0.3395365891516142,0.4962493569484627,10.969512951718244,13.63682994074861,0.41669395821129307,0.5905723707222547,92.78683012929001,107.82187918634725,0.4181530690970586,0.5864011559587624,94.54051263660837,110.73938879400286,1,3
0.33535548490697303,0.4856510112765832,32.89813095210619,50.446787219184905,0.3324265800917879,0.4815723959243459,11.636083549420775,13.684539352437262,0.4142598349048324,0.5937678053086741,92.51478413759794,106.46701425437837,0.41325277688272904,0.5917376018005703,94.33583884936415,108.47652011974543,2,3
0.34943555486411737,0.5016042356804276,35.12284861022222,52.254677084446094,0.3470428975133316,0.4951866465663465,11.24509992875259,12.682259716485097,0.3982177825935675,0.6082237561686943,90.38300689181679,104.4030324400257,0.3927354937073084,0.6103630975606225,90.06245770847497,103.10125247607981,3,3
0.3367209454895434,0.4889108486184868,29.999888404042157,45.59472486099899,0.3341775112362728,0.48490452140536183,10.636690241376343,12.381780539028519,0.4162483312550447,0.5895506810763409,91.96871173670627,105.26256571959688,0.4152888310371536,0.5879786812348167,93.48855645853453,104.95827880955393,4,3
0.344270185990461,0.5016543724498735,35.84104226945163,56.464713171463195,0.34089706392907576,0.49781919675191466,9.682781688431628,12.397731740340435,0.4168550274345346,0.5887673804327305,92.16671114227857,107.11320116328541,0.4171112604343684,0.586650077895168,94.40547418190388,110.00164905634736,0,4
0.3543268832870676,0.5004520925304974,22.281030750769958,35.89560696870036,0.35291718363100155,0.49787628115935656,5.123887101080124,5.964687652289791,0.3827694846298861,0.6172440486820086,88.19804153238154,102.88905159125197,0.3788551605253539,0.619306688212607,83.27618282440649,97.93682171371424,1,4
0.34438864897701565,0.4946887590031393,32.8927756220098,49.396569371734806,0.341831746723488,0.49108664779280653,11.47195693037438,13.131187953029498,0.40437230288333037,0.6005450606913919,91.16069160721347,104.5220634088223,0.4026102248602727,0.5996352124023318,92.44487249252684,103.4447945485412,2,4
0.3539061455237127,0.5047856639605176,28.761442501277017,44.4865965638991,0.35069469355601296,0.501014159140572,7.546575777658175,8.712036883380884,0.3927067481775011,0.610944037889856,89.3784357554873,103.53724630572306,0.3923455985228559,0.6089538663669828,88.39115693436342,101.13179553944263,3,4
0.3343617031098666,0.49400560065523497,29.525083284650147,44.75672991724019,0.33142529473765087,0.49035412138129747,11.786314047702684,13.282896756159957,0.4329402750997049,0.5749634959148843,91.85229590850753,105.54603046874145,0.43207103551838816,0.5725944568610495,92.3275956568404,105.07552480936262,4,4
0.34994659497677194,0.500321939451727,25.477767324601185,39.675611201550886,0.34608202254943937,0.49833138296923285,6.401460718176825,7.837106243510983,0.399087959701837,0.6028998460954177,89.6484657075137,103.62875447262657,0.39855064543559254,0.6014903223685973,89.23784410695457,102.59911219561702,0,5
0.34833922803163764,0.5011764389077968,26.80070244958446,41.87701092249537,0.34506753764160625,0.49915774279226993,8.0503662316668,9.37020041614345,0.40478604404581203,0.5974170718332085,89.20164367200067,103.64903019038196,0.40192737155560176,0.5976971682693393,86.58555488650224,100.87354430746859,1,5
0.35228947398003513,0.5036493601913211,37.27405035266046,53.93151219995461,0.34887119460494487,0.5014200315581246,14.909719331961865,17.42250448364047,0.3984025379838946,0.6066128063574058,91.87626037430054,104.61974370820795,0.39635234873358866,0.606608308997974,92.61966142643521,103.9380247514298,2,5
0.341388623533528,0.4955248681493557,36.48048982518743,56.85537787912271,0.33730215501775723,0.4918293096596276,10.732004304175401,13.125338570715435,0.4164148657058438,0.591838022540951,92.39077776836048,107.24885970060363,0.4135134027142204,0.5917569534109964,93.35736543945963,109.447593533795,3,5
0.3496536390028119,0.5104127846016947,39.609299991372936,58.217714823290294,0.3462280462580158,0.5072552655501229,14.318815072410265,16.29854028787957,0.4175175171705875,0.5868921679701758,91.14939455779427,105.79356958001256,0.41374426477638043,0.5885429296887538,92.0270980381927,106.66475188989013,4,5
0.35229047794918983,0.5049405412007779,37.65897101994198,57.76728490733699,0.3472995996848263,0.502472967151028,13.160071270217081,15.37999414136018,0.4101548138067823,0.5938921904733154,91.58611731302759,107.009227158695,0.40719294181131693,0.5943470084923389,91.57006104745753,108.12841409952524,0,6
0.33583286297710574,0.5063988053255617,30.45555104719938,47.50967392657739,0.3319759817876685,0.5031950223323207,8.66309872793904,9.872968014468794,0.46121508146031104,0.5406537990691507,89.22363633793155,103.36552177012096,0.45448209849520743,0.5442896052493564,88.71696984175814,101.92907964078005,1,6
0.35373947894995245,0.48941486291832287,28.448486866238216,43.328268647152754,0.34785642444439474,0.4886770338310098,9.913382930051204,11.38164039188698,0.37394421119686966,0.6284474636096271,89.94110267744674,103.66780033553975,0.37449310624178855,0.6249997514248491,89.43904095678288,100.59222317361511,2,6
0.3585634475176487,0.4935375522371957,34.42322010905594,51.407868496242784,0.35348132255345405,0.4914763903644279,11.246904305565376,12.711943589975021,0.36450158362776675,0.6406420252214351,90.16539294779184,103.86903682697279,0.3621770913259735,0.6396057306513059,90.85929708565426,101.97110498367269,3,6
0.34040434281303666,0.4970020356688116,29.65508869929033,47.65233528245725,0.3358295298880409,0.4938253913917188,7.695333560669052,8.993810861798764,0.4284807790449907,0.5734741980197922,89.53615772405757,104.3843434075855,0.42290087650009833,0.5760865701329144,89.50779566315639,104.17722108407798,4,6
0.3558468303279995,0.5073777533707828,30.657165500744835,46.621466205639614,0.3545854377834502,0.504415069351846,9.724340532887233,11.417034577607302,0.38751573318193444,0.6144907180834802,89.64414238896563,103.36659901663667,0.38850253646422916,0.611497439253746,89.99465703750192,102.6303932884479,0,7
0.3447406346741285,0.4971708023016115,31.424689572600265,48.40538939175488,0.34257457726897816,0.4924854052089369,10.925974307090007,12.318290958747514,0.4005256496881195,0.6051477288610548,91.1342691037192,105.43110634057673,0.4003803368947191,0.6027168758457865,92.44152246185422,106.91161978392215,1,7
0.34404300000628346,0.5023974472523888,23.514164862921383,38.052069786144564,0.342064545193357,0.4989633993999368,4.947419706101812,6.109947292424547,0.4134409958421131,0.5899021806656519,89.80767873912276,104.48370761781474,0.41598160100885756,0.5849171458609465,89.60998412672457,106.35346213308677,2,7
0.35250072011919004,0.49882758337901845,32.24925491320057,49.02904606955613,0.3515163895659544,0.4947349934159746,11.773185924710218,13.651140775961597,0.38001689076255096,0.6240005634524363,90.3931941186177,104.2924814582224,0.3782892345360126,0.6233278660870997,91.97109291432616,104.1243965990466,3,7
0.3466196095962389,0.5220870910733274,35.21064646768967,51.55767111895542,0.3460254647175471,0.5182513922484718,15.130726295503347,17.14250985348229,0.44168904907315437,0.5622201343029101,91.10355600168279,104.5404397397979,0.43929724409317933,0.5631099967882572,92.37371095077512,104.65966977471477,4,7
0.33895950649212453,0.47932330760288555,30.81710196486555,47.67958776339704,0.3351787887839555,0.4738090112986198,9.84085023019431,11.433220913232358,0.39437146492261294,0.6130047520028279,90.79331908178285,104.55262301686615,0.386892814713211,0.6170674824512968,91.74520945681171,104.17879038297288,0,8
0.35398545407681026,0.5057666195860094,22.555052144877326,36.23959072153487,0.34980923028893524,0.5043921097004203,4.420719911285605,5.30303226758058,0.3930727359549967,0.6073554893173736,88.51989542979524,103.38013489806204,0.39352592313737844,0.6048935073444561,83.640511675909,99.09218877094469,1,8
0.3403190866552971,0.4791555534109323,30.850823107748134,48.0542178765623,0.33540171654661366,0.47685663027209013,11.629013173246305,13.428727036867038,0.3893415700755635,0.6155255048248269,91.02369640077731,105.4973367886872,0.3909884219249127,0.6112654765511194,91.18393245354345,105.0425857469962,2,8
0.3476518037427595,0.5082065881130866,31.9732988130817,47.42727998351517,0.34463589286753193,0.5058625633728847,12.528630225658697,14.199315982209143,0.42215902346179396,0.5796371329519486,89.70201541518833,103.32970065933131,0.41856912207066416,0.5814232885871031,89.76617285457903,101.86228532036583,3,8
0.3426105647578089,0.5080848490561761,25.264921291790632,39.79602268067369,0.33926090053439173,0.50499359952947,5.901284778810049,6.956193652408557,0.435443803337717,0.5651107283107552,88.41477274278407,102.83873489928432,0.43166209535577904,0.5666932811168848,86.137907866422,99.2269741715408,4,8
0.335653885604263,0.47923564989207046,22.474554599304653,35.39167974746013,0.3319346788815783,0.4753029113704187,6.75997958463004,7.96152300720834,0.39977347106219924,0.6034473808136086,89.75258252775721,104.15045400036284,0.39647701702893,0.603580413223774,91.6603645123383,104.83598277227534,0,9
0.34029616301172255,0.4820787651842327,23.500469977703172,37.71254964886299,0.336386159850336,0.4781307436709825,3.538759320844482,4.50274385803168,0.39070392572741686,0.6113039707765768,89.64034535175406,104.23892356513905,0.3873864330152123,0.6112709004889468,86.75319069890173,102.15597835797323,1,9
0.3435949208087383,0.5007663030242032,34.09148333771061,50.10133229319841,0.33985301669363255,0.49862378084095393,13.091603104953398,14.903610380159222,0.4147963207579991,0.589912887590798,91.40155489274775,104.58514616212138,0.4146019528828455,0.5876423687241549,92.00153639957007,103.69155327528766,2,9
0.33009281588338446,0.4872305072989167,25.030975491582357,40.78141376258087,0.3260203648636278,0.4824844879139908,4.981083725200444,6.335028736844335,0.433508764552597,0.5697316178115568,89.68017023327853,104.22516221086948,0.4298903174085773,0.5701288475962107,89.88922334615374,105.84141965444708,3,9
0.3456417042056117,0.49129184963124006,29.65757541695117,45.165389023190876,0.34210624721595667,0.4887308677874534,12.540072039227562,14.197540275701044,0.3930900519602582,0.6105343142536047,91.05118433262957,104.57325273070077,0.39191896149371785,0.6097611055487041,92.36026939936895,104.31741279763811,4,9
0.3380754340847655,0.5053139402237649,26.010569588038653,40.47679348516429,0.3374292735667658,0.5002347913594243,7.425374025060287,8.8296843704744,0.4342219734450195,0.5679317465378927,89.56422803280223,103.43199383269412,0.4332575205396416,0.5669731718760626,89.07491623209005,102.21430303926931,0,10
0.3454839237316662,0.5088656402148248,33.93489538658429,49.626710758172536,0.34443752202442096,0.5042365986826647,13.246623678548547,15.300056404343934,0.4184918907400523,0.5862720239419694,91.37722157973103,104.67715914381787,0.4194030210443065,0.583128735197971,92.40137490930492,104.93950313518602,1,10
0.3452133399666015,0.4877593158229231,24.9513179724349,38.922656334875235,0.343452204303361,0.4841324658948149,8.778820730806526,9.974127170430657,0.37841354518352405,0.6243750231005123,89.99208530379067,104.0397083091659,0.3818099971937575,0.6187749944734927,90.3671703423762,103.41796349778834,2,10
0.3514575740414926,0.5118376491894525,32.21142654046918,49.86449187471991,0.35069854884327156,0.5056752183809735,6.816322566794092,8.054494107413513,0.4051612570378861,0.5989020673154017,89.44822349765745,103.84475461667365,0.4026515503723114,0.5988858879072643,90.00266909581318,105.63641837478161,3,10
0.34403944980003853,0.48716807338606855,23.793962776176148,37.317803146904375,0.3428455770800289,0.4829864037869069,7.848061931362,8.967202819356693,0.38232625239873075,0.6198982066533701,89.39354843112322,103.59674521646407,0.383955714355756,0.6160328872380786,88.6415901862764,101.5592322858599,4,10
0.3520930732448888,0.5154149701179319,26.16646625386606,41.46813650329927,0.3503341100778897,0.5126089323251329,6.032943210685481,7.034887755074884,0.4195703833138984,0.5812411981235576,88.53462279854202,103.1011148762185,0.41759371119386773,0.5815557571901434,85.74964851530112,100.56715685514122,0,11
0.3378807328321576,0.48560097134884866,30.728600165917175,46.79861136167148,0.33499900705605856,0.4814402084047688,10.690228461602068,11.968281826157025,0.40723825045284034,0.5992413260388817,91.1577710211835,104.77312887092143,0.4054988989874269,0.5974962086262775,90.95627555567589,103.39669899089607,1,11
0.3546867016839369,0.5099193733036194,39.81000790912303,58.090471822665776,0.3525464870382403,0.5059232651740694,15.94424767352802,18.10333648195764,0.40198398849716876,0.6032842578579204,91.75299892068594,105.69702676648879,0.39841793295775313,0.6048899508584589,92.96611772375141,105.92215375874525,2,11
0.3467439235829065,0.4998816378256101,33.3340908008917,49.87030715232241,0.3430528078671177,0.49655072479032436,10.460291315336326,11.91891633671426,0.40556955911635967,0.5979153520809833,90.0035534640446,103.66694637517955,0.4078448359416316,0.5932504981492355,90.2923467187992,102.25916308943324,3,11
0.35321502980915015,0.5045283833319755,24.515832479305303,39.78352701259045,0.3511049783862095,0.5020006114193367,3.8482927849771893,4.890519983714352,0.3949941395429493,0.6058795043988016,89.526009986961,104.31413761789187,0.3940915689351556,0.6048328809586946,87.855485767717,103.29016330760527,4,11
0.36034145348591606,0.5194990035404002,37.65921162541291,54.18801240327611,0.3592690844054611,0.5160051340661856,15.168748151450226,17.130559646034637,0.39508517913768015,0.6074589602728608,90.05677032884073,103.0388905895732,0.3934784869637042,0.6075861960017925,90.13245246525862,101.40010161964851,0,12
0.35827119158498527,0.5252534554366787,34.84762771073402,52.01059144370635,0.3577562401781776,0.5216480968806259,11.205382205792798,12.724436003480072,0.40871930896183345,0.5919747369292448,88.65615221729308,102.7028046595571,0.4051307417305963,0.5941293511521749,88.07813121848216,101.06547682943265,1,12
0.3347143971038361,0.49312684741083535,25.10873546087956,39.3450272336577,0.331885835883402,0.4879086924018041,5.512721328095704,6.795047595863812,0.4192966786051909,0.5883655602641124,90.45433973989508,104.51222793957866,0.4181705185071549,0.5859912913226399,90.94240660725676,104.41904229956405,2,12
0.3566772858177274,0.5279358100539862,48.95237332662369,65.73634768813226,0.35385449262464236,0.5256199970291594,25.532871148460263,29.33643834804034,0.4175414521383351,0.5900708645705759,92.9818072791856,105.30681762875719,0.4229072021291283,0.5830528390624821,94.60257534698144,106.34299235857598,3,12
0.34709156994294976,0.49516790501575497,27.199745350416176,43.98977537518479,0.3455827835806088,0.49144191308060825,8.68340470341754,10.340497250400757,0.38805317322707633,0.6168400603890232,91.29919742822509,106.35704029434969,0.38693253934956034,0.6160119381795728,91.94815202128939,108.81816338687402,4,12
0.34141558102853303,0.48939516834292535,32.95165078406478,48.81601105199064,0.33801325811734895,0.48577087841476774,12.892771000500574,14.893370263117461,0.40565714637181144,0.6001062141128864,91.50283356028378,104.48056141375596,0.40291020586441334,0.6001351391349862,92.7831146149601,104.55782268641322,0,13
0.34462407956164837,0.4918846209095601,30.723781638541432,46.758204065204595,0.3416602127589978,0.4884957277375301,9.331282610879905,11.204204495098626,0.39619986624748615,0.6067742197658912,89.10555198106724,102.81076999346423,0.3924808385630896,0.6078960383228066,90.23464675447138,103.25429084174051,1,13
0.33164332017403747,0.479664760597704,24.49023179098684,37.64578051409332,0.32726774167808054,0.4768555696524496,7.7353376928587165,9.230218260351348,0.4141720070463952,0.5902186681972835,89.69110798578484,103.67114554447345,0.4153396163849835,0.5856386836119813,88.88668756423446,101.27491533768672,2,13
0.3473592140775236,0.49599852403914113,28.488851838446486,44.548530682334786,0.3452458762944586,0.4930968905142718,9.790533274946657,11.424431964629346,0.39921255056550276,0.6044149065882916,90.42527274100468,105.08893097875504,0.3938812638421203,0.6073404027357383,90.917950440495,106.66338167451532,3,13
0.3315807678156119,0.48082400869744646,27.683220090970106,42.94938566764407,0.3273941269015239,0.4777738259651197,7.85696832796084,9.505061237361135,0.4156212112142423,0.5885796551985615,90.12657966422216,103.73548778274466,0.41547770543940765,0.5855990954332444,91.27957320135188,104.33638640816433,4,13
0.35513116810639744,0.5087715160254017,34.877780038423985,52.69097661385163,0.3539273571457226,0.5038037660549639,10.19194280554416,12.222437149061863,0.3860970726046513,0.6175404575234864,90.36059165551882,103.96063463055444,0.3886219708273638,0.6131760840430993,91.70260097847193,103.19020908254629,0,14
0.35203573538606203,0.5335502066372254,39.324135261451495,56.43621120151842,0.35297241819462555,0.5288351731326169,17.09951239441162,19.275091770095425,0.44006030693811266,0.5638219111892524,90.66926631166548,104.27752092860214,0.4376810915709529,0.56478043925481,91.10119948077806,103.51815508701083,1,14
0.3593051458849167,0.5290491779764758,36.85788112035136,54.6105665171344,0.35934074032629204,0.5254313008658212,14.31586328396086,16.04187596847148,0.4117371262018989,0.5903856271215111,89.98660376355285,104.50035815422414,0.413468647091971,0.5872499270609043,90.23568455088878,104.60144118811058,2,14
0.35424477439256696,0.5005801845991196,25.326038261394707,39.70146319349644,0.3542796089991134,0.49626591615449667,7.721244418570321,8.94009858713074,0.37558379111456536,0.6278209190546757,90.1266002429584,104.31752948940513,0.37578500514911617,0.6256698233399131,89.68789617654619,101.82237942514557,3,14
0.3583335039502959,0.5229219660424306,31.052812972845167,47.50287456478043,0.3575715430863955,0.5194183937354487,9.523868193660968,10.821842956442909,0.4024004855079554,0.5988123050051071,89.11266418693289,103.15934738302049,0.4063915450018157,0.5934186844829424,87.75767328924731,100.57161775999458,4,14
0.33996027707313947,0.481387624507052,27.891457624810815,44.14581098498179,0.3352884826845636,0.4791467782020956,7.632416635334635,9.005517661392,0.3993954512518558,0.6035630392355527,89.65313073602422,104.01434952475809,0.3990062266820879,0.60062473277529,89.29672558204072,104.79684306512398,0,15
0.3320575282032548,0.48320772741758344,26.803546963018036,42.946753800207716,0.3275301160719988,0.4799085187763177,6.402798716364038,7.916079950237795,0.4284903175502896,0.5766549671955571,89.91923466112586,104.62209553933907,0.4269837169027296,0.5741245557544237,90.3349765406267,106.6294667673248,1,15
0.3374127826966396,0.48192036434472235,25.60644397837333,39.94987005464842,0.3342044053853033,0.4780606793345684,6.793035101247814,8.18631877477452,0.40831816964337775,0.5965969603889446,90.07481584471229,104.03371428462083,0.40085728982541996,0.6005083973046461,89.94955435950098,102.10878694660467,2,15
0.3379340338544986,0.4881705875287349,31.85030451066132,48.45495228525021,0.33283041133581515,0.48585746234754057,9.678618884306593,11.085344624973809,0.4199167834034655,0.5856712526122188,90.59384486487299,104.19762492793465,0.4202475214624365,0.5819803951512418,91.18205583605341,104.63220927916731,3,15
0.34688484276700554,0.4841663406360473,25.381500615838156,40.127397424888336,0.34356595511696636,0.48104764504146413,5.790342064046174,7.1973921007040556,0.379869972441775,0.6217113133532474,88.86143422137901,103.17303662820983,0.3742125407623319,0.6245588450918454,87.73622949137904,100.87122529082633,4,15
0.34222441234971224,0.510201720300473,35.81092640378762,52.66993443398627,0.33953120366762723,0.5058712071125322,11.960966778838499,13.795730759458836,0.43461893991866757,0.5698015162449097,91.16831434975923,104.60996483425497,0.4344045248165499,0.5673005503909349,90.76253694523976,103.31042590738025,0,16
0.3432828900847764,0.49685694350948795,25.99577012336772,41.314236458023885,0.34115840641314904,0.4915186041396669,4.8997495178061365,6.147782343285407,0.4058963117261909,0.5954776985987595,89.25050213689643,103.4026349442403,0.4022013472786115,0.5968938811374561,88.32807155677583,102.08853494822307,1,16
0.35117380584211066,0.5020154420025125,37.46777611509463,56.09742031064017,0.34807989980890597,0.4979930194218975,11.408475072768073,13.047410625417328,0.39176461101664556,0.6121241657236941,90.95438774348995,105.32327489910294,0.3928071719063131,0.6085718233090237,91.92748496727587,107.41649011355386,2,16
0.35052671059984536,0.5091677653417723,35.509210911058275,53.43502382832884,0.3475215275074911,0.5048066364190115,10.190130681916509,11.576387116578639,0.40549480346436156,0.5986642473550721,90.32736026413816,104.74597767938789,0.40602083686713897,0.5954049380855263,90.09211212818903,105.23135784081975,3,16
0.3437605653017534,0.4885484331020263,24.911014101539198,40.54343920472238,0.3408569919365164,0.4831358152332545,4.192586414015125,5.120843336022409,0.3874786205106156,0.616718034995983,90.49791514421634,104.73647563095443,0.38475163064448814,0.616307828499293,92.71848004646623,106.17890483519777,4,16
0.343741959504826,0.49448281517554127,32.773599679406715,51.57289847288582,0.3394295856920471,0.490071709789988,8.43945240346538,9.7395122102867,0.40390208892399115,0.5995096460896974,89.92950515743493,104.57582340135752,0.40300827241386245,0.5977825955234654,88.72902254047212,103.72773495907279,0,17
0.3384555423813909,0.4879192737852643,30.96059226803136,48.013535526502984,0.33554485307764725,0.4842705047429569,11.77385804125045,13.35317120548099,0.408981930731256,0.5968917933394824,91.82408366875535,106.28069920653574,0.4054339858423139,0.5977476432305384,91.84451156029093,106.16333576348161,1,17
0.3434638545683802,0.4922256330037431,29.99330345024336,46.47269767742322,0.3408617163342475,0.4891213893410493,10.075839572497484,11.514234001965276,0.4007646638745663,0.6017931181244326,89.50076003794662,103.66254882028348,0.3969656924896864,0.6031199564034246,88.87976829317964,101.85223448831744,2,17
0.35517406325714096,0.4989168788472578,28.650452935463637,44.02020358156498,0.35164648266466997,0.4973055031098494,9.388066992746873,10.808088327534293,0.3760415127724889,0.6262199881788026,90.36546405892553,103.89538650605279,0.37831665456808405,0.6222023287745845,91.81826373983395,103.45716992682864,3,17
0.339196235460236,0.5046949293902561,32.24661256715144,50.0373253663823,0.3356218642388427,0.4999195558802614,8.270760741312332,9.355324853661514,0.4392572646341236,0.5631281319596455,89.32747607461121,103.77189549639928,0.4362043360394997,0.563672306423579,88.86429627619553,102.27247357738453,4,17
0.3369127108217558,0.47989685805746185,25.680405151376434,40.83773628459863,0.33407838037977433,0.47536324586296624,7.58611834533408,8.927031828026472,0.3926884949318638,0.6124446573098327,90.0894789352493,104.7624699682646,0.3917247869569254,0.610416108345814,90.72915643156144,105.81331490936314,0,18
0.32589712870808235,0.47881862559430277,20.187325706165645,31.16582076610596,0.32399660299609356,0.47531616674161337,7.370296963959024,8.542600930320317,0.4290504383473074,0.5749663164859938,90.20993544266459,104.20753634772538,0.4271596047194947,0.5739050703074191,90.09389207933141,102.25510676217444,1,18
0.3498914077330214,0.49458908718719913,33.354137912125005,48.36666419645733,0.3479362738128877,0.492095460173229,16.000554203514326,18.439205006137247,0.38398474235933877,0.6216216974438891,92.18421907209841,104.57702842765943,0.38356185226351125,0.6201451927800032,92.82792361884135,103.56155734699266,2,18
0.3299439370240368,0.48289148835389906,25.886825302891236,41.058109069358586,0.3268304771150475,0.4782663203858617,6.160740616976293,7.31720368641773,0.4216794844842462,0.5832218304801986,89.66641361165432,103.85245397114026,0.42055539569434325,0.5807825485223587,89.66756132261307,103.19566897071122,3,18
0.33907668349580883,0.4872932894550399,26.885810429421316,44.56978725100617,0.3370931658898134,0.4836489189523008,7.997031592213078,10.22123824545215,0.4034142719005867,0.6014326449190946,91.64877370743739,106.62639576259485,0.4017626905206213,0.6003471978300837,93.60878541453377,109.97782743617228,4,18
0.3561560573353946,0.5215862198235689,31.29554801923027,47.804254391538414,0.35414739423439917,0.5191090951782287,6.640345740567722,8.043157691446952,0.4184212651752907,0.5822544967679363,88.82534471045972,102.83650312533639,0.4156956682578499,0.5832755947393268,86.43789982882427,100.74369746340007,0,19
0.34396707724270864,0.4968221265323323,26.35235611081672,42.136094095458326,0.3397988309763605,0.4939301153508324,6.4350828800078785,7.83423027059749,0.4094430184623285,0.5957997415650823,90.53560641815857,105.1036704223543,0.41272720271421814,0.5899607367885686,91.28453746037127,107.51771947988422,1,19
0.3592137012967279,0.511282042991394,36.22983517521576,53.07352324478592,0.35614653839006993,0.508226741764414,13.444054135247738,15.289514736898333,0.3914900122469508,0.6120409265796897,90.91601611710283,104.44690804892448,0.39007746086647604,0.6111028754375035,91.02063848809313,103.70366777031832,2,19
0.361113416199221,0.527156163386051,41.27402549321349,61.11052810559575,0.3587065075036585,0.5238372954921156,11.936970011024767,14.058293707084657,0.41462276039474655,0.5876349740331747,89.8420165000445,104.16955075804596,0.411525039621424,0.5890947630701922,90.4023546541664,104.47184137803859,3,19
0.3470082398919011,0.494953793489307,34.41046008127876,51.29851047250925,0.3437408997883119,0.4900971388414251,11.976824354845547,13.825815888010933,0.39604246001869486,0.6095958434148568,91.32366675460443,104.57059444676062,0.3918577823971677,0.6107758754372532,91.98624157282582,104.05694734151763,4,19
0.35775879274767436,0.5422339334970464,39.10089001599554,59.193473475552196,0.3560824935354366,0.5402035935696469,10.050649501371385,11.602516742971314,0.4470252859571448,0.5539717456126714,89.59359390611091,104.14935030003525,0.4435282232711582,0.5561879242545956,89.53052141586709,104.55071218514772,0,20
0.35893207999495413,0.518718903593312,25.67908529756909,40.68809277563523,0.35710903628828483,0.5168914349943962,6.011114522618503,6.8843203661308925,0.4047595367087046,0.5964674846126137,89.12493242643617,103.44090371551317,0.40159082475514796,0.5981649372910757,88.27829996953322,101.69266178164206,1,20
0.3582933803174779,0.5029118575570715,26.737560711702432,41.288992890233295,0.3555823127961641,0.5019458001281295,9.70594267973772,10.96910048556539,0.37874195662198745,0.6244562601680467,90.56023855236602,105.32678385485418,0.37894543652985513,0.6224875887079133,91.49193758337518,107.74524007985177,2,20
0.36785726932076945,0.5185589329681818,42.82487808325343,59.59834666323931,0.36520442290385835,0.5172783428024059,19.515606597752132,22.28407411405899,0.378076668891905,0.6268450258589631,92.36856827122925,104.50615278077332,0.3785731547162597,0.6248258642375379,93.27884081869516,104.0587248497357,3,20
0.33982338806759127,0.4962715736596372,28.50413575266871,43.61662346319535,0.3367472762899399,0.49342589508541695,10.707228179615978,12.260980488555822,0.4241577157791801,0.5824724837130474,91.46523159511558,105.05156381274936,0.42201344427598897,0.5815151510560054,91.71394880780862,103.96583313731244,4,20
0.33143178636687226,0.47760524377884894,26.66645657721047,43.54142430796299,0.32977224008699235,0.47216065968655063,7.369140933415658,8.877307861820116,0.40820418397836516,0.5960036383275733,89.79810693499475,104.85784099991514,0.40988075406976276,0.5909457638272142,90.81163984916424,105.1654112981468,0,21
0.34403556733618756,0.48146300534000974,23.994059792860497,39.001642209514586,0.34260895656938534,0.4771741904042228,5.335615323190196,6.787412184169129,0.3722636549688371,0.6292877193607495,88.60532942245776,103.68720329928868,0.37397532500362607,0.6246532342661829,86.23052543399241,101.52768554543886,1,21
0.3306277307419577,0.4766171097973087,26.225482463661347,40.6608032424294,0.329851514806508,0.4704596594100362,8.64232488124416,10.144457360432252,0.41133163966469316,0.5928141139638727,90.14562494394806,104.12539943299133,0.40890125603755645,0.5918970606756028,89.29050033097673,101.9290517283997,2,21
0.3282343635708163,0.4828370099591105,28.774146150486036,46.26581344240961,0.3269483393214791,0.4767313377946565,8.838956992154191,10.412393859287912,0.42720786922158516,0.5771590939819011,90.2267305373253,104.6567337734438,0.4256769163652602,0.5748169837501685,90.22229778942018,105.35432184476318,3,21
0.3322110119337361,0.47572395468487244,24.15546091649952,38.2324899903693,0.33067437587739185,0.4706616363179493,8.07025005877248,9.289493497849802,0.4017072024989991,0.6010504070966831,89.46355343380243,103.71504640903672,0.40294705365155187,0.5966094787931484,88.26442484548164,100.9950846928861,4,21
0.35639814463726405,0.5208262388658487,33.25177865724185,49.290962105949305,0.35214695931052326,0.521347869726808,11.278705166197584,13.061247595671448,0.4262274401877951,0.5753514942519887,89.90541222969739,103.43153954115841,0.4224854527266489,0.5774279197004906,89.40411463129735,101.6314895684294,0,22
0.3560630093294751,0.5048118935409465,29.602505333840337,47.1631323346434,0.3508035287121312,0.5041676229980377,7.400590059174694,8.855476722107849,0.39816987763378864,0.6084433211085913,90.61623007535117,105.57700395146668,0.3953391977217734,0.6086384808275122,91.04535801047287,107.40748668881804,1,22
0.3582469970246922,0.5298689473652443,38.93537309268321,56.164538935769876,0.35470267696248964,0.5289143305464694,13.063105713484045,15.0393922232532,0.4357436897562418,0.5657503943719748,89.98208477990593,103.45102100601844,0.42798906020288074,0.5717993587702774,89.6697051354386,101.76146862153871,2,22
0.3623073044686295,0.5244967296378737,38.34612070910266,56.44855069181129,0.3572192646395947,0.5259233656440191,15.295258548918586,17.312480893191847,0.41521789662015224,0.5871132858676589,90.45137947214846,104.85016913055611,0.4149312344043472,0.5859095003877919,90.60288043017835,105.08778426433376,3,22
0.3517590888656305,0.48300278414294373,23.81333737241679,38.27514894315065,0.34696205791486956,0.48220895598304675,5.853172062381228,7.182497726878611,0.3652137582561567,0.6377178636721267,90.1953497219284,104.81503167579572,0.36055183937711033,0.6400714872541957,89.00876748063276,105.69587119911748,4,22
0.3451330689702722,0.5067075137599877,34.421304274333544,52.31543914635029,0.34296567839621994,0.5031178044585496,11.479975923250507,13.47899373131024,0.422148640486987,0.5811804651466272,90.37859360316455,104.28396636438252,0.4191397211062271,0.582206332334183,90.50598523981066,104.05201702862905,0,23
0.3468363816337064,0.49064843731270014,32.02339670503165,49.52060645292679,0.3429390056279163,0.4874804563750562,8.588954629164087,10.034975962419486,0.38768245303789767,0.6179669666680392,91.1646476697906,105.37340976666952,0.38883077256627935,0.613738618731034,92.38665849165356,107.5478709182485,1,23
0.3436245661700466,0.5068189378496196,26.90275748772808,42.22277688199771,0.3414076534323853,0.5028294025086621,5.516231493655226,6.875383525562992,0.4243355845082311,0.5799377435959405,89.87460490190752,103.9392925568477,0.42071917698466327,0.5810507636239469,90.34642243027146,103.58382260694849,2,23
0.3522684310750104,0.5035985127892283,34.16674693233191,51.52195365735543,0.35072794543698,0.5005218002884756,12.913571849835227,15.098765337469317,0.3956002583848022,0.607721275416831,90.90153766092162,104.64143711489238,0.3910775680388584,0.6100214513482425,90.90381712610314,104.03890708215116,3,23
0.3523555049622638,0.5053654715713437,31.099459430745476,47.52800509993801,0.34820537791787304,0.5023518966376735,7.27830462917624,8.518466553398131,0.39690029944412325,0.6060650934283687,90.05427083573427,103.88406344467221,0.39996254825185534,0.600689950580696,91.30116587811624,102.85442619924962,4,23
0.34177947213663806,0.5080564368196987,25.335430078716463,40.31925423350489,0.3392150841028423,0.5037438750500527,5.795431875879007,6.9058305534736535,0.4341233723511058,0.5671149200222917,89.0662042686062,103.3138143486837,0.43264250821491174,0.5664704708335974,87.17652722135553,101.06462977961694,0,24
0.35022768969950907,0.5111604774884922,44.26703865814116,63.253753162327655,0.3463654914508154,0.506330795352497,17.706271427363813,19.852987750033606,0.41865301083358336,0.5907264296653794,93.1393616781254,106.92545240032479,0.4194115861789116,0.5877676635650488,94.51636057607824,107.85631777440345,1,24
0.33565161613922656,0.47372607269301237,21.251276040517123,33.71785195386665,0.33287134527006895,0.46805399178544627,6.581276328375898,7.674561580497583,0.38936513881551255,0.6146570699393528,89.87495712804639,104.09436732613088,0.3845521963756888,0.6164326269270439,89.33439059519291,102.14860449928713,2,24
0.3562661208580214,0.513817028392735,28.406872211032322,43.1766708925205,0.35423313239143217,0.5115538186636902,9.494101017702926,11.069549328105886,0.4017155243128586,0.598870616850514,89.36027521221213,103.08945415094864,0.40188169835586296,0.5973644156593507,88.0146819608762,99.36025435129199,3,24
0.3523284036998867,0.4969159095316457,31.790059992794028,48.06650388192326,0.348809398452509,0.492202528629472,9.768233264451185,10.940403963767617,0.3835564875827444,0.6212280995233,89.9895362254092,103.99263152376874,0.3836485843884122,0.618525405204341,90.3212640790212,103.38132817211336,4,24
0.3540050453233044,0.5060395088164449,23.0170016246981,36.762717529234216,0.35209898804974255,0.5037023469140219,4.960915427161753,6.152914510143977,0.39332744194223984,0.608884516916919,90.34038877474492,104.70376184088677,0.391042286643851,0.6092405504261453,89.75471388411916,106.52558667870362,0,25
0.3510744173105084,0.5072017170317502,25.513850662961776,39.284374467152965,0.34897847509304497,0.5046247319621043,8.53045807354547,9.975189974872402,0.403427607206318,0.5991955054801817,90.3822110284804,104.21447164285395,0.4011272779315867,0.5996195117573082,91.30531170744817,102.98997368844284,1,25
0.34788686822378356,0.5016179981924729,25.444073811228265,39.48723707148587,0.3458368743406215,0.4984760103229666,8.80454875674576,9.968561893204404,0.40355737448005025,0.5991925288928964,90.2735829283699,104.15110234413048,0.3999308898921567,0.6008259487114196,90.24334229087965,102.91463759855473,2,25
0.35213676948429407,0.5159769992967741,35.60724315797826,52.3326703604612,0.3491932412249545,0.5137260640899024,14.916700013541472,16.892613542078056,0.4173059397763255,0.587338996519145,91.32407571568213,105.01726435141815,0.41796116862551086,0.5849866970634352,92.20030016916219,105.22090922111131,3,25
0.34951230620894164,0.5095760896923899,28.194396470432945,43.39031668218517,0.3469762851493751,0.5077566181753617,9.48326031632136,10.607409186607011,0.4107658773748382,0.5914359293481186,89.88939588738786,103.8155440099827,0.4113335082792253,0.588731721193542,88.50625829433068,102.23090431596731,4,25
0.33175320718174184,0.48266166826872,23.909922678937157,37.36664155115529,0.32993165050824247,0.47647665107482223,7.5432600809310495,8.703854800964672,0.41015733741741145,0.5927626321541782,89.26139076563125,103.4626524282141,0.41212777880509355,0.5875983074178298,87.70836943240798,100.61264424523861,0,26
0.3460447905660324,0.5110327918314658,38.666937870472424,55.0959509257141,0.3442331378600074,0.5045885390864281,14.618748893191675,16.749306915620988,0.42146011963477975,0.5858003410994433,91.25217707786224,104.42123619742064,0.4244378787704844,0.5798995320525746,92.08687437100895,104.66169848420718,1,26
0.3353577997505539,0.49021048067525447,25.078737264416027,38.985806082366295,0.3338182244467236,0.48290036299048716,6.527513138063116,7.649926307491865,0.41316039832797763,0.5879016756363784,88.84567232920524,103.10644629608994,0.4130205156636425,0.5851327151944106,89.34006260850767,101.54751789125093,2,26
0.3362044579378204,0.4721692431510778,26.629155468564157,41.85687218055237,0.3344502410778279,0.4657813183137449,9.796900419309347,11.299721589595936,0.37601010816067115,0.6293436291975141,91.1675208739947,105.87005237965656,0.37740638976662066,0.6246305362947052,92.44054605955009,107.64648093861382,3,26
0.331968973544388,0.47442946240042677,21.391125919092026,33.626338791276446,0.33104087209387995,0.4676366251472773,6.428745227505241,7.456928019192299,0.39437191182268644,0.6067125522037039,88.59490168190612,103.05296161233143,0.39255005241367835,0.6052631682340678,86.68333005693846,99.95268619782833,4,26
0.33999263019811704,0.5038058946429691,32.05529523835177,47.68233010558041,0.3363416298076682,0.5005627411426455,12.062365569444799,13.583019881985985,0.43994359621681256,0.5649794308082381,90.92363719017796,104.66972656688915,0.43812723360918526,0.5643809314466426,91.42682731762869,104.37587285441097,0,27
0.34551879097377775,0.49968776927862607,30.323677925819176,46.279901419623585,0.3421689303068266,0.4964681784090524,9.59536021170488,10.865875020327401,0.41388456141214097,0.5889567154133301,89.77250627823992,103.94117400667363,0.4107458527405999,0.5893458096333201,89.55919544352882,102.1669744312238,1,27
0.35237770571504873,0.4851886201344723,27.27929350795971,42.899886913278685,0.3484446225592404,0.48254865480129777,7.173656334799266,8.685257539930685,0.36899841929669064,0.634518645977026,90.18661416384727,104.81111164720545,0.36706945657416573,0.6334607920443892,90.14592404824806,107.38352764838181,2,27
0.34250128768900284,0.49831368339114385,26.74992723600032,41.18668828802681,0.34017186461738597,0.4952404626675763,8.735222825597088,10.081807055007005,0.42164764194686716,0.5812627892859034,90.21280606666949,104.20588743318906,0.415119065806923,0.5850084400823746,89.40945863697084,101.72701081255342,3,27
0.3444199249270834,0.48480088076660854,23.759552579030135,38.18196488392789,0.34039492038316266,0.4833477289965387,6.874218681925766,8.155234647204688,0.38935830373705627,0.6125153704794727,89.64041928398191,104.44494341463661,0.3907981674127862,0.6085986633752557,88.52155490519425,104.2070761331186,4,27
0.337591004900303,0.49745429390282575,24.656759495505202,38.92300752557433,0.33398693676102653,0.49325605418980234,5.941797125851332,6.8893611626835405,0.4265933503862898,0.5754170544467921,89.43727809723676,103.7602239490662,0.42721499915303773,0.5719999757481236,88.45838866018961,103.03214302134016,0,28
0.34468292214386326,0.4982071659530413,23.688680061985682,37.90709183892375,0.34117324185348585,0.495965394656221,4.8028569300410195,5.754856671634004,0.40471824721772204,0.5961172221297539,89.29927147115085,103.48053806593971,0.4082987374680403,0.5902706613164722,87.96106268607265,101.14597104171031,1,28
0.33919640378830634,0.4876465240070349,24.730527422401032,38.275639930394874,0.3361043265402468,0.48312566385572336,8.145362140688754,9.305440066327497,0.4047716740009017,0.6001497261749433,90.18068165409066,104.1489887602843,0.4022604520874892,0.5996977080880136,90.3436405111387,102.96404712540227,2,28
0.34164624674129096,0.5002896970741095,21.637679221891496,35.04932184841485,0.33987165471682873,0.4958703553577899,3.235837724981432,3.9985749919479794,0.41774852479428437,0.5829858389688191,89.1476892183211,103.65174786122164,0.4122814475020614,0.5861049112312366,87.40318553578018,100.99898800635455,3,28
0.34336313797150064,0.47879152062123237,31.96250496161074,48.246115342888494,0.3404426732788705,0.47401768533765304,13.271287213345516,15.197632537887662,0.37612571952108054,0.6327774123392915,93.01984120422888,106.36165454940831,0.3727731671840375,0.633433787162867,93.94327661023743,106.5739797182278,4,28
0.3435042497100174,0.48525482148547944,24.825853407419235,39.34355710136791,0.34199587113447405,0.4790217402927446,6.647922805888634,7.746158777540397,0.3843892683920611,0.6196320482071145,90.34119772476011,104.85653561261825,0.3825750286070863,0.6184819723623173,90.94090241797576,104.65941923038262,0,29
0.34181308644564556,0.48657337771574943,32.48823388483304,48.25074653646689,0.3398215013852194,0.4804964891763472,11.746427455255057,13.509206397928846,0.3931257261534421,0.6133277874738392,91.42707645594365,104.69433261792202,0.39309748399133304,0.6100851596459973,91.57078808875232,103.17135104839106,1,29
0.33337849863030794,0.4889632791573304,30.309023202452696,45.81760325110343,0.332307283765569,0.4836800616624926,12.600174930591308,14.269957364169334,0.42611991005678396,0.5795726306675323,91.33070022882526,104.92945964400434,0.42549273375073193,0.5765151759236509,90.74961929660715,103.15988146818974,2,29
0.334688848341372,0.48394068363444026,22.61543449807705,36.438732727680716,0.3333214903302233,0.47763069510952694,5.81549280842279,7.146794425146413,0.414176593643501,0.5894270009423079,91.12228623694322,105.57223472650958,0.41182198365786643,0.5887004356932984,91.03686634868653,106.07237571307486,3,29
0.35122982910414313,0.5112844242180145,37.63715460616947,56.080338378207706,0.34848266082696555,0.5066137388503661,12.988974370964641,15.155356629432598,0.4085047847281086,0.595404608605563,90.77113019188901,105.3436242819816,0.4135830432452344,0.5882005487987283,91.49285972191073,105.86316836398613,4,29
0.3324776897469427,0.47187700731753524,24.59780115163676,37.89258442569681,0.3301094269643946,0.46843699947456485,9.44981040678747,10.848904929994525,0.3941659145658383,0.6089058156223979,90.0582290592495,103.597880037942,0.39345530005275964,0.606843945237246,89.71161953071804,101.31609920659689,0,30
0.33196432069535947,0.4749403460057508,25.156691557158922,39.681845234187165,0.32837635303721036,0.4699649177033535,6.7283243931004675,7.801788320884311,0.40214477765628615,0.602442093501905,89.3994330585528,103.98643007086316,0.4015225002694299,0.5996185110597608,89.58914713559302,105.49961451467443,1,30
0.345418032639264,0.4954366586752561,23.594632832377666,37.07294941960902,0.3429919185323646,0.49208104358460075,6.89478499552631,7.923897193981754,0.3994815910164322,0.6014757479447033,88.54982404970741,103.13923622730317,0.39922661385935737,0.5993880010274971,87.834149945452,102.03401347050344,2,30
0.33697178686725654,0.49182953043323985,28.72662839680273,43.41156021249767,0.33558756835377174,0.487956550515722,11.048292982888224,12.562961492321163,0.41841824348042983,0.5835221989166585,89.35722993560364,103.11588123386264,0.41383237851943117,0.5860488764065982,89.83639016739677,102.76322836510559,3,30
0.33408514480342666,0.4832292062411447,29.478654554866658,45.13202824738815,0.33174874263925064,0.4803425805958386,13.166183567925959,15.067800634181129,0.4133733082439835,0.5943106259457497,91.99280700268159,106.62922547471236,0.41307088310014667,0.5921160565099028,93.51021963857416,108.59597157658489,4,30
0.3547636233692762,0.5072550524759182,35.15667446267901,54.34638107009386,0.35215222320576717,0.5039740547902741,12.282396862291256,14.22016355247281,0.3995534526110733,0.6052205144703704,91.80514489068044,106.84085108754238,0.39749110681586725,0.605863602192539,93.09958621127953,109.25005928634674,0,31
0.35324743631366246,0.5038147533296832,34.41659880215303,50.50462716479302,0.34997043817167356,0.5009045594352793,12.861255641454887,14.611126844690713,0.39875788258922706,0.6049814722499356,90.97333031214204,104.1298002003416,0.39873210028195977,0.6026117778825091,90.77991589000283,102.7238743734138,1,31
0.34778421994586184,0.5038803301148915,27.523707986525405,42.35092042668208,0.34482493226823435,0.5005180074840581,8.086329190774126,9.350388836483365,0.41257485235019214,0.5898157549082392,89.80817957283645,103.74215833870691,0.4109435656784112,0.5888150303759114,88.66586760694622,101.19824821839784,2,31
0.34899121269783845,0.4993087779910746,24.953903864098482,39.353952203294654,0.3464455001107276,0.495619433266861,6.491393837742418,7.47993676014174,0.40250359784322365,0.6034114916846822,90.33361473650817,104.66416911870061,0.4000134186667921,0.6030927239988632,90.38320804142184,103.20411996060656,3,31
0.35312515909269315,0.5131700499549255,26.71354823530912,41.5808071428791,0.3501310750233064,0.5099592093544849,7.220950296410819,8.215652498527891,0.41429577979682536,0.5874362933967331,89.30173341243264,103.44176134442306,0.412985496030293,0.5869007313243629,88.1062006039425,100.89166618957003,4,31
0.34151789935953764,0.49446530663093663,33.13363318769105,48.70096820068129,0.33975293675888496,0.4912668871447779,15.169998553456546,17.278146600634,0.4055272742717083,0.6005091440615754,91.95845386105914,105.16200242134502,0.4055872943735527,0.597818498461957,92.9421090166994,105.03176449680787,0,32
0.3378799873666422,0.49504441142574557,26.576761037004008,40.515623100656946,0.33642662759827524,0.4911366761344403,9.519645525343469,10.877681192937844,0.41822394920942385,0.58462679434379,90.01463045461911,103.7787772019074,0.41713348251659643,0.5835197963651256,89.870992229622,101.92210482321872,1,32
0.3474199848857278,0.4923323081688047,29.986898840862505,45.5110649657262,0.3444011879567959,0.48835005562942085,9.242101106297872,10.584869151550741,0.3798581455021006,0.6243537121978925,90.00104851982809,103.47635355087641,0.38154114937827505,0.6197118326322817,89.480673168435,101.07638292149453,2,32
0.3396583625801993,0.4902576238113425,25.367522881395217,41.014907711891,0.33862075006996195,0.48519726642086713,7.241883697615176,8.500055489255324,0.40448950826531793,0.5991245145992695,89.88790001140222,104.69509542558455,0.39945769126858294,0.6017787932407807,91.06321953990258,107.14293986519561,3,32
0.3293192515152241,0.48230799125659346,21.777266852060084,35.76415188415891,0.32698848865723634,0.4784415774918868,6.521832825596005,7.83570289853918,0.4205924335649334,0.5847762580990737,91.41733403062804,105.90128513997077,0.42139338802774806,0.5809189085418589,92.87086622300835,107.32570193159889,4,32
0.3407648244679595,0.4862818168927827,23.386689132654077,37.715408219332815,0.33595927869629216,0.4821311302338242,3.665796257868408,4.657781222830418,0.39803836304940815,0.6036121614350637,89.40607227027427,103.9469729941748,0.39753434809495,0.6011366306802469,87.79543027160368,102.15900965289522,0,33
0.34368879647569883,0.49463018580618195,28.616409609245704,44.416003739721766,0.3392121149339769,0.49000904729525363,7.035882071465867,8.304252522286848,0.40876434998945577,0.5938186594522673,90.24550773067492,104.05422481273965,0.406546099960413,0.5932790446484526,90.8535258083814,103.24040250839317,1,33
0.34348671297850575,0.4844985639926009,23.69326191247399,37.715604627351745,0.3394876840846462,0.481366347226817,6.019825669296005,7.098643275230944,0.3858050226463871,0.6155113232133882,89.04947164549557,103.16922913339965,0.3840153140756449,0.6149253460474713,88.85601907264684,101.7762614065054,2,33
0.3377035565639631,0.48968608727324536,33.71449808329625,52.01981642712186,0.33349636801642263,0.4853078813116449,12.361603637521188,14.219826307966535,0.41899311926690397,0.5916973772567545,93.44231391481806,107.74761461163776,0.4161935899193134,0.5910630574067245,94.92708948349387,109.97400033150208,3,33
0.33812265927043184,0.49125609943837956,28.42677443210773,43.27211095450391,0.3343335429870367,0.48642163351264384,9.40224206223928,10.902145156360989,0.41956390963735934,0.5836605933847835,90.41705229683402,103.99808079721178,0.414811343507549,0.5854199103516976,90.26729939104717,102.60254268121027,4,33
0.35063439949559805,0.5033253970114705,36.287846781799075,53.53042217909498,0.3482388966012527,0.49950732777033,11.425909741158247,13.331976655793556,0.39899104543409786,0.6033961924033012,89.91566932746375,103.37788836108261,0.3989632486988936,0.6013704018089268,90.25257622767936,102.36265035567438,0,34
0.34570204481810607,0.49313942853280546,30.651492649491416,47.74149923380905,0.34215503993652446,0.4882555988862,6.7106415933955175,7.890899463892201,0.39399537917709393,0.608651431995489,89.12740187047608,103.74265687652309,0.3940497093179447,0.6052477730497478,88.35591835225277,104.35761480840944,1,34
0.344432731077441,0.4826298336225192,31.716567035384156,47.8810273963105,0.3415009253219576,0.47768501791231593,10.883183694974335,12.18402102150602,0.3802791718956895,0.6236265278167789,90.32073862501927,103.99351262650417,0.3783398508388323,0.6221682248735824,89.70242267720147,102.65794911788862,2,34
0.3384364003583241,0.49032800397858506,31.875125160170676,48.71722476467296,0.335888064987815,0.48490460636439686,8.42830699638038,9.815654213474074,0.41487091559217526,0.5874502090915407,89.31376901302242,103.18607796904992,0.4121413150154943,0.5869909211769656,88.42153577398636,101.8430710026982,3,34
0.34164936632922716,0.5089772559763497,29.868199998857687,46.64234662219986,0.33870364293596916,0.5037786073779508,5.374386763664804,6.4013440040967495,0.43552345914166873,0.566035535171321,88.51178838517725,102.88493626737349,0.4343049618085063,0.5642396591781821,86.55355568477357,101.7974438946891,4,34
0.3446818904019627,0.4991438012125838,28.637089158273362,43.25712830098629,0.344004722637893,0.4939555770900113,10.291206169389728,11.860879757346055,0.402979968597212,0.6002212019794846,90.71983027854843,104.24770668369145,0.40193265662736266,0.5993176584987036,90.86285614933092,102.72166788502797,0,35
0.3605911994280886,0.5075846194990886,26.628314463975325,41.55844603542348,0.35984181710684837,0.5042468225857583,6.732618856867882,8.011877236426654,0.37001933884205146,0.6319712200680442,89.9453967861646,103.93268475359562,0.37189820770297394,0.6284163829999929,89.53567729658153,101.53848024205709,1,35
0.33682680341385574,0.49653125773036344,32.13824152596891,49.074023070614665,0.33550726627426997,0.4905986610426642,12.023144305461281,13.434531368849916,0.4202813410183557,0.5867564004225673,92.29622755193662,106.13920200623019,0.41997332190460146,0.584567165304346,93.46149607883842,106.72952949080216,2,35
0.3383129733767465,0.5006279488621607,23.74549117199269,39.33842123987123,0.3371965140459524,0.49537906847930124,4.440668059396303,5.45922255825073,0.423964559884918,0.579056561738129,89.72758732108545,104.34657613662965,0.42371747528659476,0.5766130769870617,88.70025346032374,104.3205571259231,3,35
0.3568537580727788,0.5192602200666364,32.26564004720532,49.300176847602756,0.35607145631135767,0.515745607069144,10.792518064433775,12.212090723240232,0.40237630964826676,0.5997462065270639,89.99354773784938,104.28490574254957,0.4045149271884979,0.5959868711691423,89.70416018714208,104.01759118694157,4,35
0.3339356055134361,0.4824943674678462,25.918490261753274,41.39849977105366,0.33284922000785316,0.4769451147712296,7.825921355102464,9.083016423512898,0.4042819153944663,0.5998198372331556,90.05338412076492,104.58546253862396,0.40557706615536093,0.5952090713321616,90.35504038322948,105.34938283500344,0,36
0.33694554707456176,0.4841040054268013,28.59692947983488,44.660502872821816,0.33549262120193285,0.47853916899958876,8.373722448176608,9.867423319251667,0.39640711732295797,0.6065940452779496,89.69052731463857,103.70251825287019,0.3982193192196465,0.6017719155751128,89.76858020482977,103.65938504319963,1,36
0.3406317145019992,0.4874450454099649,25.554166302718393,39.9343403489605,0.34079572644393624,0.48123864173501624,7.264269037329687,8.512279500716911,0.3905193240508036,0.6110050182511726,89.33370538429992,103.35701744593177,0.38697961175135975,0.6118083327509272,87.61654849008355,99.98510385310351,2,36
0.32998195004904385,0.4858781054496761,21.45138939954866,34.53407880555004,0.3284543980347187,0.4791834457297419,4.680087026582992,5.657222051237742,0.4198842561038799,0.5842980210617897,89.32207058940028,103.71114771923892,0.4203905158670013,0.5802542944827876,87.16340596568993,100.61679294963872,3,36
0.33549481816106,0.4870370735871841,24.783043028203103,38.99083467613389,0.3344945833734725,0.48239112408303053,7.806839911271353,9.151264846138824,0.40588175281633887,0.5958124992633851,89.289765588752,103.3655177057212,0.40863200149909895,0.5906439563519935,87.88600541255758,100.88855923674915,4,36
0.3424566789125039,0.4861722169665903,23.679486796255034,37.666718454824924,0.34095641334957144,0.48069491540413795,5.83963563760082,6.906749241455428,0.38019687561552773,0.6221768907426274,89.76114266841391,103.98724708012189,0.3821199575837148,0.6176199047984846,90.33675098667209,102.3482005929618,0,37
0.3340484109330894,0.4795865473701671,26.676824485975413,42.74917144388499,0.3325031173337379,0.4733629998480007,8.622569618845983,10.529760072526734,0.395170026502638,0.6107046908237781,91.29028201152147,106.02517162442825,0.3953140995932509,0.6069156162252379,92.27800839960575,106.98785212499573,1,37
0.34497487478036937,0.49645788588945944,32.27341141623606,50.26707523755589,0.3430237000913664,0.49139919941440496,9.864998849307472,11.33589294698964,0.3926676842672185,0.610770193290895,90.56223408517558,104.89175899107025,0.396752564659926,0.6040145109341815,90.94689742739688,103.92425102605458,2,37
0.3382507807506546,0.5049178702237676,23.521193578400155,38.60314441035677,0.3373933111658007,0.498415985159674,3.7217161111759336,4.70126242783981,0.43159938158926664,0.5712888866067255,89.91124124601906,104.44740328759525,0.429309931269587,0.5708686476425919,90.48109993554027,105.33334630899854,3,37
0.33528294070289705,0.4935919720501422,27.919476161698256,43.14421026575091,0.3343406905310725,0.48719404216108875,8.55317871377313,9.756126603210715,0.4161800008928937,0.5868177341381489,90.39174849560163,104.03794850661407,0.41440977457768624,0.5857276479964414,90.73039872788999,102.54204313905024,4,37
0.3506067070163713,0.510124582343227,38.7527001566143,57.674627339868465,0.34890038841354276,0.5068328202865066,13.225022196933962,15.128329420815321,0.40835801350842243,0.5954014919608228,90.69709782173682,104.94470402602397,0.4083316890051809,0.5934672010037575,90.98650990414647,104.17946110231742,0,38
0.33877091963412864,0.4994617328400179,25.225040064377914,41.36180229779784,0.3372325598031062,0.49455010794638754,6.068094899783973,7.619494364778655,0.42862738917822374,0.5752144179505585,89.95122143170678,104.7306823073654,0.42480688957591384,0.5762511097048256,88.47892178435613,105.09106873278712,1,38
0.3460118212763472,0.4977742810914076,34.403427045849256,53.281725669702396,0.3432610173899565,0.49412737812742535,11.243412136274197,12.621987550447622,0.40080036198949304,0.6025544391149851,90.18514049651877,105.13557884610722,0.40260551134205386,0.5982808202695897,90.25500657137232,104.80819320957944,2,38
0.3420836156853812,0.4934279753827807,29.266056051048686,45.45532137478669,0.34053787774573063,0.48893570542661235,10.148869078253378,11.46596251238938,0.40526520075904,0.5983770814633499,90.11426801859233,104.36356674983514,0.4023457369959668,0.5989800360082591,89.78755601985968,102.95157728010115,3,38
0.3531532003094114,0.4995058208122293,29.250116402099593,43.941630935498,0.3508383331609908,0.4968598353817954,10.499336153881979,11.99352238004908,0.3813077517895486,0.621851719870969,90.0907306001043,103.52504398167328,0.3834753211806883,0.6175198786873123,89.6869986898874,101.1324498530791,4,38
0.33999389573351935,0.48833362354310206,26.554291479701813,41.89175890689261,0.33873121840450215,0.48289031205933364,7.904145686703815,9.352579406507568,0.4024738947831272,0.5999732891054446,89.44575513689665,103.79528663352141,0.4010159367720684,0.5987804072744971,89.19135274695397,103.41921644239116,0,39
0.34611286294440446,0.4907654187333414,25.35208804879032,40.86389448111922,0.3444599881432493,0.48489353786890843,5.91179112427115,6.936584312019406,0.3847847228953875,0.6167399238540798,88.95909324671129,103.84264646021346,0.38368416355445983,0.6153746884202106,91.11028004981087,105.18700360426205,1,39
0.3425615767026013,0.49093354299018177,30.19756308980072,46.47296540168868,0.3402623117215289,0.48482503538274996,9.830033952459864,11.049119954155879,0.399241936234233,0.6067178064966133,90.68168746121184,104.92691765221899,0.39982443836741954,0.6026649315511984,90.90063450452544,104.72355454082285,2,39
0.34011065334551394,0.4950312298063385,27.287271308110913,43.46285295577717,0.33800261599220216,0.4904125225474543,8.200745335710886,9.481718565062359,0.41250756920175957,0.589987509123338,89.90497901370463,104.52403700429876,0.4151919595938482,0.5846454937332949,90.4168538226124,104.96445630364654,3,39
0.3407582950200123,0.5003305774157603,29.570681847487553,45.06504623952682,0.33941067526813773,0.4948326755365792,9.79768881063485,11.557678227524557,0.4202513839570502,0.5821779125222785,90.38794216085033,104.07639607854888,0.4198386859347726,0.5803467446844249,89.90581935588978,102.1893332531115,4,39
0.35410736816991856,0.5256286138838757,38.90299792843189,57.62875556851068,0.3537564382630477,0.5220491637619122,14.934108294318222,16.78205534018596,0.42650358294730184,0.5746707478856992,89.26562840664992,104.41979358274818,0.4243076311364506,0.5753443254405949,88.97290740004752,104.74559669914407,0,40
0.34614088288434375,0.5000591731737872,29.65433882201213,45.55731503970099,0.3447324857734817,0.49569849464047083,8.547506403284633,9.812477356723136,0.4015336832446284,0.6012485592059059,89.5814258499101,103.49953627458571,0.40043691289186684,0.5997141178225661,89.17203541215022,101.38422899396552,1,40
0.34125150374257507,0.49627996972526606,30.437157728213432,48.83824043070615,0.3389897584835743,0.49037137946280746,7.062531345073452,8.132484388429361,0.41535238043725803,0.5910768216963911,89.80627827670442,104.74286751896072,0.41467586645896354,0.58850794086938,90.44614170273546,105.07386866876048,2,40
0.36140885689969965,0.5292173918392962,36.77151856071875,55.824060527405116,0.3591518138540408,0.52705930199788,11.099367943703482,12.659940312074449,0.4106826466070913,0.5891689436149177,88.18577364161433,103.08460250801002,0.41581934749441546,0.5828006303515203,87.21374786687852,102.23792441734048,3,40
0.349767507762175,0.4859696422219665,35.33728740208055,53.03923369016942,0.348100120333777,0.4807884444764847,13.196610072213636,14.806986008028243,0.3674391786011075,0.6381776498500978,91.3687877048256,105.16968461895648,0.3656504886902619,0.6370721585046952,90.96016815041182,103.35002519174739,4,40
0.3397024519052757,0.506772993294017,31.779788286367975,49.16976831728241,0.33869777053801847,0.5008941204095008,9.281113364968292,10.865613493500943,0.4222644510229006,0.5780582381033419,88.46016519423972,102.75020286786122,0.4276285057307796,0.5705474947840017,88.01302995056665,101.43974619618675,0,41
0.3364880304349199,0.4933015126761342,29.449805117300716,45.49402170648142,0.3363842937305633,0.48555315331879456,8.016600490037755,9.894283653840215,0.41016177085266053,0.5920447962193497,88.93191493330043,103.32440518848367,0.40875559166577147,0.590032738189511,86.82920976958705,100.57332674613214,1,41
0.33612408613912115,0.48205573633591015,30.60278929149809,46.40039528811577,0.3358299072389753,0.47453388002877334,10.070976633915821,11.783131596283242,0.39126534169377664,0.6119965088511241,89.74712689545761,103.43956858697292,0.3906222219280285,0.6091643685858354,90.52247253516738,102.50510132417949,2,41
0.34158317610099687,0.48661835222880434,35.21548117035564,52.16118890236197,0.3401902421958673,0.4791359885409234,11.107111418786017,13.076246746285994,0.3784773895594449,0.625049647795333,89.7904524065083,102.91387323944343,0.38129829034839086,0.6188046036690389,90.301094138955,102.2836797463958,3,41
0.3386895092856489,0.4965153554604543,28.663405133794903,44.72370452967671,0.3379746030098458,0.48919139253161537,6.750559021926929,8.418554212198146,0.40966011856775275,0.5927112709808674,88.82296914285166,103.50385409264307,0.41078069014179025,0.5881266897262077,86.30582677320169,101.3175031578562,4,41
0.34687415472500976,0.4994046498490926,32.76452597836047,50.31500243707579,0.3439095297468773,0.4963493380223744,11.413947191433747,12.920292236546008,0.4088652783183464,0.5968978266396852,91.63922585255693,105.90641037366187,0.40613599392925404,0.5971551173330955,93.48726334602269,107.74881171909698,0,42
0.3448689523566626,0.5017646733247093,34.854005509747864,53.63766504403664,0.34196051238724073,0.49877387206426743,11.693699429466854,13.508174826743291,0.41316769737141185,0.5933283067147646,91.85897686270306,106.18719801686977,0.4104140097411505,0.593421192957913,92.1287901037792,106.80997881292072,1,42
0.3326648985374575,0.5143247864666127,29.967643809038208,45.979585121312645,0.32949859082766053,0.5118324077538144,9.350558274291622,10.719543384639524,0.47533896426735534,0.5287421425719496,91.41943085540797,105.21418965127549,0.47591459218222915,0.525818911375572,92.38058351432763,105.60698312368154,2,42
0.3527874181079566,0.5217196146380474,30.72463325595168,46.76780841087192,0.35038395500341496,0.5192568104205327,8.306712164044859,9.601355616567906,0.429909564019255,0.5711267892759189,89.17387399043412,103.19476090931363,0.42666238623302816,0.5725585363989566,88.56307030561291,100.93406405445974,3,42
0.3730301098546484,0.48574687797305455,34.67644454067946,51.13600044345605,0.36967029401331963,0.4837930249980621,12.55108358541566,14.379499603065053,0.3008820706781335,0.7015516596198834,90.00322500744905,102.47265299566908,0.30089074073985644,0.6994913332474666,90.20103948675056,99.6148305601235,4,42
0.34574297441088364,0.5051074512899607,24.912124329788792,38.443779510004575,0.34455736061978154,0.5015098649987991,8.331172458298667,9.610604754528964,0.42119926843404665,0.5811940095363717,89.76106208337313,103.75892952383705,0.41617674849713976,0.5840506473489041,89.43087904041116,101.82027473328388,0,43
0.33491995021737736,0.47514246432051666,21.139475032932506,33.045977108331414,0.3314116779346347,0.4705202456060334,6.582159939694433,7.912475588224321,0.3967426351264707,0.6094255363483513,90.09400992678532,104.0876084511678,0.39451643685622306,0.607997386273803,88.55359906532043,101.97623071231303,1,43
0.3317838328098825,0.47514034096542246,24.663297999709943,38.21408983835866,0.32909247680568593,0.47093469795990983,9.130246705317909,10.446697367431812,0.4051221347335668,0.6002821406593463,91.02745600285252,104.62657621992214,0.4025606584172713,0.6000967392642799,92.40993023021552,104.55154316243252,2,43
0.3400654730544547,0.4858936590187221,24.313925632626706,39.19869280498491,0.33659200978707043,0.4823005856963827,6.778205641910651,7.995036061228567,0.3972084235691215,0.6062423095661875,90.23277163212671,104.73115933375311,0.39845242395313674,0.6026066597407946,91.76206802256193,106.40429560292327,3,43
0.3442239657326385,0.497326828821428,20.289173194358796,32.27640706408089,0.34155015863033406,0.49550463049118054,4.436342296856517,5.2808451151347615,0.407599108259087,0.5927266506360915,88.67142391314249,103.1382118419054,0.40951305902904117,0.5888295459738804,85.2630636681359,99.66654224874722,4,43
0.34157439556479857,0.4849393137632754,28.76657175136072,45.05530050673741,0.3398523996687927,0.478606283575973,7.122515295447801,8.457053651458452,0.38126101355657144,0.6213316168892488,88.68536811474586,102.62885401747513,0.3794100014667481,0.6201931199630083,86.69414809546129,99.29585616757123,0,44
0.3382502403792531,0.49830656033405546,34.03591675734877,50.15288712458505,0.33654218063674807,0.4933978167975156,12.606776878311496,14.768892985909238,0.4153892907581337,0.5897733823149085,91.1327414654323,104.20908682517451,0.4166474023723108,0.5854680740241583,91.6323403187471,103.40824527765318,1,44
0.33302789505050273,0.4900404270059435,26.36146862490831,41.66599439028324,0.3304653971961941,0.48497162889204315,5.985013249881314,7.449191688943595,0.4165501907317502,0.5852471503151025,89.12596553333361,103.08767891623972,0.42062150397924564,0.5785139053899512,89.62337136786137,102.82589518270298,2,44
0.3425641938024792,0.4939654903934277,32.56090646584501,49.46578223219241,0.34181444357979296,0.4884523398460786,11.92249610371669,13.439809806296857,0.3953898172266265,0.6074658900329217,90.0013059906109,103.67489656299126,0.3930688265870836,0.6073247444848416,90.10524214479075,102.7535120510472,3,44
0.33690748621118555,0.4911612835302728,29.590827637227378,46.60735516466551,0.3351247636817274,0.48524180219600227,8.29255410388594,9.671446340972928,0.40860800335379843,0.5952986382176187,90.02324840276198,104.49111968419189,0.40820601222343383,0.5929124620824197,90.85620493474616,106.52199689999641,4,44
0.3548858340618997,0.5134663203036481,40.49955332306088,58.00960730716285,0.3524403279071043,0.5104378305107528,16.381614462504402,18.713205572394102,0.40424941014383475,0.6001520974626585,91.74713786101269,104.41317743481322,0.40089097303116544,0.6016241914532653,91.7745167328544,102.90827260432656,0,45
0.3583360724700025,0.5232611341655742,35.54114942605471,52.424039881780146,0.35672864913133795,0.5210252339527506,13.83561824168216,15.628780115544574,0.4134538602116716,0.5888512556174038,90.42510660451119,104.4332887817331,0.40949202316089367,0.591301437639975,90.9504821693019,104.21999264010499,1,45
0.35863413437338304,0.5113697828427548,29.424244101981408,47.05379281727852,0.354896951387475,0.5085939480434305,4.890449546197052,6.125412736413315,0.38592352505415856,0.6163460783925476,89.76615577716669,104.59367133723102,0.38631592317483343,0.6137763443733417,89.5097630953544,106.22422409419325,2,45
0.34785123374690813,0.5086363474470573,34.269587011929694,50.89458423242547,0.3431782303126969,0.5057577604303864,11.048516745462305,12.563808748913724,0.4149506383723504,0.5894034210853996,90.73870144880858,104.50150958714285,0.4178610230982031,0.5837637130898466,90.1623662708324,103.5365888320022,3,45
0.348944518952637,0.5100588587529975,27.46340535686857,43.54027615097736,0.34615577974581857,0.5055519492026728,4.288895846273698,5.262832509055487,0.4156914793213845,0.5863209255741405,89.92890831086612,104.29096399522892,0.4108845534941947,0.5887837626860188,89.85616009688428,104.64372180068645,4,45
0.33609834205105715,0.4834099572562876,22.35150806277363,36.497873664417455,0.3325359188572041,0.47903197569973216,5.438023249232849,6.646182175148165,0.40548297515133447,0.5960530713172487,89.72304361696128,104.43060308465373,0.4058157135927018,0.5925539932659113,88.66761536952838,105.15858396784128,0,46
0.3344428881161247,0.47591493233600346,31.616717404987053,48.09995834531388,0.33132866885956874,0.4691187842938006,11.731660177292845,13.491742386178846,0.4017953869520297,0.6094179824094307,93.0787920013916,106.77361179401876,0.39616332007984406,0.6103975236665138,94.58700296218737,108.00476829896773,1,46
0.33301160017705056,0.48601012017113265,27.49290278471645,43.574109575186014,0.329737183195014,0.48083637694869047,6.62575727470143,7.873392883435505,0.4238566470182392,0.5791902830301356,89.68650526558083,103.82392726456699,0.42325796221432554,0.5762767514733291,89.96641020674967,102.78301098711968,2,46
0.3378126822787253,0.49226637617460883,25.762009352520227,41.20452111801715,0.3344177576377779,0.4878902831539717,6.460542630954797,7.685800303466571,0.41859612205638747,0.5838092061299193,90.49151831894761,104.6111912478741,0.41857797954999215,0.581045078708536,89.4792380169102,102.40435421597084,3,46
0.33891104383645504,0.4739887076514719,23.733525177741075,38.77438834395415,0.33516405153746026,0.46841044635182366,3.8283226464447107,4.782338168837352,0.37991337811362247,0.6232999510725188,90.0202869266081,104.8182238236941,0.37877178608690293,0.620623103997559,88.11539294815664,102.92745828853535,4,46
0.3391686373084798,0.47789534166359326,27.617085425355025,42.88115352971044,0.33576461903943566,0.47386497485753176,8.44012218147807,9.922579048646359,0.3850938732304879,0.6183093864134556,90.22705641103045,103.93512540130158,0.38436447574867005,0.6159872254506782,90.50707702954081,102.53655082803496,0,47
0.3455000170745654,0.49455972808971815,30.303921277538144,45.58350471994875,0.3432975496866241,0.4920103487240732,11.35704114437447,13.455683100209649,0.3996863973558162,0.6024298045472567,90.02226056993061,103.36473063893531,0.3986135628837465,0.6013307863617392,89.28906889037677,100.98082730815658,1,47
0.33007448211829044,0.4769426667485806,27.47159778764198,42.95699600094063,0.32753149055453795,0.47170810064044727,8.404201488757888,9.872035459368583,0.4120073009308281,0.5921948237082489,89.92682229365236,103.81816681860109,0.4068831441933379,0.5940997379829986,90.01729997917975,103.24135500328401,2,47
0.3351364792318635,0.4908340656268778,26.919006502809392,44.22091589658579,0.3320427956897293,0.48713958152060094,7.409128622944495,9.179881322491813,0.42453356849794177,0.5806583497673476,91.15903315910629,105.79923606993991,0.42370757853355545,0.5784124617295963,92.22482161790244,108.24137237883959,3,47
0.3375464027955155,0.4853810227537893,23.594515254383406,37.865042566959936,0.3348299782007101,0.4827074856980705,8.153537305850776,9.328251440290943,0.40736918195744437,0.5948627894970461,89.56830623809608,104.4864455314603,0.40763623715811437,0.5925680039209218,90.9703223256525,107.07076489491067,4,47
0.34057383349150666,0.5007341676793804,30.313708032446545,48.83761257070619,0.33817867853207334,0.4970271437806729,7.859213507957605,9.991132685388129,0.4206873378755947,0.5828205325114212,90.0608238869097,105.14973673944881,0.4215591270255688,0.579267632721279,90.3915679690158,106.81308034098353,0,48
0.34681332909381024,0.4926526314533942,27.52756379455106,42.77295309795197,0.34401070077908746,0.48999068070855084,8.770806343327074,10.071953303042413,0.387702517595134,0.6139406508971904,89.22098097230077,103.13393325919674,0.39071029241982064,0.6087799727593065,87.9708417577977,100.05924180937014,1,48
0.3318180433196371,0.4955176568323556,28.89024423566874,44.77512528899578,0.32961119011696016,0.4906983425735566,10.007936290166434,11.525674605448236,0.44032358162554164,0.5641304866923886,90.1945415210939,104.49526660028992,0.4382765854239269,0.5634020191905528,90.29206024939954,103.9127027088935,2,48
0.3467065517731166,0.49683111008580944,33.409975163324305,49.37449758216582,0.344338318288216,0.4923377231406224,12.293248243805753,14.071916819546622,0.3971448537793297,0.607832198963221,90.91395764799846,103.95198804214574,0.3960417218518937,0.6059837959397428,90.90144413109809,102.17594648704066,3,48
0.3567339208796033,0.5054833146442835,33.491908396345586,51.58103291043586,0.3553437231304049,0.501007490955555,9.305359635085955,10.7308859532349,0.3813551902612333,0.6198498998320113,88.80876521618355,103.61553451916382,0.37725483539056287,0.6221575913499843,89.33237335639967,104.30443533440481,4,48
0.33810239423696725,0.49568536604870317,20.880115195480627,33.552325485038814,0.33732652462140134,0.4904206232688992,3.5362224025187956,4.391234233555733,0.4143295058057609,0.5871824870930559,89.55653040325583,103.9842343837717,0.41608092403022967,0.5830660220726828,87.35150831288664,102.74072384317601,0,49
0.3369411486351416,0.479269800462246,29.062122888640015,45.06204136589059,0.3355230836903674,0.47396372373904894,11.82708565362563,13.283145481875096,0.3866302747208037,0.6212948532755448,92.43413588568731,106.712865801317,0.38968321136686374,0.6151495267595904,93.92893740650068,107.09830871081391,1,49
0.3358383494304631,0.49598729353944726,24.15059014381275,37.06436714481976,0.336455669861499,0.49064591033396504,8.822410468867265,10.212510411145663,0.42103112542723997,0.581622922211616,89.99198459775036,103.94235054264036,0.4186697727151607,0.5815549838477713,89.20635511110534,101.52642787939646,2,49
0.3377704623807459,0.47946748144948387,26.740219449362208,42.190840482859194,0.3351600736547197,0.4737446750253333,8.228183216355843,9.34654442447419,0.3834110236110524,0.6216143167390661,90.30229900683563,104.39143702868223,0.38958566311035725,0.6122919093992644,90.64513590589901,102.39176032812018,3,49
0.3335364806796282,0.4864110757138962,21.815200504328363,34.90530932892211,0.3337974163477019,0.4799535807222287,5.63081740155029,6.652035913601318,0.4119282775755795,0.5902163240491213,89.27429738122696,103.5929993176905,0.40863792801868704,0.5909140284134564,88.13272199194752,101.59820966576947,4,49
0.35168582124233344,0.5183521491647919,25.780916419641912,40.83196577670545,0.3500962308437106,0.5158562642431419,6.473865969685851,7.772224279269274,0.42230376676979087,0.578462913576464,88.97438786453499,103.38764461778229,0.42145415936034786,0.5776397342955829,87.50640521357023,100.53612115655903,0,50
0.3530216551586137,0.5185940141113147,34.516206325986296,52.43375351799108,0.3509030282971932,0.515687649194785,12.388927595546857,14.725050800900288,0.42023950230842266,0.5836616165213416,91.21962778116084,105.26008359630914,0.419669480004847,0.5822837260543113,92.17879457831724,106.14922508139877,1,50
0.36462160272353406,0.5130963158695566,31.82584679717676,49.11719231556032,0.36241897929367717,0.5112888067041438,11.295093563335993,13.19019716465268,0.3742931394862411,0.6272152477087682,89.87149779098819,104.580300932675,0.37494960986672154,0.6247675446583568,89.94036588043326,105.13150809730807,2,50
0.3466209122466763,0.5060969835889753,28.31758606345206,43.64043468023789,0.3441204928678196,0.5026522213784789,9.13587251094188,10.646886611506137,0.41640998106322075,0.5864142275014983,90.2347207124916,104.06650455756821,0.4158970789534815,0.5846764383021794,90.43387303912007,103.23086848953741,3,50
0.349986853635191,0.4991154733060856,29.589637856808643,45.126482079184434,0.3478451294948464,0.49453403280203573,8.863038545949895,10.311011992869195,0.3913839553741368,0.615268479182865,91.5179975777863,104.94237079249451,0.38739906206757435,0.6163536615816263,92.31035257781694,103.27678225620637,4,50
0.35529921815916743,0.5150267592983842,32.076502184067664,48.19390848507804,0.3516769797459345,0.5135287048120829,9.253991515432396,10.710679805900007,0.41221774847442577,0.5894865103727412,89.47829750025923,103.40213892908841,0.41020747951619096,0.5897582857568286,89.40901524072162,101.91101435810305,0,51
0.3510970710509075,0.5105404445874064,34.04810895718936,51.001834924193865,0.3469943143465662,0.5097134603290414,12.996420254206427,14.415447805888277,0.417937156976049,0.5850034992510722,89.88265331437269,103.8673188923461,0.4186986252841174,0.5824060918484929,90.1605740082134,103.90236145844779,1,51
0.3522365979522703,0.500456858735138,31.74614008215932,47.30471946112638,0.3494411010533447,0.49928172641788804,13.623723481444786,15.28976137012725,0.39988529110246335,0.6031815434849027,90.26196356995415,103.74691657741332,0.39576299252934366,0.6053518776316277,89.98559254609869,102.11974370328252,2,51
0.34506287980741995,0.4975716286773986,27.27621672611611,42.418886311649686,0.34132841797578,0.4957320143703386,8.312526848605494,9.751789269260572,0.415341455416269,0.5865556122521312,89.22967219609505,103.21703124386764,0.4127314512593031,0.5870972538154827,88.55945768014828,101.05975827068218,3,51
0.3495151252541056,0.49157986034229867,29.57046146268582,45.510327561547356,0.34601481561747754,0.4886868372722896,9.463906130613047,10.711326135576424,0.3876023974232778,0.6150454767531817,89.56864334793283,103.94690855592587,0.38239668053923653,0.6177552835647837,88.99903296711359,103.7584724812653,4,51
0.3494506448290571,0.4970197346200538,30.520178627622414,47.453207192912565,0.34766610310453244,0.49306606188688307,8.33000933415456,9.458368962377378,0.39004271070587637,0.6136399533504583,89.67165833365667,103.78209464566133,0.3874723650508822,0.6136202356383552,89.22873668893895,101.77017422983852,0,52
0.338680290337893,0.4974657791071124,26.200516579929204,42.36428367874439,0.3361374119642184,0.4941466818242799,7.094382216403119,8.418936549908887,0.4263522906976634,0.5778118760755119,90.208860052118,104.83868497100923,0.42749719663765723,0.5738259511859577,89.82505385186626,104.73880638433555,1,52
0.35740705770993775,0.511716248666066,35.99997075061337,52.59870865034076,0.35552937872376883,0.5080313303999087,12.259741318939492,14.10008201493717,0.3933721220009447,0.6104746687313682,91.1833632731008,104.22897138310603,0.39118277610173297,0.6105821708743892,91.48795892624342,102.84436556798636,2,52
0.347483702074417,0.5080552468922857,34.15996031010626,52.48998842370113,0.3457873145478634,0.5053711812995444,12.717630503507365,15.764982800404546,0.4184437130096867,0.5858835911809003,91.43483077598482,105.7743103744915,0.4182910140664373,0.5842018066407738,91.64298647040194,105.09686621839222,3,52
0.3484494304225675,0.49960260762394065,35.42782309131287,54.04595982032767,0.34602354404336527,0.49561517418445583,10.691346809006118,12.450655006177536,0.3998545928867015,0.6055284670837947,91.20653182762945,105.54871580785203,0.3989395976822425,0.6036262527414918,92.9489917418353,106.43773421130206,4,52
0.3445881867298656,0.4858934165043811,24.74791210375715,39.486733792471256,0.3404824923951547,0.48208629161365524,4.002484794417394,5.159542064102706,0.3872163116236297,0.6159668647184102,90.15117344125466,104.27424702001306,0.388394574755478,0.6120305699168488,88.97424388038264,102.31832784241999,0,53
0.33942896801205574,0.4987371442488541,34.89015953377529,52.46938124791354,0.33670484449704846,0.49478656589183634,12.234295173185295,13.884148208348382,0.4279045277286493,0.5777202447337888,90.64891822108234,104.77004702398294,0.4258625000307057,0.576662162815042,90.18937593623036,104.01005725027316,1,53
0.35679492630730086,0.5116421290718268,38.41130253697135,55.286221785222345,0.35542553962603535,0.5088419816568716,16.545180921994056,18.806271461798307,0.3992023436899076,0.6033160366067613,90.54658734932211,103.37837000499098,0.3950718287153031,0.6057193575988563,90.5881995761575,102.18077551409267,2,53
0.33972225171098097,0.4979347495664754,34.776192552282346,52.50362395695733,0.33651364958717356,0.493914261628833,11.796016006013739,13.348527724077188,0.42546399918661687,0.5787871396067188,90.74111654178228,104.48683620394578,0.42405565451006383,0.5774945936156123,90.89238147898425,103.76941153464955,3,53
0.3501034804282505,0.4957139646830278,31.652748247335296,49.80957353910694,0.347144445485908,0.49225681462670834,8.352243928237732,10.018077310493563,0.3887036025379468,0.6133620439723618,89.59576686672638,104.53190326300034,0.38733693289594745,0.6123461151962923,89.20977839377171,105.63499765328001,4,53
0.33725485280369855,0.48353908557614084,26.35255488220437,39.94354270909935,0.3338837355053171,0.47964232890412134,9.420309295660845,11.062306742441605,0.40696331523897866,0.5988506231514409,91.07890985816559,104.43675961273387,0.3998375496126148,0.6027387975385555,92.17689510258506,103.45449897117224,0,54
0.34842227434145134,0.5007175553499189,30.91030259923072,46.142277439020575,0.3453207936859556,0.4987441465048664,11.274241778979464,12.970060527252325,0.40458558668236916,0.599296458163812,90.96193709398489,104.18568268518705,0.4013279790399778,0.6005383495445533,92.33420271650076,103.8048924549333,1,54
0.357979897480217,0.5125140147403578,25.35905895463236,40.118436059597435,0.35425159204550655,0.5126379280206871,7.21366594660594,8.778894652099202,0.39889713883310435,0.6028812621324109,89.97127416920625,104.73367572371909,0.4007550367895533,0.5997685098398685,89.82087336472999,105.81042281996949,2,54
0.35101759750821493,0.49787162890835407,33.90968747785361,49.609792092062165,0.3470760468227506,0.49562575603920683,14.463441604754012,16.265422560575455,0.39246165993918836,0.6126249241534145,91.4591300302043,104.8466632980451,0.39069792080845556,0.6121347582396792,92.49524430162286,104.71288801733301,3,54
0.35302793218928863,0.5227029209765608,34.72552190321956,52.82798955725333,0.34938928447291817,0.5205993978458727,10.862262285198979,12.317727334765108,0.4315179321068181,0.5707445824984966,89.86373108239694,104.37248540069068,0.4293302987358389,0.5713290058040004,89.69831292914658,104.55023061474222,4,54
0.34211739944173325,0.48623498836406276,26.161307899929025,42.49983950487866,0.3394661667519574,0.4814611448771985,5.058025689648988,6.412447954620299,0.3917727292747319,0.6092854099487859,88.68325659404302,103.58987274541249,0.3903694866181556,0.6078527649194735,87.39558065399575,104.62729505488107,0,55
0.34753212632091207,0.5063458709084099,29.60285856717359,46.90812172176708,0.3452150693957494,0.5017823153026667,7.7615723828263405,9.29582761742507,0.4163680796855941,0.5855947932111966,89.30942663809712,104.12203049022827,0.41459307540545864,0.5845310067961529,88.54550261305454,104.73289926219519,1,55
0.3393598728025223,0.5000412307204,28.205188196515476,44.67561521977637,0.33609758600919926,0.4963341414224918,7.893524260754938,9.309937989742288,0.42704284581000207,0.574223475546767,88.91509412386708,103.57570478072289,0.4300860760674351,0.5686507340229875,87.48106072824919,102.739696527715,2,55
0.33120909509088914,0.4793365907868282,26.442455074574823,40.45560396377363,0.3283883131302128,0.4748516271421626,9.702355992787076,11.403679740807975,0.41261040017631545,0.5923005437436825,90.964889353468,104.55471725629369,0.4113335971474931,0.5902810293242731,92.23765082145594,104.93454995479574,3,55
0.34472400346587206,0.483371355486193,35.15942015987765,52.20512581005908,0.3415442179271608,0.4768760659798083,12.947410171697662,14.877736580272337,0.3803970636241227,0.6270286196243922,91.70085779038826,104.63114154800785,0.3767068953629795,0.6271960917230511,93.10785205592586,104.37458730981452,4,55
0.3212177466216567,0.4612376625271459,25.751338331925588,39.80967804988754,0.3180995007032175,0.4539149350855035,8.743699535834871,9.976492496862079,0.40917283597071485,0.5968773281628079,91.05401943993355,104.8794737647324,0.4114871773800743,0.5897969432216268,91.50934806932503,104.0359842464739,0,56
0.33937007907521866,0.4889902463739103,27.88814532344429,43.72741990734403,0.33722989999080394,0.4830462654175841,7.767706136061264,9.19197900168615,0.40377586077282734,0.5952519285162584,88.50031392620595,102.7545434151625,0.40616122173901315,0.5899462089143719,88.02665338921179,100.01191789953319,1,56
0.34208401143282,0.4918122970664076,34.00851518830696,51.418288458974075,0.34020425246587954,0.48401230485741653,10.609059557994449,12.155479879869539,0.4012805536772202,0.606191757942825,90.50042129072328,104.43597472508208,0.39936541114353097,0.6036888519988663,91.38343926716621,104.04675091142312,2,56
0.3347974557200769,0.4877533832459917,26.78726554456336,42.30693218721794,0.3331806055976011,0.48005881725496086,5.6165930025753665,6.692835014207418,0.4177776813525309,0.5839319700395816,89.24080598641575,103.67429434317098,0.4153083237436292,0.5827881298910865,88.48957333036498,102.8626168001758,3,56
0.34398581693887365,0.4896584369062681,21.58638353530145,34.41792271827919,0.3424177527453059,0.48375012782513677,4.781231505197047,5.874203728253893,0.39067355202505755,0.6093434245438297,88.7665061977155,103.45565277141412,0.39090521561689423,0.6061823769909752,87.72020932392326,102.46533083737303,4,56
0.3448415142066116,0.49362042743207485,23.874898106155065,37.30210180350197,0.34129255059949815,0.49081212361817333,6.456857254072561,7.573897821813458,0.3959271896660033,0.6069663539375926,90.05857375833769,104.17000514790077,0.40064294082384366,0.5998476289952868,90.06634494066564,102.25368397288155,0,57
0.34170331521464176,0.4957299946462433,26.835647632911346,41.79606998148001,0.3404596183551591,0.49018087839207847,7.413074903284851,8.627014729566648,0.4101737581611264,0.5932418277054796,89.88377832181027,103.66402141394346,0.40278209949756916,0.5978703294237969,87.7879201212982,99.79287945644454,1,57
0.3437524958708538,0.5033076489769167,24.71130535721598,38.13114396181237,0.34240654511258123,0.5000581362465679,8.822183386392087,10.069937048044787,0.41646939853546555,0.5846295194097237,89.43828142701614,103.3576121160736,0.41435043478881045,0.5849286736904983,88.73914630240864,100.90277676161716,2,57
0.35348588605491743,0.4990862061933206,30.706360852467917,46.97790329674307,0.3509391841123736,0.49577463838437275,9.812086988929252,11.048470816722373,0.3808406357314262,0.6233724741543715,90.37119718798589,104.73167099959451,0.3818450246239005,0.6195548635304161,90.28233876264129,103.7599561411829,3,57
0.3485043409767637,0.5137705418705388,34.217263307342925,52.72436271107402,0.34643081805661746,0.5106519891214952,11.770461878997887,13.535292100949382,0.42110967588465564,0.5820353255514306,90.56248475449897,105.35211945305524,0.42120831475814874,0.580023651983595,91.3318867865514,106.70980800428119,4,57
0.34555515949948995,0.4854176110685864,30.70137200537525,47.90456528923302,0.3413885607634683,0.48225169759694747,9.068414249746008,10.97316589647077,0.3850319968927574,0.6173527451478148,89.31939996379673,103.95189310861682,0.3820487084478407,0.6174122547666809,89.15082883757003,105.43754140639489,0,58
0.3403653600824636,0.48725291233615114,33.27247575139387,50.36674014333035,0.3350333146780031,0.4837286740349975,8.76207942278998,10.983033597870936,0.40407577075214185,0.600088414714426,89.67074386275371,103.08651190746346,0.4032690318200956,0.5972670968366888,90.90551460761145,102.87725615916949,1,58
0.3382856322193608,0.49164118438366466,37.353082519535455,56.64274726089454,0.33403175014097714,0.48742401726229123,12.947096596846354,15.87913253745203,0.4197023226374171,0.5875201319172623,91.63316730509514,105.89216831811422,0.415703827958577,0.5880795714832342,93.13422571338734,107.8042028288317,2,58
0.35376471097518375,0.5049588848724001,33.032133413190394,49.393730401577706,0.3505465939730718,0.5029252880863707,10.033213817569196,12.306571797259654,0.3954000540968393,0.6054994262742822,89.40564205530058,102.8561382911071,0.3919179500463006,0.6071002343843832,88.0460806918431,100.1342153830071,3,58
0.3362965525003827,0.49206248833886307,28.110624290708206,43.632743095181816,0.33219277555194365,0.4893044496062942,8.014562352189799,10.072449042396588,0.4271318113732542,0.5745293073443795,88.80881643831073,102.77284494938068,0.42485761002933775,0.5742359210736377,87.05948842651054,100.27544736892307,4,58
0.3312528366500858,0.47737832924521545,26.624349121623823,42.75751761978207,0.3273586883716601,0.4739550076792947,7.035949158537197,8.403981683181463,0.4140046598672795,0.5891516650699602,89.58785936105801,104.09958589326081,0.4096950601208664,0.5905042071316905,91.72856438395308,106.7898770803536,0,59
0.3418974557516459,0.4899468755701538,30.81917130655264,46.9285669136668,0.3372669530427088,0.4874419321902621,8.29720761507139,10.31935333723087,0.39965056702918267,0.602291767905076,89.05487418140419,102.8822374535829,0.39842207941281543,0.6004401851956273,86.85164479781605,100.15793040724458,1,59
0.3379136867862683,0.4851119189478342,36.42958909746869,53.49361946912494,0.3330927362998816,0.48273739374829455,14.558679016822147,17.137090740501534,0.4079659468338345,0.5986417739397402,91.7725617041254,105.26651352997109,0.4072899949117681,0.5960204259514599,92.86176087563364,106.58288104267285,2,59
0.3320502088308262,0.4765261194429993,27.62232016505597,43.95223889974138,0.328016712887633,0.47160734658816683,5.622165607427677,7.064399268588256,0.4059041254604719,0.5967372621665197,89.69860834735196,103.97761985916038,0.39949451751092074,0.5995937164673255,88.54159145629727,102.43100093393983,3,59
0.3319632181486251,0.4764334058142516,27.579737253157983,43.08704477098346,0.32688454772830167,0.4724081760250729,8.005297781745895,9.166914131846529,0.40589693885564265,0.6007253457369037,89.75463633605165,103.92305764927634,0.40347076101140106,0.5994473644712375,89.96529154018523,104.26390129547065,4,59
0.34697393193556525,0.5112597697227841,36.15580583124835,53.93535090367645,0.34530517421656803,0.5059117541500107,9.509782625609668,11.347700264245889,0.4204215563475842,0.581110028841028,88.83074579407494,102.8209565061245,0.4228310611872156,0.5759890502514087,86.91970414595431,100.45931080978129,0,60
0.3460164363971933,0.4902801098073606,30.57965646061988,46.85840851455616,0.34415784208177785,0.4836857293134811,7.729086359079752,9.058800920388121,0.38379903262062465,0.6176253459519425,88.42087750663642,102.88335640667736,0.38308782375261,0.6147933676726128,86.00144665620003,100.20159245207867,1,60
0.3364335287994679,0.49260163200191703,35.46211348151493,53.44893164004719,0.33493473308894767,0.4847768004602924,9.916571972706508,11.64671740015763,0.41767324104350945,0.5878390034486521,90.3258665141261,104.40729440491936,0.41501438995985784,0.5866084626489236,89.64034914695837,103.10342007604362,2,60
0.33459745696505677,0.4852833541054573,30.800280624241463,46.534501937639746,0.3327518840642084,0.47956366515705057,10.051855736599594,11.648604874098394,0.4077173028959081,0.5968872040016051,90.15130676806773,104.12579101712187,0.4091572483297104,0.591731053706349,90.5417457677128,104.03153153015668,3,60
0.3512357671871198,0.5007317303841933,35.249180768796855,53.230167640637696,0.3497239920822952,0.4948221443515978,9.350302499315129,10.981509228881034,0.38824715412768074,0.6130712031225213,88.737606773427,103.57990240143394,0.3893484763496075,0.6093676289084515,87.6446297153953,103.78389884493659,4,60
0.3389504679174522,0.4856520052695689,27.54558145882102,43.136603911784604,0.3365328566859308,0.48181118668571965,9.828521517267466,11.073237225829304,0.39804553825764877,0.6063467391472079,90.57314070654209,104.83046303664183,0.3966180775191427,0.6052243534130836,90.77819535554563,104.6756003669434,0,61
0.3454096374957951,0.4921008909734622,21.973829084486486,35.870828247407395,0.3444563075087669,0.48882916427357265,6.402771280681068,7.675971025930121,0.39365302698724586,0.6081185162014012,89.24218210832728,104.18311855928344,0.38994829158676003,0.6097836992493103,88.86623693049988,105.82231256569574,1,61
0.3351710825088737,0.49045550819310696,26.897100846659804,40.80463809987186,0.3330848130451748,0.48773659911500383,11.690206349087468,13.255124957850747,0.42100322847144966,0.5830970436876882,91.01730841255147,104.57618905300998,0.4218647876778931,0.5799587680325667,90.45547353957906,102.77644644880021,2,61
0.3309465298799879,0.4822982321848424,19.338834665400793,31.09662271380744,0.32857585735072475,0.4788790328712373,5.128675761723371,5.990941188120286,0.41783214105410527,0.5853118223960212,89.83174258522892,104.32076453141636,0.4179413257275609,0.5823659251741813,90.16280835133371,104.62238415448027,3,61
0.34538171673381496,0.49590191268187406,25.774117533180277,41.62795862709702,0.34330028209436975,0.4925861179223489,6.370917488706189,7.369215074045179,0.3954509945266128,0.6057727211476528,88.63562747202754,103.2714228975314,0.395057094877289,0.6038620067194926,86.31562559442459,100.3411317427994,4,61
0.36345881239913586,0.5266922871299161,30.009762969852325,46.40109011898989,0.36288762047475126,0.5236173331431668,7.3632934652973585,8.596458760118585,0.3955436646890763,0.6059548262265425,89.26275777345246,103.38545646210403,0.3954335893999738,0.6047270119993432,89.0505656174091,103.28591026240863,0,62
0.35894873099101543,0.5188562151710753,24.30677258749852,37.602675129634555,0.35888228269805544,0.5157704628544438,7.298765468944719,8.436322291574616,0.39498807046728496,0.6058958139228712,89.04670720603276,103.24224723284996,0.39322633898515297,0.6062364980244087,87.16425175496042,100.62715064887428,1,62
0.34277182408030876,0.5189862966135662,32.84527845884137,50.51574497111143,0.34114880982541623,0.5146132537383381,9.394841426825435,10.785123506366281,0.4413712771465894,0.5615256046676654,89.81303613606111,103.91474244903475,0.44273710218663664,0.5580991185847604,89.90085504289574,103.7660768052233,2,62
0.35447495577724775,0.5063933924663155,32.80782979803984,48.99362351592638,0.35279083371331965,0.5010666164274742,8.783821348149624,10.249921514265456,0.3834479572374402,0.6197238789924104,90.19701040881905,103.49302259742336,0.3821156434994448,0.6187451270521608,90.30344275486041,101.2967334890142,3,62
0.34529652050418935,0.5025905537412972,37.5391728948423,54.87945256970619,0.34361881750836704,0.4994397207328348,16.431368846180778,19.104705224829047,0.406803890049404,0.5997165317490729,92.4483316315415,105.33822691986346,0.409484578259365,0.5947882772005714,93.14144601377889,104.85856929733168,4,62
0.34949127309858735,0.49703131284301516,35.1676848556366,52.335545122845296,0.34845119206974684,0.4918456673207769,12.432540315364474,13.915823937831107,0.38667930232260356,0.6181381273977802,90.72236937390056,104.28049789888229,0.3857841809136244,0.6163484436410624,90.6299526529951,103.22988965464148,0,63
0.3548590174068424,0.5144876941793035,31.289031303505066,48.480820068344585,0.35432140975555826,0.509938245659893,8.02409965303925,9.283162715064178,0.4000374404141076,0.6016626574282479,88.84932814714242,103.5218154157835,0.39911085169504557,0.6005535409444953,87.98190843220735,103.05883107694615,1,63
0.3484446284245069,0.511742928021651,31.521021306507652,49.122968318038495,0.34774228619302466,0.5073039475735946,9.550177250606541,11.146820389341332,0.4135837433254826,0.5896189397279648,90.14075083895237,104.9701278189832,0.41391441174014815,0.5872762419050319,90.32585565706671,106.07460503722781,2,63
0.353202227324765,0.5129230941924097,43.56021761223865,61.55386614431199,0.3516447936026617,0.508790778867755,19.009740471137402,21.762902896959915,0.40325835522869224,0.6030101221481757,92.40998786196992,105.3886939434824,0.4066416143432082,0.5982327089395095,93.93825827527387,105.50696567535795,3,63
0.3459556174963915,0.5087250802061875,23.970603818046275,38.544701785571604,0.3453982322671724,0.5046878861543497,3.754997814120241,4.772327049626792,0.4172815130434752,0.5841778210841434,89.74278783733834,103.98962858397982,0.41801960458828863,0.5815084335285081,92.65162023086611,106.1890257276828,4,63
0.3276074993070544,0.4729527042917741,26.14150604177611,42.1918164586893,0.32453452845346703,0.46729308303312095,6.442958508432199,7.878875948247751,0.40547185809939906,0.598610371140402,89.62198391302344,104.1232065886108,0.40597582823166056,0.5945154574278559,89.36025618030867,103.27468317862005,0,64
0.3338673249464693,0.4697545977667261,21.73645905570962,34.847287151824894,0.33068835556141896,0.4648029467299303,5.136613549088709,6.43466747897384,0.38019854498418,0.6221816311449481,88.66812833292944,103.21245992899783,0.3814429255016084,0.6174376056843498,86.4569843965044,100.36206565263589,1,64
0.32871269399204917,0.4897383777401319,30.79314661174877,48.91488917616339,0.3272756396659174,0.4840363050385496,10.564214422407478,12.289011322422573,0.4343522613797813,0.5706192443478015,91.35309683001718,105.76960040625714,0.43079131676080923,0.5711179889502795,92.18595375781592,106.83325688047468,2,64
0.33090619664478416,0.4767871554612087,33.50384716240289,51.13178812451856,0.3282243700112636,0.4705186611509476,12.441336936235963,13.8993406654617,0.40527721872949474,0.6018118094735797,91.8289183580512,105.70273321224212,0.40413712695254084,0.5997245127619457,93.65099055426813,106.20508623321034,3,64
0.3338461963126077,0.47837914062877057,22.23421098540585,35.50140759877399,0.3315636565336086,0.4742159871623338,6.343113459203086,7.717880309729442,0.3970174540894577,0.6074058641441965,91.02784221024443,105.11032345198545,0.39727714169932915,0.604407460225906,93.79262414242405,107.32664299389675,4,64
0.3456241948937145,0.4916594375041875,28.14988884164526,43.41788191568571,0.3439694366012961,0.4865321003211791,9.406387967176778,10.69343147695513,0.3885531050441309,0.6188520220350948,90.5636227728474,104.93923123196215,0.38961775050280023,0.6148916780229824,91.21139811717751,105.34629957072005,0,65
0.33903587591635326,0.4958897754464619,24.299035186956385,38.981640354566565,0.3383467007756056,0.4906555701389751,6.818189398740577,8.261120189411994,0.41721182459726025,0.5861727651931936,89.96932401127223,104.5399696247715,0.41555720775998367,0.5848751237163269,88.82077502390194,104.03457735839464,1,65
0.3403226958252284,0.5044891654674352,29.813845717248622,44.63481503044691,0.33900191440299043,0.5011193444840233,11.51007881816984,13.096191075709916,0.4287141322782528,0.5745093003351318,90.54753432979906,104.13519817557557,0.4327106225059487,0.5685856594895158,91.33803926716936,103.59120329143413,2,65
0.34736030934802115,0.5040609229411737,29.67054881209125,44.2168871963666,0.34698192736695094,0.5001076110611943,12.887155531434598,14.383231031182723,0.40522994914840776,0.5975375580453651,90.27385649345659,104.26359684607522,0.4052178855029957,0.596307470987523,91.57631329400398,104.47810348713689,3,65
0.34952886967380653,0.4937558805571275,23.782123101508752,36.76069766857925,0.3491191459170592,0.4898444916258494,8.070795789993351,9.407175230647482,0.37722252305567533,0.6237643418508927,89.16931369943475,103.2476138109615,0.3766475266896492,0.6223476224632466,88.00206882152479,99.4323190420713,4,65
0.3324535461066469,0.48048155686974314,24.53995835590535,38.657112540711054,0.3305286152669796,0.47552918994586907,7.650510126411991,9.047393267602077,0.4122158877751959,0.5913182942502223,89.87015290949125,104.37079109485771,0.41018033622322514,0.5901439669634675,90.13397699299576,103.53264948716328,0,66
0.34196858573009464,0.5064520926263815,27.76980002569059,42.980923535291154,0.34040690191791034,0.5023249575568627,8.37620566139816,9.65862232600699,0.4290468551375179,0.5739378372370768,89.66077019076319,103.75365502336064,0.42744157083372836,0.5727712396428344,88.97050515535145,101.86740043452927,1,66
0.3375266442268933,0.4755999317797271,21.933506469898624,35.45511541410937,0.3354526955106117,0.4710215490787933,5.323229000236917,6.278474060424704,0.3853404410124572,0.6169038662684881,89.2216883650685,103.70928750507652,0.3831813874993359,0.616163461037379,89.37014379934878,102.23947624415571,2,66
0.3428927441288189,0.4846255791695117,30.92976445164633,48.45020770388673,0.34081763385574787,0.4790492082682668,11.167107240844995,13.442371291482527,0.385808340431574,0.6225043847431233,92.1872443938222,106.94316575406305,0.3834581418939439,0.6216659196932404,94.79675891003592,108.95684020981729,3,66
0.343708947163307,0.5005053015540707,24.68306184385432,38.87831404113828,0.34077787339680293,0.4977947582096225,5.30465318457678,6.354739891030466,0.4122173092359651,0.5886008737041402,88.81175212456563,103.23804358882515,0.4171132367651863,0.5813381795741023,87.18669394183091,102.19083507787057,4,66
0.35011312002730705,0.5016928090356745,35.001834353508386,52.30389087695625,0.34908914912856465,0.496049919006746,12.424260096496194,14.810199012732882,0.395213830375681,0.6105174877679055,91.29813700023587,105.30630431600912,0.39518171416821013,0.6080449154261074,91.50927122059528,105.67369688963093,0,67
0.36429008392976203,0.5274326148906964,37.63190675806645,54.72373796219987,0.36491088897519713,0.5230075598178208,12.837265228715463,15.238087276908283,0.39706086487267545,0.6032870722320836,88.9980415702185,102.60122896927585,0.3953335681144625,0.603424122301422,87.93946518688385,100.74374597507152,1,67
0.3427283965943918,0.504174959323258,29.89324704106142,46.06977681100659,0.3412079622587064,0.4982247145489099,6.0186892038867645,7.357578475824138,0.417545589380762,0.5858320677799808,89.42799693026433,103.5897567202584,0.41906356074818685,0.581362935577637,89.89381519068893,104.11742327907204,2,67
0.358158390060152,0.5146105351037087,32.90863776490322,49.932685938927136,0.3577027285612493,0.5106305163755706,10.181672606273336,11.676739198317962,0.3923731895019541,0.6092365932399627,89.14702936407762,103.71372199286846,0.39435338941418724,0.6053868683709211,88.2575195062436,102.97337213921887,3,67
0.3557254007040874,0.5231866757453956,34.91407477703565,52.43464948830897,0.3550844403246511,0.5191973175048308,12.546537619961821,14.385064156423512,0.4130028961500035,0.5877715810725784,89.35780361134789,103.67764868191637,0.4152802129400138,0.5839124833379771,88.98361515415108,103.20954050192142,4,67
0.33495039842398217,0.49273609074185637,29.83719609155121,46.35479650031116,0.3336027262043588,0.48676277237098964,8.584007859078845,10.069404881968477,0.41728853160516777,0.5853445254965506,89.40541284159747,103.70048602619296,0.41567756604130385,0.5836219180324996,89.42735829231594,102.21787564623975,0,68
0.34526831391144636,0.49259643871746117,33.188216619276666,50.638710443571696,0.34377090543838756,0.4860043977467359,9.035523275736791,10.615789042994482,0.38696311832012315,0.6162401945421281,89.39341740059339,103.72493685571324,0.3837795508268686,0.6159328376946294,90.22352237863797,104.74308100016306,1,68
0.3422846751253725,0.4890191398911506,34.237578195307314,51.55965678796656,0.3395550081743458,0.48470972339831386,11.42978599654082,13.317400474784584,0.38652686421397087,0.6177584524537876,90.6474433848168,104.71617598448066,0.39136476471654896,0.609968383481767,90.5062735707321,103.86784540506078,2,68
0.336964093905192,0.4925172063904895,29.567097596572022,46.15978435875776,0.33547590012046663,0.48676138682071185,7.358999607843783,8.47638623954,0.41138363118263,0.5934748891599801,90.39679714577701,104.46603047973046,0.41035394416542964,0.5914380873263472,90.99118332164284,104.34811865775792,3,68
0.33793212959602065,0.4969034714732153,27.81753296127834,42.927664607003855,0.33609815364556705,0.49156906413597856,8.065438017688125,9.461612610578404,0.4181479977561829,0.5842275066784899,89.25015320465099,103.19864873706717,0.4185708717929653,0.581095574512856,87.82564011706022,101.11667237530372,4,68
0.3399599758690251,0.4896389925351532,25.79688644841621,40.24189675384485,0.3376192215689736,0.48695556819921576,10.428823143659708,11.70828420384555,0.4078727133935567,0.5950964836478404,90.16477256588918,104.84034788696633,0.405908301695708,0.5945953459435565,89.96995733364261,104.14674275552991,0,69
0.3485281358801745,0.49881738385358015,25.928508094694216,39.733313917571515,0.3464261293792415,0.4974955805098127,11.208289590300856,12.477210709355004,0.39956802132514974,0.6022162918522724,89.66481178486191,103.57439179374947,0.3994374925425647,0.6009705798082465,89.74169251171138,102.78212553302252,1,69
0.336649368531437,0.4944631500011028,23.53269216135033,38.530780424337586,0.3335065131798921,0.4912203459644386,4.225490773502879,5.314787725072643,0.4252534326971821,0.5781385301982805,90.95355918551121,105.43307627263101,0.425932089122848,0.5749639794388954,90.61739860775256,105.94245672348298,2,69
0.3441057610399912,0.49232452288789447,24.060126249148258,37.85298545033448,0.34193638933907955,0.48972762149234295,8.667352831954897,9.784264979032026,0.40034069183710214,0.6017753794311139,89.36128475549275,104.0053829044394,0.39877239704280976,0.6015380466569074,89.24040459192943,103.19382580014347,3,69
0.3384005106882372,0.481130233124525,33.4889433871387,50.8352880143671,0.3353943998809605,0.47621907141731484,12.608870697943402,14.075832264240066,0.39802414212904624,0.6116730932901813,92.05748728175891,105.77344990294782,0.39403992479637384,0.6124756888049889,92.62234030726127,104.70877492065758,4,69
0.34065403709889747,0.48984774379609275,23.388182391856773,37.22865810527818,0.33765036088010514,0.48728769814341777,6.512779017739796,7.572280018788732,0.40692466277357653,0.5948258541272641,89.41155750229578,103.81672828206662,0.40602289937684155,0.5933261608588821,88.11136755857241,101.2522104865325,0,70
0.3385841184468231,0.4818948839096277,27.58431595264793,43.12226988646881,0.3348667242361086,0.47847266611562983,10.055148180687745,11.291269263069017,0.3999695871047574,0.6073855019781451,91.3327400600808,105.39754585425506,0.3988341665184977,0.6049390645224608,91.88590117125429,105.06300252448986,1,70
0.3448268130494046,0.49827665983689723,24.770228530201887,39.15566232384705,0.34216847391256244,0.4963309058133493,8.307408000304424,9.396653621221851,0.4096130262137683,0.592049286446097,89.41396337221035,103.9767025967777,0.40875117850088555,0.5906267531010221,88.48591781672887,103.43869588365372,2,70
0.3453223760870139,0.49541764512380543,22.528901365335194,36.59947434083057,0.34251389206342947,0.4920414306386301,3.4899482875968,4.405863139159483,0.403475400237869,0.5990623879339224,90.03466493943056,104.55288866854866,0.40019782308574703,0.6000322118676392,89.56892346365936,104.62344395447639,3,70
0.35044473756843814,0.506861152011939,28.844301379206314,43.8958504705586,0.34828748022067907,0.5046234712172707,10.997794806639345,12.374158143790712,0.4102633251147458,0.5910506080554799,89.73493164390709,103.58498075688603,0.40742016640500023,0.5924285735043947,89.58181727439295,102.07547567180846,4,70
0.34408048067818187,0.5060050334853937,31.564194780670153,47.56868254599849,0.34358134728285167,0.5002592303032767,9.899078562535562,11.226061627750607,0.40877101512979624,0.5938815540726441,89.86720505206655,103.66716159568496,0.4112301689220342,0.5889879745062653,89.11166015513788,102.07441149661847,0,71
0.3558528344693041,0.516603958243705,34.68878327083786,51.45609471408685,0.3561151701760501,0.5108708364631365,9.986273068849318,11.418242601388238,0.39256946822560634,0.60829767702139,88.8279342046857,102.39230661727937,0.39286491146134017,0.6059365204284134,86.94903091224421,98.76810447024694,1,71
0.33986639584247275,0.5130817098662972,36.788624891752505,54.22407918307126,0.3402578080424133,0.5060004327892053,12.365811747690092,13.836358648906286,0.43691414536519296,0.5681442017909398,90.58532027041831,104.44071177467372,0.43524535733847597,0.5673259878182979,90.69333406692253,104.16871649561153,2,71
0.34788771448159644,0.5015421897533489,33.11503796874351,49.45841337107086,0.34712648288300735,0.4954467025635905,10.19946679309673,11.710258136786878,0.39053802972017776,0.6123605999435393,90.04585899040546,103.37919884510247,0.3931630287391878,0.6074110211939936,89.48409222831634,100.79705593923796,3,71
0.3539217956154185,0.5100663261332404,34.95752683657674,53.78944696865515,0.3524755709018268,0.5040787756039319,8.02130378376214,9.207026004978266,0.3821322192867334,0.6209394171235119,89.13476403019548,103.76015667434761,0.3863679568566104,0.6145401192553936,89.10669414852354,103.57109151420552,4,71
0.33299094763304654,0.47382401213718356,25.976293674596967,40.195754957811644,0.3288826569990502,0.4697982231665086,9.077708229897157,10.396731891840579,0.4037946793484474,0.6008254070534579,90.7219841988286,104.2959515313183,0.4010871908271081,0.6003467506963924,91.25369256246522,102.60755607366558,0,72
0.3411847977358762,0.47731823841803356,22.19181132233044,36.64822086801104,0.33746586870044465,0.4747572244613687,5.959581887513466,7.254286927821433,0.3830295749759121,0.6185519052790343,88.78190998936347,103.65464134194438,0.3814857560551742,0.6172729243484324,87.1521263920822,100.23273500005105,1,72
0.33950578991949715,0.4902839359587623,25.8640970283418,40.99600488457281,0.33649464682959895,0.48682841876369076,8.0919492141852,9.451100401661767,0.41486731548534195,0.5872828750036381,89.30096870936659,103.78611213028101,0.41033333995382804,0.5888588055262772,89.08732704751617,102.05828906562273,2,72
0.33574197687717866,0.48561657115211765,24.982117631800424,41.330378258323954,0.33176568695077124,0.48245071089238695,5.782040252750002,7.522114619116287,0.41673030827855034,0.5869193172614326,90.86672644110827,105.5212646909925,0.4155225108485948,0.58526184071704,90.13321326389102,106.22562068446162,3,72
0.32560016215889764,0.46857039338213474,24.252148009794624,38.55186982200175,0.3213514591193391,0.4643440747924953,7.553706209902598,8.880110292541957,0.41621602973882377,0.5885630436476988,90.26571435224184,104.5183575476618,0.4140398343107418,0.5872133424733392,89.9163189591325,102.96097830677331,4,72
0.3331845204913719,0.47865971282803393,27.57008679043209,42.43816269780326,0.3312604086715028,0.4740421106384341,9.80625365039332,11.263217404625802,0.40109392135758554,0.6011632281463114,89.08383305548968,102.86494665416285,0.4007668893737625,0.5985217001087697,87.35407801267468,100.39383475451987,0,73
0.3341741471449741,0.48499017020817375,23.589573785583454,36.743618721109975,0.33246270460572563,0.4799458921253448,6.825022798001466,7.906338578787997,0.4110638241278093,0.5919899035801175,88.76226303209411,103.20937596096952,0.4097883190800249,0.5898214525182034,88.01024235832642,101.99659923154908,1,73
0.3327809949581714,0.4796890222187229,24.53242325635759,37.65416439347991,0.3303655858970618,0.4751279552225274,7.822088731096744,9.32397704662741,0.4030833207369784,0.5998677682422209,88.93505132469885,103.08583412007803,0.40536745044414446,0.5941302591581511,87.94690567577597,102.28253390098267,2,73
0.33168375691183605,0.4839057597399708,29.281696922855357,44.50622754588209,0.3295768422306957,0.4781129128132877,9.531708850192103,11.464861475534372,0.4175691002196191,0.5862491976111713,89.29776831737297,102.95234814247141,0.415859507046531,0.5848131047487592,87.70149823280511,101.21681952226066,3,73
0.33288417153400884,0.4713751007554009,26.599106174755008,40.87175397764528,0.3309733201200822,0.46619967687565456,9.73339777826699,11.38978061627163,0.38719702604843,0.6151208924279525,89.14513376607414,103.15448797893337,0.3862669949739176,0.6133197549657017,87.67423853327011,102.12700044463708,4,73
0.33642527068305966,0.47844754692692004,32.10628349570887,50.54220887948472,0.33348315084363506,0.4746871629143589,11.743914120974338,14.123505251739429,0.39938601823875947,0.6098701650650307,92.91210503630549,107.64107584429418,0.39404927296830333,0.6118234917134543,94.35901687978988,109.9005942179669,0,74
0.3494148294841334,0.49722038832362536,29.026000786683102,46.43982421263409,0.344501182426962,0.4956116574716598,7.93543499723429,9.472463572754588,0.39333423260127265,0.6110333835659417,89.9106598235855,104.73951691152583,0.39729155873986444,0.6041881158578889,91.39652100920419,107.1367054635807,1,74
0.3332999358832077,0.4833759790437694,27.81602692262149,44.85646417460394,0.3301802065756545,0.4801271691637467,8.59211718321482,10.182362724298834,0.41832696787162904,0.5849739563985921,89.61081328603598,104.25615470542299,0.41577394263069645,0.5847078431586282,90.01843731469732,103.35808532258211,2,74
0.3375744689568542,0.48731146308708595,27.639920682250974,43.07976795920974,0.33476791402143663,0.48405395477369506,9.467974178013787,10.832062917782466,0.41338913783424086,0.590808907390389,90.32204763611671,104.36467065980669,0.4090433666092281,0.592389791522798,91.3447429240762,103.53508302037692,3,74
0.340525638890077,0.48969635096741565,26.215017480257924,41.09176291798178,0.336784463805159,0.48584405637551314,7.87022819152556,9.169341657839366,0.4082675054050831,0.597563216591854,91.13387485806362,105.20847261731689,0.4051272788484942,0.5977339121138489,93.24398257722049,106.33983455184074,4,74
0.35644692267045075,0.5230710475006548,31.27893035848071,49.274451944258026,0.3544724193509628,0.5182985179653045,5.409526488171663,6.346043657909269,0.4136417435547777,0.5863959268905908,87.58089460249968,102.46125246720364,0.41129141610540415,0.5867283183964955,83.55260357148391,99.38742795472207,0,75
0.3294541106784631,0.48934457187721564,31.570659641063425,49.31396784460913,0.3259952458259902,0.4841534439273879,10.745741328803614,12.284335044439699,0.43519250007110366,0.5721001116670484,91.49574906125957,105.86249298016531,0.4360356132349893,0.5670519924169429,91.36900964494842,106.2137766321237,1,75
0.3486565338598216,0.4919087480336831,34.79971087212548,51.37455150475019,0.3458338801612639,0.4869001009915612,13.421546553846134,15.294721445928412,0.3804126428414045,0.625164520809972,91.19505907669823,104.47241347490483,0.3778188300903011,0.6245032632854745,91.38120381718164,102.74949449320974,2,75
0.34024324106315457,0.5026818194203405,23.446625406190602,37.48669352400689,0.337372619431821,0.4981199342343314,4.264864233655486,5.2218383861619,0.4277904963475314,0.5744007877951105,89.74007184752091,104.03579513077959,0.42744679563924304,0.5719614693456241,89.09272108715956,103.0161811696894,3,75
0.3404680800609513,0.4760379170508893,30.66751970380306,47.08963210048318,0.3369911091275309,0.4704762011134589,10.01551344613653,11.410690532260642,0.37110993984333984,0.6340574558346433,90.70465593840376,104.40312801588686,0.3702693626578047,0.6319232565155376,91.30957066293126,103.48839113349479,4,75
0.3441027646721667,0.5017776502615692,39.03858704535525,57.81446463782048,0.3397338609800947,0.4986398386327157,13.31675529369701,15.06033460080393,0.4144959803142874,0.5896771546996031,90.80550443483146,105.04401934500302,0.4114845679766495,0.5904091513658278,91.70225131462666,105.63955088635579,0,76
0.33666636806935174,0.4896371592638121,29.22565905795725,44.77547860829918,0.33206203645757454,0.4861615724675796,8.328241547941744,9.625901382658082,0.4196064097796414,0.5837951125882261,89.3351585254994,103.20498018112518,0.4164750333964276,0.583564461655763,88.50239321085658,101.18162947719479,1,76
0.3404433948562725,0.4800923714788775,31.699894289445393,48.82275847474219,0.3357249543489008,0.47550685043429164,7.396484456500611,8.618230303986483,0.38679605058429645,0.6160704932982956,89.12196847091171,102.83763749834483,0.3823101781172411,0.6170630350867699,88.639820319754,100.58924602160297,2,76
0.3448304203583957,0.496349588866233,35.62614500455639,53.579644097297596,0.34020573818733535,0.49364119248385874,11.251279085179874,12.577260050975992,0.40388721353524376,0.6012189340907139,90.4181047398257,104.51169171773516,0.40253671226854126,0.5995225338696742,90.39155781866843,103.79994376219402,3,76
0.33674565091088066,0.48408191706034054,27.98326777842244,43.78972184367648,0.33229603451866,0.4805506679976427,6.8005480377476095,7.978353466481109,0.4080002703937802,0.5940432086556096,89.29233896599123,103.29510804769448,0.40471905256778573,0.5942103176375634,89.88473462500193,102.82554890620901,4,76
0.3406727354063301,0.48490809185693734,23.743659614917544,38.08940553752839,0.3384584309845154,0.4796197365671113,5.766812499490023,7.02062978513581,0.3893424284668513,0.6136030701000796,89.6869598238185,104.36116126835573,0.38509572558169514,0.6148364503086166,90.24196658842641,105.61609236414456,0,77
0.3449170883310407,0.5042963772752977,26.185277206528323,41.19736462822334,0.3427672382147129,0.499820311684764,6.100304150829354,7.237976970743893,0.40744001182604067,0.5940329711982648,89.26182737385928,103.33390308019916,0.4052627512468111,0.5937383761444831,89.55651652009621,101.81345720353202,1,77
0.34590077776168643,0.5049601950998106,36.380966868081565,55.984496771777444,0.34252822850590675,0.5011916184012525,9.575517317531595,10.837876269679287,0.409518572195302,0.5924295634651864,89.49497054006744,104.07204973391912,0.4121380283741312,0.5869619778568252,88.18376442234158,101.23670814993528,2,77
0.33399347430699133,0.4902887414542467,28.708524308121117,46.055820624458605,0.33037442287846647,0.48541940440233033,7.715645676919925,9.29142845645455,0.4191800991211368,0.58694485722737,90.70183734359884,105.39066833525227,0.41975072784530104,0.582973608529919,90.99697604853814,106.1334625675406,3,77
0.347160680406186,0.5013972421535065,31.35602855486288,48.054783545194965,0.3450520807233112,0.4967555804653304,10.555926118501148,11.784670417584673,0.40093417596449155,0.6012476368207273,89.72572159227597,104.06902950664256,0.3984041812870713,0.6013398630449557,89.59214068350146,102.75442807535707,4,77
0.3422594745611387,0.5141893964155608,39.06901117067181,59.23838199546882,0.33927596023554946,0.5109187369899987,12.682832630819304,14.973111765301068,0.44473287186884025,0.5608684667499388,91.73406119358162,106.2585821614533,0.4432837645796643,0.5600206361418689,93.0660020185043,108.39314848481258,0,78
0.35181495042761596,0.49498969459599784,27.910673958778947,43.06303037266416,0.34902164080604436,0.492160793834891,8.119072817463081,9.394661788263011,0.3805788594943132,0.6214373866424873,89.64140182446198,103.25101495599161,0.37805264568512287,0.6216368567207522,87.87914814392683,98.74180273470435,1,78
0.34676529127687133,0.49820447697139886,31.604011085868677,48.519536731021866,0.3440521963481621,0.4947584201195621,10.61190804004573,11.913819437473773,0.4023854985120855,0.6013731177595872,90.08096540799855,104.34287326280855,0.39889994231443027,0.6021620219282425,89.36010022028508,102.73334692489001,2,78
0.3587793243578733,0.513051645396628,33.250671150245644,49.20838630536659,0.35553564304655216,0.5117874071845641,12.259655729889484,14.247552818880749,0.3937945936144494,0.6082875109533458,90.21515593616196,103.43727799037454,0.3959521176523212,0.6047084541496078,90.35714058995943,101.85649930419636,3,78
0.35672760660910907,0.5163412809768102,34.16115134360604,53.52896466346423,0.35401710315962565,0.5131021016129025,8.92453315508231,10.657838730651783,0.40780703867764256,0.5933466938182226,89.55607922648204,104.82585264779746,0.4051560645948121,0.5943767731268639,89.44981537130137,105.7518160856744,4,78
0.3345470179966439,0.48523802670579524,27.693868463023442,43.86292133439556,0.3314407569563165,0.48179145652848526,8.901849327589856,10.509280480546153,0.42559633653144224,0.5781915262971036,89.70274295865924,103.99343623723013,0.4189210459289745,0.5814461970964602,89.89732272652874,103.54557816194485,0,79
0.3263969032493367,0.467380174313786,26.64370427999539,41.754038175242655,0.32222080030607575,0.4628000536414982,8.141781136312844,9.543803576521304,0.41625033416107676,0.5910748901122449,91.07547979396507,104.79061042757037,0.40993164704701673,0.593329743372316,92.54861252960677,104.02217511988299,1,79
0.3473278439352393,0.4784774171466227,22.428583902055042,37.10624685238606,0.34275405728153213,0.47688765899175795,4.473013871701723,5.622541033877968,0.3685726453813304,0.6326916891470272,88.32337919980404,103.53199197590679,0.36733197900145187,0.6309422988667994,85.44855597383133,101.75789168610427,2,79
0.3385128473693053,0.49416138492223,30.999477477185003,47.60132135455688,0.3344967738778134,0.49254920230926125,11.797944846989191,13.9376875729486,0.42887938431801964,0.5731401215885028,89.38459031740408,103.44094747048038,0.42712140846356295,0.5723127500692534,88.69072871391633,102.0132924238986,3,79
0.3335874336080729,0.47171480877567573,32.482886249980645,52.099688349801475,0.3285133639193287,0.4691000330782681,12.327138977924813,15.543361725429161,0.398498450646829,0.6117713535233729,93.2035755333876,107.97325812612792,0.39858647507468864,0.6079113337707567,94.02374050170512,109.28971225414362,4,79
0.33875679116219365,0.48985236787943526,22.117298385680133,35.65804654384647,0.3372125953693243,0.4828152855167699,4.170975546802556,5.224154730037629,0.4027542617505463,0.6017221230760338,89.98205543699903,104.55180843207852,0.39723515205397164,0.6038862912632182,89.99773977942895,104.00130235156068,0,80
0.346001982070702,0.5089924928637403,26.217542522877892,41.55206701291227,0.3445334216350327,0.5045864150081019,7.453181550522257,8.686215577956384,0.41543733400160915,0.5860562660670694,89.97317694997686,104.43037328915823,0.4148109545318517,0.5843240683542258,90.48149759696778,105.43817731238275,1,80
0.3480713103756962,0.4969568499322502,33.049788597661774,49.52673782412105,0.3450043072337532,0.49329724054410234,11.02984120366728,12.66613294378086,0.3858452994531814,0.6198592655208832,91.72731153967463,104.81986481766708,0.38930663105063107,0.6136857049517185,92.73075431126395,103.17780697254331,2,80
0.33447147537003624,0.49846265027581266,25.016329900234286,39.00955019631437,0.332496641660976,0.4935835266957288,6.854310466028869,8.116942372669866,0.4318083805608654,0.5704627439661214,89.84302445328727,103.77345271113666,0.4311735919182634,0.5681012824642799,90.11728045479438,102.65803071031768,3,80
0.34460051699364097,0.4908103951871472,24.728788084449786,39.71418551935038,0.34181956544390935,0.4852713958176489,5.605581596264807,6.87657421502463,0.3866572836708701,0.6174001103542499,89.98863311538365,104.6044571709196,0.3877533802843455,0.6129263648616853,89.32478743713823,105.20200114996038,4,80
0.35427350159418586,0.5071040757629959,43.19216216206033,63.61964635402933,0.3493493342405858,0.5045497339890238,12.16057339922145,14.835619560932699,0.4015848039058716,0.6032058314620576,90.7543737882596,105.24175154187276,0.3996499665144069,0.6021426687068633,92.61553014611368,108.0199472795806,0,81
0.34138410556955134,0.49533310978772427,32.52350577595435,49.508423975011546,0.3368950603859766,0.4911969444272419,6.260844630404185,7.6560296589166015,0.4216113139809437,0.582427971998211,89.3960779522482,103.2017239963079,0.4166679900028485,0.5836240331208679,89.43559321148277,102.30376551784445,1,81
0.3418806311526073,0.5002180016980643,36.22311068975072,53.08766229952175,0.33821091323135766,0.4968046397436844,12.640292354870127,15.092258072082455,0.4267534438975067,0.5760266925624962,90.13632072021919,103.46134685080493,0.42063149276850736,0.5790558166618608,89.2329174554227,101.72921389222523,2,81
0.34672076726371964,0.49821734054152084,33.32039291545626,50.69914147845806,0.3417369530534151,0.49587814075905534,7.080793887379498,8.93300606576595,0.40372011840879485,0.5979600063819486,88.38108391229375,102.3237353545121,0.40266735425069883,0.5961601206370182,85.32549345021025,98.17805330395647,3,81
0.3487761703356397,0.48694569437240126,39.6037893188102,57.813187881148885,0.3432806855735483,0.48340579132285055,13.555390271063017,16.066490753279282,0.3809483624544891,0.6246371676844471,91.26753158024617,103.97836666696652,0.37942243030269374,0.6230972785842346,91.68784689595999,102.95452200959495,4,81
0.3582718282681167,0.517592297971717,47.5559362337481,65.91793457517751,0.35436406392335634,0.5151438640996895,22.740272548865697,26.011243639614477,0.40938064965632043,0.5985197867033675,92.9357835038874,106.2689531363098,0.40071274084106523,0.6047934309647894,93.23970278485314,105.9739887348126,0,82
0.34987655629576325,0.5130971593841795,25.729244634107847,42.0007885304414,0.3455175526200059,0.5121544043605446,4.831845798993696,5.912289167075305,0.42545603085016187,0.5753891329257296,88.44054657980998,103.12173331228371,0.42238893867354854,0.5764192232008873,85.68482121547673,100.95269129781562,1,82
0.3507886578200701,0.5044003431054485,33.51864811237942,49.605018867043356,0.34566440651901387,0.5030035714764686,11.37199108800726,12.982650802028491,0.4065546218804092,0.5968778436954914,90.27869464586264,103.57437164799221,0.4036032557830381,0.5974378835396643,89.77806729234227,101.3805694691283,2,82
0.36163414296901264,0.5191620798563845,29.367011125708387,45.923749835015066,0.35749636280382524,0.5192236470747852,8.44343209193701,9.65139015385258,0.40317623637295347,0.5972255601244986,88.77562231585819,103.49825104753657,0.4005968355270564,0.5982511609289022,85.36161679266415,100.65447794593715,3,82
0.35416767311871433,0.5032068642261487,35.557556474688546,53.38995250358243,0.3485069575816404,0.5020135145696946,11.160115201275872,12.650635379736297,0.39460697427543057,0.6084715276553612,89.77602972449755,104.03650609145497,0.393986543201598,0.6067279959591577,89.90391302644689,103.0400812418173,4,82
0.3391592433188596,0.47994555411847073,30.36971982734925,48.357027829702254,0.3352192069292884,0.4761643208198852,8.836262737256774,10.503372967805753,0.3861279800607572,0.6165317664510461,89.4782780040063,104.4902599526054,0.3849366205342801,0.6146444970717438,90.00899426416687,106.20486736006619,0,83
0.3380403661949415,0.49383996298117977,27.876424912593777,44.106120749783955,0.33468193227479714,0.49096306414919477,8.399510452603769,9.749682686623672,0.4192158942936681,0.5832927308868764,89.3640697684747,103.8665619659053,0.41787697219323455,0.5816422332008102,89.67752879286927,104.22718492244263,1,83
0.33736997516479106,0.4843765386228669,33.00184971885575,50.37107284604667,0.33358065921333274,0.47912951503900253,11.005447107512405,12.655059477662155,0.4014659821921601,0.6035276211428213,90.28239492589861,103.90189620501883,0.397801319241815,0.6042045373102035,91.3991447720825,103.1851946391982,2,83
0.335183217682164,0.4849687127222964,26.19826401936559,42.22135826707746,0.3315590049087653,0.48052570828518815,6.081313959157892,7.224817299209714,0.4094476804066841,0.5921053787742665,88.6603787496838,103.08986326486487,0.4064128673150077,0.592359872751046,89.26557879798986,103.42228790192353,3,83
0.3320023580316663,0.4844793966436957,31.106772264848157,47.93910925039163,0.3276714134646396,0.47952753806758547,9.302519633009114,10.912514918146172,0.4136219070109651,0.5898331301001017,89.99485720246632,103.93631976952254,0.4127008552891666,0.5876150325769685,89.75758737683415,102.75635969137257,4,83
0.3635761352828985,0.5248139724639757,39.154409050610084,58.089002599915524,0.3623884079272241,0.5223044459823087,17.03854260885821,19.42561065643044,0.3952099552265068,0.6083333590561043,91.444246330583,106.25905342258177,0.3968510310620712,0.6057209232826818,92.41534651172725,107.53956384134318,0,84
0.35348956283099997,0.5076771642570149,38.1056906366941,55.74097689433394,0.3515784288869333,0.5043953482961421,15.663230080264979,17.627545848957187,0.39127343336722686,0.6136826171825833,91.42571172624574,105.23908368265508,0.393033970451131,0.610046545227025,92.01207734147033,105.36652632777894,1,84
0.347590572536214,0.516454138403286,27.619262635818835,42.851107869381565,0.3465882089550951,0.5133521461495261,8.679527324748534,9.90860915223945,0.42549208251272586,0.5762704737057256,89.04950157241103,103.37365041602219,0.4263313555610186,0.5737908183841429,89.49200771763407,102.86582536925947,2,84
0.34052708637910056,0.4921293522871658,21.881237243110785,34.57902975897555,0.34000143662162824,0.48765207524178217,6.8349643656586165,7.990900065384495,0.4036906745975124,0.599847691676124,90.02366777825705,104.36595710067236,0.3996028840126461,0.6014600728050964,89.97816274452198,101.95977322925123,3,84
0.3487372152404685,0.5067823973081886,24.72854173542337,38.38536621733797,0.3476507663237935,0.5033284688668163,7.826990396103081,8.916156704779624,0.4042588405765601,0.5974807010451716,89.29615505422362,103.4318804475236,0.40419882077962754,0.5955840202758206,89.0109706004558,101.52274000784902,4,84
0.3506393815624354,0.5027437161688698,32.56827318228443,49.79261373663719,0.34807639530042156,0.49952130241139847,11.130804857556429,12.649602837867764,0.4005571908114926,0.6014869035749842,89.7736271679553,103.90359375704813,0.3967412204832518,0.6030944760636284,89.75428261552501,102.98157010913519,0,85
0.3378405438153696,0.48408341704626734,22.69605938420442,36.36552456805215,0.33406021002395264,0.480545411562772,5.475409888749676,6.447209159921033,0.40513615159209804,0.5970207370839188,88.92089441670808,103.23667764110027,0.40423934360479397,0.5946828281035205,87.36921318754911,100.08159025848586,1,85
0.3339700752024906,0.48370436975296693,26.412402796035096,42.911781822380085,0.32934083497340605,0.4789795940810805,5.732896632625082,7.109772327362489,0.4184338729026146,0.5869029421894453,89.85170135424367,104.5046111627012,0.41863560355845164,0.5832030922777388,90.01667167116611,104.77082131454627,2,85
0.34625212240901754,0.4982041808226281,33.47977506292212,49.72211117551745,0.3432417563812736,0.4954303124263587,13.697480743228166,15.606193898487605,0.40577421201105485,0.598900124250022,91.19329689449266,104.74498590267659,0.40411551297231807,0.5983153262929053,91.75346629276787,104.19603513587326,3,85
0.35747076102630854,0.5120739781106868,30.517860601390918,46.75333320974452,0.3551116669040518,0.5095649138148391,8.907064823910536,10.193051412858358,0.3999821332079649,0.6009684427779359,88.77150857617238,103.15939446550992,0.39671206733470227,0.6023214542796868,87.10745239522628,100.98583505068679,4,85
0.34475801726567734,0.4906916601969991,29.79885349983563,46.05830255050785,0.34179908698471667,0.4855025412311516,9.298876493186157,10.796776943943513,0.3899591512049476,0.6148460678855335,90.71699946357309,104.9027882245053,0.38919078812797087,0.6127603642082201,91.85576245791219,106.58254269004857,0,86
0.33115635988201286,0.4735115470607199,23.168981500859502,36.85554958972928,0.3277572182697203,0.4692782465624537,6.333796803260246,8.00508140645193,0.3989932611629076,0.604301728759063,90.00229518471843,104.07255607250647,0.40155864003484576,0.5985280947267357,89.4667515967144,103.19204710301933,1,86
0.33983964687908436,0.48107266456762326,26.355781469511843,41.4543485867372,0.33712508369299765,0.4769745796976742,6.9024369659206535,8.568259020627584,0.3856286368699915,0.6170854275332784,89.57638355160987,103.52671138601944,0.386143687940469,0.6134922454547209,88.05033243717406,101.63114504115318,2,86
0.34762271719479254,0.5048344246591284,22.404148681988687,35.76573450557264,0.34575311571059325,0.5014882486833142,4.064373895674231,5.02027354023774,0.4058514294968974,0.5962599099767807,89.34605875263333,103.8451134471646,0.4063320761538063,0.5933939924605097,85.25155565078677,99.97522105510775,3,86
0.3364393773742397,0.5037662467050158,32.57528290387,49.03977305279273,0.3356930590751025,0.49814574781597104,13.236988778495254,15.28727080675799,0.44248857041447226,0.5633721018048214,91.877273471087,105.77273403806602,0.43545138469055705,0.5679102776141619,93.08357906400866,106.97565212293881,4,86
0.3433982892843289,0.5096860842904578,30.61653027707221,47.298580745977766,0.3405702455063153,0.5059440773471683,10.067307566714556,11.61186134849202,0.43781324298892765,0.5642918938071624,89.57529130319362,103.96156904737032,0.4335540456139766,0.5662407785446478,88.5098522467717,103.55477867061977,0,87
0.34084435643245947,0.4721577327245214,26.3496575624403,42.21343998919794,0.33734026963933367,0.4680292525017792,7.497713427876629,8.729940416080588,0.37264000232723493,0.631432046491358,89.95598005732225,104.5615318549718,0.36883312632188947,0.6316951838398843,90.07292954391733,104.05539488493837,1,87
0.341863558268149,0.5005897396380511,26.1225052938332,41.616681451917586,0.3379579129713667,0.4983185925854442,5.9032633478318735,6.911446454558079,0.423021441732276,0.5780509263251361,88.54350557074382,103.11964654218666,0.4245693068296006,0.573761863188468,86.33473653780608,100.98192906618263,2,87
0.34477965244952147,0.4949962204254934,34.145087091726346,54.402990633575435,0.3408304278389458,0.49111772524889524,7.893834278047978,9.808951656618158,0.4046537435789646,0.600386837987891,90.45412266898967,105.62545197665318,0.4032072586259434,0.5985538844592104,90.8506821031129,106.73009582352965,3,87
0.35340025251220625,0.5023811233667196,32.17432965989585,49.1457262922664,0.34990401449625674,0.499169549434579,10.972609448806537,12.411702774033687,0.39386109213055304,0.6095180203294704,89.7707327046077,104.12022142936024,0.39117988947402893,0.6096402547537958,88.63233706119112,102.39933322709162,4,87
0.3400705978928001,0.4959669822963125,29.38285107387286,45.59583231938247,0.3399693122193688,0.49012429851488687,10.14643577593041,11.68916048390178,0.4082750055328117,0.5961534311123092,90.67178062979022,104.96610492800319,0.4065810712270154,0.5951502368554036,90.61142810640915,104.63758300396427,0,88
0.3496123329518649,0.5101061522336441,23.857288531939282,37.936704248977996,0.34915264778990546,0.5059741537327044,6.222645172559802,7.406009501948721,0.4054743509030865,0.5957622082443765,89.08719135500823,103.67706487554015,0.40803416635889705,0.591330267191148,87.3330512383586,102.65340360123153,1,88
0.3444693206352144,0.5151639065058047,32.740879573860916,49.796146066142555,0.34491324982497934,0.5108140106432447,14.012310564728217,16.016608285298318,0.430575976192029,0.5736769567335869,91.62460628918029,105.79725156277122,0.4307505305289754,0.571744856054288,92.45364230591554,106.18747579767945,2,88
0.3441348336818034,0.4818361573510481,26.42771964288434,41.02109278917901,0.342639707340544,0.4772997412205094,8.1534954461877,9.675837074239274,0.3691675072397756,0.6358405849557622,90.9238329296781,104.66091114268039,0.3741378081609856,0.6280635187301877,91.69298374069885,103.1813409738287,3,88
0.35690222202396116,0.5204347356787482,27.309740302604236,42.7094881664981,0.3569030871646472,0.5153798752085129,5.476997260204182,6.5538379294435885,0.4009501729545709,0.6003879708103257,89.07101268892738,103.49040591327146,0.4012156016843727,0.5983599539030231,87.27671765497317,100.89397123613959,4,88
0.3576527419472759,0.5233941231217203,35.37937203779533,54.536248994670004,0.35666583507023597,0.519434273374157,8.984257980729636,10.743923466516774,0.40753064889912993,0.5946024832641773,90.21801992962284,105.25370419756626,0.4066035337332662,0.5937846054788956,90.64271483556473,107.6472725613693,0,89
0.34760286431305776,0.5091224951813742,31.51065235575704,46.89698261299237,0.34618217852909355,0.5049965466729229,11.277510725145726,12.829115532849785,0.41287553433340163,0.5896318140797905,90.02838102786477,103.61745740582826,0.4132745090312837,0.5869693896392555,90.33610928554317,102.15584332176675,1,89
0.353309750018536,0.531607689176743,43.010433899579915,60.01445928332124,0.3521265880873763,0.5276602719292399,18.668957752275393,21.063629108094148,0.4352970038620319,0.5671476379061383,90.39905587079903,104.11599187285823,0.435896248343033,0.5646619006358011,90.0622692702345,103.47234083557053,2,89
0.3466066161378806,0.4936517782697805,30.856157648231584,46.7258418048519,0.3447495339993639,0.48872265665333026,9.640976614782124,11.138772910940093,0.38535762971365606,0.6182999211268505,89.80885178306404,103.4971756992346,0.38496959951887777,0.6160472934833153,89.64255627370099,101.44991525044205,3,89
0.3633484989037129,0.5178885509469627,38.898440306003884,56.221979174547606,0.3618207012342746,0.5138447081047589,13.308498941064002,14.960818731389507,0.37997196219452717,0.6240572053290884,89.64647951692533,103.17225197033238,0.3808359628773437,0.6209826180406591,90.09799481326087,102.52867402406468,4,89
0.33408202954165384,0.4751836157819542,22.904299491557367,37.06292224550789,0.33213348625394423,0.46800976466688776,5.119310731822903,6.8300977536866165,0.39031493050163996,0.6142967340148233,89.4624256514192,104.58330364671313,0.390173208288359,0.6105720271649488,88.43225673267048,105.0400700612238,0,90
0.33189442334203906,0.49204109639785576,27.641895936914654,42.53402692786257,0.3309550233129531,0.4867121661616636,8.82532529624114,10.235512385809248,0.4303573254720028,0.5707206567364156,89.23844401284083,103.44428972099541,0.4315754075124758,0.566649595145713,87.07112121423349,100.8043163340322,1,90
0.3327761836392465,0.47960247742114026,25.639697435994062,39.82514566230255,0.3318606202013893,0.47318624877444415,8.233781198278656,9.562241732843098,0.4034619287099346,0.5992842639769751,89.3450512306144,103.79983313061976,0.4015798968697693,0.597562457565388,88.83978223697045,102.4793084499237,2,90
0.34249933748638506,0.4811565368579987,26.41508196005146,41.85194300780722,0.3408723851600635,0.47635218814053876,9.158334977277677,10.908198923834078,0.37358619280990846,0.6290506657802744,89.89200785322151,104.88165459362891,0.3770063173660957,0.6225838515725803,89.94836058477006,104.78514847041852,3,90
0.3356765021340085,0.4919626117127663,25.981459705106438,40.12469848083696,0.3345892317139292,0.48629095237136377,8.319765003711261,9.801289328770949,0.4192328559954935,0.5820338271804364,88.84343042052441,103.12656816907622,0.419388112316166,0.5788442858689733,87.62707658482613,100.60975508837085,4,90
0.344008199881218,0.489464223433393,27.053822885894142,42.03656880591559,0.3409678896689296,0.4872036618961108,10.490810879736008,11.700021343285915,0.3959000879938725,0.6088425554812197,90.66719986355757,105.11252687288062,0.39899353844603697,0.6031261913574284,90.87799666462878,105.25354432331925,0,91
0.3468631928607397,0.49815268706549426,22.93795703967331,37.170910347015266,0.3449748197014035,0.4950913121564901,4.546102998471496,5.698004485555686,0.4050357120618461,0.5971821559372605,89.43509730162579,104.24584058652609,0.40369892266388935,0.5961693054468253,85.98837195110612,102.0835537989355,1,91
0.34933940024121757,0.5052738001534649,32.758328093999154,48.01619805878745,0.34842353070797466,0.5021480940953926,14.065084677544531,15.919148489040401,0.41056559201736564,0.5931419690260683,91.05267305368267,104.23709552741016,0.4062806403108448,0.5954122967555063,91.0743042902779,102.69712922299918,2,91
0.3435764056343351,0.4972613824444691,26.48489833717657,40.47225961777743,0.34149203832630765,0.4951323013418835,9.98945537065526,11.356157032733654,0.41160335654793123,0.5907340618142023,90.03970719622741,103.9682677609217,0.4122569227169989,0.5881268052841724,89.63643935570661,102.09232899072612,3,91
0.341495998034646,0.4900527465151038,19.947588460016075,32.544388770494336,0.34013911084049925,0.4868100471929868,5.296208196720164,6.658227627471188,0.4051870193939878,0.5973614162493299,90.01089683688053,104.69009787972033,0.40167571698646687,0.5986912205263042,89.85326930638578,105.22502731454804,4,91
0.3586094233208992,0.5080719047042482,35.30952307663107,51.15849186597256,0.35570440209061377,0.5069361175350283,15.828543342353093,17.992759278448663,0.39188585880883653,0.6117422078140202,90.98517267687431,103.87809649873047,0.3885692296626108,0.6132933761131185,90.86867645722285,102.29828294338928,0,92
0.35061509684918934,0.5052869212800464,21.849777961056944,35.50883034519507,0.3467671567191299,0.5040114251332324,3.0775321424737236,3.8970061013266837,0.4119140353104717,0.5912588082400975,90.4174386816511,104.94872566330145,0.4120433936339898,0.5889388259812796,90.26094613154741,105.74740181929523,1,92
0.35008181413096323,0.4991232885431311,26.639972110298284,41.39615204937303,0.3476480765457965,0.497097856732425,8.585007347317138,10.21337625692408,0.40091030084506046,0.6003958032683507,89.39302220872271,103.3718822576187,0.3949142459456043,0.6045039403429563,87.74514475838808,101.33112929862763,2,92
0.34976953911668895,0.501297790643956,31.320709830289555,47.56801554641539,0.3455727499718988,0.4975609633216913,8.186936544472456,9.433298649341992,0.4034058511499715,0.6001012849747978,89.82589159229121,103.73458020342447,0.3995433535130907,0.601141696752983,88.91264077791067,101.9190140165098,3,92
0.3437258734723768,0.5023284251066619,36.02509185716037,53.82669330060273,0.33950051609431997,0.5007886846899504,13.945478993083423,16.656667577275684,0.42833921270431174,0.5771555702129976,91.74616328885533,105.66582871348349,0.42854000487714716,0.5745070350996114,91.5985732556331,105.93705635381745,4,92
0.3459007951542235,0.4951834790087725,29.254643427283778,45.5773036556732,0.3414239711326446,0.4926807171996281,7.099686484570371,8.599057228389338,0.398434982013872,0.6039185977644684,88.97711717083358,103.61162366024958,0.39864226774816347,0.6006010518221241,87.94226596322645,103.45231260831254,0,93
0.34876277509188075,0.5026289222602358,37.474214291972324,58.05441476933972,0.34514570300954234,0.499730241163747,11.1757018070782,14.321152309213947,0.4061742872384914,0.598749135793622,91.17247976395218,106.03103448901864,0.4033082906989008,0.5987363371653767,93.19898369672299,108.86289039554262,1,93
0.34567607689931906,0.496343036720182,36.704705209737746,53.85030658513832,0.34207413182748975,0.4932022848907279,14.102855037637092,16.619911954568426,0.40578596318785415,0.6002724212563587,92.12283942295915,105.1744805235869,0.40216928491201287,0.6011290013636464,93.43491133409239,104.92976928626213,2,93
0.35212510247812745,0.5021663853735405,28.26521978230676,44.99051979722869,0.35000289316587596,0.49945081256079893,5.99858721240024,7.471271936321973,0.3954409457336734,0.6066341919411135,89.16304410091344,104.1306760828127,0.388987987230291,0.6106214446710031,88.99817250182447,105.46047245157061,3,93
0.3434703356758122,0.5055717868654047,29.757953193794812,46.578633963194434,0.3392870737980841,0.5038395290527672,8.429589368062167,10.395106809729063,0.4279753305487772,0.5737784521438855,88.99776430163563,103.37787263943663,0.42878864061728306,0.5704569718355346,88.67576077100118,103.18501397054759,4,93
0.34401434667348924,0.517748805976515,28.996171810678728,46.449504154370096,0.34474466054563074,0.5098295543084733,5.2508267513921,6.34938750733899,0.4317459535776155,0.5721094855922538,91.14354162754893,105.5869735348218,0.43261628647545164,0.5690173562222751,93.4252646004612,107.71472100229737,0,94
0.35817052986198195,0.5154818122747007,33.27276001077924,49.27891336157447,0.35925812003847596,0.5106868642331387,13.647392671867827,15.183067713260245,0.3852321557258273,0.6187097853711163,91.29409552046725,105.12465821391486,0.3898488250934159,0.6122383741426354,91.57885662518926,104.4460133213516,1,94
0.3489424005348905,0.5064808718319634,33.30856120991261,48.614068912270724,0.35024166951725705,0.5011444907454591,14.546895472223058,16.507451958109534,0.3962863517181687,0.6092234424465789,92.12230306609649,104.9138271157516,0.399195853567911,0.604128845452851,92.42288473191417,103.45579882487506,2,94
0.3504875258392475,0.5133245221419986,22.940997599991384,36.17530816539329,0.352892474183339,0.5074493301429689,6.156047693561544,7.373814563036683,0.4028099891916837,0.5980187249517286,88.94051833418615,103.13832859436829,0.4018281116253515,0.5974431540992733,87.58741465320773,100.40133583855284,3,94
0.34602304494772196,0.500999259558627,27.950958394359656,44.1583031818321,0.3463033915969777,0.49526784450616546,9.028242844066861,10.405705807413812,0.3945295833594543,0.6095553240071554,91.0413642412147,105.26464597371468,0.39973019325197834,0.6025276904146709,91.83149902655693,105.48042578809009,4,94
0.3399815777131394,0.48794270289278385,24.97907762710223,39.17519642796537,0.3372942645084942,0.4840304405042527,6.144243850237199,7.31667513727762,0.3942771201063384,0.6093815249271305,89.57174966710433,103.7725784723904,0.39984610055803116,0.6006968472315247,89.7204897377708,102.50299294196851,0,95
0.3481810679946342,0.5106163514940504,32.27614059367468,49.133709782871684,0.3475136845625896,0.5066057581974062,9.758716636984266,12.030410165837639,0.40898894189389157,0.5922955885785627,88.3156742220173,102.41840625003267,0.40916843693806126,0.5897542794965752,87.24798825655854,100.98536835400881,1,95
0.34014636539678916,0.4821608589836175,30.657675271629593,46.21941478275062,0.3380997615690946,0.4770896073886534,11.247165708971256,13.303470263247501,0.3856266531083903,0.62034069481108,90.98750601405843,104.48573759714054,0.38589740736129363,0.6170454887012813,93.05358140552445,105.86231082702305,2,95
0.3252541856384714,0.47834948849827563,24.929356738948655,37.919643143995195,0.32427254564694447,0.4729398101524733,7.987812948058957,9.826677041542915,0.42491206600554704,0.5802553043507911,90.67503972120622,104.20865854839678,0.4214106336782573,0.5803693792986159,91.24685800684155,103.29704371799178,3,95
0.3376545873233067,0.48948354235307423,26.032561547253614,40.162739286315016,0.3374594598897303,0.48479039506793575,9.069386079992276,11.082382642289927,0.40514050407588026,0.5966515965141721,89.0094432687531,103.02914958393815,0.4022297499482839,0.5969418127083447,88.54869670289911,101.98986994997446,4,95
0.35491793126168025,0.515220041856323,38.043525057816446,55.73580172270246,0.3512349207375242,0.5118901124727501,10.280186624931273,11.852279268275042,0.4054323721106911,0.5967238375150682,89.39641458370905,103.07188424871138,0.407931253775987,0.5924700489539613,90.72923608995312,103.84169893658068,0,96
0.35326697210980307,0.5127141788919368,35.44485477127671,53.40595851939135,0.3516584968805091,0.5091664745246144,12.335909723409014,13.822413188156402,0.40869761803840476,0.5941876202715228,90.07372446248708,104.3910919858262,0.40469579320793836,0.5962533158755019,90.9213600120825,105.16267826443428,1,96
0.3603896354340068,0.5129451429993653,33.720531646834,49.80236978220407,0.35862888555125066,0.5112831111660998,13.42588439971694,15.521552725426677,0.3878307350071995,0.6139224690944046,89.74846906095641,103.22747065255503,0.3870059926791789,0.6132519236536351,89.42898377517359,101.33425115956511,2,96
0.35668649564828653,0.5219526491260997,27.923823614309878,42.96770325372716,0.35577477213476727,0.5195129328957434,8.599999562011197,9.934501859432187,0.41540542444305467,0.5847702979939482,88.47247762405614,102.41041759946997,0.4111015466194353,0.5878884116007477,86.52727059496978,99.44222533578743,3,96
0.3448189391466975,0.498708861328259,30.212579482434325,46.902133102609014,0.3417803047351483,0.4959022784298104,10.30178504239232,11.66205808118882,0.4078331011498602,0.5957110016876318,90.25888746226127,104.44899587568585,0.4089341453294893,0.592472823560541,91.02915523914365,104.5731224781889,4,96
0.3558612876808905,0.5129227605546524,25.782748323141867,40.27673559379303,0.3560782650107064,0.5084790943892813,6.3202239854235245,7.466816814747494,0.3952434373763906,0.6070507759391258,89.83729691526267,103.88061569492857,0.3947169692555649,0.6057897183082558,90.50607809071674,102.00695650478396,0,97
0.36075610121038804,0.533201580764146,45.4652736746805,63.433239408422345,0.36083747305374453,0.5288979109428433,21.465473929570273,24.383111533101115,0.4167269934016269,0.58775233952367,91.71739901026959,105.48587224677243,0.417502850685784,0.5856820574269407,92.4359422811827,105.46028968688006,1,97
0.3586965747391725,0.5235039837683818,24.339563012220978,38.71313376864827,0.35875095069042057,0.5195354528895139,3.84529163453319,4.6821683505590945,0.403895026543006,0.597547536018535,89.82631286445226,104.25169335900752,0.40483616691330804,0.5950812853624821,87.92977546545262,100.62537412778201,2,97
0.35993100500925856,0.5150388386509747,38.85608925659459,56.89564542670809,0.3590116820680806,0.5107291499049502,14.800374451571994,16.62263661244091,0.38621530769073775,0.6194452135518195,91.21458568053846,104.92000906818713,0.3890808120655771,0.6143903008775469,91.74433991956201,104.6458622731908,3,97
0.354227368792954,0.5223369012181484,31.92159067863226,47.82343517771958,0.35419695629375664,0.5185880792655359,13.03948391586509,14.519264323094273,0.4153982652392881,0.5876276220812159,90.76415158937552,104.47072170406447,0.41685005752929943,0.5847570377445216,91.48995435481147,103.80730730121155,4,97
0.3426251869179025,0.4922416164540259,32.67173417983041,48.97264287940768,0.34055988160847045,0.487197272695351,12.786147445427074,14.369360528680208,0.4006533099237614,0.6033473497094464,90.549185619721,104.5911941291511,0.3986924177665008,0.6027407247924267,90.5659436627265,103.6001068344206,0,98
0.34719122558968246,0.4897032714057642,24.795914597508048,39.779359226868834,0.3444813660508767,0.48640877542424477,6.350991350538987,7.441345600070435,0.3794053076016967,0.6210001475348182,88.5361729954774,103.46882597176861,0.38238120261584724,0.6154483678660804,85.79399956472508,101.67014926072495,1,98
0.3235908288766856,0.47836601091956515,28.75455044117712,44.282027576955876,0.32107783290191494,0.4701506788095874,9.15577434993227,10.616685386112547,0.43589529667565696,0.5742616026269309,91.40720595940454,105.33370560304976,0.4298038773470794,0.5759115053084058,93.17073563890054,106.5677522233392,2,98
0.3513548130778459,0.5016453568432762,24.64721501574084,39.10491658792318,0.34941660669679575,0.4990168947804675,6.7250402699116245,8.169216829195701,0.3904997045286459,0.6098918382860314,88.41194316978655,103.41984265022711,0.39272796584275604,0.6056132230613488,85.74223343918645,102.96347042556837,3,98
0.3373935714330537,0.49459751062656765,25.003435897818513,40.77921699339687,0.334791351100745,0.4896295216057243,5.71946309090129,7.128807771299972,0.417881192130438,0.5843541138588727,88.92888582788919,103.8563614931117,0.4183039509518769,0.5812953029531491,87.80743212770818,104.50587828407315,4,98
0.3470005232011809,0.504827187143744,29.07608741363253,44.161239431192556,0.34697592012195855,0.5003780306808124,10.378785737604295,11.972038904199476,0.4018111453959976,0.6026682401283571,91.48998297723597,105.14381403703358,0.40258364645368766,0.600053826286577,93.62925223933077,105.92819860860209,0,99
0.35817125066486294,0.5256064171002208,28.112197433430183,44.400883099396346,0.3588343671392132,0.5223910838676765,8.425071369992658,9.914752516958577,0.40784974348437514,0.5934295158654256,89.37559615579573,104.0263666897985,0.40942647304281415,0.5905369017228416,89.46341992290964,105.06466565783097,1,99
0.3595764796077285,0.5163119106288245,32.499999943943436,49.695492597935456,0.35984796022390253,0.5117444775496748,10.819812912234974,12.25153008936635,0.3868547405882492,0.6158548777182523,90.1364564788269,104.58060565084472,0.38685231052012253,0.6140941553842346,90.05821220642623,103.82246212668406,2,99
0.34903728228915,0.5083313216119727,33.28473784403245,48.6136379817448,0.34902595190910113,0.5041663735142106,14.648904249701213,16.79390730547982,0.40355392905197957,0.6012366823475239,91.6866354390757,104.69018410307694,0.4051988328900902,0.5978981954181621,92.57411689146376,104.76868006168091,3,99
0.34242959369396825,0.5040100556116167,28.8615771464466,44.07182887535203,0.3419748056184908,0.4993883419170114,10.935668211493628,12.317299836387871,0.41663783959999273,0.5876455693321039,90.7179040056018,104.68926067298791,0.4182242351518253,0.5837968063406898,91.19505891195675,104.66675660433333,4,99
