train_mse_sin_ch,train_mse_cos_ch,train_mean_abs_ch_err,train_rmse_ch_err,train_mse_sin_sac,train_mse_cos_sac,train_sac_mean_abs_err,train_sac_rmse_err,test_mse_sin_ch,test_mse_cos_ch,test_mean_abs_ch_err,test_rmse_ch_err,test_mse_sin_sac,test_mse_cos_sac,test_sac_mean_abs_err,test_sac_rmse_err,fold,perm
0.38083730278706773,0.4809843713521443,39.75144630033513,58.18919198647631,0.3811940329437273,0.4746029036138378,14.991410376403769,16.85731759876348,0.43291608008212534,0.5709952650035282,89.57555960581078,104.0632772605028,0.434013012338475,0.5672238619257027,89.44954481536259,104.34635185369483,0,obs
0.3788742951611872,0.4849340050516732,34.45696530724793,51.28271282725521,0.3797958198914319,0.47845367567864727,10.85850649971445,12.116009517700242,0.4463337263038354,0.5533356751846007,87.64671369442084,101.61869838363108,0.446030974974386,0.551397798652474,86.39126023883735,98.68569667530092,1,obs
0.37195316499215064,0.47930554437239753,36.769121212412955,53.50771603879316,0.3719481068386269,0.4732363475441457,14.196520802842683,15.936662919564851,0.45650015884358286,0.5453325013256043,89.61290419104095,103.21136371594616,0.45983631860765517,0.5397539020108678,89.84335947258492,102.3331175965392,2,obs
0.3772656113671664,0.4740096851978564,36.29590334942444,53.347406350981856,0.37689702308022455,0.4684913288900357,14.482057286688605,16.14536705729165,0.43129921182015546,0.5715427470593674,89.34233512519465,103.26399786127013,0.4358415187778831,0.564304061717915,88.48912754274086,101.63162848606726,3,obs
0.38680415008972563,0.48386300631974205,35.47149622070974,52.2912373429591,0.38795007686475236,0.4782159652138025,13.756619499900713,15.565884599235623,0.4219340247176244,0.5772514255939317,87.87406241397194,101.91027596105228,0.42322730840998257,0.5741485672550662,86.66728582351752,99.5058180190629,4,obs
0.4132332889828509,0.5286254351548048,55.775476323017,73.63313016745957,0.43012046506631824,0.5681755165338396,86.34768508705214,100.01007235349914,0.438149681996648,0.5619009513207999,88.42459835466165,102.40028336968783,0.4179073413272443,0.5818107917768233,88.46525820609926,102.26627864343575,0,0
0.4130588663512671,0.5269566106064296,54.4543543143998,72.33637406829297,0.4292906784032699,0.5691227600472227,86.49492555005372,100.19834850343112,0.43570126459345804,0.5642829961733421,88.35280108048269,102.30398533787128,0.42108596506024626,0.5781381914388204,87.56496186627366,100.65216062354236,1,0
0.4121437976067468,0.5274854189085445,52.56341216058283,70.21853480832729,0.422818304485924,0.576046268283406,87.23011532668,100.63229325631335,0.4387373936912063,0.5611988490719494,88.29894557650533,102.20367044905096,0.44706551929875327,0.5505189002172,84.89772242571023,98.47059265358925,2,0
0.41127229753341654,0.525353068343097,53.47316506493059,71.25436911754136,0.4269480508149149,0.5713356990070317,86.2847198405519,100.01486548377105,0.43737721758194165,0.5625436163332663,88.25724384995661,102.3130587631776,0.43060276305887085,0.5690966892049012,88.557709652713,102.21367775390455,3,0
0.4118983224686561,0.526208994474224,52.855624683125505,70.72463146502402,0.4290356762807514,0.569839451825764,87.14672283240343,100.67389117779562,0.4373970281524371,0.5625842888341931,88.4741460630193,102.50324631749945,0.42224028403715663,0.575275399676138,84.96967964328736,99.09309437610614,4,0
0.41244163779620535,0.5275181872932371,53.331222035292235,71.00487579495628,0.42511440009866247,0.5729932229850158,86.02452678153091,100.1026306949362,0.43779879719691517,0.5620415213046202,88.27040842317076,102.30417019051266,0.4318744128527219,0.56847543330623,89.6508223302004,103.34012034846324,0,1
0.41533250643474046,0.5316464272873006,55.77911682676233,73.14370668231493,0.42775586661108633,0.570663692650131,86.48819714951728,100.3828365871173,0.4382597962413527,0.5615827699138192,88.27782771479792,102.14428687807387,0.42132144456886544,0.5783603670388836,88.51440221973809,101.58412064690054,1,1
0.4174748745573,0.5333125430100499,59.27843587051882,76.6664629586376,0.4258708143996567,0.5724010376894233,86.42369451648734,100.38171503421383,0.4357599353955315,0.5641384703005466,88.31281725429862,102.26772781406072,0.42882535465472366,0.570924966367704,88.10319185994858,102.0749645238556,2,1
0.41794143518834737,0.5350727471130551,58.98766613599623,76.23280945068895,0.4299364676585993,0.5689105387949756,87.270186224704,101.05129064034044,0.43774382377036936,0.561952124183546,88.20117944310536,102.06302660601197,0.41249388500130996,0.5851071147770557,84.97227450357273,98.88898701705746,3,1
0.41525434172174175,0.5313252427248629,57.35769045674544,74.80965161643998,0.4235721759864884,0.5755000956042068,87.62372262882351,101.34054710459206,0.43768270868574405,0.5624157805233188,88.53427140225024,102.47827795798165,0.43806565121218716,0.5581784059083797,83.25183592673018,97.8886397261053,4,1
0.41131297137570993,0.5250456569492992,51.16455153928569,68.54970696197772,0.431907587237915,0.5684401866498915,89.37101323005702,103.08891063464482,0.4363080430023712,0.5635883451053295,88.45185631078122,102.42304261204188,0.4285552984488542,0.5706729536173998,87.4630241335417,100.80453593627925,0,2
0.41286144308060324,0.528117994615963,54.24193656868891,71.81226853358156,0.43246662454163354,0.5675205458705243,88.75268326688989,102.51768807798096,0.43786433381270634,0.5621401222722633,88.43236206676117,102.33409222434379,0.42666926244807113,0.5742374533270297,89.96979455047173,102.91238612096171,1,2
0.41100577334544836,0.5252942039268133,51.06647195367863,68.636868740439,0.430806498264941,0.5690625695667841,88.60017930751337,102.21195954398638,0.4374660836588538,0.5623335854726471,88.29741785890623,102.28228694467937,0.4332517200032738,0.5680942987050495,90.65148664238856,104.06237523669174,2,2
0.4146680930653615,0.5309276886573836,57.128888834665304,74.79327038968174,0.42868627999046977,0.5715260917060002,89.09629328591505,102.58622915491077,0.4383435265182155,0.5616643085303102,88.42290556402838,102.32648845635629,0.44180609192312426,0.5583738271183809,88.9830961759461,102.50601447807651,3,2
0.4098832033525629,0.5236167501068674,50.46652723004559,68.08091879176935,0.4325075852567183,0.5676967125370477,89.16859938690766,102.56056629263661,0.4373011031252555,0.5626896006324601,88.40252742790858,102.36827668200317,0.42641057877217176,0.5736880838044408,88.73906299022195,102.72153589778577,4,2
0.409647891791024,0.5235406083036829,48.72640793437915,66.28097052582258,0.43010461912419035,0.5697055409973938,88.40471214433902,102.17198906063149,0.4379092605127866,0.5619014610146702,88.32038003401205,102.29914851475814,0.4283070871461365,0.5714214176851031,87.84137351959701,101.58457557256214,0,3
0.41149381712554595,0.5252310888237085,52.031637823308344,69.89165276512706,0.42550162145243553,0.5740377977561334,88.05116438900156,102.06474560462794,0.43662882922324364,0.5635223048351113,88.63962705994199,102.71932885249853,0.44641460700744273,0.5539027303960729,88.93111138019717,102.79514622320274,1,3
0.4123797669726265,0.5266405741571428,52.106711191047054,69.75623564971077,0.43527352641196715,0.5645087699767378,88.30743719786516,102.20430391719638,0.43661019245648275,0.5634108543465388,88.42679973600814,102.33756964774821,0.4075226762926783,0.591921482925107,88.15794483947482,101.82827700105878,2,3
0.41347798522907897,0.5293988086863642,54.896557748548815,72.59593548520026,0.42665360697471044,0.5731355843758843,88.31010527348768,102.06857054873015,0.4389840148923593,0.5609647933884954,88.28770742087642,102.15444742314348,0.4418525005100549,0.5575681168567737,87.91220928900461,101.90373476312749,3,3
0.4142517585454192,0.5296307976761941,56.244381559565724,73.76996271110745,0.4309427722286086,0.5686415572490607,88.0331961805966,101.81729375670893,0.4373533878615269,0.5627874016164703,88.53794489245213,102.48770023062852,0.424833293767619,0.5754018111796586,88.98352667580073,102.79806768687111,4,3
0.4142079702230055,0.5300313860724445,54.76372660897415,72.56010498117041,0.4445114482840337,0.5539606758440322,86.87817655620675,100.49166084488523,0.43800036672628895,0.5619004060969892,88.26862596017409,102.3778473645292,0.4489962784270151,0.549811119788596,86.99428686739675,100.94319965022176,0,4
0.41528301077417806,0.5306394846759296,55.460509511362616,72.79909264655663,0.43847153944660117,0.5599082707976886,86.72550449394292,100.33258429094786,0.43642823361379124,0.5634705961136793,88.34452924855846,102.25321227358779,0.4734909914947028,0.5257453812432441,87.46456279930284,101.18909966899346,1,4
0.41658393415290906,0.5328836417755225,57.92774451817432,75.30454536130938,0.44566551401480026,0.5525331439918567,86.5002054881377,100.15692110605704,0.43727344517558153,0.5627171996500178,88.42319742320778,102.27021672249171,0.4444850200853018,0.5550591952343041,88.13705477916226,101.73788933030151,2,4
0.41364493245562906,0.5294267787623255,54.719042363226606,72.42714590928004,0.44841225738057017,0.5501312255115016,86.998796222412,100.86089918151518,0.43876576890044316,0.5612972004858149,88.46580895074429,102.52516749953557,0.4338233511817676,0.564713831847077,86.72658411022748,100.10093873420865,3,4
0.41698921952508394,0.5331062973108224,57.55983966194492,74.99894478457577,0.4501240599530166,0.5486610082790956,87.31967340787659,100.95458464123327,0.4366219537836641,0.563207495506428,88.29481436520152,102.21388452224944,0.426709279724402,0.5706907076094415,84.82328367504665,98.4437028475623,4,4
0.4097990189026336,0.523779952228525,51.55106520589356,69.62024326212166,0.4388421541338814,0.5594701520840306,86.67234105031343,100.65029063918124,0.43786762693384856,0.5623782658041191,88.5513257278676,102.55722706771837,0.4484707829036129,0.5506834137059881,87.45086471086834,101.16849826757318,0,5
0.4141134771683086,0.5293412697199912,54.65769686717173,72.13606364954056,0.4381997036213838,0.5598765618088226,86.05719169307721,99.98798867326572,0.4369213635100612,0.5632253957296199,88.58670419554747,102.5402579469053,0.4513786400371401,0.5493528890823987,90.02425912534702,103.58868651635024,1,5
0.4123922126433373,0.5270431758077985,52.13767739909333,69.76484968593915,0.4400719782096168,0.5586381396380896,86.9451760509656,100.87956636468849,0.4373106526910751,0.5626296929291335,88.33679193008638,102.30984317867352,0.44396258951091055,0.5541780281563257,86.80933133809164,100.16608208030324,2,5
0.41339259814481283,0.5283487227046403,54.768413605949505,72.54101627438152,0.4461804811808314,0.552401529302642,87.00326364226136,100.73364871623846,0.43693145434763525,0.5631170691811629,88.36604751244762,102.27293612413156,0.41945477989394786,0.5789919761614583,86.08317295654075,100.18305796153436,3,5
0.41208653319828137,0.5270945904138152,51.938924725096186,69.45497241346473,0.44076881862848094,0.5583429117327563,87.65616592826527,101.42011468958214,0.43828304945148056,0.5616663632584415,88.38976832513288,102.41158541025867,0.441344631620524,0.5558129813299881,84.1714705224892,98.29098365627392,4,5
0.41399463877688014,0.529461498162858,56.32770704406211,74.02313177491581,0.43173450200495234,0.566468808456268,86.36905081002082,100.64776437603831,0.4380558492765996,0.5618504397732458,88.26086827613788,102.23669429644193,0.43602602771651455,0.5627725984771398,86.72841743383239,100.72396887479442,0,6
0.41553385000779053,0.5317967874403475,56.98393028042206,74.5817343447503,0.43137970411050547,0.5662701428219603,85.33459803959147,99.59693107767485,0.4382488604109214,0.561614860369069,88.31805889151012,102.19745458004635,0.43744509636787876,0.5641327937823145,90.9854950990287,104.36280387563507,1,6
0.4165780253865894,0.5327624315304833,57.0394358913396,74.62307906843863,0.4293821089824296,0.5694404767098632,87.12584935904981,101.095074274501,0.43741654503710065,0.5623688646898509,88.18266777590306,102.17656006893196,0.44529892348191874,0.5516834663589941,83.83972216623795,98.51374553965718,2,6
0.41338542200862294,0.5277905727460612,54.971648718813604,72.62011581422827,0.4358653843460216,0.5625137658568906,86.51907259739671,100.67653505948721,0.4361731038349917,0.5639291243818323,88.54103161744958,102.4167279946524,0.41955585091553266,0.5788040929424472,86.4512477629054,100.24396842995412,3,6
0.4155178333620543,0.531500927485264,57.782013964896784,75.59459623427473,0.4345171465786076,0.5641901853953689,86.95222369999556,101.0032173596888,0.43736806610838425,0.5625260352260352,88.29372464093656,102.24806107062848,0.4249682458031213,0.5724329834972824,84.91348947612234,99.45687892639516,4,6
0.41236984957594885,0.5268727004314258,52.39339118696407,69.97828337807266,0.4397403563787953,0.5603437611121487,88.96395038443558,102.26151534407973,0.43670332855109495,0.563263860839465,88.36103545214111,102.37343290679071,0.4523895866535963,0.5458805018282484,86.178493989047,100.3373824553731,0,7
0.41159720169469477,0.527061848046263,53.18829844614481,70.75638620523829,0.4357488404844586,0.5638361103666065,88.26125734848964,102.01131161413956,0.4391677757406496,0.5609024569888668,88.52100856976563,102.449660057794,0.4683630196750061,0.5316480417426145,88.88689538823978,101.31113910742394,1,7
0.4113932563153428,0.5257663344543205,51.787975218067736,69.66200113015981,0.44418267730093774,0.5547515009610998,87.40768120826176,101.19030859055489,0.43731354263789285,0.5627686772252056,88.43974879452934,102.52698173277983,0.4346385404489519,0.5679668313335842,92.51464416403353,105.77863851041297,2,7
0.41274509110564783,0.5273269544973463,52.71701574990108,70.29867823547212,0.4458245587361824,0.554092552411266,88.6511480913924,102.04993055018672,0.43670716528273024,0.5631896386757976,88.38246748590872,102.44058513843639,0.4280591361948298,0.5708934973179767,87.43988137883973,101.28181997362353,3,7
0.41037479209354805,0.5243002832680969,50.2894925651408,67.90032445631854,0.4457253862244292,0.5539692626331503,88.41531684541316,101.86859070298013,0.4372687863467535,0.5627204223566206,88.34160339565558,102.3886286225594,0.4283876419017433,0.5710514797918418,88.16974683444347,102.07248728934523,4,7
0.4107691220323619,0.5252742758433235,50.97163867636818,68.43514516690793,0.435572681195788,0.5636111020746304,87.83897353977088,100.99830709824477,0.4381032113863407,0.5620363741630372,88.49421800481481,102.48059937629615,0.4314254752544612,0.5671524097611532,86.8609830313868,100.46703335900067,0,8
0.41221501929893267,0.5260509745228291,51.24357292044191,68.55313362290849,0.43069877014096397,0.5685205975103953,87.87671756874089,100.93335403169561,0.43599937328122146,0.5638656334399929,88.27258266464095,102.2247127630159,0.4510806883604355,0.5474990904971229,86.49090577980986,100.5372978775572,1,8
0.41409274864164036,0.5299249103554196,54.4042492049706,71.88935110061735,0.43240296537854167,0.5663734793948212,87.07660493626098,100.8128146211898,0.4378705811704968,0.5620608116444883,88.34845043671874,102.38585228612654,0.44416255712778596,0.5562378103657353,89.64737333083058,102.26380845247867,2,8
0.4093509160559081,0.522831528422889,49.80212862919107,67.58873481126562,0.4334439423479085,0.565888196494386,87.8270667494254,101.58041454702014,0.4370903094767807,0.5629794357429186,88.51082894334444,102.69887789316283,0.44001533922249236,0.5580330898349132,86.0401149982658,99.55805241108504,3,8
0.4082938614921526,0.5217029629082693,47.49208078946289,64.82356997879629,0.4415849221374249,0.5570522071006617,86.91930630100536,100.39677587827757,0.43816665051093356,0.5618449269990939,88.43050192455,102.49306301454261,0.4073273191057486,0.5935027860778987,89.85709234808185,103.06006171507192,4,8
0.41568949021643126,0.5320082097211871,57.44907154643167,74.89439652211493,0.4367435418130097,0.562271312507583,87.41270656420902,100.76005559988931,0.43728022963460944,0.5625764356880281,88.27917391016534,102.14303863764877,0.4431145739869581,0.5537356552046641,84.30991394397137,97.978702932575,0,9
0.41804707915173933,0.5351759295452269,60.51197317298581,77.8217310227157,0.4399714211257831,0.5585324338467901,86.76548747444332,100.45938025141301,0.4373298989147517,0.5626567449296508,88.43359773946491,102.41187643276352,0.4302309560482685,0.5684284661246786,86.68563640186417,100.27572147892462,1,9
0.4173656873057045,0.5346723789573411,60.55389159493001,77.8450775952529,0.4384447397238308,0.5604391260366113,87.18057834015119,100.56666014730028,0.43782325837982733,0.5620879047727196,88.19489027390748,102.08916904552008,0.43645024345315137,0.5609887507411621,85.18547118991904,98.81023630329226,2,9
0.41940641983995874,0.5376313417163074,63.439627263271724,80.59285485827819,0.4351985825133585,0.5626353600355344,85.71330935183803,99.49357123773355,0.43800358284545104,0.5618605307654516,88.39927998675341,102.2722790333564,0.44971656475909644,0.5522869292502935,91.58741058014226,104.31955820592833,3,9
0.4195008677323928,0.53701882602177,62.277457924781174,79.5816963139318,0.43988747038588427,0.5587184491371919,86.88244095204074,100.49449068038903,0.43673567945874453,0.5630528114707845,88.25759284569939,102.29368068629753,0.43092267808097373,0.5677393937704849,86.59773554707401,100.62172533416987,4,9
0.4152511243530269,0.531786053403081,56.37386594914013,73.79486282968625,0.4380253993147107,0.5614061737428696,87.8893511120953,101.48432572591314,0.4386359052477518,0.5615131391696944,88.46443223517144,102.4888124726969,0.429363645908924,0.5715735402866974,89.63015181239996,102.93964987182785,0,10
0.4114802826332634,0.5257398743669507,52.096749499350636,69.70702840210713,0.4330340853558125,0.5663672144994714,87.84948072177012,101.55197586058323,0.4369398745639408,0.5630707491511728,88.48026737832697,102.45270510363491,0.44915871691120035,0.5511671789301197,89.21871642987057,102.29150228037726,1,10
0.4167199175203465,0.5334096753946933,57.2458509673754,74.73715532160814,0.4325246929657598,0.5673350445665364,88.51406304691476,102.10205711371698,0.4375094932620124,0.5622948018290453,88.3234940429798,102.31511267930894,0.45127978772636085,0.5476741558197294,87.15588659212776,100.97265740451839,2,10
0.41596806976574563,0.5324598186606012,56.61819889946712,74.11325244350157,0.4391525683989191,0.5605435491095367,88.29539355970925,101.83410388343293,0.4376858174533345,0.5620775326448594,88.07888263424422,102.04037053402622,0.42486055471663314,0.5743326726744303,87.29595696921479,101.11835269717459,3,10
0.4126147823301904,0.5269218957282026,52.656607404869796,69.98592788674242,0.43855214093539846,0.5610959903195011,88.09647807788235,101.66132950466813,0.4363756594916191,0.5636889802544037,88.45912411327964,102.3468984805239,0.4271334871012893,0.5724857562203919,87.99287461884339,101.254952368949,4,10
0.4156726088108909,0.5313155827536067,57.84642728514557,75.66624143646331,0.42381424947982715,0.5762290679819587,88.97946400512957,103.1219022381617,0.436489144927046,0.5634013894489015,88.23707683394534,102.30593451861712,0.42781600031451955,0.5725459245063851,89.24089618573008,102.71411134967799,0,11
0.4162865276596539,0.5329843435814597,58.79940274643818,76.26949417506182,0.4217846455650619,0.5782082145378653,88.87190276531923,102.70175118272986,0.43785035465542754,0.5620036226272218,88.32020689123902,102.10480155593903,0.436198670168508,0.5647216697219667,90.00242764090628,103.32801716442698,1,11
0.4190584726427781,0.536526726927179,61.75897852487315,79.0144289868511,0.4281776391993714,0.5721980547387686,89.34554547513144,102.94379588407391,0.43732680816988073,0.5625425185366892,88.28313602498348,102.05067437885977,0.41099607758598505,0.5888139751239062,88.33199885376109,102.61824115090731,2,11
0.41564302097356814,0.5323032795442525,58.517984400386084,76.07340643858875,0.422509486045337,0.577389941975248,88.83358723525866,102.54918118565426,0.43816385922525886,0.5618098741259155,88.35463451087718,102.13984716518944,0.4334095883452082,0.5675883790782068,90.1258447899078,103.81252082465684,3,11
0.4153836514338517,0.5311920781468692,56.269161207862155,74.01828165477535,0.42699633753188043,0.5733184629193635,89.36042456047221,103.16048758503509,0.4372724630583347,0.5625180501651739,88.14645644107159,102.23107868964136,0.4152373075927614,0.584096265064473,87.9356831842157,102.26594553082194,4,11
0.4083507569604292,0.5212718908335213,48.395531069260954,66.00496577649537,0.43400783735079596,0.5637248776951916,85.95379306439752,99.68103062609404,0.4373174278536716,0.5626217263426015,88.33992829754571,102.43998965622617,0.4364989233690086,0.5636181002910471,88.78627204093725,101.69142106902815,0,12
0.4115455731581408,0.5259428676228742,52.14775492878779,69.83634025977773,0.4303532693260834,0.5672233255605121,85.63210075060904,99.12656366644879,0.43779756038983125,0.5623201449319141,88.46589102050095,102.43271686890833,0.45056880809621846,0.5494702547946758,89.37676005653266,102.39063762915528,1,12
0.40974020202184896,0.523380709362186,50.81598234089949,68.65804147006587,0.4335350778619744,0.5647257959169588,86.5848835632212,100.12004248595441,0.4378173327496044,0.5622122907642644,88.49736922668998,102.53054869528371,0.437961362571696,0.5601493789657436,86.1007982373242,99.3520745942386,2,12
0.4071252846530821,0.5196320398683093,47.063286554355315,64.72683546761165,0.4400008141528373,0.5582860808820134,86.72254744323827,100.10157972904213,0.43768211708180316,0.5624890351818094,88.50717102950193,102.59026746764759,0.4121932722708001,0.5853168521009939,85.23620635480472,99.53787369029732,3,12
0.4064395041057878,0.5183041131342153,47.156568236970244,64.93253844669886,0.43420874373705604,0.5642811982813785,87.05663730394897,100.49706874997243,0.43693986521112893,0.5631907432634629,88.50562504688773,102.52702264192548,0.43534479420962496,0.5614658860109049,84.14945325430298,97.67005534682569,4,12
0.41678523094758896,0.5338538009106033,59.659567780623995,77.25219648598217,0.4340734440726152,0.5648335125533597,87.19299725436686,101.30861086781283,0.4382980147450267,0.5616218452252301,88.31387487051543,102.1718337312635,0.42850190061644616,0.573042859604005,91.08141974658602,104.24292849770559,0,13
0.4075210615040529,0.5208328037068505,48.110311466292636,65.67662915724401,0.43102697449498223,0.5682523747748388,87.62343942690974,101.67498635287608,0.4384803631434955,0.5616024078334134,88.40348150606947,102.42660668920394,0.440749147716089,0.5594312143922292,89.07635600921807,102.7367900254322,1,13
0.41615027875846466,0.5324898691777146,57.80791923776744,75.28387262598636,0.4292669388912327,0.5704299367690523,88.30906035657884,102.32848253275952,0.437429952624243,0.5624465949451593,88.32767572633017,102.30130132619855,0.4477776325913468,0.5508400399654156,86.53536552987333,100.92672777811302,2,13
0.4124541824701489,0.5262641114049106,53.549727158228265,71.26057584536841,0.43417110504876916,0.5655726151088942,88.30210594167502,102.25077082977704,0.435549353073975,0.5644450032849511,88.38185880392984,102.34359508096833,0.42851788011893244,0.5702048547908507,86.68744600112504,100.85679508068027,3,13
0.4132724575436145,0.5285140220391832,55.214990677442906,73.09211406519131,0.4362988603319683,0.5633557980686662,88.14294287965194,101.86937472268993,0.4374824343438253,0.5626546332775479,88.52712814206545,102.38400727124504,0.41952424221641893,0.5790446038067665,86.67925558910862,100.90667444239618,4,13
0.4206436555323951,0.5385151447252102,63.645864441043706,80.96498769669543,0.44170612538007936,0.5570083520257006,86.95025887076928,101.11799524736993,0.43672637873670384,0.5629602419774181,88.03121472973757,102.06069490049005,0.4537937964983317,0.544535364217648,86.61779151657817,100.28766558557109,0,14
0.42014705694167087,0.5374175993903003,63.44416581956146,80.79326555407627,0.44854128670709037,0.5501989036868701,86.84472521483421,100.8733423006617,0.43613352587711196,0.5638220880823431,88.32070112840799,102.20371165239128,0.42665075683074166,0.5720720784431504,87.35347489691162,101.36744981679203,1,14
0.4174433188320669,0.534575890783377,60.2093674746503,77.93903453149787,0.4367191471532389,0.561862088757734,86.73625491368453,100.62368882307902,0.43769175460548393,0.5622551564023487,88.25414503119183,102.20737247534682,0.4736866454545051,0.5255478408945995,87.80644789040801,101.94488870451043,2,14
0.4154309752456906,0.5327684249573167,58.34313186801197,76.2371113296835,0.4474619242490832,0.55120882112517,87.00025896191708,101.06095243803276,0.43963496012526926,0.5603486992108825,88.33801654747856,102.26348118805795,0.43082898952410675,0.5679206930331919,86.86792813483588,100.46366970875845,3,14
0.41669153599129805,0.5331555683053736,58.79706780494934,76.84656138646794,0.4462004716368665,0.5524533673342776,87.00850616786576,100.99388024884358,0.43706512432655914,0.5628913499365112,88.44068629026881,102.43235222712674,0.43574886567590365,0.5629293022084152,86.29473073949327,100.4985454388513,4,14
0.40906568185124026,0.5228321863148107,49.4959406202381,67.01039376002348,0.4264152363316443,0.5731868348074183,88.19253971051742,102.17907787197093,0.43819655151339265,0.5621458030302235,88.65412313248079,102.58158836441572,0.41080288123273,0.5881548826369776,87.11948517630859,101.43903702212182,0,15
0.40991595684167503,0.5239368014740765,48.782564440922734,65.90317937237994,0.4195101517776716,0.5802115771134838,88.34080786205337,102.13275799470871,0.43805963027033734,0.5619925757418502,88.48255345599783,102.385747352,0.4385749026702883,0.5606398156850071,87.36308684882387,100.74750660727958,1,15
0.40803867962194496,0.521252999820941,47.262471720028245,64.81269583595441,0.4238407938296311,0.575981427661894,88.47269555890495,102.7308885376578,0.43775851621712275,0.5623162396650496,88.44165517220297,102.56192198774379,0.4209253239341457,0.5778013996205504,86.78063093646598,101.07824873962099,2,15
0.4092680400155005,0.5222895482435223,49.10531966049085,66.61559723656711,0.42542160922686095,0.5740165926739971,87.91252718767106,101.94675718264845,0.4365380636838124,0.5636586529187161,88.61484689226408,102.58396861792987,0.4143462854632884,0.5852458762438661,88.20887300713093,102.2918558543358,3,15
0.412874193927559,0.5276604430086811,52.84359871722548,70.07959477920758,0.42102932259557496,0.5778507886773454,87.12459886778316,100.87865532506832,0.43705252870051897,0.5629844900347822,88.40763615030826,102.22093478254476,0.43234329481910905,0.5696239494749856,91.57978094010367,105.23822093070858,4,15
0.41325659610024895,0.528394339130851,53.92765205262396,71.63183103005163,0.42202768603408275,0.5760905736292922,86.13835310649596,99.88954808740695,0.4377987436132005,0.5621521445339682,88.23886798498368,102.2196942026719,0.42379658412820975,0.5772654624266742,90.57348018763622,103.72588762413984,0,16
0.4180578179890662,0.5345764776217994,60.00194214129094,77.56977686429106,0.42220121069801625,0.5767493182173805,87.2963107384101,101.16819848664545,0.4367240685480496,0.5631304986251243,88.36445837560191,102.39104873433725,0.4234716559283375,0.5750078788048019,86.51609836505123,100.80498278567748,1,16
0.40808753481555227,0.5205535354417326,48.539432175026455,66.7625158452603,0.4217320870590011,0.5769279270201241,86.96627495355882,100.9739125887641,0.43664031710703194,0.5633334496233003,88.47717554525902,102.66669805210309,0.4250670898971424,0.5737565635312011,87.17328921411975,100.81382783506761,2,16
0.4129337595377554,0.5270869380592726,53.318146676287,71.05069882046321,0.421934897301828,0.5772311799890535,87.72298316811418,101.64206457912037,0.43601887739423434,0.5639636146443954,88.3631135957345,102.52398260560307,0.4244852168583793,0.572794131049501,84.51435320511008,98.7383490784172,3,16
0.41272770802775,0.5288438317384309,54.13072968831417,71.7863290720459,0.42411509001148384,0.57463620658252,87.09910282192217,100.69669518285951,0.43990216411513977,0.5599011393951892,88.25141943662867,102.1858667139892,0.41565544919303143,0.5830981942734385,86.75649078027442,100.3664362601249,4,16
0.41630685825069114,0.5331352974445001,58.8440071545336,76.64990699042936,0.4363701780316135,0.5641530640127635,89.58629229978193,103.54413976059081,0.43764968931711423,0.5620502707959265,88.1394216672504,102.06120576087099,0.44582155694263575,0.5549074230039045,89.85756432413801,103.43395093422743,0,17
0.41758336588625167,0.5344817602638672,60.18554112425406,77.59407435772083,0.4402491079940489,0.5600113839915174,89.26186358454608,102.8873588851065,0.4371540024648811,0.5625631891135263,88.14157284716146,101.98449397265112,0.43056980872638817,0.5714578588149984,91.52430302310394,105.2192699715045,1,17
0.41695200349722394,0.5334157741193726,59.86738010487577,77.28847386366593,0.43689053375197084,0.5637651491856424,89.77768376775566,103.4447163237738,0.43673404369488267,0.5632417556416501,88.4816268298255,102.23984973168649,0.44390286829261216,0.556299711392878,89.07060796214556,102.47938519925951,2,17
0.4145222504294818,0.5303742523145859,56.436289727303695,73.9320721500759,0.4402296340416215,0.560541141573825,89.9972041805759,103.76617506664044,0.4376570460432618,0.5623562097597209,88.31462098268871,102.20643880981949,0.43075473002048725,0.5693301877493809,88.57628623734064,102.07261091829713,3,17
0.4161469556568096,0.5328377996487919,59.674334894091515,77.06802563009875,0.43774265484462077,0.5628069465843311,89.6091525427376,102.98895374651597,0.4378026541996032,0.5621884497246972,88.36402294645009,102.10124805245334,0.44056022086511737,0.5598567888731891,89.4859091253011,103.55233108012082,4,17
0.4108899270489304,0.5254541563098991,51.372324681376064,68.94865137472945,0.4498464179320842,0.5491785112565497,87.61666869103485,101.28199033795715,0.4381146950719739,0.5619199966808184,88.39999635911951,102.33297335492935,0.42240680224721894,0.5779772604910267,89.64046394875797,103.0437221371481,0,18
0.40876918717823724,0.5214677271927949,48.33831625565834,65.93738691323263,0.4436517804922604,0.555718610336601,88.1881136838325,101.81560317489962,0.4365183588909118,0.5633944974977678,88.35096299068364,102.41325716443656,0.4472119446693684,0.5515801991671,87.18967538269037,101.24262026616118,1,18
0.4121397288138302,0.5272083525740345,53.28261501511441,70.9219783195931,0.44145570249792687,0.557555101504065,87.72514886605592,101.3130333644337,0.4382858662153402,0.5616205138192155,88.30941340648033,102.1869719437459,0.45624963161521237,0.5444917329929612,89.89663730589088,102.4976065605442,2,18
0.41446140371100393,0.5290085414161029,55.722101307705834,73.2230127292247,0.4387664226423233,0.5609442843747809,88.6750160965952,102.16523297403867,0.4355135095811381,0.5645678008948948,88.40125142137396,102.31783369101366,0.46684764808099477,0.530985594219873,85.89817334900808,99.61060677676461,3,18
0.41265501999845744,0.5283041336514495,55.980819319914225,73.9489049835819,0.4480460951071714,0.5511176200593836,87.92257308162273,101.40014755459481,0.43878971276630396,0.5611649166477017,88.23928026428783,102.10027477657557,0.4297279990670416,0.5704047208725154,89.00194536042656,102.54579623693344,4,18
0.41557097151686995,0.5319249641330757,56.83539676557794,74.43217104822688,0.4410894523180853,0.5584800282570523,88.26626257826403,101.81750325306015,0.43835752152336516,0.5614130796118124,88.2568472575512,102.30827167394425,0.4284891015644665,0.5714232202320575,88.45640339456142,102.0433595761299,0,19
0.4155740806871165,0.5312216332971965,58.53821019213319,76.28565589779294,0.4371035914550168,0.5626357732872922,88.50712619892344,102.0470591167692,0.43721196777408605,0.562889452262383,88.501625277849,102.54579489900651,0.4445274844133932,0.5546358642581443,87.9040585904282,101.60598219693749,1,19
0.41743931000011986,0.5338201544014198,58.40715933671295,75.81311437490817,0.43676395160102016,0.5627256863225081,88.13777533474082,101.64061476721388,0.4369117638357372,0.5628666085342803,88.19787598764178,102.13136362064516,0.44596081877893523,0.5541051552936964,88.88777443579991,102.52638299941064,2,19
0.4188421365314626,0.5361299651430405,62.9480716959963,80.61495307402566,0.4389577426269845,0.5608873696996364,88.61139576349791,102.14040762098251,0.43735983396175204,0.5625459570478432,88.3265650128743,102.28041571351072,0.4372930787051913,0.561634102440833,87.45865317089289,100.86475762838636,3,19
0.41373288530374724,0.529025280488937,56.05183981761846,74.1345249311,0.43895766917279827,0.5603445824184476,87.99016775492497,101.72786760612922,0.4372921799635175,0.5626552962222956,88.39084006670801,102.53185434133073,0.43690251708107475,0.5637785329255938,89.46507741269397,102.91154738245545,4,19
0.41498853079269893,0.5304738561144792,55.5521735497854,73.29448386738216,0.43811654687614776,0.5609789185518058,87.82083550061722,101.49324449982329,0.43658777595671977,0.5632552035374682,88.26357753072388,102.23064649914704,0.45447593450128987,0.5453569122862477,88.52911308185506,101.76192803082381,0,20
0.41196239604462026,0.5262615868526461,53.12426051662367,71.17443085481234,0.4412945020892783,0.5575707069429878,87.45690098730648,101.22104277056539,0.4369443897810046,0.5629969608770979,88.42908860720534,102.52728602067967,0.44194561230402196,0.5589928072362872,90.12426883622342,103.63719159791445,1,20
0.41206887246579443,0.5272371896052087,54.15239456346347,72.21239811470271,0.44086099024062536,0.5586406819413965,88.27815261127768,101.79098998558318,0.43805475177535397,0.5620893822577683,88.48997913540188,102.41619596583594,0.44381334454448684,0.5551570428948206,87.382680137507,101.3177548362802,2,20
0.4167633552214916,0.5340856608625855,60.2017985132126,77.7373788575254,0.44420122464256456,0.5552950776330985,88.2730359811836,101.84067253680894,0.43821727261491733,0.5615230308913428,88.11952386676732,102.00472451911762,0.43005763683612097,0.5682656371364982,86.56801328704873,100.3221280838679,3,20
0.41604770798062957,0.5324290454754274,58.55009883705331,76.37811346722812,0.4425095020165654,0.5568355411662174,88.05040764299723,101.84643093273328,0.43724054499243237,0.5628013247569403,88.44873064258795,102.47692162751765,0.4369100868913427,0.5622566234022721,87.73067885032295,101.1294920905562,4,20
0.416293209474898,0.5322135055427744,60.442330228393516,78.14454317759099,0.43729578150965037,0.5621575435343056,87.8881430391166,101.64445258497616,0.4362462897858129,0.5639569433009539,88.52097996016406,102.34364742771172,0.4519141576390633,0.5482432320502215,88.7803989425053,102.46129525214212,0,21
0.4100106507750002,0.5244147595143227,52.94459276896638,70.892642056816,0.43949411926129733,0.5600233999812164,88.04992493514865,101.76715048654299,0.43835856191254924,0.5617289225745216,88.43361357543145,102.3098758339371,0.44286919267845526,0.5564656156372135,87.54955508591146,100.9529738659988,1,21
0.4182442229511299,0.5358719047142161,60.746625390164354,78.16334897228867,0.44409881294392395,0.5552011794547617,87.74226987930822,101.2639636325973,0.43822945957311427,0.5615626276168754,88.2099113557309,102.05342705638616,0.42493825004607116,0.575992436491401,89.68899207192824,103.74966425870083,2,21
0.41040060589633054,0.5247792628232638,51.80988061698545,69.6160990370483,0.44311970366076997,0.5567008257248143,88.55532740260371,102.22620433693784,0.4380670106716005,0.5618638029730278,88.42186104609783,102.42978728215496,0.42836023137977486,0.5698909281651537,86.02793830926977,100.00269851589431,3,21
0.41725383719381814,0.5334477710627702,59.59871085141912,77.14427082814773,0.43703791281750815,0.5626309345727697,88.14669621629642,101.95264493592995,0.43654713376956006,0.5635296961606511,88.46388265284371,102.2925215362127,0.4529516012164065,0.5462883737405424,87.75467105197968,100.93580801526514,4,21
0.41364052870399753,0.5286339126700887,53.75987386599248,71.43603607785371,0.43950953130053994,0.5597509615616755,87.69383146282595,101.20586173868897,0.4370179992138557,0.5629051432317564,88.39912675531487,102.33298732001423,0.4360692197325633,0.5642514229181949,89.26458550648151,103.50802849290683,0,22
0.4149174013397445,0.5312562422738997,56.13795867042843,73.90410404634972,0.43732921063716224,0.5621361796366,87.90659743253089,101.8640117062082,0.43853680244414617,0.561550070850955,88.44375190591857,102.48708572338012,0.4449423164238661,0.5546926443012523,87.8277648981113,101.15815977792799,1,22
0.4176079353996265,0.534327910401414,58.617138247853106,75.86736660528271,0.44105480850315454,0.5584543597339828,88.007451783133,101.80941802832692,0.43735030503791544,0.5624541405430409,88.23470372773416,102.21190290190435,0.42998437185213223,0.5694741052948018,87.39768438938572,101.0550512318405,2,22
0.4135242909948271,0.5281800081924091,53.99917515454393,71.75304088018751,0.4375228738884891,0.5620081097170582,88.03250255285288,101.80284065528171,0.4367860264727,0.5631455544101381,88.27502262276968,102.26082283508086,0.443924340449572,0.5554380824917876,87.99960123804895,101.96540085405199,3,22
0.41140858013261256,0.5257998870985503,52.36319463892758,69.94707388904196,0.43865187566227204,0.5607395172618596,87.84431608334701,101.66851531578632,0.4376079170400917,0.5626402041924989,88.62045266470815,102.56233386281683,0.4396899285700758,0.5599817724245044,88.41089277668412,101.73166904887795,4,22
0.41397430596730406,0.5300310464089629,56.27075129938372,74.03735622823618,0.4341698431393761,0.5656986700424927,88.76628625114698,102.18743885454664,0.43847497743586766,0.5614807476427179,88.25833775578943,102.27732390470052,0.44113495357409005,0.5578554323089976,87.34604674962566,101.19617197807202,0,23
0.41308126119880884,0.5284677344536225,54.29468451197297,72.22938334606965,0.43422896443668046,0.5655860523371119,88.65228027838256,102.26720513857448,0.43782846065276015,0.5621077003878953,88.19796985627306,102.22717719984583,0.44085511562144986,0.5583721442267013,87.36619451223893,100.82289278283963,1,23
0.4126871566494174,0.5276287561597861,54.1572893143191,72.00106344373471,0.4376959487843538,0.561431335505512,87.5532318122343,101.23545162680908,0.43763193017165275,0.5622593666705786,88.35032810782847,102.43736541456138,0.4267932644983034,0.5750837239893521,91.37289088082346,104.55658632976926,2,23
0.4154377316822974,0.5306171879030145,57.932947633493605,75.73546007106492,0.43724926517621243,0.5626784299695377,88.69922198857242,102.34398944545914,0.4362011929723749,0.5637951234959983,88.47501282230462,102.42571851706151,0.42899824852287716,0.5700066054695496,87.27126047014566,100.51651895089529,3,23
0.4126341211083839,0.5273279343114434,54.373633701523694,72.54629361907281,0.43434244290915736,0.5651215450454177,88.27879404874572,101.93139729103419,0.4370170571036195,0.5629795028462664,88.3120633550666,102.49451274612987,0.4404105804926052,0.5600793208312255,89.35202637165078,103.54754240085198,4,23
0.4116245308422767,0.5256611251743359,51.09371476483208,68.61456501897356,0.4376852352668287,0.5615470928338566,88.02422128421242,101.49006464797395,0.4368397377681437,0.5629083582669846,88.25998462272061,102.20616836454064,0.44144558289956376,0.5572238975462029,87.00820370765936,99.86698319258421,0,24
0.4156045110575209,0.5316460199319442,56.994120606031665,74.62475496404612,0.4331551633031624,0.5659513955300047,87.7806551584888,101.41685317102686,0.43748228282376367,0.5623423020369867,88.26525358136706,102.30876879059659,0.45957756597979976,0.5399650896872162,88.29361480176591,101.71197317015697,1,24
0.4160834017685981,0.5331858465840771,58.843251971125675,76.64796271795534,0.4376775286947429,0.5614571981463539,87.84557069044153,101.37538125624428,0.4388789842797715,0.5610234612245559,88.2202556312396,102.29803467263628,0.4416515524377572,0.5578996891385893,88.24316535122327,102.13728616194457,2,24
0.4183348515632241,0.5349946211633134,60.66934101179887,78.25575847098172,0.4443233417380833,0.5549136163625407,87.96123156646489,101.54933758622509,0.4368072463952148,0.5632074432135866,88.33895030135443,102.3984162073084,0.4149394926795403,0.5842757006101217,87.57963940240147,100.92102289277967,3,24
0.41248143431547124,0.5268886508337948,54.122912331563754,71.79568242879398,0.4393600539085271,0.5596962504794891,87.72038220741152,101.04976133071409,0.4372809550765983,0.5628551601653522,88.5667189591199,102.50427877745078,0.43488942651153173,0.5647501890839401,88.52622118709128,102.31653514271186,4,24
0.4128496008952949,0.5278897437758885,54.718670272652794,72.40129372712042,0.4377465076328171,0.5623118645347055,89.00261928550165,102.56496694687189,0.4373650698634755,0.5624651795114084,88.25823545259067,102.19368680097595,0.42922802116674574,0.5708495731267119,88.71305210079913,102.02367669297938,0,25
0.4153059803754715,0.5315552914996776,57.93689801474682,75.8025897817241,0.42866922706862665,0.5710781789436,88.50585099168053,102.21414696329998,0.43774174759264906,0.5620889023179882,88.18820669760086,102.12577135534889,0.46554949248248817,0.5360138788986613,91.01613018601523,104.36000923504994,1,25
0.41224508620073586,0.5270468950791861,54.506692485665084,72.20520926277601,0.4399846011415665,0.5606780511660513,89.80842985025959,103.31724989422361,0.4374814830204999,0.5625128769336577,88.36870299290243,102.28039947901111,0.42050045274241393,0.5774636822559098,85.88004160748147,99.56752491419363,2,25
0.4134242396269726,0.5283678262398159,57.0149932132381,75.0098136801962,0.44269137601031594,0.5572373694191827,88.91291071838653,102.45279733215155,0.43662740327135086,0.5633802499700562,88.30751369804462,102.2283217137804,0.4092503340651425,0.5911158882718524,89.47958999492562,103.6340720691487,3,25
0.41349048661355525,0.5290344173153259,57.48949511751544,75.28337223659618,0.4310713191724846,0.5686640048015933,88.47758669880872,102.12154356126482,0.4380322493592028,0.562016591950265,88.43762542127354,102.22285473222044,0.45602046921440437,0.5455942223295782,91.04632109008446,104.1330219053481,4,25
0.4147382750049299,0.5298042068075733,55.31842777944679,72.72969376978196,0.44397519021502624,0.5566876654964942,89.83109796225385,103.30969980744723,0.43651341264845045,0.5635639714316547,88.43614959991491,102.45060319815502,0.44739550030922487,0.5513816722128739,86.92728457897944,100.0747731597938,0,26
0.4112532544000204,0.5253715152164328,51.593148049278646,69.39649544647617,0.44880226155395586,0.55106306753255,88.7669322657915,102.08423978732338,0.43724337047086437,0.5627266706147108,88.42792471972746,102.49180960790645,0.4274538515912418,0.5735774535512181,90.3621528243607,103.86166217852823,1,26
0.41032907604332514,0.5242713354781865,50.33410433309108,68.01602124668213,0.43770710713144917,0.5618734443110666,88.37171433757257,101.96382532908385,0.4373373537934309,0.5627012939165003,88.39820436922388,102.43710565943537,0.4717614089422877,0.5302072197724395,91.6007182504299,104.31594771172605,2,26
0.4117944682904761,0.5260300987072454,52.65594617553977,70.55470027419322,0.443368613234408,0.5567454171481031,89.14817661543707,102.67550013727298,0.4371207682725875,0.5629039131120809,88.40208756106256,102.54803147837787,0.44892837667080143,0.5508108650567417,88.28297046646621,101.69743251682394,3,26
0.4151506247917247,0.5318656770498081,57.71100993291945,75.1144818398901,0.4488134535079225,0.5514295096175936,89.15372309871421,102.29375169913834,0.43900882527011237,0.5610519299839279,88.38628765360274,102.33739081915243,0.4276896017891241,0.5724410146007408,88.76044697601789,102.64330939011884,4,26
0.41279761938074067,0.5283107869983871,54.57456072268906,72.42792071228472,0.41898615104800974,0.5819789232918794,90.26114662701191,103.54780374104897,0.43796562481465356,0.5619306439162547,88.33309379358134,102.23935320940394,0.42085104151523345,0.5795208850196076,89.14954758993754,102.60992368808057,0,27
0.4147956086857075,0.531096608310485,56.82552310398242,74.72035579507491,0.4175127576502926,0.5832651837032286,89.82836003349678,103.26482645899651,0.4380594315723461,0.5616070169609424,88.15868353124098,102.11939087414423,0.4268279808200201,0.5744421441697103,90.779774365924,104.38460826134829,1,27
0.41513933550439136,0.5314331078854567,57.44696550902677,75.54020774025838,0.4185792704363405,0.5819736603223667,89.6864768010318,103.6245518464193,0.43761610421043184,0.5622861010165555,88.33035330826144,102.40220076888043,0.4225498090772851,0.5796247652790172,91.39023033998679,104.58722252460996,2,27
0.4188486790748083,0.5359852318294898,62.37703181754453,79.82015300496086,0.4195823618283474,0.5811818585269448,89.91321802673755,103.44313460654841,0.43644419684869756,0.5632820892158606,88.1892486121791,102.12859196457745,0.41848924102480406,0.5823667670111036,90.26607626898752,103.27621012247114,3,27
0.4164804669887178,0.5325936219642399,58.001233335372696,75.57788749218182,0.42207398277193536,0.5789930842931281,90.27932442305598,103.54255495647243,0.4369044862496127,0.5631071940612288,88.38384795646071,102.25027132087405,0.4087841242983947,0.5915315217338729,89.09133811657917,103.27701696813403,4,27
0.41498682677583093,0.5313720416026302,55.81484337755758,73.5252419490907,0.44213571008025837,0.5574522492553927,88.37748872537087,102.01142398064196,0.4382415165339535,0.5615308423323209,88.18382957499729,102.15190572595726,0.4279931317119097,0.5716272818444977,88.42673802414961,101.69602864379847,0,28
0.4154450219098316,0.5318230865789387,57.36175405484578,74.96512854334935,0.4384882415124162,0.5608920740922123,87.91625408178723,101.69679867864818,0.4379817767111756,0.5621132300563552,88.4603363574264,102.46141747985654,0.44261569272377216,0.558462747017586,90.46749285947956,103.80976417962363,1,28
0.4170920839250423,0.5338086695007324,59.501829537330565,77.03187557552671,0.440652289080513,0.5588255709305456,88.19573928383473,101.85195598606377,0.4372327238908846,0.5627667904611712,88.45240417174715,102.41373356495411,0.4337898310287884,0.5665878277604508,89.37453052334223,103.26235826141892,2,28
0.41468921572463086,0.5308348975287644,56.179400609928194,73.72538064379708,0.4390620253761671,0.5610734939992864,89.10532310187818,102.70429608784505,0.4377373270733558,0.5623473484930352,88.56082068119676,102.4509870578952,0.44036264807445347,0.5575696891528363,85.73437731253412,98.98260770250768,3,28
0.4126351093042837,0.5269302694891522,51.82685383586054,69.4648372820905,0.43610814937891274,0.56338298217817,88.26584686737864,101.87628282424207,0.4361171380105106,0.563766174886789,88.32766760599092,102.36204056725651,0.4521715695440564,0.5479073094950234,88.92794014590508,103.05552112020942,4,28
0.419084780723361,0.5368492241354884,61.84507588875275,78.96033643240676,0.4374632996720064,0.5615989465867471,87.45813475620334,101.12455631171058,0.4377662522707092,0.5620444621087796,88.21504407612592,102.06768648305832,0.45118337759975413,0.5475429154978723,86.77291146458555,100.28898250301027,0,29
0.4210991758894363,0.5390570679143757,65.22044726672962,82.435208451056,0.4408699361387776,0.5578722540079353,87.12713666152099,100.87518057141064,0.4367416072128023,0.5630404851912815,88.22527363432172,102.17403205462826,0.4374831268358625,0.5623171656735604,88.43301064447691,102.17558671295306,1,29
0.41984350759294803,0.5375190144880715,63.493825257150355,80.68323245328949,0.44187612371152324,0.5565391803573457,86.4161613710151,100.17174981848962,0.4370761961412714,0.5627534152167322,88.24811926847654,102.20982515664211,0.4335320307052027,0.5677518125894989,91.24823613476086,104.74192935359135,2,29
0.4217133812200735,0.5404305916619982,65.80934568870133,82.81615135406832,0.4401571111011027,0.5589019908690566,87.41410457545497,101.06161526391152,0.43754373339147556,0.5621734699893608,88.16661997546296,102.13148345083607,0.4405511070504954,0.558137581692993,86.98705737506668,100.68485148614737,3,29
0.4172089419571035,0.5343140357195557,59.566611665093426,77.2334103456799,0.44057534678161203,0.5589448214726139,88.29127152179309,101.91064526047565,0.43798817967043885,0.5618567967477195,88.2375410631786,102.18755364449088,0.4385936288324549,0.5581081642463868,83.41727881619448,97.05394488796455,4,29
0.41315201589555955,0.5285749111697036,53.41003508312244,71.16932749290154,0.4270306210986031,0.5712724545759084,86.35237949648709,100.084972381548,0.43847654473832076,0.5614661536897599,88.2666880344912,102.44815869325899,0.4331407643265012,0.5666995262961083,88.70362904900846,102.68295919518678,0,30
0.4137979748131141,0.529230169340848,54.0294022744569,71.63696577788949,0.4246019114925192,0.5739984632329496,86.88576926707036,100.58081190945896,0.43797650025708634,0.5619749944799985,88.40680686157707,102.48139229637087,0.4427834081584469,0.5558191191968561,86.82458073863194,100.14574886818549,1,30
0.41464948837612403,0.5299676845800128,55.49601766978255,73.1582376921908,0.4294554084892154,0.569186917804179,86.98178151985026,100.39206005822851,0.43684393281471506,0.5630846298754327,88.39710320222395,102.36260991744676,0.42326306109712053,0.5753828165461621,86.52329506249528,100.53321026305841,2,30
0.414388438942722,0.5296920790057896,54.827475044648374,72.50761845494203,0.4347103694842557,0.5636919881618807,86.60286087762832,100.34349393622779,0.43727941654926583,0.5627354096007862,88.47905125442016,102.49590362547625,0.4023502979209054,0.5972810017525846,88.34265054796059,101.42764743095351,3,30
0.41173061545668727,0.5256963044712166,51.227700931603565,68.67158179216032,0.42530312479806487,0.573648593124773,87.35919859260616,100.87781361951762,0.4365897274724232,0.5634262186073041,88.38773241272204,102.4231509289632,0.43987667571488975,0.5574258827547051,84.95981326436909,98.11615796270196,4,30
0.4153086905406815,0.5316624336679825,56.5666019849644,73.95631457745283,0.42998453122507707,0.5689645549294011,87.42575835206455,100.8972259636128,0.4382028602048155,0.5617928246442532,88.3916537275237,102.17264031586515,0.43886817406900247,0.5621745929239537,90.09835084369375,103.29646829421854,0,31
0.4121127867731622,0.5268529602486353,52.04049480300477,69.59429693700866,0.42961794659247776,0.5696858899770254,87.88664832045595,101.52545517928934,0.4377791092657517,0.5621775733478185,88.35419768087756,102.36144388571792,0.44004716291576984,0.559096680666775,87.86518683935476,101.10448168673335,1,31
0.4128412373628947,0.5278217476289058,52.91236016757802,70.18846578297637,0.4324006797374988,0.5663380012922429,87.14311407945736,100.73192180559195,0.4374620987544909,0.5625881358497019,88.4540283880842,102.42939405802365,0.42884730676976773,0.5724303333929122,90.40403015000048,103.600986011027,2,31
0.4110214852309829,0.5253608865993882,50.877057916393895,68.166823538499,0.4372528049972178,0.5624259200741183,88.47248162880761,101.89746489440161,0.4379586401247318,0.5621116399803346,88.52112757905483,102.39390106737531,0.4095757658916217,0.5878759772824126,85.43197693123719,99.00814117872748,3,31
0.41322082419179945,0.5274048685276183,52.69080098185654,70.01149604657886,0.4292052097633874,0.5701833390276145,88.19103476138909,101.57619260461455,0.4360912706097067,0.5640307260235724,88.52942535916158,102.4807762397198,0.4416625916413916,0.5568309513900429,86.50807137273198,100.45829231737673,4,31
0.4168671472003754,0.5330464781264502,59.01707955742095,76.82348519921628,0.43746854006117314,0.5622082731783787,88.48016358423281,101.93747961473866,0.436757161514569,0.5630456207338045,88.18817265075623,102.30947420673297,0.44446753454800786,0.5549703226410387,88.2341578161215,102.13359062387369,0,32
0.41556364910547844,0.5325277611031061,58.61035587322436,76.33338377884043,0.4356323138026381,0.5643955033411007,89.17050845783687,102.69263459054943,0.4389015399817492,0.5610991564055425,88.30810034240133,102.26989272898837,0.45193288134679044,0.5464023911337447,86.29871604842097,99.70573265455161,1,32
0.4151519236603959,0.530083451264889,57.552441912787415,75.44644307186284,0.44342080562435565,0.5561129998150613,88.63744263172165,102.12894623422298,0.43547846883814006,0.5645633799015434,88.46693943842219,102.52242045460909,0.42071465360014915,0.5794057499400496,88.41588579630918,102.31023755238219,2,32
0.4158882749399463,0.5325690967204786,57.75286535050332,75.34294655212139,0.4406861798980565,0.5588682605966476,88.28478355468651,101.96957507514229,0.4381749533887489,0.5616471285267461,88.2778282471757,102.23468659207286,0.431853721609916,0.5684823113943173,89.62721875804809,102.50006297420329,3,32
0.4111894883656551,0.5256663752946235,52.92747730201323,71.14358696190597,0.43708177032481343,0.5621232025831069,88.003615732372,101.72051789886079,0.43777643816016387,0.5621806896164315,88.36071423630024,102.42374170105909,0.445960467276271,0.5553561762690554,90.86638160211695,103.89398632533984,4,32
0.41123924162960895,0.5260055792998981,52.647325257466264,70.51277471040024,0.43121472933824795,0.5677080815558624,87.40996875793637,101.0324181705481,0.4380096618624596,0.5620011095340183,88.25355085890962,102.38605989708599,0.44127461997129563,0.5572982126051096,86.02873436994403,99.48482321268308,0,33
0.4093868954047213,0.5226869924487973,50.28839508220588,68.18430106119602,0.4335925279806641,0.5651637331053112,87.0855222817072,100.51311797690937,0.4369947830283203,0.5628553186616124,88.2671931650088,102.28324142566666,0.43174140657721427,0.5673801988482047,87.50219596372449,100.69027814438452,1,33
0.4097065837092476,0.5236041143045401,51.95276024789732,69.83079644071154,0.4309977119909902,0.5674069956107268,86.7375415113458,100.19610592769907,0.4377814990613013,0.5623679184095336,88.4858377520856,102.532290272866,0.4421776157025799,0.557842908898937,88.84498626603946,102.33521071119901,2,33
0.4105006644754672,0.5243598224169033,50.94948647231335,68.72836744095385,0.43289305190209787,0.5659538590385144,87.08492669923167,100.58423722531859,0.437012628165516,0.5629581748731954,88.47099122625399,102.41557129288127,0.4346735402016466,0.5641378857562501,87.29224051054459,100.6439831131719,3,33
0.4101124099374364,0.5240659587537733,52.069058741314485,69.99117024247006,0.43728261254369377,0.5614690829763491,87.03602020296339,100.47535196123548,0.4375395265816423,0.5625976347833969,88.50077835467201,102.52884729843728,0.41687778460544,0.5821107434354775,87.22512246802457,100.92275143089068,4,33
0.4125331870161116,0.5276423078439157,53.77556451792074,71.37704309244114,0.4278692096097633,0.571379831863155,88.04957272917981,101.76754185421346,0.4381006047599648,0.5618812249374745,88.32395827024726,102.30977331021815,0.4367790218414819,0.5625622291504893,87.61905351505351,100.39600804978379,0,34
0.4157611694423166,0.5313279826265791,56.807650598130955,74.36553735717928,0.4324247867885015,0.5664722679377345,87.38268367453678,100.90008921499468,0.436464477575144,0.5635730897652672,88.42796823971435,102.38707758176992,0.4184910310983002,0.5823060917529678,90.03911963696123,103.60005209975472,1,34
0.4149036436599106,0.530879803492211,56.28678777098154,73.66200444345486,0.4296247735685454,0.5696727192746369,88.00130658109164,101.3999943508672,0.43813869609612477,0.5618524840588561,88.41583120782386,102.40767236379338,0.42953124318566493,0.5695679035717012,87.24762548015461,101.1682093057531,2,34
0.4153068033911509,0.5310430270335182,56.979730067519554,74.76154098053082,0.4277473811511246,0.5716426906310597,88.17261000284137,102.09332122936952,0.43698723733887385,0.5628505290976835,88.24739785257893,102.40717170301654,0.4369089112626543,0.5617662323225836,86.79763988146516,100.36845547181177,3,34
0.41374891934496894,0.5289743663561067,54.0766948322954,71.60664492792704,0.43028906518796495,0.5689421040347936,87.85894768890627,101.40527382683493,0.4375087527237097,0.5623844448680977,88.32306990851717,102.36048292388108,0.42684681256883905,0.5726142155837632,88.11273566186917,101.81270439830405,4,34
0.41219044577750574,0.5266999416796669,52.76402009830013,70.30304847318986,0.4316563747727625,0.567204477508902,87.3001367829401,100.94304896582919,0.4367672817827081,0.5630731423817892,88.1695201167555,102.18901301824602,0.43591462026678907,0.5628762664794326,87.01607210918168,100.43495826631936,0,35
0.4164640963998241,0.5328734151983973,57.13891600762577,74.72917688311989,0.43159051482262467,0.5670999697412182,86.94621013023092,100.76282713853755,0.43755647634543005,0.5623054453983811,88.3318316367318,102.42113212223984,0.43624604013690044,0.563167104537496,88.15643445306752,101.8708145044863,1,35
0.4163798849915276,0.5326510777373488,60.61859874358236,78.23940203285599,0.43212571171192765,0.566314419096249,86.76258944352551,100.5159898635569,0.43700453890141017,0.5630615271348864,88.44561865148798,102.36797535481917,0.4340673237136642,0.5662927632415107,89.02562459208123,102.108412338044,2,35
0.4151322695103254,0.5319904781528348,56.34660303444357,73.67809928707543,0.4328159602100897,0.5661366725514284,87.36450847491685,100.73035086118004,0.4391755075959411,0.5606315041195465,88.29782361669729,102.17177962242036,0.43141133459562514,0.5673097351544067,87.09720326859113,100.46783433605367,3,35
0.4126012924359618,0.5268860684861905,53.711056214220626,71.3495820148659,0.43436154914971575,0.5647453688971044,87.67558546980301,101.28354859077824,0.43658736771049667,0.5633939966961479,88.44787691855448,102.52856558674819,0.42513289195863163,0.572587879607034,85.47333217936549,99.72027420869256,4,35
0.41407896579209696,0.5294059709611983,56.547432360841896,74.28264143297162,0.43260846081049387,0.5666358491675776,87.63950812071026,101.32633215516871,0.4368843073145082,0.5630601988527272,88.32890818379092,102.1785316391918,0.4306487843278782,0.567755932622057,85.99625621796766,99.66991041373306,0,36
0.4166027755784844,0.5326747297206873,57.87765553370486,75.28596084175196,0.43101942347906325,0.5679549587579125,87.23958257138595,101.28254233701509,0.4369298718340779,0.5630703690695016,88.46546534484995,102.38113359376943,0.436747066820758,0.5624614524024432,87.45049896275916,101.14224195189219,1,36
0.41212122730495304,0.527481798571258,53.506837077311594,71.42302231008256,0.4281441756646608,0.5708348110563858,87.21740015092377,101.03303991599478,0.43870924427676605,0.5611406916305804,88.29296455169795,102.23716820128132,0.448507835342059,0.5510794366760094,88.2704130063511,102.35278094874847,2,36
0.41615276990027167,0.5316994905841411,57.36903936618966,74.69994026614772,0.43744783123831177,0.5613258431563357,87.03204451506083,100.79710181076913,0.43620805699348913,0.5636972096144877,88.2717868149595,102.08134789854682,0.4111105799199912,0.5890153282929037,88.70308037141253,102.09104447949322,3,36
0.41458466885990897,0.5312348438409678,58.811663140541626,76.63394153430778,0.4317264451022605,0.5675046629264606,87.56909696233015,101.42529226713177,0.4384811147222084,0.5615784068891346,88.23305227953706,102.24966768370543,0.4341284093951412,0.5640894965010778,86.48862439763387,100.54239187312045,4,36
0.41107320726289187,0.5249054529911438,53.611809523551194,71.5249539064719,0.43838567383452837,0.561480028420261,88.61258965714624,102.24052247285299,0.4365538539922238,0.5633458988034267,88.34883718222012,102.2728224126159,0.45080380803483083,0.5478536613962947,87.11041698467662,100.98948001532668,0,37
0.4104211178001973,0.5247790546356629,51.88246278124822,69.48794705519151,0.43926745285599017,0.5595082947576943,87.11910731101207,101.06965283552069,0.4381328464683971,0.5617555916286807,88.30565088488434,102.26315633490046,0.44677425991134956,0.555593636640723,92.3754923487022,104.85802354620766,1,37
0.41522566459614463,0.5311045364513051,57.34366221125341,75.00854710669724,0.4430775624074231,0.5567370497335105,88.68331108643949,102.41495727617331,0.43726083084624323,0.5627099580200975,88.42222860565266,102.34445766539092,0.4321006010651594,0.5666143207075772,86.49590057912022,100.18063927412382,2,37
0.4172142372920694,0.5340230327052155,59.46056604046045,76.8682627926116,0.44426257917075085,0.5552828216694898,88.14439754953634,101.84528985553585,0.437125476314505,0.5626802241642358,88.2083416881329,102.13506572711478,0.4274170517768125,0.5724013123149325,88.49887910062158,102.39907263771639,3,37
0.4116273100956646,0.5264032050528952,52.166010765120305,69.62434898680972,0.4390816864381468,0.5604397084706861,88.35609812407611,101.90213121620583,0.4379399083918986,0.5618924931380099,88.25469670549876,102.15532678001098,0.4477993045390251,0.5515065393098656,87.57850998084857,101.43535636871633,4,37
0.4090637847242229,0.5221697862144434,47.41194288504042,64.69597803219808,0.44037635013247856,0.5587476091776236,87.7261441069421,101.17881329981819,0.43675892390542953,0.5631996169597089,88.48452195934574,102.50515051924768,0.4236185304959057,0.5745951361603067,85.9364299734266,100.33124927754154,0,38
0.41476848497484947,0.5306690375980818,55.744958793788,73.22143940937485,0.43676725079154444,0.5626066786295362,87.87054850618928,101.22179021142915,0.43770613149177606,0.562245768879235,88.31774972248488,102.25441513185004,0.4380153033198486,0.5601282024717523,86.20448884503128,99.79491187588334,1,38
0.4118301327629986,0.5268925457939233,50.89110643985195,68.13191669051122,0.4331168576111199,0.5652728629663573,86.51341175093259,99.84911448524646,0.43841745392261006,0.5614171124783831,88.31563345144181,102.1818331073861,0.4527365233339431,0.5484030143780698,91.06851742941743,103.50038557488271,2,38
0.40690259883025154,0.5193244383649128,45.79498497295734,63.043317989429326,0.44208054071262476,0.5567199584904438,87.23535490691167,100.75349250473484,0.4371455820715526,0.5629634156061303,88.50228911326586,102.48970668436205,0.4168200789347689,0.5826421661339869,87.94936209210543,101.32782198057451,3,38
0.4134761626832306,0.5285059678022408,53.09855164938622,70.39920957052038,0.43268200076414437,0.5662382843415918,87.51743220508132,101.11510755028449,0.43725831731907133,0.5627845380583647,88.46682216903834,102.43291319964943,0.4543076354782297,0.5444630878062905,86.90352711204378,99.91535022496052,4,38
0.41625168309496424,0.5331859627992808,59.496444263811846,77.0938720389947,0.4332363606271279,0.5663213280377224,88.32648990513344,101.93546786413579,0.4378826264701518,0.5618137160284654,88.04169935268655,101.97100654861036,0.4361473051751952,0.5613425199064149,84.68730442356882,98.63056418822752,0,39
0.41411300635266407,0.5301464087996439,57.35228331276237,74.92941025565847,0.43497317962584614,0.5641490668701491,87.48598288532655,101.00215706998482,0.4384014876593503,0.5616139790932987,88.37541187718438,102.28416774665868,0.4297156302267112,0.5700554643505251,88.36368356986713,101.90404882369869,1,39
0.41646595813731624,0.5325314248076186,60.248027136909236,77.71870661093438,0.430906746226858,0.5684328238027828,87.89897330094226,101.31599179730263,0.4364882222814034,0.563453167778896,88.34253069090967,102.10922096658923,0.4459444441335503,0.552464240727369,86.67347020920228,100.0933965996313,2,39
0.4144063218039255,0.5294116509552003,57.202782682776224,75.00240260748978,0.43265944043455007,0.5662738075901134,87.25355712535907,100.91212461815996,0.4360636935759012,0.5639280544141411,88.38869960876103,102.32854281175939,0.43891848680895523,0.5613361474550579,89.49550200960962,103.11606417111582,3,39
0.41607476669487575,0.5328462915211905,59.6731183418446,77.41797025219971,0.43755756583491906,0.561222542741842,87.02736353607776,100.65807899373658,0.43814494134487636,0.5618040464879593,88.27002035413388,102.10050506427478,0.41910067925723304,0.5816834011814466,90.02696033297269,103.1876815387541,4,39
0.41572689144277336,0.5311072367459234,57.417084092228656,74.68763798621079,0.4391088081068561,0.5608223134062261,88.67724739768397,102.3828344994332,0.43602985166881186,0.563876116488697,88.43592543637403,102.23894295077758,0.41134007549241386,0.5869166412570845,86.3988980685718,100.23609720555848,0,40
0.41216207891476875,0.5269581270103619,54.69001906326568,72.43695225399824,0.4323479006770638,0.5669972747808578,87.91791309785638,101.96790588887785,0.4373599533037823,0.562540443034555,88.24864192733982,102.23067977175108,0.4383658319959315,0.5619287160241278,89.2632044463553,102.94400929547598,1,40
0.41444165900040814,0.5303224738382472,56.489516976909,74.1134308134897,0.43104636108812977,0.5684032145725108,87.88884492020757,101.68930785535855,0.43797689599848233,0.5618614879493774,88.18616484241197,102.15270281141747,0.4436804321535097,0.556770789364669,89.51343971062177,103.25383483523981,2,40
0.4140487627519183,0.5298656501855304,58.38086268083274,75.92776539695788,0.43389896389725136,0.5654822183262,87.92536705737112,101.74596836917178,0.4378198163802482,0.5622069450718766,88.39359502168298,102.24087450497287,0.43235890785548153,0.568227844772347,89.31288372856467,103.24924015550695,3,40
0.413194597649591,0.528286019665939,53.61397622867299,71.10990448250888,0.43135468876652355,0.5684400726676041,88.52709625049839,102.46614583607298,0.43774099198473454,0.5621335334553912,88.19771184760899,102.25292591977666,0.4424248363360096,0.5561568689503272,86.30384013341737,100.18384908637303,4,40
0.41525990279462166,0.5307583640358426,57.22356046683694,74.97275302474132,0.42008782241072457,0.5787010704317298,87.09439649651402,101.16801539805722,0.4364655439784205,0.5634513670977939,88.35208499112849,102.29649226012171,0.42953966814926003,0.570758886829911,88.7808075605651,102.20018946631382,0,41
0.41162744656233446,0.5266696322363246,52.15109646199959,69.63283581347302,0.4194931053701895,0.5801902675181951,88.30587626017481,101.86969885063469,0.4383301746069549,0.5617042333438607,88.44241740412842,102.28660602826288,0.43180425073523715,0.5648062522351376,83.59265630675353,97.93465823189808,1,41
0.4167084169592786,0.5327549937875592,59.14020919364668,76.61132358712084,0.42194011597311387,0.5768360337074777,86.87732673874565,100.7657188676198,0.436559740402518,0.5634000752495418,88.3652447395961,102.24472023192953,0.42191934693736777,0.5785729465142444,89.38043898865952,102.9673645956403,2,41
0.41479408737462725,0.5307707784773293,56.08459559837993,73.49093628774102,0.42536601883229624,0.5739526538251486,87.68184469398673,101.2576677661757,0.43787747287190526,0.5620981734164024,88.36186341801633,102.26468968863556,0.40830292227992704,0.5902240106234742,86.34125893025586,100.51066812981885,3,41
0.4145312503606854,0.5305873228348676,55.257690823810705,72.76537331205779,0.4228711770144307,0.575939062031999,86.89403496222711,100.86105831101102,0.4380965588985119,0.5617476234261937,88.29026042192942,102.13285968154021,0.41851158829690116,0.5821994123494637,89.88008013763695,102.9265214087336,4,41
0.4169067595284972,0.5338294957960299,58.302704312250505,75.91707817446769,0.4292453618279563,0.5697994843340669,87.55796996518136,101.49754819153978,0.43821695211804695,0.5615297886792968,88.16610689454704,102.17077870279276,0.4434205084104398,0.5565134324260922,88.5815204699566,102.57217443227098,0,42
0.4140188461319262,0.5288663509437874,54.92729032157751,72.47104990616765,0.43373336346852287,0.5657659272431519,87.99885938221941,101.8619208874675,0.4366030798420969,0.5632867593724705,88.33289245522121,102.2345858119801,0.42580277524240295,0.5727091716148158,86.7774845346161,100.11793009705075,1,42
0.4161217618983387,0.5325042465284133,57.46682889635944,75.17332050795085,0.43588275857853553,0.5634464800924486,87.89363239700543,101.80672907723348,0.4377667230934209,0.5620030699618564,88.20932052723762,102.18309486209266,0.4170085340494222,0.5816815173780117,86.73961187894422,100.37051656880605,2,42
0.4152719353297033,0.5309047826402514,55.65465953062358,73.16056337711413,0.4303791287167623,0.5684160751183125,87.0872684199659,101.03944856447431,0.4370164413126567,0.5629607985166852,88.27109351499404,102.31367681854867,0.43913905008577203,0.5621481388356939,90.47602983812625,104.30222955332385,3,42
0.41591449474184894,0.5319648980402393,57.57189132288502,75.16650066865616,0.43120430828881146,0.568140624863808,87.9073462192972,101.97556086745453,0.4375818099753769,0.5626600021223988,88.63493572520673,102.68684655479348,0.43559603702932964,0.563049004700231,86.71308290736755,101.2812690762408,4,42
0.4173026905620794,0.5332137533406072,58.743326248888145,76.25346080079808,0.43609892907501335,0.5629193329822583,87.5498552978211,101.10948159013304,0.43582509058102664,0.5640977514693539,88.36686238399382,102.27455508058786,0.44489468306748187,0.5531012372508319,85.78748351337983,98.59563946379251,0,43
0.4155716590931859,0.5317607162861858,56.48245749960557,73.97074519525566,0.43787308466868097,0.5608653231663522,87.09963970561405,100.65915424071892,0.4377248056166483,0.5622344631646369,88.36229580219813,102.35310470792916,0.43764237021536917,0.5611973840688235,87.06678558363373,101.10682670653617,1,43
0.4135041395366006,0.5287769318287248,54.65741187734729,72.34372599661226,0.4386321745290684,0.5600992486270019,87.16448753335308,100.65763889944346,0.43753855638054867,0.5625067376982916,88.4644163692457,102.52284231775927,0.43456275114465875,0.5642248426808589,86.91366947245166,100.60875020932964,2,43
0.4177706969343524,0.5352185975270135,59.388693593301035,76.6983176149284,0.4409175881671061,0.5578310253630103,87.18418931182435,100.5354846030226,0.43830987425009754,0.5613664128698894,88.03146249834661,101.87936154455844,0.4253675030566098,0.5733716720743344,87.01932288789047,100.36568905328771,3,43
0.4182626815242071,0.5356823891591741,60.51437276379713,77.7626337777194,0.4356069942011663,0.5628351623403595,86.64921007350311,100.03380877609064,0.43779988678071463,0.5621079082932627,88.31148389284972,102.23576027356707,0.4467158646877501,0.5533487206735918,89.0041381016642,102.80981519817524,4,43
0.4124989355400013,0.528052808801265,54.51028724954114,72.25120243624883,0.4342495775643538,0.5652696511142491,88.27199761290731,102.05086515226847,0.4387320116706889,0.5613883374896843,88.55395123366323,102.51064754529237,0.43747752416255586,0.5633637453360989,89.74877682119576,103.27784250371978,0,44
0.417709632800224,0.5345208267727298,59.69504041903381,77.45851635586497,0.43977411289307256,0.5602247492333715,89.09485540236604,102.79172081290132,0.4366898906196776,0.5631644555200006,88.18531739525298,102.24949934823142,0.4153890219176342,0.5834926750092462,87.23654408008004,101.04611569168605,1,44
0.4129126514358767,0.5281599971450112,55.1188901712445,73.1792988909759,0.43684151758671047,0.5634159062071339,89.4057486212775,102.8390794199435,0.4374727578860427,0.5626692980139848,88.56005578701878,102.5146912875306,0.4271352315595385,0.5706592295995843,85.64257041095215,100.00661472959477,2,44
0.4187230606681603,0.535947532373664,59.96679208632164,77.54203045066699,0.43139818451449446,0.5681795156551982,88.29046793199711,101.89560672128452,0.437039311963713,0.5625917693872322,87.96806758876285,101.97563217502507,0.448929571848122,0.5518512603803014,90.3718222359543,104.0566830748817,3,44
0.4161174819014555,0.5325440745046504,57.47228527707869,75.3588835559077,0.4321371969823968,0.5672238324901702,88.11454645128629,102.1519861488014,0.437407348098537,0.5624869033264123,88.27798780590102,102.29912897132178,0.4458618869237323,0.5554092674480342,90.80736238316315,103.66040781639936,4,44
0.41099870869780963,0.5258997768808589,51.70425653912665,69.10946443661128,0.42868764969655254,0.5700886329949917,87.02726290788246,100.50439497080542,0.43892047699651987,0.5612275144420135,88.47017545480703,102.4121008143213,0.4457499268709175,0.5533564247010668,87.20061846165274,100.5513005038112,0,45
0.41545663434134766,0.5310857776998184,57.9454774710348,75.45043120290117,0.4362370231543847,0.5625415596262304,86.94754237548091,100.51619888203177,0.4367086692799369,0.5633193923837028,88.37754068573678,102.23251239457593,0.4157497950453037,0.583936950841255,88.09057649358026,101.65852974314404,1,45
0.4097110708915564,0.5235876107539061,50.71460780144372,68.25429481023643,0.4283771491500532,0.5708565215879833,87.5127094085565,101.02273867429082,0.43778371847498193,0.5625091389342212,88.58645515374242,102.47852409753318,0.4471910849194123,0.5508261447527277,86.03609794499845,99.48448744255826,2,45
0.4140006137941591,0.5291688401512455,53.74342221830729,71.09022995975853,0.4343314933780978,0.5640655095475329,86.4552493923889,100.14644905662728,0.43680750808638097,0.5629874312489839,88.10537440666582,102.13416133000226,0.42329713936289565,0.5777530626439145,89.92440236063821,103.08244638769146,3,45
0.4168999696618862,0.533451963207194,57.68777205260054,75.09677670964066,0.43302527010371156,0.5663829451896164,87.80905431249309,101.01326313747037,0.43697746435645674,0.5627252686598812,88.1940514826514,102.00479458913794,0.42877417101093596,0.5688599325840313,85.1695043337719,98.84372755612685,4,45
0.41516247108992427,0.5311405244879067,57.72252160957749,75.35592597417066,0.4368685196637126,0.562422962434707,87.73656436593976,101.27053428884867,0.4375332610726798,0.5624791933612616,88.42358304323055,102.25019833466658,0.4328705229589474,0.5680115270246782,90.41006593997956,103.16107755345158,0,46
0.4156946350407392,0.5325328500942837,58.28785012455119,75.92981069074416,0.4374430692925984,0.5618225117717621,87.64555114998662,101.34354477635277,0.43836529558744847,0.5614873457500018,88.28894428797507,102.25841158464472,0.43033412384236086,0.5704454452119018,90.0988554802219,103.4818688469897,1,46
0.4173443944451077,0.5337576772617909,59.186270238139834,76.6356602234328,0.4346188643271359,0.5654357662130669,88.82486035960622,102.31564631129442,0.4366590377412746,0.5633099004803883,88.36311426292639,102.27407606006047,0.44182094117694704,0.5560980210106289,85.62850786572986,99.77037160384383,2,46
0.41481110403743343,0.5305224646218601,56.13669019797705,73.63877914261755,0.43522381467769,0.5647165993837756,88.78584436856661,102.27340903463819,0.4371583315461213,0.5628088608047062,88.37191916199615,102.36447608048923,0.43951394441174474,0.5590109308498554,86.36163688886532,99.80713140742175,3,46
0.4172483682496267,0.5339699946069959,58.080207097820015,75.35042796510677,0.4360768733396907,0.5633899615691885,88.00309541167229,101.39916747596453,0.43741199358756166,0.5623323492287596,88.22046516260433,102.03990874086499,0.4359210712680918,0.5645626171918418,89.35192806917262,102.55740611606713,4,46
0.41768574685185,0.5359580552357646,60.353482882406446,77.96715534481056,0.4389875064473585,0.5594247559666803,86.75015900763417,100.41660141081952,0.4394707382510924,0.5603886899544568,88.2956669824006,102.22961655366046,0.45672292147635457,0.5409578186322664,85.41001489014815,98.67469440199945,0,47
0.4159959958175063,0.5314135760945824,55.62415997025898,73.26531551603466,0.4397540605795757,0.5585623757318217,86.38248010368366,99.84578427430165,0.4358619073854357,0.5639703023888735,88.21005769247319,102.19308357446278,0.4532465623968508,0.544940922332137,86.35417819166638,99.90772709740487,1,47
0.41723594036775674,0.5342444407921264,58.93112440401614,76.49580261176486,0.4398097661805025,0.5581846959402333,86.04518857932274,99.63832558875303,0.4376821837000627,0.5622541939103088,88.34506179998858,102.36166530997623,0.4534144628132656,0.5462226936420712,88.2887930768633,101.81000194012893,2,47
0.41803639770824735,0.5344814934524927,59.05449212720147,76.38911170238491,0.44799547069064455,0.5500826140814021,86.25423821766296,99.71443280106057,0.4361981155390334,0.5637685187205029,88.33705532268745,102.28434961214255,0.42040289751127524,0.5786540863747033,87.35414681567104,101.07457432592945,3,47
0.4126477423112539,0.5277359025344313,53.889519935156514,71.58214694795775,0.44575669836146276,0.5524971012795576,86.60224857146602,100.058441211463,0.43789380446642046,0.5621646823084882,88.39739322694282,102.24945745748349,0.42892195251671933,0.5687387547476987,85.66564859970136,98.93527901422624,4,47
0.4173664447247542,0.5346438828952537,59.743988318762504,77.3863181185939,0.4291270000805069,0.5701567596331424,87.76954014241979,101.50472297726395,0.4380645091400051,0.5618119803203087,88.3023592322321,102.31530059706394,0.43673486198865463,0.5635767435640866,89.13260260689198,103.00762606094221,0,48
0.41670863762538,0.5332772013178444,59.43372195214392,77.30106565091354,0.4295855712947653,0.5703801806635772,88.726002583262,102.34355583034602,0.4371797366096633,0.5627581162994483,88.3764234513816,102.33186235888176,0.4348738052948567,0.5624221067040851,84.98964478734206,99.32051988047303,1,48
0.4132413630581868,0.5286096351984301,55.26561523362133,73.35420620737268,0.4279061187785416,0.571102267371227,87.38638025796277,101.27403004815557,0.4379130797824452,0.5621171994630392,88.38235749150846,102.47059553198949,0.44169551362772,0.5596515558629187,90.79149736913486,103.66205073669035,2,48
0.41746657100328816,0.5336120197646302,59.76142341845531,77.36461555217204,0.43593668430248633,0.5631695052982479,87.4962845725346,101.22476800143649,0.4362932522500309,0.5636420305177466,88.3375954981921,102.27274131473227,0.40941302933250184,0.5917435505121201,90.3351169703025,103.76857184905606,3,48
0.4145599993247036,0.5302775039709045,56.16090744558724,73.76638043679742,0.430610006446344,0.5692405053846991,88.54666180394796,102.17461660583949,0.43773965857837677,0.5623387515141377,88.46842431677506,102.42855011318262,0.43035529079725654,0.5673001502487021,85.18871810476519,98.89033605922621,4,48
0.4106344865837364,0.5243594151208871,50.996563770397486,69.01572904386845,0.4447629317543779,0.5539996918766865,87.13702560693129,100.80176646997883,0.43718016199760884,0.5627945375814298,88.28100610219722,102.34180844419018,0.4364292439799057,0.5635719267794425,88.41054079794073,102.12461276160563,0,49
0.4121119836561139,0.5263094208360808,52.76299473229552,70.62466425315598,0.4473819604832966,0.5511476965787238,86.78269838053946,100.48904126132003,0.4367816055842125,0.5632843454884006,88.51100766758434,102.50960464119572,0.42612178144380264,0.5753033708678605,90.6882018386786,104.20580244002203,1,49
0.4144310017219886,0.5300938890628841,54.48915886995396,72.22399440972787,0.43607639452701735,0.5635068175276912,88.26145735782139,101.88040629082879,0.437836153843007,0.562005776258535,88.27690196578418,102.26952033922885,0.47135804760153044,0.5259089389845587,84.45910954163814,98.41001027299947,2,49
0.4116511130537967,0.5262161117673314,54.020418513714226,71.98902061584911,0.44412359807912877,0.5546703151694081,86.96267780661557,100.90450240523327,0.43788448000867225,0.5622196073961022,88.62974705063849,102.62980116425243,0.43907171270826206,0.5611440629075888,89.0003866415125,102.35632101421525,3,49
0.4148000619227807,0.5305495036572023,55.293121705873304,72.8461145222395,0.44326708875922766,0.5562372789276638,88.03212493640073,101.6523222780921,0.43771419694969854,0.5624110832872752,88.46153526987025,102.35961782919229,0.4428099487698974,0.5549014891559825,85.17519081847044,99.21955944391732,4,49
0.41534071398808353,0.5306441296112575,56.189348094764064,73.79462208198541,0.4348255958753293,0.5657653811618503,89.80648628989655,103.42035316902196,0.43618673759621696,0.5635728591563511,88.19072583627802,102.1280313436342,0.41132622053694207,0.5876137345218231,87.33522168027314,100.98616795667067,0,50
0.415414824788882,0.5308966804051249,57.42543990015365,75.26737776235721,0.4345376193561723,0.5653704132366559,88.71245015632958,102.5204070351705,0.4363265508906946,0.5634407045349676,88.15051048491351,102.10867894136668,0.41252030689008257,0.5891804655079971,91.18079127050598,104.46065598516914,1,50
0.4144183078395703,0.5310002946857916,56.093334052447034,73.87752261509074,0.42849707967558814,0.571591671366282,89.03336652636256,102.72452352912806,0.4392348006376848,0.5605373350351674,88.1570364286959,102.18197212909108,0.43658544131150895,0.5642487082398765,90.48058855937397,104.31931593689151,2,50
0.41626881712798797,0.5326569322111079,57.60396414312973,75.25879804446916,0.42752757942335795,0.5728340148608789,89.5512976750112,103.04066619610937,0.4374894751011188,0.5622373270056508,88.12431989797498,102.03333562700915,0.4403728582783808,0.5590855926740931,87.8961165591999,102.20224116980177,3,50
0.41414377690296805,0.5296826037608721,56.531011075325736,74.3578376497464,0.4250560077392379,0.5748706812117934,88.90607141523367,102.69335416194203,0.4377334208211028,0.5623112630713146,88.45208070897839,102.36209590899487,0.4504136097948287,0.5508058269875584,90.50282163930719,103.45536583866084,4,50
0.4138856971351542,0.5291932613688304,56.20807096067634,74.05612232799213,0.4298197854645585,0.5704091679578934,89.3810374453404,102.84425460292675,0.4371746919941341,0.5627924575383382,88.26483448355003,102.2691230737886,0.4446367172419772,0.5537590671239064,86.24174826320099,100.40554374610007,0,51
0.4119255680383027,0.5252020157162521,53.04853047680992,70.9108493383511,0.436607682177872,0.5627279935344538,87.85627997717587,101.70674167867419,0.4353573614162736,0.564745845563756,88.56720662530081,102.60419226127297,0.4173454445033255,0.5845655139746815,91.74980500932985,104.91999605629519,1,51
0.4119049931070598,0.5263995740618828,52.39834626065572,70.05122479878622,0.4379286216408826,0.561536353461339,88.24832980431165,101.67267534327496,0.4375583194235977,0.562399400726347,88.41382834466812,102.34923587993015,0.41218092542990276,0.5889296508799148,90.50531242462992,104.11634163139581,2,51
0.40901969101960217,0.5233537104369634,50.55809156688106,68.38752546127229,0.4295516075790811,0.570364021953555,88.79759001592231,102.65961421016807,0.4393240146479149,0.5608681721776526,88.63655554530231,102.68140160737832,0.44576212368022555,0.5539029286890759,88.17919708783477,101.10588239900589,3,51
0.4156484393747862,0.5319548777553837,56.52195207489986,74.16238371462119,0.42987707290811034,0.5702509941150917,89.13970457264531,102.54622102428327,0.43781580116291663,0.5619257709825786,88.26860015331182,102.16720707533688,0.4443232495538028,0.554345308938266,87.12919753802055,101.07196981537427,4,51
0.4186137683561458,0.5355232393530484,59.556294560715365,76.69701428568239,0.4463320296925158,0.5526739530377877,87.23772356114293,100.83152954710627,0.4365567062111811,0.5632584541194616,88.27638377302803,102.11819718518362,0.41403354240651513,0.5847771674850694,87.07439553297523,101.21347306851949,0,52
0.41838884797288484,0.535886395539217,60.79495698752411,78.18742172385201,0.43543035904218474,0.5638146037755808,87.53052653946577,101.44739586834004,0.43777763320352536,0.5620514438098241,88.19742399635294,102.18923876057254,0.45737532676935666,0.5407030227245399,85.81438688037817,99.6330970934476,1,52
0.4167953174793787,0.5343617296624468,59.000234217040266,76.5694676302854,0.43434232660216504,0.5649732412947315,87.6072975754298,101.4915473726021,0.43921910880760595,0.5607500275905504,88.40427138313821,102.40316605338545,0.461848742928072,0.5360093730762832,85.37955424525472,99.33713171476673,2,52
0.41874010553032515,0.5354371199962529,59.476928925488565,76.72149315950111,0.4401979840491676,0.5583991702272691,86.6368063062759,100.61993967802385,0.4364633893237077,0.5635908139727567,88.45558801847457,102.42871545346928,0.4384619873616742,0.5618028187911785,88.77589867470287,102.91689540339391,3,52
0.4172880036995592,0.5339382725681606,58.537593211641905,75.78518761271255,0.4428818217031516,0.5557196989637593,86.69377659091177,100.8066930779064,0.43725981656155005,0.5628773776942085,88.50794525614988,102.39293107202312,0.427729736305413,0.5724796477247672,88.8986955907761,102.02871730428896,4,52
0.41290867876496773,0.5277725496249298,55.24894720134094,73.11799553630864,0.4331594618700012,0.5662898479563416,88.13839401358598,101.46444297485971,0.43699466107537277,0.563028597524959,88.30395700767419,102.33377981999614,0.4517815353924385,0.5474956698610384,87.44485017789391,101.01714288200367,0,53
0.41409779749287506,0.5293431427894872,54.83024698632209,72.42911726048818,0.4388302133145428,0.5608177038373414,88.28503461395675,101.59197881718634,0.4368469117972529,0.5628348879897752,88.10141506050782,102.05382002735182,0.4289362259186909,0.5695142711789254,86.34988966671403,99.63641489717072,1,53
0.41244177244006464,0.5287710622680438,55.343348846204826,73.21729477251628,0.43512308674254047,0.5645889095513734,88.40043059307237,101.53054320135419,0.4398454767931788,0.5602348615901199,88.5374685597107,102.48375206014435,0.4438993330231426,0.5544301932549254,86.02521663699272,99.85218981847862,2,53
0.41107877504015106,0.525173837995429,53.20484441908711,71.23441505795203,0.436638852778824,0.5622133920753595,87.21053007479401,100.64387961236329,0.4368607072982894,0.5631459899321066,88.33054980429115,102.33224108852127,0.4379956863172271,0.5636404660735659,91.26958399140771,104.43325076427601,3,53
0.40893614682176527,0.5221164034086689,52.25523457890628,70.37716155585488,0.4405713297926033,0.5587211151412538,87.77514385940191,101.40609827578213,0.4368616122985619,0.5635089341171633,88.60012297931965,102.57487916534612,0.42191856623111695,0.5777413509944173,88.65421913434268,101.5572782582203,4,53
0.4145379488727021,0.5305776433425458,56.16606759273559,73.99565931164202,0.43774583888154733,0.5615911252103246,87.87915085907896,101.61013557195513,0.4380141222566123,0.5618085061435677,88.15128275876907,102.02555339933284,0.4391283119625478,0.5598361046573418,87.33128497207147,100.65808313160436,0,54
0.4144309000489365,0.5300954370771446,56.68301818651835,74.3346449085986,0.4373107716999964,0.5622884391092339,88.0800341239514,101.96007514203593,0.4374369001886423,0.5625486914205041,88.46664259412402,102.3063570131081,0.44139798887635645,0.5573676926950571,87.13883796331572,100.0275753965009,1,54
0.41747079497710693,0.5336158376443525,59.97873594420874,77.37905689933032,0.43982134237714376,0.5593828591619233,87.7310347334235,101.25221450253464,0.43616967448907307,0.5637786517526603,88.34804249846518,102.18834454220153,0.4310543985159158,0.5687338463361857,88.0769870384405,102.18796295453558,2,54
0.4162887023894409,0.5333578486882572,58.57033521298857,76.21932191873188,0.4337716002164947,0.5656355250184765,87.93617561093313,101.61606655515091,0.438591591052801,0.561386138988515,88.42340206125776,102.40780314496686,0.4553570411996051,0.543526977674468,87.01162115800075,101.23878679294018,3,54
0.4163558332509258,0.5324190754099376,56.99643553298924,74.44135960354073,0.44162258905283064,0.5572732333419201,87.35208542194448,101.08752267390582,0.436798014087207,0.5630024793643653,88.2336366724899,102.17152567663952,0.42386319712277015,0.5770347650580496,89.86363304633743,103.30010271620154,4,54
0.4156454696121413,0.5310042684058516,56.77368580921844,74.37926032484071,0.4313848444684048,0.5671632226579587,86.72373893552967,100.64661494648837,0.43624407797799825,0.5636865069268368,88.2571826927884,102.31730268204444,0.43704725841167336,0.5605794272205493,85.70597791976961,99.9271815417171,0,55
0.4155202637209037,0.5314503553562836,56.080415992792034,73.59532123833135,0.4247551135067125,0.5734692100725612,86.30015964483371,100.414581710907,0.4376808315785434,0.5622256691687899,88.29551476055815,102.34380045176341,0.4634714039348939,0.5354904566402215,87.29942102475437,100.72805778173083,1,55
0.4101468514543418,0.5236966267375321,51.341050049708194,69.19064312765467,0.43099929969362255,0.5673360958249416,86.52731500043333,100.37515630311654,0.4371070026859707,0.5630082347331398,88.42247577470717,102.50555902380475,0.43832303543626067,0.559952755723896,86.51582454424017,100.89812770865764,2,55
0.41369210171898047,0.529616631514793,55.506329828935506,73.25542863119493,0.43468920953388884,0.5634480424468475,86.19630221675631,100.3572862290047,0.4385543695304695,0.5613873611116658,88.3068506139279,102.31224597951508,0.42373980208513606,0.5755943715957492,87.84660116716286,100.95786729655906,3,55
0.41561625969013954,0.5317119877487441,57.59872331091516,75.44231161915623,0.4405437106160123,0.5578586982272282,86.66363290229387,100.61774753271924,0.4375664597708643,0.5622737317698316,88.27536517643273,102.31567847826248,0.40022726614004556,0.597939028817228,85.74401363865849,100.16996007493503,4,55
0.408294412602811,0.5216406080222123,49.366623588672056,67.11365912613128,0.437399558233255,0.5615736247038965,87.6196553164602,101.17418931697249,0.43767218731309315,0.5622193901593306,88.37100003375075,102.3661528385702,0.4381658297646222,0.5623599193950966,89.50803366469937,103.16355655018423,0,56
0.4096282650092886,0.524041837174514,50.59378512108953,68.29964988842245,0.43481272787939956,0.5642688617369495,87.94065552677621,101.76433012980962,0.43880189119183477,0.5613781718825679,88.57608675230473,102.57505823066826,0.4484013493677149,0.5515510911008138,88.10681020293737,101.16615107064321,1,56
0.41070025526257226,0.5251767976669657,52.364767768548134,70.24827775682311,0.43561732404444997,0.5635513628977104,87.72721626761022,101.44359703377371,0.4378193622763717,0.5621781897445624,88.46550160989639,102.46996979494939,0.44524331812901635,0.5548116391644706,89.32017087517391,103.14393016293317,2,56
0.41374578500769116,0.5288925388238863,56.747099430262644,74.62941744699694,0.43827575981545813,0.5612730994626142,88.28060616910163,101.81910348036118,0.43695164321035196,0.5629514463864884,88.33311036376506,102.29733805485988,0.4345100621306415,0.5639167215986065,87.20869672374626,100.93377071675077,3,56
0.41145770740356363,0.5253547466116774,54.46381669885996,72.65053499559201,0.44147932040419624,0.5579980930279171,88.48849999602155,102.11268652395145,0.43600899794414705,0.5639445139141823,88.28278865052593,102.30847034582233,0.42182075818783527,0.5769024905216168,86.49189942977694,100.27113229818266,4,56
0.40778791056976654,0.5211399601641163,48.412369591491924,66.24561423488873,0.4246656092977677,0.5746902349465667,87.90308051043023,101.6995579854949,0.43858387859235576,0.5618384275493966,88.6027531597815,102.65656059480384,0.43500443966759117,0.562871299008527,86.1505714273801,100.87266687817625,0,57
0.41498744455590614,0.5302651319000061,55.5349500874019,73.19835321157093,0.426140051929511,0.5735120087653822,88.38952438419601,102.12635746116433,0.43636059166234953,0.5635841970042529,88.394636823951,102.32301926612293,0.4292399418702474,0.5680638317456829,84.73710377665603,98.3369078961339,1,57
0.41460103498252476,0.5299908234900254,54.68819211915225,72.29485154428755,0.4306185280556096,0.5684988278074127,87.62134091701894,101.5051648438771,0.4367757586937163,0.5632305649557557,88.43311018015338,102.35421232877889,0.4110901741008856,0.5876789205676787,87.16642468165668,100.5324415711068,2,57
0.4101823840533584,0.5243529634952107,49.66472147875158,67.1603948608925,0.42794222043935365,0.5704416195438455,86.48144777572563,100.19514677486801,0.43809453958983174,0.5619304441460002,88.37392388994887,102.35268553869459,0.4218535966649749,0.5801877280024885,91.92103322290713,105.18005482348451,3,57
0.41039547486363215,0.5244346237219049,49.68128352694385,67.35649827274653,0.42430110434612733,0.574493008534542,87.3701916991208,101.0625038229307,0.43751949609332874,0.562543418382156,88.47302104418993,102.45406347542956,0.43636639963317664,0.5632346161472288,88.05253445235718,101.61425827667334,4,57
0.41012895441468505,0.5241070718599006,50.28117374700082,68.01119197906618,0.42402559852018706,0.5750912714847093,87.60394754859828,101.14147832475113,0.43783846198400517,0.5621949340285399,88.43240073269703,102.49367318320222,0.4432859438330105,0.5564953571052719,88.68403780197401,102.31008676633458,0,58
0.4162258594451158,0.5327485606214698,56.98935521190414,74.6375790286121,0.4289705741435033,0.5706646565644196,88.32597776767146,101.7770533863325,0.43785097976467,0.5618418619252451,88.16263682850823,102.18455077754957,0.42370893099925255,0.5746847732032964,86.56337224360874,100.31825436160547,1,58
0.4144197514927594,0.5296830439474733,54.2240545208046,71.91212215854712,0.42611707860261205,0.5731927410970774,87.94710684740387,101.59443385504636,0.436782739619159,0.5630882063014782,88.30682900656343,102.34099178300065,0.4349377802276319,0.564529110584488,88.07836266665636,101.42085378762387,2,58
0.4170498602504703,0.5337559215588541,58.66241674652027,76.23140929212535,0.42789743443302475,0.5713861223731939,87.80985099714103,101.48087374382519,0.4374268375783014,0.562450934671578,88.25953569674977,102.25930252244068,0.4281086369053273,0.5718486722837436,89.02208940282227,101.65829846565069,3,58
0.4164024942652587,0.5323937639461952,57.165763719317574,74.66188281854335,0.4324497849657645,0.5668829737118907,87.90513610114954,101.24057939426655,0.4369633801595985,0.5630697581373119,88.52372410569987,102.45241252791908,0.41003926480778835,0.5901879033633678,88.9997804223217,102.60625589093036,4,58
0.41102693102447363,0.5251311273030013,52.55545624256209,70.4140045642731,0.42424282296806226,0.574712734680884,87.32849984362335,101.20854724987791,0.4368953140181337,0.5632605463724942,88.57393464264925,102.5021485813636,0.4359515395494521,0.5631939471438517,87.69493536787878,100.95245178638397,0,59
0.4138539633661565,0.5289692681694274,54.93139905067529,72.71034485017148,0.4245536180627549,0.5739403109808523,86.55539548471955,100.31559027578379,0.4368021162597042,0.5631980736866178,88.48254712276118,102.43751931468576,0.4344302201348272,0.5666245103581864,90.65516695960311,104.12944194863512,1,59
0.41282699094676106,0.5275373891492793,52.344528212208786,69.99268451780118,0.4332703438219724,0.5658639170811721,87.74609580822577,101.51736547223639,0.4369437678825018,0.5629578810940533,88.33735223715453,102.36377535099183,0.39953825661200326,0.5987430033211593,86.44510969599466,100.69225953401703,2,59
0.4069457285569283,0.5202722834985607,47.69488408943896,65.53362144642021,0.4271843825387047,0.5721263387764292,88.15408349404211,101.68063154404186,0.4384839305924682,0.561690275102308,88.54100706901644,102.53795740325803,0.4236446101840884,0.573108182951716,84.0897151721291,98.51707401107087,3,59
0.412855778526586,0.5282723856852001,53.05527209281287,70.73431852687186,0.4233065970821816,0.5753657150033374,87.10965847769221,100.83355701950417,0.43815674685403855,0.5618082803353868,88.35801412041063,102.29480869248529,0.43948329758518756,0.5606148993552649,89.01782045773797,102.27945593661083,4,59
0.41864858602381466,0.5359066660545297,61.38398822978747,78.94280604889389,0.4214651435696003,0.5770799334654408,86.81616465349198,100.52746092528345,0.43725397200181465,0.5626194659322237,88.33950687769536,102.28666366696467,0.44986278764770593,0.5479708274119651,85.32907775698031,99.61436081631221,0,60
0.420712584661351,0.5384677687059376,64.714130640151,82.07404125622743,0.43663337775551814,0.5619609950595493,86.75728692393794,100.48398881133498,0.4365004403720894,0.5634399352787094,88.17244996722225,102.07652501193044,0.38921024749773153,0.6084199903837149,85.20891299436732,99.60253435772704,1,60
0.41966884468151666,0.5377493743488478,63.37885684622114,80.88418321111695,0.42843564115519217,0.5700050540366691,86.50310999760922,100.35668398124027,0.43797217049525744,0.5619625019112212,88.30093082195314,102.21480785422676,0.42222828445738564,0.5766791931380137,87.04534252657915,100.67079322795941,2,60
0.4164952646936426,0.5327471018628066,58.88263703842049,76.67065082471218,0.4242218872007524,0.5741497747747214,86.61694332811382,100.41154091887357,0.43686296436501876,0.5629681292972305,88.20713604321394,102.16228425002154,0.43883614478596095,0.559599480695762,86.40049449379292,100.32420398942226,3,60
0.4186295613552585,0.53659192330083,61.62127262331061,79.08869432911938,0.4249774518202359,0.5730772883345234,85.93738532384381,99.95832065283011,0.43840583836563735,0.5613789827416198,88.16283532459568,102.09780744392494,0.4361003386263725,0.5639733125628045,88.83059349829604,101.78166558501466,4,60
0.4146464219180338,0.5308521837078503,56.26180811070676,73.8785069137795,0.44808858560819576,0.5514844873594759,88.25873423529815,101.58836242732211,0.43815760106988694,0.5619259956840882,88.48678128033363,102.42183404424075,0.43876151251054435,0.5627282226321503,90.87221205562648,103.73377310762527,0,61
0.4161323057011811,0.5323454423221946,58.02623707208981,75.70876374048693,0.45139149463850403,0.5486502101127195,88.90617552531661,102.13589699810792,0.4372276336484688,0.5626403882689965,88.29940012981716,102.2170298302091,0.42588153546292873,0.5740379434292099,88.82910900214269,102.2748828677758,1,61
0.4192667557012027,0.5377030130190967,62.41118109221487,79.62324252410299,0.4392883444740434,0.5606212777318298,88.54823826273095,101.82517885152811,0.43874658537735495,0.5611039367479362,88.33785838891738,102.23432963790877,0.4742134106540935,0.5265487260636307,90.00019252159386,103.12916703777968,2,61
0.41672775927684297,0.5331168926935033,58.78407239895543,76.27697545941832,0.4456435696513746,0.5546910482832685,89.27240777390064,102.46325681985938,0.43699055497398936,0.5629204341829234,88.32545925506832,102.20168479770905,0.44881885502368124,0.5497501861004206,86.50147754392748,100.13271655147524,3,61
0.41438753876009105,0.5293513583411307,55.19429078852025,73.03006818563836,0.44679793621846975,0.5531795454604952,88.76605121411097,101.97113335117544,0.43625085874632075,0.5636391324454089,88.30756319648927,102.29430604907103,0.4440333381516596,0.5561679688423815,88.85482368418062,101.8629731704894,4,61
0.40849492180793745,0.5207283506318694,48.23379294824868,66.22546066035099,0.4363182284837575,0.5626506487478141,87.04546965254632,100.95557018025752,0.43566196539790547,0.5644989031798574,88.60790679451806,102.74034934306941,0.4474682751888213,0.5515872497946537,87.12808627319497,100.61372029467367,0,62
0.40565461294429883,0.5182540261305489,46.89438777397093,64.85725741577357,0.437810336855623,0.5612570336115725,87.17500941586339,100.98677266049748,0.43827188082326435,0.5617336734010886,88.31952310965578,102.4898021467395,0.44177922566610184,0.5574646280313981,87.3983081682545,100.9818804328144,1,62
0.40861104712068885,0.5222028382076241,49.70793459556197,67.86067976472238,0.44123429042872364,0.5581786272474715,87.67858932750839,101.43600173358821,0.438118218335311,0.5620154759621327,88.57327652651517,102.73567666688236,0.42846219807891683,0.5696603506439673,85.79460406260202,100.18065335426022,2,62
0.40237424827345397,0.5132800232199055,43.469604915770866,61.09874040036285,0.44113004739501505,0.557812047211154,86.91365363619978,100.59725476574955,0.4377408321628692,0.5623699801031996,88.49376519329518,102.57146060039977,0.42852985145312994,0.5715580048546245,88.90823752328424,102.11255739394544,3,62
0.4078452931345324,0.5209926699507789,48.01309482854241,65.99174726302448,0.4365324171344075,0.5625224024950097,87.2509356517941,101.09410633188516,0.4376854009032406,0.5622405724330276,88.24976614123838,102.49863252430015,0.4468876291493546,0.5518400054318142,86.68341592393381,100.82043236061472,4,62
0.4141810477541718,0.5303238908613847,55.96729400615625,73.66788111912877,0.4363071683731592,0.5633843958766722,88.41044419844222,102.15935973326148,0.43841271621479605,0.561711978583369,88.50744259560369,102.58773850780244,0.43433132042525846,0.5635488153406473,85.81399472623083,99.68952020872354,0,63
0.4161602447979323,0.5323217321698601,56.54075241166088,73.90444960848247,0.4336197323040812,0.5652749879262993,87.2376580795065,100.79053267970778,0.4372092388970753,0.5627541600607326,88.43382620831537,102.41763705420028,0.4450958058936039,0.5562138569471833,90.62135968249906,104.0275476461232,1,63
0.41546634999805954,0.5314540030461142,56.20007036249709,73.64534459357364,0.4359433553169469,0.56351008698644,88.08315361855944,101.64094349420044,0.4370441428982163,0.5628839855975128,88.35554490487021,102.34909764636063,0.43605606448762285,0.5633550653149401,88.00785091159872,101.59441176656603,2,63
0.41626294507516104,0.533091798110346,59.549921346274374,77.20994818031383,0.4350793452114264,0.5643122177469594,88.05815069552344,101.59650627709574,0.4377598221991112,0.5621208820462582,88.25210203048752,102.17614242458015,0.4396966792415931,0.5599725167627779,88.28226001137442,101.64642016725796,3,63
0.41617133511992904,0.5321177744631281,55.67263238206628,73.1076020555671,0.43869049834041685,0.5606441164363681,87.88984054940033,101.44067750526453,0.43676107010330695,0.5630366884442578,88.11729373299727,102.1195126409739,0.4250863696791676,0.5746110781861338,88.43439998605648,101.8318420838754,4,63
0.41465169163529486,0.5302487543495639,57.44455268779983,75.17006805316718,0.4489199926632927,0.5506808969371914,87.9875643644374,101.35263777450037,0.43698500614225855,0.5629861026570596,88.32651449269092,102.32648948997661,0.4390449068549495,0.5611949605695647,88.85919132462173,101.63892556073368,0,64
0.4148867629551204,0.531742478471514,57.87687856713783,75.79307852161799,0.4421805343715259,0.5578547343095107,88.7553666153106,102.06410163569348,0.4387745793143412,0.5612684205120153,88.45238097151595,102.51329109646518,0.46593455581871257,0.5322662769985097,86.22082194265279,99.6390738928654,1,64
0.4128446641181391,0.5285843939783761,56.81487892860209,74.93323003701136,0.4526318288924551,0.5462418795810403,87.25766880251852,100.71364492021874,0.43829203407314804,0.5619659628155513,88.55665947841788,102.59831948101946,0.4240453526652462,0.5783431685849859,91.96541676049512,104.39314260633225,2,64
0.4171769236420898,0.533720562793603,60.0254072833688,77.52304008450248,0.4441170977307019,0.5555009152596821,88.14048469819754,101.21593090431156,0.4364691734411659,0.5633984520510052,88.16477975403373,102.0347112362015,0.45817033904645715,0.54208911615125,88.97512863325628,102.04186287213147,3,64
0.4168821082017405,0.5332813066803804,58.93808322946793,76.8190971060814,0.44680741908027594,0.5533598061830909,88.95361732168455,101.96135651216018,0.43669559174598566,0.5630697319161103,88.1934708788837,102.2690493978541,0.447451897703129,0.5501069726978699,85.25649198055132,99.48610036872942,4,64
0.41664626403904714,0.5319282780514896,57.32569553450717,74.79000296406753,0.4413356334648432,0.5566831593628289,86.12645111210894,99.5754347830479,0.43515183417436704,0.5648371750594348,88.40625303586742,102.33672333271576,0.39739798438229823,0.6036024473331765,90.29565771830609,103.96600795404177,0,65
0.4144930174353661,0.5305062825523598,55.86323111299401,73.42813529255628,0.4270908386444182,0.5713566030570818,86.77456220422572,100.33160920851448,0.43821766466354595,0.5615364283089807,88.21639580365441,102.16736663425564,0.4540969094462477,0.5445127603876898,87.21029732186872,100.52717731266677,1,65
0.41657948097768144,0.5334793838988284,57.07750599367996,74.41254175862292,0.4342799792363182,0.5647064600208787,87.45702875832583,101.00825525669879,0.43847092763607026,0.561400864431645,88.31147612976339,102.27172029601618,0.4255550045615998,0.5716853376375326,84.85658617491652,98.31452789401706,2,65
0.4159395600357992,0.5323522640686699,57.70101849880009,75.27987325335152,0.4285711728534526,0.5699129291284415,86.73707199778832,100.40971582949756,0.4373264938855894,0.5626388644679156,88.3741659643169,102.26055009222387,0.4486899514387859,0.550974515752175,87.90134664707192,100.77039225032117,3,65
0.4131167865689205,0.5286904104917741,54.87469194766006,72.85463309664553,0.43146481380611323,0.5676024940039982,87.61648370039963,100.960897880598,0.43817538154939545,0.5618815498802073,88.48009717984161,102.41780060333242,0.43694324115819505,0.5604489621346324,85.06813473024533,99.01858820255777,4,65
0.41535412662709165,0.5314216933600872,58.48100690590921,76.43337946226887,0.43767313452496287,0.5615687617231105,87.5921281108244,101.00958494104015,0.43755281975823285,0.56245991816008,88.3527372402282,102.31839961359137,0.42129821279359386,0.5767007057834973,86.02814081974952,100.4751523573317,0,66
0.4179889664315023,0.5353404341934815,61.48049682608393,79.23516349665793,0.4297664131953101,0.5689673529290796,86.93476842293981,100.78848207462033,0.43783384313704765,0.5621146531697562,88.33347508013505,102.3182179430995,0.4531984683421505,0.5472861799059864,89.4253194548621,102.32565079922585,1,66
0.41633047130059353,0.5329336499381694,60.26534417657474,77.98489219960608,0.4328281920387698,0.5661570504389843,87.5193854679925,100.99183716318439,0.43755718936800025,0.562225746948445,88.10382192314722,102.0108612693042,0.44060202328098164,0.5585251961340635,87.09558946828633,100.27715092713159,2,66
0.41632338831743876,0.5319632970333504,58.3665998918146,76.15745162654659,0.43387912160591713,0.564757342764581,86.89012341323203,100.65043021047745,0.4362572956685765,0.5638258097214425,88.44214778971909,102.46444468033239,0.43651979268412905,0.5640007546244121,89.35899533523256,102.5758761314595,3,66
0.4148154969009368,0.5308739473719055,56.633371363786274,74.52602818605234,0.43779099110218966,0.5616031908252789,88.06376371656845,101.63065346918071,0.43800545451893963,0.5619778654315497,88.37004879830886,102.40194796693133,0.4208605556643589,0.5765986332443452,84.95771409040813,98.9861635189237,4,66
0.4105732910765827,0.5247884448867436,51.81176797666554,69.65838708078059,0.4491444127840578,0.5504754787933962,88.20073804006543,101.44098723292134,0.4376618860990469,0.5622940984222535,88.37769156893577,102.32478269539448,0.43871918271046445,0.5600372861358971,87.18352676588407,100.40329057172181,0,67
0.4157327520880204,0.5313295175299511,57.29049932742458,75.06340098428777,0.4453031611719102,0.5541613311244623,88.06385476541624,101.34268583710704,0.4363742557476431,0.5635067564225104,88.37046332831525,102.31972665961696,0.4541992704104447,0.5458014908406749,88.49087437688698,101.99608950786464,1,67
0.4150679428935074,0.530711337495635,56.55011452822444,74.26449485678073,0.44985628681147005,0.5497660195854576,88.36214274786957,101.75292943799474,0.4368087388318474,0.5631822128010278,88.43010944404143,102.43716423092663,0.4359186482734607,0.5627795627561911,86.8799893593484,100.53946283265492,2,67
0.41203992942289824,0.5279612655265945,52.342677215705805,70.06757285767101,0.44502856933644797,0.5542579822579649,87.77489282470152,101.23105478237898,0.4391743206315259,0.5606580430610087,88.21499308339514,102.17690237024159,0.45561981886885927,0.5449592786274344,89.57607882848069,102.81585298305231,3,67
0.41340381472885035,0.5285199655624504,54.32008397326194,71.90328525515699,0.445976781852917,0.553252935626132,87.72148125309768,101.16903915392801,0.4369999830159832,0.5631325918117374,88.4655839736356,102.42585075874739,0.45137489634283007,0.5490759288809705,89.38067863472077,102.48677534575955,4,67
0.41175242110796795,0.5266294418385631,51.75805358859554,69.34707058132707,0.439510408865862,0.560537341140066,88.88070436140966,102.49713842227484,0.4384775311659128,0.5616066074517657,88.45046494357005,102.38756887501785,0.4466652971761219,0.5513619360997537,86.114875354482,99.68781470415642,0,68
0.4182087286668131,0.5350044531128925,59.05635201199409,76.29450528715675,0.4435435708212252,0.5558892016002459,87.95345595183406,101.55080813346396,0.43699736902474445,0.5628755586322706,88.40093263905852,102.25704486909132,0.4307458273584491,0.5700461986511187,89.92610696071593,103.21203765430604,1,68
0.4120503289619233,0.5258645624310395,51.606027560069464,69.15360383013875,0.43459576573443814,0.564965535866077,88.2223242068517,101.82936689461911,0.43607758928933343,0.5638897958504465,88.44860149552295,102.37151536105439,0.46652642144249373,0.5338228184647127,89.2627358256052,102.45798531820029,2,68
0.41155586236021036,0.5255962044156599,50.81425036562083,68.30003691807038,0.44327006813437436,0.5564380078763512,88.49140449465398,101.94676892829756,0.43723748934256756,0.5629274677485656,88.56882473163472,102.55968765646374,0.4316006479695523,0.5676545766173866,87.49170021224941,102.22843265455559,3,68
0.4108454296484156,0.5252284620758048,50.3502194215273,68.36199219574836,0.4437205050858949,0.5555683876540543,87.94163639025744,102.01125944533396,0.4384467160716797,0.5613591165383784,88.16583656977329,102.41228646565979,0.4296456812081289,0.5711100314905363,89.57363424488979,102.71306754155422,4,68
0.41361426066825435,0.5294694075576862,54.60823849977041,72.22323892768804,0.4398577156252266,0.5584471501483667,86.35294922278949,100.40068188114482,0.43852901162281943,0.5615231394197163,88.45600049684245,102.32065093460615,0.4585770595855599,0.5427368293260025,90.7864685169345,103.23614647796316,0,69
0.41611434218395865,0.5318755762109474,57.67293815492059,75.2858525307807,0.4473901090114871,0.551595299313299,87.22208338555464,101.11934002948074,0.4366217683180821,0.5634290981250402,88.48006450328116,102.46658579922008,0.4283555929944804,0.5704355127804717,87.24544864604736,101.21142405312492,1,69
0.4186132941819783,0.5363310419925384,59.36583137825236,76.59659918922031,0.4462335807013754,0.5530907667209821,87.73077295217209,101.33098819369526,0.4382048301461172,0.5614574576379836,88.03796448987869,101.94803864453442,0.4331433340826704,0.5645848566524455,85.01288068892646,99.25863064401564,2,69
0.41673849140640656,0.5329690183027445,57.76859322227623,75.1161903650978,0.44224202939724816,0.5565521630531526,87.09427470992136,100.7551175865863,0.4370633794569163,0.5628710041966387,88.48363453763136,102.34007931284914,0.4491877823806726,0.5511106340190591,88.44497506047462,101.97726909110958,3,69
0.41591413862130244,0.5316122843107295,56.1026601920044,73.54987211551973,0.4421595578456112,0.5571182948141341,87.72045852496078,101.27200681832389,0.43674708968495823,0.5631277044436239,88.22691151918218,102.14212751735381,0.4493239377994251,0.54864992332013,85.27993150275212,99.48800904167189,4,69
0.4157222625767498,0.5312907659466178,57.35581053135503,74.88822765546713,0.4334841900591525,0.5648262229792373,86.40353723734064,99.877060381812,0.43633972000753785,0.563542545014991,88.28530347026474,102.17186158302741,0.4513915196835985,0.5478972446410827,87.92695281956324,101.01198993540105,0,70
0.4122140998191577,0.5278028810761134,54.21041659235721,71.82580610435882,0.4378780103692345,0.5605899494186571,86.73207977405676,100.0380587251148,0.4386602615008109,0.5612989154187505,88.41204295253696,102.2854387681221,0.4337167434735536,0.564602599800049,86.37714702001074,99.77138494778659,1,70
0.41451953416677245,0.5304725667205852,55.86128162538834,73.65325501424299,0.4401086235989205,0.5582058679036438,86.45099140845737,99.94891083176795,0.43757748282167835,0.5621814545267598,88.22348949821932,102.17914414766561,0.42508877852300997,0.5744624927993454,88.412306591723,101.93768545896734,2,70
0.417083130446564,0.5337303577691441,59.20019757164425,76.68862372559516,0.4365869198052522,0.5618339698598693,86.7777786459122,100.27419628075333,0.437171644568728,0.5627246458997528,88.27044700984813,102.22882976726193,0.43914902505473524,0.5597780922372689,86.65277666980344,99.83855745995773,3,70
0.41223444701849155,0.5269735907722694,54.26186984812294,71.99688234392346,0.437297566558898,0.5615010979339666,87.22594698929996,100.70652962798181,0.43731147467740966,0.5627396362560487,88.41395472310415,102.30200215170214,0.43608272155904415,0.561157849813746,84.66601005623453,98.30591527739563,4,70
0.4189135935281706,0.536009167171086,62.08120132272266,79.52364704413687,0.4488930596070057,0.5501095188587989,87.19068041770578,100.8567141099977,0.43640993020262314,0.5634732771816848,88.3306871835206,102.31551836694848,0.43606688636764407,0.5643422558162697,89.62461230395336,102.98916691664583,0,71
0.41931739516998273,0.5375824292468298,62.250698195050504,79.56890307337177,0.44391887217078285,0.5557541736396279,88.26042282240756,101.54306061824576,0.4382912269707715,0.5616015204166612,88.24551944918967,102.2102668598136,0.45573220401171327,0.5423359185553699,85.50611907910576,99.55053864986535,1,71
0.41738645839243,0.5353371140150867,61.14646003382341,78.45916098588218,0.449234019192805,0.5497588573482244,87.2287424405636,100.73949833924105,0.4386707797523647,0.5610888202466594,88.16313304560815,101.99007205081442,0.43427405637975786,0.5661418607012259,89.52162034213917,101.87211311688104,2,71
0.4172998922784845,0.533770854942182,58.47525071297077,75.86852147844661,0.4435687593868173,0.5556901074242186,87.61898333038401,101.03070147866607,0.4367901525224109,0.5631718879940573,88.42661330973583,102.42870146845927,0.45723316252011187,0.5422924657164464,87.9039774360507,101.69590048877727,3,71
0.4196903526144427,0.537307269663782,63.44201934174436,80.69626195388166,0.44570034131334596,0.5537916950656235,88.05054827751337,101.31446094291829,0.43680430401840015,0.5630957856503633,88.2196501755075,102.07840099422043,0.4484605184293516,0.5501802908150589,86.3709064082766,99.67447030787574,4,71
0.4122920733865829,0.5264509743951796,52.432293010605356,69.84538261730728,0.4392178837708566,0.5604796928347835,88.41129412411496,101.86248637195838,0.43660101258347095,0.5636113526068085,88.65892590543486,102.488925995594,0.4384831294378772,0.5609768161571819,87.99047017214394,101.74992746142942,0,72
0.4108868873064305,0.5261101812897775,51.55251307538214,69.28687803017706,0.44275092911702285,0.5568286283540995,88.16523519303107,101.72583930349894,0.4388535598472849,0.5610709968619797,88.3053516658673,102.3321818569452,0.42417398609372076,0.5759949101024315,88.96288922371593,102.81112890582376,1,72
0.4093593525377421,0.5225640252473193,49.37496758791671,67.09725403547162,0.43545601758864155,0.5647677451406791,88.99702277260776,102.60402305870778,0.4363786778329311,0.563679958536733,88.5469489457036,102.57587228537325,0.4534401852246379,0.5442710628771255,85.31023237433499,99.30613202607033,2,72
0.41301364413196007,0.5289386411400822,53.410461385858824,71.06697450123744,0.43899711587914536,0.5602616765512425,87.65934518473394,101.50913991415035,0.43888784228161354,0.5610453792852201,88.36801453615368,102.41966114622105,0.4390801571993978,0.5619763794586778,90.41826346606912,103.80448672272074,3,72
0.41385956882542113,0.5287880725530631,53.381354573038415,70.87410047019472,0.43880057238893266,0.5606412935296009,88.03386546351389,101.7070687228971,0.4366792831423897,0.5633241690750599,88.43178338095142,102.39264843755876,0.44020141956647796,0.5602544241353429,89.31541479658966,102.62529562149889,4,72
0.4164372343867691,0.5328647362551061,57.671309331172395,75.1541905208654,0.4360312058203122,0.5635395686526125,88.20215430455092,101.86763705017714,0.4372643519655307,0.5626012849269366,88.38477904309501,102.39423091717376,0.4445252443724501,0.5563765671231914,90.31501047515597,103.53365165037934,0,73
0.4180193604322161,0.5349166204067448,60.41075532449271,78.06194889186516,0.43744692780801175,0.5623357094378939,88.48445730757493,102.01070406158588,0.4366651818423549,0.563175529695334,88.22061528913177,102.18688037111889,0.43899709701615325,0.5611104465633399,89.03767701517171,103.10481921878934,1,73
0.41586225592983106,0.5321676112791085,57.39314151654952,74.7321728649858,0.4367363133748973,0.5628224233879557,88.39569335595108,101.8975639990693,0.4374747720029642,0.5626271878902207,88.50762113499411,102.35660122663089,0.4417349444442506,0.5586815331751701,88.72666324752906,101.86820445964254,2,73
0.41493765474617295,0.5308654893283726,54.9967067471332,72.58852215168,0.4421378336417389,0.557935295333408,88.9361048541203,102.35395715377052,0.437292798569038,0.5625293188932655,88.21966319337058,102.1474059241036,0.4201801282908904,0.5787148501348658,87.25919062421704,100.90498961698007,3,73
0.41242696591349554,0.5278207900664457,53.58648820341042,71.1551224567137,0.4364347522292672,0.5635717087303763,88.86999808403607,102.36122000780583,0.4384629646083159,0.5616324515436102,88.52323165248212,102.47057064672215,0.4429787081007392,0.5562877356238182,87.64783769860249,100.97973546332443,4,73
0.4179397416767836,0.535475432583973,60.72758104819524,78.24422303895925,0.43730395909963904,0.5626253890620847,88.87254538916132,102.26797338552198,0.43811400494596936,0.5616956034863243,88.24867330152712,102.1844152901073,0.4435100130609112,0.5530904162752383,84.14674287234152,98.13285645959046,0,74
0.4141024410409165,0.5291050344449818,54.82695520782264,72.35908017288246,0.4427901660819999,0.555898852571112,87.36511921685366,100.72358773628463,0.436748921730319,0.5632988099001458,88.51304602567865,102.39885410852914,0.4211705980613926,0.5797078183467801,89.93090114225208,103.21059064024018,1,74
0.41300489851569216,0.528508191664884,52.89672721356859,70.54252330141084,0.4368451140346988,0.5620318296404448,87.45898226207069,101.03505532639484,0.4383225133279522,0.5614377292274924,88.2116112024022,102.28590953631254,0.4449397155965252,0.5553219084983134,88.95243867809793,102.2663780262279,2,74
0.4163571874156289,0.532579796503864,58.0240979661692,75.81017720412267,0.4388400024183706,0.560405738270382,87.85889299244283,101.47518671022934,0.4370745101855561,0.5624999587882649,88.04524993973163,102.06527560477987,0.43707964498160645,0.5622590397524858,88.03611283541046,101.46513018947141,3,74
0.4137003061431404,0.5286117709668152,55.84195154041868,73.82560901204604,0.43646964142863603,0.5625372767678997,87.74678536095898,101.453673860835,0.4368305981315255,0.563104771401329,88.39122169117036,102.450524581405,0.44628186911062334,0.5532984629454674,88.24667162793233,101.85566978337452,4,74
0.41602843206424195,0.5330245234095671,57.67555136509474,75.31762264701642,0.4379693057548908,0.5607325212028429,86.93985012356539,100.45013476880584,0.4383642278361987,0.5615303164437383,88.29948665411305,102.19881646887819,0.43388881851188144,0.5665770161924935,89.72940933523438,102.9123348319854,0,75
0.4164562703422799,0.5327016299962415,58.65977995476583,76.49746546640624,0.43306465542846856,0.5659814150872722,87.4946581656635,101.00188205072222,0.43707644869871876,0.562906959329042,88.36904935454643,102.41185153058292,0.4534455540655241,0.5455726604098888,87.34218992603046,101.27382550064193,1,75
0.4160519127496358,0.5321244565166561,59.287271676917875,77.32624992749793,0.44074165116034925,0.5586982545940865,88.15679869574198,101.66271911094533,0.4368847918423518,0.5632192693370197,88.42493830507031,102.50670169808974,0.4226640747681543,0.5749641764725417,84.96429649574681,98.83838566906952,2,75
0.4181048275129332,0.5346303530137702,59.7432608829053,77.39852683599578,0.43398527772518464,0.56524607011027,87.67103640875558,101.1904722771404,0.43628523717792467,0.5634674946206065,88.21047168468407,102.19824300678371,0.45007878581286703,0.5488374271158485,87.24123759482114,100.39884996311568,3,75
0.4182549559653267,0.5361116755950067,60.12226164547056,77.7515231394842,0.43987340789959367,0.558916774114028,87.08977509843884,100.80582976666022,0.4384650416503048,0.5612758667576127,88.21031242377461,102.25261060873036,0.42611955283787933,0.5739931521237092,88.70250527807812,101.87741083576442,4,75
0.419852458740351,0.5371919915813425,63.267486963039495,80.44281600444548,0.44454242478132694,0.5544439246629754,87.27182426287096,101.04439321747988,0.4368885598312755,0.5629587659144661,88.16697669791373,102.1129718437327,0.42113669439631163,0.5792081545758102,89.09301842258441,102.5473749215125,0,76
0.41724967029131943,0.5344298428690272,62.02263712353095,79.34028449201345,0.4429901998623254,0.5568211646588976,88.56788081477684,102.09500158334428,0.4383048277059209,0.5616296626707464,88.21518318019388,102.03477807998843,0.42730088010345707,0.5695514104907903,83.83505301540302,97.96896267041014,1,76
0.415160558830887,0.5308972888419946,56.42471764584636,74.04770130249081,0.4310201660344584,0.5680427406787422,87.27724497819446,101.19799537883723,0.43710962557336497,0.5626334844302788,88.15989244355427,102.17848071140861,0.4752687977504414,0.5247997440490405,88.65422532290391,101.92332598482689,2,76
0.4155226964372838,0.5316065064075779,58.572689732537015,76.07257782888829,0.43979085115657496,0.5592364575738422,87.21837477731339,100.88035158608065,0.4379137327286991,0.5620371329008227,88.31797928244735,102.18465092431386,0.4404679116161907,0.560086474371845,89.68661258762597,103.13192824483883,3,76
0.4154647633946074,0.5313193467089637,60.510797468832564,78.22618262116973,0.44096777711983653,0.5583383113917599,87.68184954708012,101.28831040863348,0.43715863458092796,0.5630601533157527,88.62414181628284,102.50753732178495,0.4354260766641865,0.5634064428594496,86.94375001838638,100.861205442022,4,76
0.41318700477352227,0.5282336082106099,55.91065296957512,73.63509978691104,0.43653087244650807,0.5632209284116533,88.40743773441133,101.73041961692141,0.4371526085023782,0.5627961618203408,88.39192713128723,102.30514770915921,0.442577755134103,0.5582444680689064,89.81095658923077,102.54583206925275,0,77
0.41903436300912145,0.5372884265844544,63.53561442960339,80.87412928238534,0.4346421646758105,0.5657198096000265,89.33201264124426,102.3648252618218,0.4383170753736179,0.5614927867818323,88.17244968054719,102.0465919188034,0.45020000131015064,0.5481283545561826,86.14205943773405,99.68912203292963,1,77
0.414247449095717,0.5297616820112334,55.61108880387253,73.53998319242753,0.43789208687349385,0.5619159071978304,88.39857234219966,101.77087699078889,0.43716672538192664,0.5624775881152757,88.10652054750142,102.16795743305302,0.4370002227502404,0.5635474312625582,89.42727261224645,102.65340073862943,2,77
0.41848654164099613,0.5355166694324643,61.371646171419656,78.91626740885908,0.44072906822563895,0.5586451733410919,87.96306068782904,101.5661619040959,0.436838655767809,0.5631692366452089,88.38921920998983,102.4423649867501,0.4255354428918571,0.5760683978517058,91.31687850588739,103.89067588746067,3,77
0.4167938252224542,0.5335117769710553,58.32794016666085,75.88467695617506,0.43874594042964515,0.56134040733014,88.87401675932071,101.94835598806966,0.4374917515569461,0.5622250145298099,88.18613410012426,102.14171675603282,0.4337448948658428,0.5656271494265925,87.84609237265042,101.81932393349655,4,77
0.4139185952450994,0.528540615206906,53.9178037479553,71.46330631408792,0.4368958985082337,0.5619035046119626,87.13378986033072,100.55274124146305,0.4363652001444944,0.5635095763333866,88.27913931956817,102.23020380189952,0.4212024822706841,0.5784687802162797,88.44242242145577,102.11345265810071,0,78
0.41079497385701474,0.5253296676889257,51.9819190462159,69.88540911199618,0.4371715931373256,0.5615221011084385,87.06364878153548,100.64370552696583,0.43833422747912154,0.5614954519281184,88.23719913488755,102.2522880596037,0.4198209951124829,0.5800158213206946,88.60241942592987,102.00674268848093,1,78
0.412616884309616,0.527299106665549,54.816546979643164,72.80169122324274,0.4342840222949055,0.5652970597047453,88.42204442649565,101.85036366406894,0.43687605370058125,0.5628885514457732,88.20135153005255,102.29548086916061,0.43170052959084637,0.5651100137524395,83.77226771791842,98.21593242991064,2,78
0.41458788770879723,0.5300133177977044,55.999684688224406,74.04579515476995,0.43027400899934737,0.5682351679420354,86.75139767854651,100.62195125897321,0.4370531600337147,0.5627030001755267,88.33683037225468,102.3744659298724,0.44766554316223683,0.553105890571397,90.29887734294422,103.22023022114927,3,78
0.4147869517501128,0.5312655137774128,57.63757265470143,75.52063894746604,0.4299191095274891,0.569151307518576,87.629503201995,101.35849663855026,0.43846411240329114,0.5614792053390372,88.1873627684301,102.2190063232036,0.4490942732657884,0.5493082367219031,86.27391609184875,99.56359956186017,4,78
0.4123115336104548,0.5274650836102842,54.08360009813649,71.98372299686696,0.42823245903387275,0.5712142279994401,87.8986479211534,101.50580485737642,0.4379017275910659,0.5619967188743246,88.3125448091299,102.31032540688587,0.429607655348221,0.5709612056743206,89.7770443716799,103.06669959501737,0,79
0.41829119809872545,0.535670251293544,61.040952443100714,78.5662707980092,0.42688686538751924,0.5732641160559405,89.04428397673671,102.53197804210743,0.43741773389879096,0.5624689325005364,88.32245260124877,102.22089267000328,0.4351118404516433,0.5632414556851042,86.02511207482932,99.88274880849721,1,79
0.4156588199844107,0.5320633433115487,57.55863913553152,75.50398938087217,0.42805435480403375,0.5714785853031747,88.10088102239558,101.80171437124564,0.43760980017437506,0.5622220741608991,88.33174986118519,102.35580413454362,0.4306095610880217,0.5700189892314537,89.89899347353055,103.57895867922595,2,79
0.41553405649191316,0.5316663687492543,58.810964739632894,76.44480433439821,0.430168069281845,0.5695587747392307,88.5037888233918,102.0455466551985,0.4370905089113362,0.5628369006878988,88.29305338849205,102.20843954766718,0.42206897473900823,0.5777275864005187,88.20726704953304,101.3393652262102,3,79
0.41645156640221914,0.5328404481012913,58.03651589503114,75.5627406084403,0.42930995870102756,0.5702211678514709,88.21131045560458,101.7556538326717,0.4370236408406712,0.5627685993829386,88.21768560762791,102.18182195482613,0.4255281047641574,0.5747831530198029,89.2307877812514,102.77273603043787,4,79
0.4139349607628037,0.5287036603696569,54.58177871062273,72.28860957195246,0.4281462561453145,0.5712551642797957,88.1645915366735,101.73833766518017,0.4362795681803519,0.5636290080210177,88.27677906095641,102.29449397487583,0.4629863962592722,0.5377939896062981,89.71638962184613,102.74234681717591,0,80
0.4111264476057141,0.5258887060964029,52.35298777526625,70.19297489337019,0.4378081497824104,0.5617764130541425,88.44332419304968,101.62089555143108,0.4384518926549922,0.5616701648107162,88.58775061022622,102.54913795573628,0.4243594037563266,0.5756917925177548,88.70128853836559,102.71395769364601,1,80
0.4132040038354674,0.5292177519728891,53.87337241085922,71.34732863860485,0.4384420011036855,0.5610574828301458,88.28540250127443,101.60803363302381,0.4391311588931397,0.5608873912267002,88.46759066794051,102.43133643892659,0.42188719723653967,0.5786809030383758,89.61440634826063,103.11788944841939,2,80
0.41048196273029164,0.5239197366839697,50.75323995427248,68.90523998658442,0.4377360566266752,0.5623113938679775,89.18176836827895,102.5529803076764,0.43625400328655345,0.5636652201940633,88.29657639775122,102.47341870276598,0.42473143121659035,0.5736520544532207,85.88850906355255,99.93377673074394,3,80
0.41176913531549664,0.5261152104823371,50.94177462101188,68.56743373251939,0.43342476462401636,0.5662012376022101,88.39049294642787,102.09373666786789,0.436933910780078,0.5627640440520153,88.15911981057575,102.27912668240516,0.44236313422153795,0.5578869497774654,89.14375435240432,101.76441430559217,4,80
0.41256707935038206,0.527336793704092,52.679136585918464,70.10251628750139,0.4483585527019475,0.5502815775809271,86.83451418207571,100.35942155942581,0.43695505324372325,0.5629809352673322,88.49246189608918,102.42988731255474,0.4282269656044087,0.5728912219830298,90.22036473432406,103.32764702717384,0,81
0.41337592189446515,0.5287545607008715,53.566039121843716,70.84228849890711,0.44253114104029784,0.5566817599211956,87.68609791163765,100.98304682197397,0.4376931637869937,0.562195063897152,88.35289625285527,102.20080969127035,0.45166503217850307,0.547194170717809,87.08531754874781,100.30868865563593,1,81
0.4142792071095886,0.5290345961310208,54.022624234830836,71.4958199789312,0.4486972021376145,0.5504188260738136,87.48374907959018,100.76937857519673,0.43576329100431005,0.564017486766398,88.17206109911994,102.07532811469281,0.4268499756386076,0.5727343058446364,87.79639264371039,101.51982194456589,2,81
0.41356563790132755,0.5293203597962054,54.33600717584508,71.87486286150926,0.4377247363947432,0.5615178700699895,87.63575228702844,101.12303384675388,0.4382172532627755,0.561632386179835,88.42238928650335,102.34980262270264,0.4707024516003886,0.5281446686173914,86.77804634873,100.3134683519802,3,81
0.4148492343457951,0.5314231866819294,58.002924664322784,75.67745533809143,0.4443018364157824,0.5550475622898531,87.82319801856822,101.24710498542645,0.4384787136960943,0.5615678995472203,88.42578850087774,102.26450153007048,0.4445542428911495,0.55391838524556,86.33644946042381,99.561806686101,4,81
0.4109363322519629,0.5256533440660762,52.97294140235759,70.89974937565167,0.44032727123211735,0.5595880055658841,88.77847215486445,102.3945016288538,0.43798050855696113,0.5620040787208432,88.29068252337898,102.34975106849069,0.4222109733010846,0.5761670547158242,85.701483682787,100.21087308329172,0,82
0.4156189271224898,0.5325958555839827,57.94731238720262,75.55113469216042,0.43547335472355275,0.5638939228233911,87.8418903712885,101.66086908635712,0.43878054278612677,0.5611219369406067,88.47234655658168,102.3931413799345,0.4416860394590953,0.5591641385934933,89.61409408393084,102.82111563717466,1,82
0.41643434859147604,0.532381156434106,57.85940121389031,75.61771699708783,0.4322112083988927,0.566980822396801,87.5660995047801,101.34362226666585,0.43626178540365707,0.5635488982579069,88.1463931517448,102.18200367314456,0.454529212788962,0.5467546777454068,90.5444603022678,103.61349555404202,2,82
0.4161013152741907,0.5328664468445893,58.830818195230556,76.61624255163915,0.44182552320041574,0.5577420890488454,88.0389471059112,101.83638154802854,0.4377983295830954,0.5620384843160133,88.2374533076615,102.26612913815242,0.41628350196428804,0.5834426586431793,88.64092712601332,102.10387419101704,3,82
0.41516015599423733,0.5305368105458838,57.387529175925316,75.17324594210643,0.4336565292390109,0.5661931710903672,88.53460608027771,102.01537710596266,0.43631192673222063,0.5635790178175341,88.29434891299027,102.32907322670238,0.4490274020694995,0.5498785174490113,87.02763246179337,101.13141261072421,4,82
0.41103291967662947,0.5244279434490143,52.13334201791273,69.84805068937915,0.44775122000723194,0.550721283383642,86.60063378312594,100.4661140405177,0.43580565930510656,0.5643418856670952,88.51910582101493,102.443384104926,0.4305707983578541,0.5703485551588174,90.23176564820496,103.32845571767501,0,83
0.41530418156187887,0.5309650940501821,56.290157895280615,73.83972763825852,0.442313320220891,0.5568943289522285,87.63538662502057,101.49847914104534,0.43715048889058467,0.5629545486182351,88.5494262762361,102.6574622230694,0.4525850071326221,0.5459730861281358,86.7703270540423,100.84590382305332,1,83
0.41810810623096417,0.5343329467270128,59.9158529114966,77.41673505534138,0.4457517778983489,0.5534315704532607,87.63559830987582,101.44633421394296,0.43581492955154755,0.5640620349042629,88.20610165571345,102.13989089217435,0.4386276955723913,0.5596422044955377,86.21020386000514,99.9593047525547,2,83
0.41283529148592146,0.5290032876804209,55.515159322368646,73.09182974585113,0.44509293617327933,0.5536968021997666,87.00915158370205,100.76267101909565,0.43964829295423163,0.5604328979375814,88.42572617429951,102.28605661534932,0.44132703349563535,0.5585071592894221,88.4689277993616,101.7856900688332,3,83
0.41620066271567646,0.5333705983340934,57.74442103110019,75.23280033206962,0.44081797236798326,0.5585957937210945,87.91331395158245,101.55077305588385,0.43886111997404575,0.5608925478911461,88.15759722081573,102.04330434739944,0.45865545963171866,0.5391681106133264,85.25800059770489,99.4389507912682,4,83
0.40933304274999094,0.5232534829246585,49.928819351587784,67.18500951292677,0.43004545254528015,0.5694317455682653,88.09658321050163,101.66794119454893,0.4383142367900334,0.5618400131623633,88.39853251543677,102.27596448614607,0.42416597673924855,0.5760173267729617,88.99092861995,102.93229214211723,0,84
0.4087194988139681,0.521481738096683,48.98179899052203,66.34881426404614,0.42892078610367396,0.5707037440664957,88.21534336974815,102.07521782517657,0.43664475427169624,0.5634454734498233,88.63783934527807,102.61400111600867,0.42908838670516614,0.5709835752478429,88.90685759234579,101.78945524159558,1,84
0.4081234040656787,0.5210496764476531,48.545712484025074,65.84261703117132,0.42912051785418914,0.5707273521629244,88.67179843865303,102.02792068487038,0.43685541066422645,0.5630872050188297,88.32554166061422,102.18801220107196,0.4280238800201627,0.5699885490495653,85.8026756881341,100.02774839857061,2,84
0.4100887322599287,0.5239551485768887,51.202167453553,68.80021876971746,0.42497024396016136,0.5744916056781322,88.0747399308601,101.77395610651664,0.43739649809946723,0.5626049973991875,88.3357998891239,102.27492139665151,0.44433133371876493,0.5553756372433801,88.19348498618837,101.2783193853399,3,84
0.40755026741503214,0.5207767866408143,47.85605035042533,65.29340386347462,0.43133427785181316,0.5679230180211815,87.7848733534802,101.75120966484457,0.43830666383091577,0.5618583412565642,88.62242443269471,102.66427545040047,0.41910988812430633,0.5814372098067958,89.65873798434902,103.41636741327625,4,84
0.40958965236393724,0.5233942157471757,50.291634203421886,68.1046480189887,0.43219972234597764,0.5680667325061731,88.96992930723653,102.65171243771944,0.43775261455390785,0.5622651727460471,88.39963814766632,102.46873540603967,0.4334880760184123,0.5665012784390815,88.46385402166362,101.54209452698178,0,85
0.41312741247396406,0.5289853999903024,54.84835046435264,72.76745479067824,0.4311995136781432,0.5689476631872101,88.87468433762574,102.50729662196383,0.43854436110974904,0.5614601814102419,88.43763343975743,102.53254761774492,0.4376853230393921,0.5628161284361143,89.47172288500012,103.5643454172272,1,85
0.4147386550057426,0.5307686359087372,56.07771306172262,73.7882651066216,0.4304087512026229,0.57019401718551,89.48540844784623,102.86843400878202,0.4377997324886503,0.5619153437059626,88.06840313538898,102.0727088314124,0.44085607389096637,0.5578978062154537,87.11877431763997,101.06427471729582,2,85
0.41658690633335943,0.5326038782614072,57.699038980374475,75.33483407800236,0.4329826317102606,0.5669736327779669,88.64271027271147,102.41587703271428,0.4362996548027402,0.5634759414102065,88.23707376964519,102.29568649579626,0.4306624235415067,0.5705087284871379,90.27739442679143,103.07745264731622,3,85
0.41380607645965983,0.5288094207913251,55.3662864604913,73.07648068642581,0.4355956807740117,0.5644642274616983,88.78512279416695,102.22650211342433,0.4367842914467922,0.5633143278360705,88.46146431635718,102.4148177033319,0.42001775120427604,0.5810220697056498,89.88696151311879,103.65192387506558,4,85
0.41502778749068786,0.530221283236951,56.030349336388085,73.64859264734116,0.4391270479884299,0.5599042031542579,87.36761411209727,101.10298062109578,0.43619301422817697,0.5638834447941643,88.48946900364582,102.36246744866564,0.42990325723856887,0.571637219113912,90.85716493018784,104.29704500363,0,86
0.415603597198204,0.5317060894572555,56.123013166591114,73.8620486489767,0.44044127025040253,0.55864794256857,87.55325593311575,101.18741461276964,0.4373858666271427,0.5623934462068496,88.21518980956115,102.24128653854908,0.42439920765350014,0.5763134056313763,89.79827995802309,103.93469303920824,1,86
0.41543521475907647,0.5311802857871525,56.689041537417744,74.39091475492239,0.44010198377628984,0.5597579813433003,88.72258830538829,102.43535905891879,0.43677266876340276,0.5631798637789711,88.34258142048107,102.38901689213775,0.4258603390466299,0.571662007028548,85.30278631998847,99.39035500168333,2,86
0.4151971569596191,0.5317493288360571,56.92928785347223,74.41969715369099,0.43137149378763734,0.5678847793190818,87.84994436044182,101.6530643998417,0.4384197311149427,0.5614905484435502,88.3970671133107,102.29222891907271,0.46100180086703635,0.5391732191148313,88.84236499060593,101.92458392475099,3,86
0.41418514470855555,0.5303936153745735,55.73151400716468,73.48667050291489,0.43526584185514966,0.5645582163466367,88.45224057882123,102.10664076020451,0.43844909812784916,0.5615055284660748,88.34244658346887,102.26771192847443,0.4455184146937637,0.5526131378057316,86.24446613548427,99.46570048484661,4,86
0.4141438366779073,0.5301473855181444,54.829559245556766,72.21421220520526,0.4420875743905824,0.5577303947947329,88.87968604766088,102.1764197714415,0.43798756232905967,0.5619505114608434,88.40709549865609,102.22685109319278,0.4354598022475637,0.5632359095233056,87.0085023184894,100.03281330943014,0,87
0.4173228187900173,0.5339033910197694,58.559114800372974,75.86351222683841,0.4396059130481584,0.5599895142690956,88.49053298274941,101.97990472559631,0.43696574786798625,0.5630215795678276,88.3925032913792,102.27013260831924,0.4452508244730542,0.5544460242853124,88.40444846158343,101.38688229465824,1,87
0.41353787449476737,0.5292096114044949,53.9055214669022,71.43982615472504,0.4352965297289189,0.5645118464800738,88.85360918102967,102.26417049271683,0.43812597903247635,0.5618391672845812,88.40847993842195,102.4141746200394,0.46255872139529164,0.5363820158176574,87.15957775127887,100.6425376749344,2,87
0.4144353373895526,0.5301215888070879,55.085445859468464,72.85133275552722,0.4446107785942198,0.5545940865407062,87.87881670561747,101.3332124664388,0.43731861091330054,0.5625431102644618,88.40883723224701,102.40604448950845,0.42518755240185613,0.5758837981058831,90.50368459337815,104.73413072408297,3,87
0.4142783418778605,0.5295459875661841,54.41771446678291,71.88272568490929,0.44200999964412735,0.5575290933623632,88.28222633946814,101.83385390763785,0.436760684802831,0.5631645335434861,88.42613320130643,102.392643183693,0.4355918875745683,0.56460317750041,89.53170928033931,102.92335340843526,4,87
0.4129383306124762,0.5277001408207932,54.97843518249819,72.83389369672669,0.43619897215649206,0.5636864595271989,88.64044344544747,101.91946441333985,0.43665395152536174,0.5633768754890697,88.54582486089068,102.55973621566001,0.43118524111138457,0.5719625091861571,93.03330487889012,105.76918916545874,0,88
0.413422310595562,0.528595632397726,54.43472815802464,72.03996356132525,0.4403326026943749,0.5599231932834774,89.22853215835038,102.18907045555316,0.43697330912226445,0.5629221843456969,88.28819492631472,102.17980974348691,0.41460188780668605,0.5866516496087526,90.65879970582924,103.88819043688898,1,88
0.4164005910389878,0.5325749371028095,58.04820599511216,75.75132193094413,0.43428661409999897,0.5665393155158318,90.07769451273396,103.21078227388544,0.4367392791551443,0.5630136775746595,88.21446018865777,102.19820015244248,0.4388181337159465,0.560176499356342,87.3080342169595,100.96405558151798,2,88
0.41739510462629825,0.5355044926282999,60.46035908288944,77.84126492976921,0.4291094370187948,0.5718545600215152,90.09024890507676,103.339706987979,0.43950979765853443,0.5605133700931725,88.37269971221941,102.29524406411976,0.45950378221548255,0.5393753772563159,87.39248142591087,100.21762994419477,3,88
0.41631334384347446,0.5325873442615999,58.51163694680669,76.07132747099901,0.4359692931991477,0.5644665769574063,89.60330952766759,102.67096087750649,0.4372539078397377,0.5626242750660954,88.32876892049744,102.28770835260401,0.432030590575475,0.5683189099980002,89.25599043868603,102.2685662972844,4,88
0.41463194213062166,0.5303337598066313,58.101796844953235,75.91354290627794,0.43803392954585857,0.5613051967926969,87.70055621205906,101.77509250145805,0.4371919638726447,0.5628117148208213,88.37116089946123,102.32021649160791,0.4337800994444326,0.5660860728871451,88.41238445143391,102.71003584891717,0,89
0.41515717210333164,0.5311360523727463,58.56858508260691,76.09790164791009,0.4375456227911518,0.5618766684431752,87.80254059095445,101.71695342125649,0.43740204796167315,0.562620630696798,88.4558812884401,102.32077769244657,0.4356939452189,0.563891969766155,88.17579615503887,101.62390513531354,1,89
0.41699566698343654,0.5326137977690357,60.03815989924292,77.38978672917645,0.43754859656374473,0.5615135353531304,87.35047209802865,101.30691192774222,0.4356829048700926,0.5643383190137564,88.46440702120722,102.26036068998755,0.43560729918755603,0.5653389654452157,89.7603217756154,102.98765643634344,2,89
0.4156694957640022,0.5326029092541374,59.37084542247304,76.96631711822403,0.4354587274804231,0.5642669942897709,88.3021921075643,102.12152557258388,0.4384615564443366,0.5614732397072129,88.32097515558202,102.21755346264953,0.4439625214169043,0.5540014469013962,85.45249465982432,99.79684761310989,3,89
0.41688333583963905,0.5341576954491722,58.65350858734395,76.24506112929139,0.4371241012923298,0.5622666747033979,87.7891655532278,101.74468284778621,0.4384239859905083,0.5612706601216542,88.12623001530686,102.14707874589857,0.4370636763592667,0.5624911395805884,88.15315179336213,102.03692698641039,4,89
0.4190804485950907,0.5357512831103364,61.48186481300727,78.8709169607235,0.43069111045162217,0.5677313527427587,86.35483436007286,99.62952953953369,0.43563714416788596,0.5641960815781946,88.30491688051005,102.28385686268079,0.4303296671661637,0.5690560515100846,87.76681927355524,101.74302228904733,0,90
0.4173501800161775,0.5346200650403437,59.86789895300592,77.42403921469105,0.42777014060775714,0.5705340613920679,86.16044180648971,99.51413833282135,0.4377807975202049,0.5621739100910271,88.3414649149903,102.24984721194578,0.4421787446802754,0.5577824658734934,88.58876084312392,101.88857925670959,1,90
0.41987493964506706,0.5378767343176809,63.113399512976706,80.38177920660448,0.43194241903913844,0.5665247424589108,86.48292517822787,99.94421587027715,0.43747110114319404,0.5623550518046677,88.29427541820307,102.2484396430212,0.42544397028760517,0.5737056614156799,87.33469115365556,100.64727910906211,2,90
0.4164411099317728,0.533535037926315,57.955306397413764,75.49100149940111,0.4308623256856912,0.5682078934210842,87.37961942235246,100.84740735365672,0.4381974831259925,0.5615893089992602,88.14013517373172,102.18856416518227,0.42979312403283715,0.5668955395624005,83.7428939977239,97.09049726062652,3,90
0.4176108229282414,0.5350737570870964,60.35782537471752,78.07735841005774,0.4319018500961693,0.5667842119548457,86.78782618456006,100.34779641526761,0.4380010766226762,0.5619427262007968,88.32461847803194,102.34734572766257,0.42565365909893516,0.5727058189048264,86.2186388579033,99.49834821143676,4,90
0.4144468269581773,0.5298108410213245,56.512356081379,73.97559810132871,0.43456871938927,0.5648072834378719,88.31912493975499,101.81294939646298,0.4370832316279129,0.5629156045989809,88.33446723276714,102.12772686882288,0.4408438838959497,0.559206305469147,89.13485518349,102.15949732425534,0,91
0.4154220699334198,0.5317269671507736,58.46008560141864,75.81772316709724,0.44040349703864756,0.5590060748147092,88.17570401907572,101.66956677777594,0.43784109935705934,0.5622554267429374,88.50073661604854,102.25638282128614,0.4175018062211988,0.5829995230887386,89.51823067376228,103.07173213156341,1,91
0.4161730807503135,0.5321974642746279,58.5092672419529,76.08327412591262,0.4355223723063003,0.5640475999086564,88.49676469291656,102.0221615910415,0.43664814345618347,0.5632595475700743,88.2860168326158,102.15709373375962,0.4366690479567329,0.5627426130518033,87.9577179438594,101.56465402765822,2,91
0.41605938347830945,0.5323955244205583,57.27036913193928,74.71264227164686,0.43107007064879926,0.568513709193827,88.4777138139845,101.85769263254316,0.4375311018204871,0.5622658105946732,88.26141605316235,102.15911681663017,0.4550155361060628,0.5450134504765537,88.9220208804042,102.7254882374284,3,91
0.4117235842417424,0.5268024801514544,54.09222183708562,71.79790828015746,0.43735648934590177,0.5622726062383183,88.72419069987349,102.29878620724284,0.4381999899567231,0.5617940376317233,88.33669814529598,102.21194118633447,0.42975245257886613,0.5694304906227156,87.54457867457867,101.03062127397511,4,91
0.413923323393226,0.529692998668437,56.028175295667225,73.8731115525246,0.4409616902530864,0.5589370043395968,88.47136080912082,102.3301305455574,0.4379667751032295,0.5619739425577049,88.33603123825198,102.35208808342936,0.4310577668571224,0.5702752959762782,90.29819667958822,104.59644038070562,0,92
0.41406456484968746,0.530087284577121,57.07756862447263,74.9441768215827,0.4396258858543708,0.5601908045092581,88.38285432530893,102.53683406672397,0.4381717635634321,0.5617964422330011,88.36490028663988,102.24759282547319,0.43625840713734493,0.5651013368278663,90.21922689618597,103.23176737238482,1,92
0.41486642457169326,0.5305760465286827,57.959965238290515,75.73990461715636,0.44152141946982537,0.5592117283031902,89.61708279758334,103.40007510071194,0.4367172051181593,0.5632078046225902,88.25335803169686,102.10254990313734,0.4288579969421741,0.5693872945305011,85.92067846223388,99.87711239868472,2,92
0.41290247147992065,0.5278633943335659,55.304340566360885,73.24541720496966,0.43507280640055934,0.5653196241208968,89.12195761520071,102.77533121620567,0.4371598029450264,0.5629346880763049,88.44135311379931,102.36955953836667,0.45484371559937836,0.544691916869853,88.17601858411815,102.819954023485,3,92
0.4129334311567919,0.5281486144923071,55.02038227585417,73.05859750975179,0.4376240522319464,0.5622954179401329,88.4932974310808,102.52409521027306,0.43718799709276657,0.5629181640079699,88.48909249728517,102.48639751074982,0.4443120645305604,0.5566209817124002,89.95654138522194,103.33150860728055,4,92
0.4055680659864799,0.5184827498539911,45.3583049419963,62.87895475081295,0.4363573118566236,0.5629728679521109,87.96188058104715,101.38857384810963,0.43877082282198393,0.5613779872289067,88.51614562022417,102.5979072435487,0.4163281967470738,0.5813231070620551,85.12786252412857,99.87600860472462,0,93
0.412962795033165,0.5286298892987502,54.2471427585144,72.12460677123468,0.43157822256076556,0.5672054557488307,87.00152368220418,100.99016815301309,0.4380299400654471,0.5620347470907593,88.33005674037982,102.44670826396236,0.43524309772292935,0.5645277443086973,88.63902189739308,101.72941239684249,1,93
0.4152414428791448,0.5311692609033454,56.321022773367766,73.87084204793945,0.4359865714782829,0.5629239565986316,87.38382267911447,101.14033505170967,0.4370430903188211,0.5629553487978757,88.41720171718461,102.44978403585218,0.4175983602139538,0.5815375812110366,87.28517961852266,101.05071095525983,2,93
0.41373417454599754,0.5282850724273881,54.067518433671225,71.60684897671607,0.4272691763885909,0.5714935231781466,86.99282081352355,100.78030076213129,0.4358578367232018,0.564286219010287,88.50807391050091,102.39350136282039,0.45260603891074397,0.5471984773771787,88.63708499542183,101.8106754553651,3,93
0.41351404753474796,0.5290948146667604,54.385349505162694,72.07153097779036,0.4303867603926019,0.5684870608672357,87.27223051736598,101.22540112839908,0.43760993337457615,0.5624296696398029,88.45352559670623,102.50082121972146,0.43999362853058754,0.5591377105123323,87.49328975855178,101.10273012484626,4,93
0.41073551398296637,0.5245299971839923,50.78289414913253,68.20635639683964,0.44439638767946144,0.5550232578626314,88.0654200174656,101.42102577282152,0.43713874965247207,0.5629972869638,88.55370233886224,102.45831564218724,0.4190572106938754,0.5798523869975284,87.06863774154765,100.43555801854974,0,94
0.41007247173992434,0.5236252600872997,49.59744278150826,67.02979539732038,0.44019754680763307,0.5588617708945469,87.52075380735384,101.09462783166266,0.43715921970864297,0.5628190527253106,88.4551023651813,102.42176193268695,0.43597687036610744,0.5642576182525632,89.27915602841128,102.75278131517958,1,94
0.4153969342550998,0.5317044301705323,56.86387901523103,74.33385274670223,0.43482053863949494,0.5644050860668146,87.77464927365402,101.09241403936934,0.43785928230647536,0.5618717852718375,88.11991388708302,101.9952164057493,0.4574259602017321,0.5425228277991211,88.53372594987981,101.30163301940792,2,94
0.41597370561149727,0.5320082348808644,57.58081109316377,75.14191785339536,0.4439091863739208,0.5550136568395965,87.30534677503206,100.7331411015502,0.43719893773097945,0.562710370340479,88.3450337394285,102.26283006248218,0.4208814907356864,0.5800066137772174,90.1575748399122,103.71573205929002,3,94
0.4110953288425774,0.5255556303028546,51.434274638861694,69.0704444659105,0.4332430509548959,0.5664443734231378,88.5738370289527,102.07604936296985,0.43788508981965146,0.5620626794512565,88.34526156578124,102.38941066562819,0.46356373464074807,0.5341623371040273,85.39675192057706,99.15914513075157,4,94
0.41725832962914494,0.5342415803652649,59.67544024126419,77.2972272276841,0.43379087901129937,0.5661442988816726,88.62174979641458,102.17799128532194,0.43809952418629095,0.5617960459151309,88.30130425473806,102.28576323882649,0.42872207228426923,0.5723445759232072,90.1875603838884,104.09700168442164,0,95
0.41536307112828263,0.5309949639747422,56.869247212442566,74.47591472495381,0.43122604150056204,0.5688092958144187,88.87899392444206,102.32673314100958,0.43676303826326535,0.5630480367899762,88.20106880053285,102.07878239249831,0.43878403568844854,0.5615140679174291,89.36380456166481,102.719917588354,1,95
0.418793762496663,0.5359909730090098,61.63670561682396,78.88274565559952,0.4310199893091247,0.5691510609681434,89.02709089079642,102.79204870610252,0.43710459521371814,0.5628378044268566,88.31251387993214,102.19875388765823,0.44005884340772516,0.5601848847943465,88.81450917137053,101.99547120842315,2,95
0.4078217518331964,0.5210256968493171,47.92433880415372,65.32451690194418,0.43005562493254373,0.5699999352861781,88.82130641706819,102.50875692443978,0.43826605393682255,0.5618570933550776,88.36031153621703,102.47528431505701,0.44355748381320664,0.5564780235531295,88.85123530157837,102.14594506674423,3,95
0.4121708157077224,0.5265112971848233,53.045422807923444,71.00977514210162,0.4376423075200664,0.5627802656734558,89.43803108955896,103.11365692864352,0.43699440776019716,0.5630186557607545,88.37165947886997,102.5114813575559,0.4129977335928529,0.5858543877511465,87.18485113031592,101.33550326322369,4,95
0.4134554865076538,0.5283377554830331,54.70497816870982,72.58761695246896,0.4336877006956612,0.5652106871612834,87.28105049118302,101.21546786516241,0.43678881398546765,0.5632930944809894,88.3697566450532,102.38296448908036,0.45094821348993136,0.5488865311551858,88.64802911737229,101.49533320188561,0,96
0.41511846811855824,0.5304255990338352,55.9300561886057,73.62894987296949,0.4397370474519545,0.5598289672040772,88.23884536114785,101.79631280275842,0.43676914814197704,0.5630829386039189,88.2428381920281,102.32917196141433,0.4268957293241336,0.5705257090511076,84.92027073192077,99.87468847692821,1,96
0.41713415997898673,0.534673588820291,59.49925489515306,76.74861986011415,0.43949505627677726,0.5596795344307682,87.69091571397885,101.26717828280373,0.43913882862423115,0.5608281115766237,88.39417913633942,102.24881479529068,0.4276975654462378,0.571551395605064,87.4684416626065,101.02723928412172,2,96
0.4118139085767321,0.526291693545333,52.41702279964891,70.04536622382507,0.4357814396758817,0.5633184799216453,87.67034428680334,101.41027372880812,0.43771720394472075,0.5623895156211038,88.45970416878689,102.43752842636358,0.4421165634212705,0.5565114042124684,87.03067874177806,100.28077176972523,3,96
0.41144508342381714,0.525546351047629,52.73569946011931,70.41211614125602,0.436917779047333,0.5617180287703697,86.96225790902685,100.49508752390825,0.4371380195056208,0.5628808648262312,88.33300773670697,102.2219819487698,0.43798800076176936,0.5626752143485176,89.96303738239196,103.31370437535705,4,96
0.4177786283663085,0.5364585330442809,61.21209971160401,78.64104213815838,0.43335487092215474,0.5669968628730856,89.39326102919854,103.05222398508366,0.44010279698174204,0.5598966520405905,88.42598617010215,102.2682886627178,0.4382891474579525,0.5598067834989479,86.0148668799467,99.61291978483145,0,97
0.41122246578971866,0.5251965358979902,51.68792611224364,69.33467956732055,0.43341961925286954,0.5666026219676882,88.83862114949504,102.46378736167536,0.43676242688989786,0.5630598986324281,88.30876770064,102.18457188498793,0.43796517770556076,0.5615903593689285,88.08942248207859,101.69765845931225,1,97
0.4115231502633679,0.5261231647940537,53.32570853368508,71.31334500509932,0.4355980772311561,0.5637355225295086,88.10490552851184,101.8014055423175,0.4374983432226376,0.5624019418256373,88.2291206665187,102.12301913830271,0.42910916366632396,0.5729961364419476,91.7062803697224,104.62144962978223,2,97
0.41540373803440667,0.5308908726069874,55.7612553061473,73.38220860905267,0.4297843333294121,0.5700018389818873,88.70093239809161,102.39381775698527,0.4362809924449181,0.5634850757979876,88.22574781308656,102.16990136362332,0.45237916840120407,0.5476265995441688,88.58995399202504,102.48676122368113,3,97
0.416420329341107,0.5323696892783959,56.79856435935945,74.22791206116538,0.4393663065314797,0.5604340483404623,88.48115261769894,102.11797960593574,0.4364178227924377,0.5634876624577463,88.28113762909955,102.25341507168066,0.4141218820657578,0.586190618692425,89.70071445036868,103.36197749333661,4,97
0.41145263840590446,0.5267659631827349,54.15805673807488,72.27403684164825,0.43604800268393523,0.5620806260546437,86.462701829904,100.32423777301214,0.4387427116131435,0.5613805977439819,88.51415750412937,102.4951216037688,0.4415805044919727,0.556659781946335,86.13842827740886,100.09946808103844,0,98
0.41345521828433573,0.5277242241138288,53.708194740430244,71.84562213566437,0.4384656207656139,0.5603496664860893,87.27038408891883,101.18362491448073,0.43553026085402696,0.5644862854135292,88.29686135240759,102.43075172188125,0.43226611410557914,0.5640749940333782,83.69131893283327,97.50225814435737,1,98
0.41678152439112554,0.5340772029680189,58.93357076808624,76.44643069456198,0.43607546851159534,0.5621799559284778,86.47150038072952,100.08145350103301,0.43840984679943323,0.5614401231121064,88.28101209285636,102.23398792057164,0.4416587648558067,0.5565440872318977,86.42203672928602,100.64478225464211,2,98
0.41475936994084917,0.5311349605175462,57.78549270558652,75.8062942955959,0.44014132620473234,0.5578792347024352,86.07041281422167,100.06923898462462,0.4383108218364343,0.5618513380127718,88.41671783180561,102.40556195079346,0.4251249836744232,0.5740838554959076,87.79453533757122,101.37672022711364,3,98
0.41607807266171043,0.5319125953896073,57.59900551824879,75.25362495187406,0.43507558264417107,0.5626817644800289,85.9771414633853,99.82384257097719,0.4362959051479751,0.5636254982622193,88.38363634693002,102.30691957307683,0.44549442724472094,0.5542861084470581,88.26065217814825,101.91197925113927,4,98
0.41804497797538526,0.5359235635657319,61.41736633025957,78.86006629599767,0.4388262225370363,0.5610911686902724,88.69530180341586,102.01963671299622,0.43882505181489706,0.5610274625721725,88.1794848898882,102.12236393442382,0.4479962520943008,0.5507273251391823,86.95483908061735,100.49356520516037,0,99
0.41339722931393996,0.5276081127253119,53.86915351537372,71.3247764431762,0.44249911126233565,0.5570165524500486,88.18993336362877,101.85628552710068,0.43583193641874757,0.5643865034836048,88.64189020927184,102.64228549840043,0.43328645430572,0.5667285833176363,88.99017932917714,101.83218644752286,1,99
0.41692660553719624,0.5337070290834904,58.3500447102838,75.94547605506483,0.44052154574682084,0.5593996732547365,88.7988252604343,102.11354490739636,0.4377433264499606,0.5621475513921191,88.27741139412076,102.22545270994105,0.440978228986911,0.557380962063287,86.44725494470181,100.18660790436742,2,99
0.4142952008168902,0.5300844249062496,54.80148244556513,72.31561821133735,0.443628480223204,0.5556365808501955,87.78692322874538,101.23871206807051,0.4377664522246563,0.5620625121308669,88.29411913058863,102.30460785767676,0.4287898126921991,0.5721824717648207,90.57560907738791,104.07146027353924,3,99
0.41491569574474374,0.5304277187295763,56.49314872272628,74.32189220393431,0.4376708992956148,0.561726998981901,88.04211753044098,101.55316047647165,0.43715889755000037,0.562912372776438,88.40495797465647,102.46819764403494,0.45221109732598325,0.5477914252004039,88.66339086672508,101.94161331486951,4,99
